<?xml version="1.0" encoding="UTF-8" standalone="no" ?>
<COLLADA version="1.4.1" xmlns="http://www.collada.org/2005/11/COLLADASchema">

  <asset>
    <contributor>
      <authoring_tool>ONSHAPE BY PTC INC, 1.195</authoring_tool>
    </contributor>
    <created>2025-03-18T01:26:32</created>
    <modified>2025-03-18T01:26:32</modified>
    <unit meter="1" name="meters"/>
    <up_axis>Z_UP</up_axis>
  </asset>

  <library_materials>
    <material id="ID9" name="ID9">
      <instance_effect url="#ID9-fx"/>
    </material>
    <material id="ID16" name="ID16">
      <instance_effect url="#ID16-fx"/>
    </material>
  </library_materials>

  <library_effects>
    <effect id="ID9-fx" name="ID9">
      <profile_COMMON>
        <technique sid="COMMON">
          <lambert>
            <diffuse>
              <color sid="diffuse">0.647059 0.647059 0.647059 1</color>
            </diffuse>
            <transparent opaque="A_ONE">
              <color sid="transparent">1 1 1 1</color>
            </transparent>
            <transparency>
              <float sid="transparency">1</float>
            </transparency>
          </lambert>
        </technique>
        <extra>
          <technique profile="OTHER">
            <double_sided>1</double_sided>
          </technique>
        </extra>
      </profile_COMMON>
    </effect>
    <effect id="ID16-fx" name="ID16">
      <profile_COMMON>
        <technique sid="COMMON">
          <lambert>
            <diffuse>
              <color sid="diffuse">0.615686 0.811765 0.92549 1</color>
            </diffuse>
            <transparent opaque="A_ONE">
              <color sid="transparent">1 1 1 1</color>
            </transparent>
            <transparency>
              <float sid="transparency">1</float>
            </transparency>
          </lambert>
        </technique>
        <extra>
          <technique profile="OTHER">
            <double_sided>1</double_sided>
          </technique>
        </extra>
      </profile_COMMON>
    </effect>
  </library_effects>

  <library_geometries>
    <geometry id="ID3">
      <mesh>
        <source id="ID4">
          <float_array count="2460" id="ID5">-0.00475451 0.0022806 0.008 -0.0075 -0.00075 0.008 -0.002 0.0025 0.008 0.002 0.004 0.008 0.0075 0.00725 0.008 0.0015 0.004 0.008 -0.0075 0.00725 0.008 0.00405418 0.0035747 0.008 0.00401364 0.00341459 0.008 0.0075 -0.00075 0.008 0.002 0.0025 0.008 0.0015 0.0025 0.008 0.00598636 0.00308541 0.008 0.006 0.00325 0.008 -0.0015 0.0025 0.008 0.00475451 0.0022806 0.008 0.00421086 0.00263579 0.008 0.00432272 0.00251428 0.008 0.00587947 0.00277405 0.008 0.00594582 0.0029253 0.008 0.00567728 0.00251428 0.008 0.00578914 0.00263579 0.008 0.0054017 0.00233423 0.008 0.00554695 0.00241283 0.008 0.00508258 0.00225342 0.008 0.00524549 0.0022806 0.008 0.00491742 0.00225342 0.008 0.00445305 0.00241283 0.008 0.0045983 0.00233423 0.008 0.00412053 0.00277405 0.008 0.00405418 0.0029253 0.008 0.00401364 0.00308541 0.008 0.004 0.00325 0.008 0.0045983 0.00416577 0.008 0.00445305 0.00408717 0.008 0.00421086 0.00386421 0.008 0.00412053 0.00372595 0.008 0.00432272 0.00398572 0.008 0.00475451 0.0042194 0.008 0.00508258 0.00424658 0.008 0.00491742 0.00424658 0.008 0.0054017 0.00416577 0.008 0.00524549 0.0042194 0.008 0.00567728 0.00398572 0.008 0.00554695 0.00408717 0.008 0.00587947 0.00372595 0.008 0.00578914 0.00386421 0.008 0.00598636 0.00341459 0.008 0.00594582 0.0035747 0.008 -0.00405418 0.0029253 0.008 -0.00401364 0.00308541 0.008 -0.0015 0.004 0.008 -0.006 0.00325 0.008 -0.00598636 0.00308541 0.008 -0.00412053 0.00277405 0.008 -0.00421086 0.00263579 0.008 -0.00432272 0.00251428 0.008 -0.00508258 0.00225342 0.008 -0.00491742 0.00225342 0.008 -0.0054017 0.00233423 0.008 -0.00524549 0.0022806 0.008 -0.00567728 0.00251428 0.008 -0.00554695 0.00241283 0.008 -0.00587947 0.00277405 0.008 -0.00578914 0.00263579 0.008 -0.00594582 0.0029253 0.008 -0.00594582 0.0035747 0.008 -0.00598636 0.00341459 0.008 -0.00578914 0.00386421 0.008 -0.00587947 0.00372595 0.008 -0.0045983 0.00416577 0.008 -0.002 0.004 0.008 -0.00475451 0.0042194 0.008 -0.00554695 0.00408717 0.008 -0.00567728 0.00398572 0.008 -0.00524549 0.0042194 0.008 -0.0054017 0.00416577 0.008 -0.00491742 0.00424658 0.008 -0.00508258 0.00424658 0.008 -0.00445305 0.00408717 0.008 -0.00421086 0.00386421 0.008 -0.00412053 0.00372595 0.008 -0.00405418 0.0035747 0.008 -0.00401364 0.00341459 0.008 -0.004 0.00325 0.008 -0.00432272 0.00398572 0.008 -0.0045983 0.00233423 0.008 -0.00445305 0.00241283 0.008 -0.0075 0.00725 0.0085 -0.0075 -0.00075 0.0085 -0.0075 -0.00075 0.008 -0.0075 0.00725 0.008 0.0075 -0.00075 0.008 -0.0075 -0.00075 0.0085 0.0075 -0.00075 0.0085 -0.0075 -0.00075 0.008 0.0075 -0.00075 0.008 0.0075 -0.00075 0.0085 0.0075 0.00725 0.0085 0.0075 0.00725 0.008 -0.00491742 0.00225342 0.008 -0.00508258 0.00225342 0.0085 -0.00508258 0.00225342 0.008 -0.004 0.00325 0.0085 -0.004 0.00325 0.008 -0.00401364 0.00341459 0.008 -0.00524549 0.0022806 0.008 -0.00524549 0.0022806 0.0085 -0.0054017 0.00233423 0.0085 -0.0054017 0.00233423 0.008 -0.00554695 0.00241283 0.0085 -0.00554695 0.00241283 0.008 -0.00567728 0.00251428 0.008 -0.00567728 0.00251428 0.0085 -0.00578914 0.00263579 0.0085 -0.00578914 0.00263579 0.008 -0.00587947 0.00277405 0.0085 -0.00587947 0.00277405 0.008 -0.00594582 0.0029253 0.008 -0.00594582 0.0029253 0.0085 -0.00598636 0.00308541 0.0085 -0.00598636 0.00308541 0.008 -0.006 0.00325 0.0085 -0.006 0.00325 0.008 -0.00491742 0.00225342 0.0085 -0.00475451 0.0022806 0.008 -0.00475451 0.0022806 0.0085 -0.0045983 0.00233423 0.008 -0.0045983 0.00233423 0.0085 -0.00445305 0.00241283 0.0085 -0.00445305 0.00241283 0.008 -0.00432272 0.00251428 0.008 -0.00432272 0.00251428 0.0085 -0.00421086 0.00263579 0.008 -0.00421086 0.00263579 0.0085 -0.00412053 0.00277405 0.0085 -0.00412053 0.00277405 0.008 -0.00405418 0.0029253 0.008 -0.00405418 0.0029253 0.0085 -0.00401364 0.00308541 0.008 -0.00401364 0.00308541 0.0085 -0.00405418 0.0035747 0.0085 -0.00401364 0.00341459 0.0085 -0.00405418 0.0035747 0.008 -0.00432272 0.00398572 0.0085 -0.00421086 0.00386421 0.0085 -0.00432272 0.00398572 0.008 -0.00412053 0.00372595 0.0085 -0.00412053 0.00372595 0.008 -0.00421086 0.00386421 0.008 -0.0045983 0.00416577 0.0085 -0.00475451 0.0042194 0.008 -0.00475451 0.0042194 0.0085 -0.00445305 0.00408717 0.008 -0.0045983 0.00416577 0.008 -0.00445305 0.00408717 0.0085 -0.00524549 0.0042194 0.008 -0.00524549 0.0042194 0.0085 -0.00508258 0.00424658 0.0085 -0.00508258 0.00424658 0.008 -0.00491742 0.00424658 0.0085 -0.00491742 0.00424658 0.008 -0.00567728 0.00398572 0.0085 -0.00554695 0.00408717 0.0085 -0.00567728 0.00398572 0.008 -0.0054017 0.00416577 0.0085 -0.0054017 0.00416577 0.008 -0.00554695 0.00408717 0.008 -0.00587947 0.00372595 0.008 -0.00578914 0.00386421 0.0085 -0.00578914 0.00386421 0.008 -0.00594582 0.0035747 0.008 -0.00587947 0.00372595 0.0085 -0.00594582 0.0035747 0.0085 -0.00598636 0.00341459 0.008 -0.00598636 0.00341459 0.0085 0.0075 0.00725 0.008 0.0075 0.00725 0.0085 -0.0075 0.00725 0.0085 -0.0075 0.00725 0.008 0.00508258 0.00225342 0.008 0.00491742 0.00225342 0.0085 0.00491742 0.00225342 0.008 0.006 0.00325 0.0085 0.006 0.00325 0.008 0.00598636 0.00341459 0.008 0.00475451 0.0022806 0.008 0.00475451 0.0022806 0.0085 0.0045983 0.00233423 0.0085 0.0045983 0.00233423 0.008 0.00445305 0.00241283 0.0085 0.00445305 0.00241283 0.008 0.00432272 0.00251428 0.008 0.00432272 0.00251428 0.0085 0.00421086 0.00263579 0.0085 0.00421086 0.00263579 0.008 0.00412053 0.00277405 0.0085 0.00412053 0.00277405 0.008 0.00405418 0.0029253 0.008 0.00405418 0.0029253 0.0085 0.00401364 0.00308541 0.0085 0.00401364 0.00308541 0.008 0.004 0.00325 0.0085 0.004 0.00325 0.008 0.00508258 0.00225342 0.0085 0.00524549 0.0022806 0.008 0.00524549 0.0022806 0.0085 0.0054017 0.00233423 0.008 0.0054017 0.00233423 0.0085 0.00554695 0.00241283 0.0085 0.00554695 0.00241283 0.008 0.00567728 0.00251428 0.008 0.00567728 0.00251428 0.0085 0.00578914 0.00263579 0.008 0.00578914 0.00263579 0.0085 0.00587947 0.00277405 0.0085 0.00587947 0.00277405 0.008 0.00594582 0.0029253 0.008 0.00594582 0.0029253 0.0085 0.00598636 0.00308541 0.008 0.00598636 0.00308541 0.0085 0.00594582 0.0035747 0.0085 0.00598636 0.00341459 0.0085 0.00594582 0.0035747 0.008 0.00567728 0.00398572 0.0085 0.00578914 0.00386421 0.0085 0.00567728 0.00398572 0.008 0.00587947 0.00372595 0.0085 0.00587947 0.00372595 0.008 0.00578914 0.00386421 0.008 0.0054017 0.00416577 0.0085 0.00524549 0.0042194 0.008 0.00524549 0.0042194 0.0085 0.00554695 0.00408717 0.008 0.0054017 0.00416577 0.008 0.00554695 0.00408717 0.0085 0.00475451 0.0042194 0.008 0.00475451 0.0042194 0.0085 0.00491742 0.00424658 0.0085 0.00491742 0.00424658 0.008 0.00508258 0.00424658 0.0085 0.00508258 0.00424658 0.008 0.00432272 0.00398572 0.0085 0.00445305 0.00408717 0.0085 0.00432272 0.00398572 0.008 0.0045983 0.00416577 0.0085 0.0045983 0.00416577 0.008 0.00445305 0.00408717 0.008 0.00412053 0.00372595 0.008 0.00421086 0.00386421 0.0085 0.00421086 0.00386421 0.008 0.00405418 0.0035747 0.008 0.00412053 0.00372595 0.0085 0.00405418 0.0035747 0.0085 0.00401364 0.00341459 0.008 0.00401364 0.00341459 0.0085 0.006 0.00325 0.0085 0.0075 0.00725 0.0085 0.0075 -0.00075 0.0085 -0.00412053 0.00277405 0.0085 -0.00405418 0.0029253 0.0085 0.00412053 0.00277405 0.0085 -0.00401364 0.00308541 0.0085 0.00405418 0.0029253 0.0085 0.00491742 0.00225342 0.0085 0.00508258 0.00225342 0.0085 0.00594582 0.0029253 0.0085 0.00598636 0.00308541 0.0085 0.00578914 0.00263579 0.0085 0.00587947 0.00277405 0.0085 0.00554695 0.00241283 0.0085 0.00567728 0.00251428 0.0085 0.00524549 0.0022806 0.0085 0.0054017 0.00233423 0.0085 0.0045983 0.00233423 0.0085 0.00475451 0.0022806 0.0085 -0.00421086 0.00263579 0.0085 0.00421086 0.00263579 0.0085 0.00432272 0.00251428 0.0085 -0.00445305 0.00241283 0.0085 -0.0045983 0.00233423 0.0085 -0.0075 0.00725 0.0085 -0.00524549 0.0042194 0.0085 -0.0054017 0.00416577 0.0085 0.00401364 0.00308541 0.0085 -0.004 0.00325 0.0085 0.004 0.00325 0.0085 0.00405418 0.0035747 0.0085 -0.00405418 0.0035747 0.0085 -0.00412053 0.00372595 0.0085 0.00401364 0.00341459 0.0085 -0.00401364 0.00341459 0.0085 -0.00445305 0.00408717 0.0085 0.00432272 0.00398572 0.0085 -0.00432272 0.00398572 0.0085 -0.00421086 0.00386421 0.0085 0.00421086 0.00386421 0.0085 0.00412053 0.00372595 0.0085 -0.0045983 0.00416577 0.0085 0.0045983 0.00416577 0.0085 0.00445305 0.00408717 0.0085 -0.00554695 0.00408717 0.0085 -0.00567728 0.00398572 0.0085 0.00475451 0.0042194 0.0085 0.00508258 0.00424658 0.0085 0.00491742 0.00424658 0.0085 0.0054017 0.00416577 0.0085 0.00524549 0.0042194 0.0085 0.00567728 0.00398572 0.0085 0.00554695 0.00408717 0.0085 0.00587947 0.00372595 0.0085 0.00578914 0.00386421 0.0085 0.00598636 0.00341459 0.0085 0.00594582 0.0035747 0.0085 -0.006 0.00325 0.0085 -0.00598636 0.00308541 0.0085 -0.0075 -0.00075 0.0085 -0.00432272 0.00251428 0.0085 0.00445305 0.00241283 0.0085 -0.00475451 0.0022806 0.0085 -0.00508258 0.00225342 0.0085 -0.00491742 0.00225342 0.0085 -0.0054017 0.00233423 0.0085 -0.00524549 0.0022806 0.0085 -0.00567728 0.00251428 0.0085 -0.00554695 0.00241283 0.0085 -0.00587947 0.00277405 0.0085 -0.00578914 0.00263579 0.0085 -0.00594582 0.0029253 0.0085 -0.00594582 0.0035747 0.0085 -0.00598636 0.00341459 0.0085 -0.00578914 0.00386421 0.0085 -0.00587947 0.00372595 0.0085 -0.00475451 0.0042194 0.0085 -0.00491742 0.00424658 0.0085 -0.00508258 0.00424658 0.0085 -0.002 0.0025 0.008 -0.0015 0.0025 0.008 -0.0015 0.0025 0.006 -0.002 0.0025 0.006 -0.002 0.00331193 0.00525256 -0.0015 0.00318807 0.00525256 -0.0015 0.00331193 0.00525256 -0.0015 0.00343411 0.00527295 -0.002 0.00343411 0.00527295 -0.0015 0.00355127 0.00531317 -0.002 0.00355127 0.00531317 -0.002 0.00366021 0.00537213 -0.0015 0.00366021 0.00537213 -0.0015 0.00375796 0.00544821 -0.002 0.00375796 0.00544821 -0.0015 0.00384186 0.00553934 -0.002 0.00384186 0.00553934 -0.002 0.00390961 0.00564304 -0.0015 0.00390961 0.00564304 -0.0015 0.00395936 0.00575648 -0.002 0.00395936 0.00575648 -0.0015 0.00398977 0.00587655 -0.002 0.00398977 0.00587655 -0.002 0.004 0.006 -0.0015 0.004 0.006 -0.002 0.00318807 0.00525256 -0.0015 0.00306589 0.00527295 -0.002 0.00306589 0.00527295 -0.002 0.00294873 0.00531317 -0.0015 0.00294873 0.00531317 -0.002 0.00283979 0.00537213 -0.0015 0.00283979 0.00537213 -0.0015 0.00274204 0.00544821 -0.002 0.00274204 0.00544821 -0.002 0.00265814 0.00553934 -0.0015 0.00265814 0.00553934 -0.002 0.00259039 0.00564304 -0.0015 0.00259039 0.00564304 -0.0015 0.00254064 0.00575648 -0.002 0.00254064 0.00575648 -0.002 0.00251023 0.00587655 -0.0015 0.00251023 0.00587655 -0.0015 0.0025 0.006 -0.002 0.0025 0.006 -0.002 0.004 0.006 -0.0015 0.004 0.006 -0.0015 0.004 0.008 -0.002 0.004 0.008 -0.002 0.00287628 0.00596903 -0.0015 0.00287628 0.00603097 -0.002 0.00287628 0.00603097 -0.0015 0.00325 0.005625 -0.002 0.00325 0.005625 -0.002 0.00331172 0.00563011 -0.002 0.00288647 0.00609206 -0.0015 0.00288647 0.00609206 -0.0015 0.00290658 0.00615064 -0.002 0.00290658 0.00615064 -0.0015 0.00293606 0.00620511 -0.002 0.00293606 0.00620511 -0.002 0.0029741 0.00625398 -0.0015 0.0029741 0.00625398 -0.0015 0.00301967 0.00629593 -0.002 0.00301967 0.00629593 -0.0015 0.00307152 0.0063298 -0.002 0.00307152 0.0063298 -0.002 0.00312824 0.00635468 -0.0015 0.00312824 0.00635468 -0.0015 0.00318828 0.00636989 -0.002 0.00318828 0.00636989 -0.0015 0.00325 0.006375 -0.002 0.00325 0.006375 -0.0015 0.00287628 0.00596903 -0.002 0.00288647 0.00590794 -0.0015 0.00288647 0.00590794 -0.002 0.00290658 0.00584936 -0.0015 0.00290658 0.00584936 -0.0015 0.00293606 0.00579489 -0.002 0.00293606 0.00579489 -0.002 0.0029741 0.00574602 -0.0015 0.0029741 0.00574602 -0.002 0.00301967 0.00570407 -0.0015 0.00301967 0.00570407 -0.0015 0.00307152 0.0056702 -0.002 0.00307152 0.0056702 -0.002 0.00312824 0.00564532 -0.0015 0.00312824 0.00564532 -0.002 0.00318828 0.00563011 -0.0015 0.00318828 0.00563011 -0.0015 0.00337176 0.00564532 -0.0015 0.00331172 0.00563011 -0.002 0.00337176 0.00564532 -0.0015 0.0035259 0.00574602 -0.0015 0.00348033 0.00570407 -0.002 0.0035259 0.00574602 -0.0015 0.00342848 0.0056702 -0.002 0.00342848 0.0056702 -0.002 0.00348033 0.00570407 -0.0015 0.00359342 0.00584936 -0.002 0.00361353 0.00590794 -0.0015 0.00361353 0.00590794 -0.002 0.00356394 0.00579489 -0.002 0.00359342 0.00584936 -0.0015 0.00356394 0.00579489 -0.002 0.00361353 0.00609206 -0.0015 0.00361353 0.00609206 -0.0015 0.00362372 0.00603097 -0.002 0.00362372 0.00603097 -0.0015 0.00362372 0.00596903 -0.002 0.00362372 0.00596903 -0.0015 0.0035259 0.00625398 -0.0015 0.00356394 0.00620511 -0.002 0.0035259 0.00625398 -0.0015 0.00359342 0.00615064 -0.002 0.00359342 0.00615064 -0.002 0.00356394 0.00620511 -0.002 0.00342848 0.0063298 -0.0015 0.00348033 0.00629593 -0.002 0.00348033 0.00629593 -0.002 0.00337176 0.00635468 -0.0015 0.00342848 0.0063298 -0.0015 0.00337176 0.00635468 -0.002 0.00331172 0.00636989 -0.0015 0.00331172 0.00636989 -0.0015 0.00274204 0.00544821 -0.0015 0.00290658 0.00584936 -0.0015 0.00293606 0.00579489 -0.0015 0.00259039 0.00564304 -0.0015 0.00288647 0.00590794 -0.0015 0.00265814 0.00553934 -0.0015 0.00283979 0.00537213 -0.0015 0.0029741 0.00574602 -0.0015 0.00307152 0.0056702 -0.0015 0.00294873 0.00531317 -0.0015 0.00301967 0.00570407 -0.0015 0.00312824 0.00564532 -0.0015 0.00318807 0.00525256 -0.0015 0.00306589 0.00527295 -0.0015 0.00318828 0.00563011 -0.0015 0.00325 0.005625 -0.0015 0.00356394 0.00579489 -0.0015 0.00366021 0.00537213 -0.0015 0.0035259 0.00574602 -0.0015 0.00331193 0.00525256 -0.0015 0.00398977 0.00587655 -0.0015 0.00395936 0.00575648 -0.0015 0.00362372 0.00596903 -0.0015 0.00361353 0.00590794 -0.0015 0.00384186 0.00553934 -0.0015 0.00359342 0.00584936 -0.0015 0.00359342 0.00615064 -0.0015 0.00356394 0.00620511 -0.0015 0.004 0.006 -0.0015 0.00348033 0.00629593 -0.0015 0.004 0.008 -0.0015 0.0035259 0.00625398 -0.0015 0.00362372 0.00603097 -0.0015 0.00375796 0.00544821 -0.0015 0.00390961 0.00564304 -0.0015 0.00287628 0.00596903 -0.0015 0.0025 0.006 -0.0015 0.00287628 0.00603097 -0.0015 0.00337176 0.00564532 -0.0015 0.00342848 0.0056702 -0.0015 0.00343411 0.00527295 -0.0015 0.0025 0.008 -0.0015 0.00301967 0.00629593 -0.0015 0.0029741 0.00625398 -0.0015 0.00254064 0.00575648 -0.0015 0.00251023 0.00587655 -0.0015 0.00290658 0.00615064 -0.0015 0.00288647 0.00609206 -0.0015 0.00293606 0.00620511 -0.0015 0.00312824 0.00635468 -0.0015 0.00307152 0.0063298 -0.0015 0.00325 0.006375 -0.0015 0.00318828 0.00636989 -0.0015 0.00331172 0.00636989 -0.0015 0.00342848 0.0063298 -0.0015 0.00337176 0.00635468 -0.0015 0.00361353 0.00609206 -0.0015 0.00355127 0.00531317 -0.0015 0.00348033 0.00570407 -0.0015 0.00331172 0.00563011 -0.002 0.00283979 0.00537213 -0.002 0.0029741 0.00574602 -0.002 0.00293606 0.00579489 -0.002 0.00265814 0.00553934 -0.002 0.00274204 0.00544821 -0.002 0.00290658 0.00584936 -0.002 0.00288647 0.00590794 -0.002 0.00259039 0.00564304 -0.002 0.00312824 0.00564532 -0.002 0.00307152 0.0056702 -0.002 0.00306589 0.00527295 -0.002 0.00294873 0.00531317 -0.002 0.00301967 0.00570407 -0.002 0.00318807 0.00525256 -0.002 0.00325 0.005625 -0.002 0.00318828 0.00563011 -0.002 0.0035259 0.00574602 -0.002 0.00366021 0.00537213 -0.002 0.00356394 0.00579489 -0.002 0.00331193 0.00525256 -0.002 0.00362372 0.00603097 -0.002 0.00362372 0.00596903 -0.002 0.004 0.006 -0.002 0.00359342 0.00584936 -0.002 0.00384186 0.00553934 -0.002 0.00361353 0.00590794 -0.002 0.00356394 0.00620511 -0.002 0.00359342 0.00615064 -0.002 0.00395936 0.00575648 -0.002 0.00398977 0.00587655 -0.002 0.00348033 0.00629593 -0.002 0.0035259 0.00625398 -0.002 0.004 0.008 -0.002 0.00301967 0.00629593 -0.002 0.0025 0.008 -0.002 0.0029741 0.00625398 -0.002 0.00390961 0.00564304 -0.002 0.00287628 0.00596903 -0.002 0.00287628 0.00603097 -0.002 0.0025 0.006 -0.002 0.00375796 0.00544821 -0.002 0.00337176 0.00564532 -0.002 0.00343411 0.00527295 -0.002 0.00342848 0.0056702 -0.002 0.00254064 0.00575648 -0.002 0.00251023 0.00587655 -0.002 0.00288647 0.00609206 -0.002 0.00290658 0.00615064 -0.002 0.00293606 0.00620511 -0.002 0.00307152 0.0063298 -0.002 0.00312824 0.00635468 -0.002 0.00318828 0.00636989 -0.002 0.00325 0.006375 -0.002 0.00337176 0.00635468 -0.002 0.00331172 0.00636989 -0.002 0.00342848 0.0063298 -0.002 0.00361353 0.00609206 -0.002 0.00355127 0.00531317 -0.002 0.00348033 0.00570407 -0.002 0.00331172 0.00563011 0.002 0.0025 0.008 0.0015 0.0025 0.006 0.0015 0.0025 0.008 0.002 0.0025 0.006 0.002 0.00318807 0.00525256 0.0015 0.00331193 0.00525256 0.0015 0.00318807 0.00525256 0.0015 0.00306589 0.00527295 0.002 0.00306589 0.00527295 0.0015 0.00294873 0.00531317 0.002 0.00294873 0.00531317 0.002 0.00283979 0.00537213 0.0015 0.00283979 0.00537213 0.0015 0.00274204 0.00544821 0.002 0.00274204 0.00544821 0.0015 0.00265814 0.00553934 0.002 0.00265814 0.00553934 0.002 0.00259039 0.00564304 0.0015 0.00259039 0.00564304 0.0015 0.00254064 0.00575648 0.002 0.00254064 0.00575648 0.0015 0.00251023 0.00587655 0.002 0.00251023 0.00587655 0.002 0.0025 0.006 0.0015 0.0025 0.006 0.002 0.00331193 0.00525256 0.0015 0.00343411 0.00527295 0.002 0.00343411 0.00527295 0.002 0.00355127 0.00531317 0.0015 0.00355127 0.00531317 0.002 0.00366021 0.00537213 0.0015 0.00366021 0.00537213 0.0015 0.00375796 0.00544821 0.002 0.00375796 0.00544821 0.002 0.00384186 0.00553934 0.0015 0.00384186 0.00553934 0.002 0.00390961 0.00564304 0.0015 0.00390961 0.00564304 0.0015 0.00395936 0.00575648 0.002 0.00395936 0.00575648 0.002 0.00398977 0.00587655 0.0015 0.00398977 0.00587655 0.0015 0.004 0.006 0.002 0.004 0.006 0.002 0.004 0.006 0.0015 0.004 0.008 0.0015 0.004 0.006 0.002 0.004 0.008 0.002 0.00312507 0.00564642 0.0015 0.00312507 0.00564642 0.0015 0.00318662 0.00563039 0.0015 0.00325 0.005625 0.002 0.00325 0.005625 0.002 0.00318662 0.00563039 0.0015 0.00301442 0.00570824 0.002 0.0029685 0.00575225 0.0015 0.0029685 0.00575225 0.002 0.00301442 0.00570824 0.0015 0.00306711 0.00567262 0.002 0.00306711 0.00567262 0.002 0.00288342 0.005921 0.0015 0.00288342 0.005921 0.0015 0.00290204 0.00586018 0.002 0.00290204 0.00586018 0.0015 0.00293068 0.00580338 0.002 0.00293068 0.00580338 0.0015 0.00289144 0.00610981 0.0015 0.00287804 0.00604763 0.002 0.00289144 0.00610981 0.0015 0.00287534 0.00598408 0.002 0.00287534 0.00598408 0.002 0.00287804 0.00604763 0.0015 0.0029485 0.00622299 0.002 0.00299052 0.00627073 0.0015 0.00299052 0.00627073 0.002 0.00291515 0.00616883 0.002 0.0029485 0.00622299 0.0015 0.00291515 0.00616883 0.002 0.00315551 0.0063629 0.0015 0.00315551 0.0063629 0.0015 0.00309554 0.00634171 0.002 0.00309554 0.00634171 0.0015 0.00304001 0.00631069 0.002 0.00304001 0.00631069 0.0015 0.00334449 0.0063629 0.0015 0.0032818 0.00637365 0.002 0.00334449 0.0063629 0.0015 0.0032182 0.00637365 0.002 0.0032182 0.00637365 0.002 0.0032818 0.00637365 0.0015 0.00345999 0.00631069 0.002 0.00350948 0.00627073 0.0015 0.00350948 0.00627073 0.002 0.00340446 0.00634171 0.002 0.00345999 0.00631069 0.0015 0.00340446 0.00634171 0.002 0.00360856 0.00610981 0.0015 0.00360856 0.00610981 0.0015 0.00358485 0.00616883 0.002 0.00358485 0.00616883 0.0015 0.0035515 0.00622299 0.002 0.0035515 0.00622299 0.002 0.00361658 0.005921 0.0015 0.00362466 0.00598408 0.002 0.00362466 0.00598408 0.0015 0.00362196 0.00604763 0.002 0.00362196 0.00604763 0.002 0.00359796 0.00586018 0.0015 0.00361658 0.005921 0.0015 0.00359796 0.00586018 0.002 0.00356932 0.00580338 0.002 0.0035315 0.00575225 0.0015 0.00356932 0.00580338 0.002 0.00348558 0.00570824 0.0015 0.0035315 0.00575225 0.0015 0.00348558 0.00570824 0.002 0.00343289 0.00567262 0.002 0.00337493 0.00564642 0.0015 0.00343289 0.00567262 0.002 0.00331338 0.00563039 0.0015 0.00337493 0.00564642 0.0015 0.00331338 0.00563039 0.0015 0.00283979 0.00537213 0.0015 0.0029685 0.00575225 0.0015 0.00293068 0.00580338 0.0015 0.00274204 0.00544821 0.0015 0.00290204 0.00586018 0.0015 0.00288342 0.005921 0.0015 0.00259039 0.00564304 0.0015 0.00265814 0.00553934 0.0015 0.00312507 0.00564642 0.0015 0.00306711 0.00567262 0.0015 0.00306589 0.00527295 0.0015 0.00294873 0.00531317 0.0015 0.00301442 0.00570824 0.0015 0.00318807 0.00525256 0.0015 0.00325 0.005625 0.0015 0.00318662 0.00563039 0.0015 0.0035315 0.00575225 0.0015 0.00366021 0.00537213 0.0015 0.00356932 0.00580338 0.0015 0.00331193 0.00525256 0.0015 0.004 0.006 0.0015 0.00362196 0.00604763 0.0015 0.00362466 0.00598408 0.0015 0.00359796 0.00586018 0.0015 0.00384186 0.00553934 0.0015 0.00361658 0.005921 0.0015 0.004 0.008 0.0015 0.00350948 0.00627073 0.0015 0.0035515 0.00622299 0.0015 0.00358485 0.00616883 0.0015 0.00395936 0.00575648 0.0015 0.00398977 0.00587655 0.0015 0.00360856 0.00610981 0.0015 0.0029485 0.00622299 0.0015 0.00299052 0.00627073 0.0015 0.0025 0.008 0.0015 0.00390961 0.00564304 0.0015 0.00287534 0.00598408 0.0015 0.00287804 0.00604763 0.0015 0.0025 0.006 0.0015 0.00375796 0.00544821 0.0015 0.00337493 0.00564642 0.0015 0.00343411 0.00527295 0.0015 0.00343289 0.00567262 0.0015 0.00254064 0.00575648 0.0015 0.00251023 0.00587655 0.0015 0.00289144 0.00610981 0.0015 0.00291515 0.00616883 0.0015 0.00304001 0.00631069 0.0015 0.00309554 0.00634171 0.0015 0.00315551 0.0063629 0.0015 0.0032182 0.00637365 0.0015 0.0032818 0.00637365 0.0015 0.00340446 0.00634171 0.0015 0.00334449 0.0063629 0.0015 0.00345999 0.00631069 0.0015 0.00355127 0.00531317 0.0015 0.00348558 0.00570824 0.0015 0.00331338 0.00563039 0.002 0.00290204 0.00586018 0.002 0.00274204 0.00544821 0.002 0.00265814 0.00553934 0.002 0.00259039 0.00564304 0.002 0.00288342 0.005921 0.002 0.00283979 0.00537213 0.002 0.00293068 0.00580338 0.002 0.0029685 0.00575225 0.002 0.00306711 0.00567262 0.002 0.00294873 0.00531317 0.002 0.00301442 0.00570824 0.002 0.00312507 0.00564642 0.002 0.00318807 0.00525256 0.002 0.00306589 0.00527295 0.002 0.00318662 0.00563039 0.002 0.00325 0.005625 0.002 0.00356932 0.00580338 0.002 0.00366021 0.00537213 0.002 0.0035315 0.00575225 0.002 0.00331193 0.00525256 0.002 0.00398977 0.00587655 0.002 0.00395936 0.00575648 0.002 0.00362466 0.00598408 0.002 0.00361658 0.005921 0.002 0.00384186 0.00553934 0.002 0.00359796 0.00586018 0.002 0.00358485 0.00616883 0.002 0.0035515 0.00622299 0.002 0.004 0.006 0.002 0.00360856 0.00610981 0.002 0.00362196 0.00604763 0.002 0.00350948 0.00627073 0.002 0.004 0.008 0.002 0.00375796 0.00544821 0.002 0.00390961 0.00564304 0.002 0.00287534 0.00598408 0.002 0.0025 0.006 0.002 0.00287804 0.00604763 0.002 0.00337493 0.00564642 0.002 0.00343289 0.00567262 0.002 0.00343411 0.00527295 0.002 0.00299052 0.00627073 0.002 0.0029485 0.00622299 0.002 0.0025 0.008 0.002 0.00254064 0.00575648 0.002 0.00251023 0.00587655 0.002 0.00291515 0.00616883 0.002 0.00289144 0.00610981 0.002 0.00309554 0.00634171 0.002 0.00304001 0.00631069 0.002 0.0032182 0.00637365 0.002 0.00315551 0.0063629 0.002 0.0032818 0.00637365 0.002 0.00340446 0.00634171 0.002 0.00334449 0.0063629 0.002 0.00345999 0.00631069 0.002 0.00355127 0.00531317 0.002 0.00348558 0.00570824 0.002 0.00331338 0.00563039</float_array>
          <technique_common>
            <accessor count="820" source="#ID5" stride="3">
              <param name="X" type="float"/>
              <param name="Y" type="float"/>
              <param name="Z" type="float"/>
            </accessor>
          </technique_common>
        </source>
        <source id="ID6">
          <float_array count="2460" id="ID7">-0 -0 -1 -0 -0 -1 -0 -0 -1 -0 -0 -1 -0 -0 -1 -0 -0 -1 -0 -0 -1 -0 -0 -1 -0 -0 -1 -0 -0 -1 -0 -0 -1 -0 -0 -1 -0 -0 -1 -0 -0 -1 -0 -0 -1 -0 -0 -1 -0 -0 -1 -0 -0 -1 -0 -0 -1 -0 -0 -1 -0 -0 -1 -0 -0 -1 -0 -0 -1 -0 -0 -1 -0 -0 -1 -0 -0 -1 -0 -0 -1 -0 -0 -1 -0 -0 -1 -0 -0 -1 -0 -0 -1 -0 -0 -1 -0 -0 -1 -0 -0 -1 -0 -0 -1 -0 -0 -1 -0 -0 -1 -0 -0 -1 -0 -0 -1 -0 -0 -1 -0 -0 -1 -0 -0 -1 -0 -0 -1 -0 -0 -1 -0 -0 -1 -0 -0 -1 -0 -0 -1 -0 -0 -1 -0 -0 -1 -0 -0 -1 -0 -0 -1 -0 -0 -1 -0 -0 -1 -0 -0 -1 -0 -0 -1 -0 -0 -1 -0 -0 -1 -0 -0 -1 -0 -0 -1 -0 -0 -1 -0 -0 -1 -0 -0 -1 -0 -0 -1 -0 -0 -1 -0 -0 -1 -0 -0 -1 -0 -0 -1 -0 -0 -1 -0 -0 -1 -0 -0 -1 -0 -0 -1 -0 -0 -1 -0 -0 -1 -0 -0 -1 -0 -0 -1 -0 -0 -1 -0 -0 -1 -0 -0 -1 -0 -0 -1 -0 -0 -1 -0 -0 -1 -0 -0 -1 -0 -0 -1 -0 -0 -1 -0 -0 -1 -0 -0 -1 -0 -0 -1 -0 -0 -1 -1 -2.1684e-16 0 -1 -2.1684e-16 0 -1 -2.1684e-16 0 -1 -2.1684e-16 0 -0 -1 -0 -0 -1 -0 -0 -1 -0 -0 -1 -0 1 2.1684e-16 0 1 2.1684e-16 0 1 2.1684e-16 0 1 2.1684e-16 0 -0.0825794 0.996584 0 0.0825794 0.996584 0 0.0825794 0.996584 0 -1 8.74228e-08 0 -1 8.74228e-08 0 -0.986361 -0.164595 -0 0.245485 0.9694 0 0.245486 0.9694 0 0.401695 0.915773 0 0.401695 0.915773 0 0.546948 0.837166 0 0.546948 0.837166 0 0.677282 0.735724 0 0.677282 0.735724 0 0.78914 0.614213 0 0.789141 0.614213 0 0.879474 0.475948 0 0.879474 0.475947 0 0.945817 0.324699 0 0.945817 0.3247 0 0.986361 0.164595 0 0.986361 0.164595 0 1 -1.74846e-07 0 1 3.01992e-07 0 -0.0825794 0.996584 0 -0.245486 0.9694 0 -0.245486 0.9694 0 -0.401695 0.915773 0 -0.401695 0.915773 0 -0.546948 0.837167 0 -0.546948 0.837167 0 -0.677282 0.735724 0 -0.677282 0.735724 0 -0.78914 0.614213 0 -0.78914 0.614213 0 -0.879474 0.475947 0 -0.879474 0.475947 0 -0.945817 0.324699 0 -0.945817 0.324699 0 -0.986361 0.164595 0 -0.986361 0.164595 0 -0.945817 -0.3247 -0 -0.986361 -0.164595 -0 -0.945817 -0.324699 -0 -0.677282 -0.735724 -0 -0.789141 -0.614213 -0 -0.677282 -0.735724 -0 -0.879474 -0.475947 -0 -0.879474 -0.475947 -0 -0.78914 -0.614213 -0 -0.401695 -0.915773 -0 -0.245485 -0.9694 -0 -0.245485 -0.9694 -0 -0.546948 -0.837166 -0 -0.401695 -0.915773 -0 -0.546948 -0.837166 -0 0.245485 -0.9694 0 0.245485 -0.9694 0 0.0825794 -0.996584 0 0.0825794 -0.996584 0 -0.0825794 -0.996584 -0 -0.0825792 -0.996584 -0 0.677282 -0.735724 0 0.546948 -0.837166 0 0.677282 -0.735724 0 0.401695 -0.915773 0 0.401695 -0.915773 0 0.546948 -0.837166 0 0.879474 -0.475947 0 0.789141 -0.614213 0 0.789141 -0.614213 0 0.945817 -0.324699 0 0.879474 -0.475947 0 0.945817 -0.324699 0 0.986361 -0.164595 0 0.986361 -0.164595 0 0 1 0 0 1 0 0 1 0 0 1 0 -0.0825794 0.996584 0 0.0825794 0.996584 0 0.0825794 0.996584 0 -1 8.74228e-08 0 -1 8.74228e-08 0 -0.986361 -0.164595 -0 0.245485 0.9694 0 0.245486 0.9694 0 0.401695 0.915773 0 0.401695 0.915773 0 0.546948 0.837166 0 0.546948 0.837166 0 0.677282 0.735724 0 0.677282 0.735724 0 0.78914 0.614213 0 0.789141 0.614213 0 0.879474 0.475948 0 0.879474 0.475947 0 0.945817 0.324699 0 0.945817 0.3247 0 0.986361 0.164595 0 0.986361 0.164595 0 1 -1.74846e-07 0 1 3.01992e-07 0 -0.0825794 0.996584 0 -0.245486 0.9694 0 -0.245486 0.9694 0 -0.401695 0.915773 0 -0.401695 0.915773 0 -0.546948 0.837167 0 -0.546948 0.837167 0 -0.677282 0.735724 0 -0.677282 0.735724 0 -0.78914 0.614213 0 -0.78914 0.614213 0 -0.879474 0.475947 0 -0.879474 0.475947 0 -0.945817 0.324699 0 -0.945817 0.324699 0 -0.986361 0.164595 0 -0.986361 0.164595 0 -0.945817 -0.3247 -0 -0.986361 -0.164595 -0 -0.945817 -0.324699 -0 -0.677282 -0.735724 -0 -0.789141 -0.614213 -0 -0.677282 -0.735724 -0 -0.879474 -0.475947 -0 -0.879474 -0.475947 -0 -0.78914 -0.614213 -0 -0.401695 -0.915773 -0 -0.245485 -0.9694 -0 -0.245485 -0.9694 -0 -0.546948 -0.837166 -0 -0.401695 -0.915773 -0 -0.546948 -0.837166 -0 0.245485 -0.9694 0 0.245485 -0.9694 0 0.0825794 -0.996584 0 0.0825794 -0.996584 0 -0.0825794 -0.996584 -0 -0.0825792 -0.996584 -0 0.677282 -0.735724 0 0.546948 -0.837166 0 0.677282 -0.735724 0 0.401695 -0.915773 0 0.401695 -0.915773 0 0.546948 -0.837166 0 0.879474 -0.475947 0 0.789141 -0.614213 0 0.789141 -0.614213 0 0.945817 -0.324699 0 0.879474 -0.475947 0 0.945817 -0.324699 0 0.986361 -0.164595 0 0.986361 -0.164595 0 0 0 1 0 0 1 0 0 1 0 0 1 0 0 1 0 0 1 0 0 1 0 0 1 0 0 1 0 0 1 0 0 1 0 0 1 0 0 1 0 0 1 0 0 1 0 0 1 0 0 1 0 0 1 0 0 1 0 0 1 0 0 1 0 0 1 0 0 1 0 0 1 0 0 1 0 0 1 0 0 1 0 0 1 0 0 1 0 0 1 0 0 1 0 0 1 0 0 1 0 0 1 0 0 1 0 0 1 0 0 1 0 0 1 0 0 1 0 0 1 0 0 1 0 0 1 0 0 1 0 0 1 0 0 1 0 0 1 0 0 1 0 0 1 0 0 1 0 0 1 0 0 1 0 0 1 0 0 1 0 0 1 0 0 1 0 0 1 0 0 1 0 0 1 0 0 1 0 0 1 0 0 1 0 0 1 0 0 1 0 0 1 0 0 1 0 0 1 0 0 1 0 0 1 0 0 1 0 0 1 0 0 1 0 0 1 0 0 1 0 0 1 0 0 1 0 0 1 0 0 1 0 0 1 0 0 1 0 0 1 -0 -1 -0 -0 -1 -0 -0 -1 -0 -0 -1 -0 0 0.0825793 -0.996584 -0 -0.0825795 -0.996584 0 0.0825793 -0.996584 0 0.245486 -0.9694 0 0.245486 -0.9694 0 0.401695 -0.915773 0 0.401695 -0.915773 0 0.546948 -0.837166 0 0.546948 -0.837166 0 0.677282 -0.735724 0 0.677282 -0.735724 0 0.789141 -0.614213 0 0.789141 -0.614213 0 0.879474 -0.475947 0 0.879474 -0.475947 0 0.945817 -0.3247 0 0.945817 -0.3247 0 0.986361 -0.164595 0 0.986361 -0.164595 0 1 -4.37114e-08 0 1 -4.37114e-08 -0 -0.0825795 -0.996584 -0 -0.245486 -0.9694 -0 -0.245486 -0.9694 -0 -0.401695 -0.915773 -0 -0.401695 -0.915773 -0 -0.546948 -0.837166 -0 -0.546948 -0.837166 -0 -0.677281 -0.735724 -0 -0.677281 -0.735724 -0 -0.789141 -0.614213 -0 -0.789141 -0.614213 -0 -0.879474 -0.475947 -0 -0.879474 -0.475947 -0 -0.945817 -0.3247 -0 -0.945817 -0.3247 -0 -0.986361 -0.164595 -0 -0.986361 -0.164595 0 -1 1.19249e-08 0 -1 1.19249e-08 0 1 0 0 1 0 0 1 0 0 1 0 0 0.996584 0.0825794 0 0.996584 -0.0825794 0 0.996584 -0.0825794 0 8.74228e-08 1 0 8.74228e-08 1 0 -0.164595 0.986361 0 0.9694 -0.245485 0 0.9694 -0.245486 0 0.915773 -0.401695 0 0.915773 -0.401695 0 0.837166 -0.546948 0 0.837166 -0.546948 0 0.735724 -0.677282 0 0.735724 -0.677282 0 0.614213 -0.78914 0 0.614213 -0.789141 0 0.475948 -0.879474 0 0.475947 -0.879474 0 0.324699 -0.945817 0 0.3247 -0.945817 0 0.164595 -0.986361 0 0.164595 -0.986361 -0 -1.74846e-07 -1 0 3.01992e-07 -1 0 0.996584 0.0825794 0 0.9694 0.245486 0 0.9694 0.245486 0 0.915773 0.401695 0 0.915773 0.401695 0 0.837167 0.546948 0 0.837167 0.546948 0 0.735724 0.677282 0 0.735724 0.677282 0 0.614213 0.78914 0 0.614213 0.78914 0 0.475947 0.879474 0 0.475947 0.879474 0 0.324699 0.945817 0 0.324699 0.945817 0 0.164595 0.986361 0 0.164595 0.986361 0 -0.3247 0.945817 0 -0.164595 0.986361 0 -0.324699 0.945817 0 -0.735724 0.677282 0 -0.614213 0.789141 0 -0.735724 0.677282 0 -0.475947 0.879474 0 -0.475947 0.879474 0 -0.614213 0.78914 0 -0.915773 0.401695 0 -0.9694 0.245485 0 -0.9694 0.245485 0 -0.837166 0.546948 0 -0.915773 0.401695 0 -0.837166 0.546948 -0 -0.9694 -0.245485 -0 -0.9694 -0.245485 -0 -0.996584 -0.0825794 -0 -0.996584 -0.0825794 0 -0.996584 0.0825794 0 -0.996584 0.0825792 -0 -0.735724 -0.677282 -0 -0.837166 -0.546948 -0 -0.735724 -0.677282 -0 -0.915773 -0.401695 -0 -0.915773 -0.401695 -0 -0.837166 -0.546948 -0 -0.475947 -0.879474 -0 -0.614213 -0.789141 -0 -0.614213 -0.789141 -0 -0.324699 -0.945817 -0 -0.475947 -0.879474 -0 -0.324699 -0.945817 -0 -0.164595 -0.986361 -0 -0.164595 -0.986361 1 0 0 1 0 0 1 0 0 1 0 0 1 0 0 1 0 0 1 0 0 1 0 0 1 0 0 1 0 0 1 0 0 1 0 0 1 0 0 1 0 0 1 0 0 1 0 0 1 0 0 1 0 0 1 0 0 1 0 0 1 0 0 1 0 0 1 0 0 1 0 0 1 0 0 1 0 0 1 0 0 1 0 0 1 0 0 1 0 0 1 0 0 1 0 0 1 0 0 1 0 0 1 0 0 1 0 0 1 0 0 1 0 0 1 0 0 1 0 0 1 0 0 1 0 0 1 0 0 1 0 0 1 0 0 1 0 0 1 0 0 1 0 0 1 0 0 1 0 0 1 0 0 1 0 0 1 0 0 1 0 0 1 0 0 1 0 0 1 0 0 1 0 0 1 0 0 1 0 0 -1 -0 -0 -1 -0 -0 -1 -0 -0 -1 -0 -0 -1 -0 -0 -1 -0 -0 -1 -0 -0 -1 -0 -0 -1 -0 -0 -1 -0 -0 -1 -0 -0 -1 -0 -0 -1 -0 -0 -1 -0 -0 -1 -0 -0 -1 -0 -0 -1 -0 -0 -1 -0 -0 -1 -0 -0 -1 -0 -0 -1 -0 -0 -1 -0 -0 -1 -0 -0 -1 -0 -0 -1 -0 -0 -1 -0 -0 -1 -0 -0 -1 -0 -0 -1 -0 -0 -1 -0 -0 -1 -0 -0 -1 -0 -0 -1 -0 -0 -1 -0 -0 -1 -0 -0 -1 -0 -0 -1 -0 -0 -1 -0 -0 -1 -0 -0 -1 -0 -0 -1 -0 -0 -1 -0 -0 -1 -0 -0 -1 -0 -0 -1 -0 -0 -1 -0 -0 -1 -0 -0 -1 -0 -0 -1 -0 -0 -1 -0 -0 -1 -0 -0 -1 -0 -0 -1 -0 -0 -1 -0 -0 -1 -0 -0 -1 -0 -0 -1 -0 -0 -1 -0 -0 -1 -0 -0 -1 -0 -0 0 -1 0 0 -1 0 0 -1 0 0 -1 0 0 -0.0825793 -0.996584 0 0.0825795 -0.996584 0 -0.0825793 -0.996584 0 -0.245486 -0.9694 0 -0.245486 -0.9694 0 -0.401695 -0.915773 0 -0.401695 -0.915773 0 -0.546948 -0.837166 0 -0.546948 -0.837166 0 -0.677282 -0.735724 0 -0.677282 -0.735724 0 -0.789141 -0.614213 0 -0.789141 -0.614213 0 -0.879474 -0.475947 0 -0.879474 -0.475947 0 -0.945817 -0.3247 0 -0.945817 -0.3247 0 -0.986361 -0.164595 0 -0.986361 -0.164595 0 -1 -4.37114e-08 0 -1 -4.37114e-08 0 0.0825795 -0.996584 0 0.245486 -0.9694 0 0.245486 -0.9694 0 0.401695 -0.915773 0 0.401695 -0.915773 0 0.546948 -0.837166 0 0.546948 -0.837166 0 0.677281 -0.735724 0 0.677281 -0.735724 0 0.789141 -0.614213 0 0.789141 -0.614213 0 0.879474 -0.475947 0 0.879474 -0.475947 0 0.945817 -0.3247 0 0.945817 -0.3247 0 0.986361 -0.164595 0 0.986361 -0.164595 0 1 1.19249e-08 0 1 1.19249e-08 0 1 0 0 1 0 0 1 0 0 1 0 0 0.33314 0.942877 0 0.33314 0.942877 0 0.169001 0.985616 0 -1.74846e-07 1 0 3.01992e-07 1 0 0.169001 0.985616 0 0.62822 0.778036 0 0.750672 0.660675 0 0.750672 0.660675 0 0.62822 0.778036 0 0.487695 0.873014 0 0.487695 0.873014 0 0.977555 0.210679 0 0.977555 0.210679 0 0.927889 0.372856 0 0.927889 0.372857 0 0.851529 0.524307 0 0.851529 0.524307 0 0.956167 -0.292823 0 0.9919 -0.127018 0 0.956167 -0.292823 0 0.999099 0.0424415 0 0.999099 0.042441 0 0.9919 -0.127018 0 0.803997 -0.594633 0 0.691939 -0.721956 0 0.691939 -0.721956 0 0.892926 -0.450204 0 0.803997 -0.594633 0 0.892926 -0.450204 0 0.251978 -0.967733 0 0.251978 -0.967733 0 0.411901 -0.911228 0 0.411901 -0.911228 0 0.559975 -0.82851 0 0.559975 -0.82851 -0 -0.251978 -0.967733 -0 -0.0848059 -0.996397 -0 -0.251978 -0.967733 0 0.0848059 -0.996397 0 0.0848059 -0.996397 -0 -0.0848059 -0.996397 -0 -0.559975 -0.82851 -0 -0.691939 -0.721956 -0 -0.691939 -0.721956 -0 -0.411901 -0.911228 -0 -0.559975 -0.82851 -0 -0.411901 -0.911229 -0 -0.956167 -0.292823 -0 -0.956167 -0.292823 -0 -0.892926 -0.450204 -0 -0.892926 -0.450204 -0 -0.803997 -0.594633 -0 -0.803997 -0.594633 0 -0.977555 0.210679 0 -0.999099 0.0424412 0 -0.999099 0.0424412 -0 -0.9919 -0.127018 -0 -0.9919 -0.127018 0 -0.927889 0.372857 0 -0.977555 0.210679 0 -0.927889 0.372856 0 -0.851529 0.524307 0 -0.750672 0.660675 0 -0.851529 0.524307 0 -0.62822 0.778036 0 -0.750672 0.660675 0 -0.62822 0.778036 0 -0.487695 0.873014 0 -0.33314 0.942877 0 -0.487695 0.873014 0 -0.169001 0.985616 0 -0.33314 0.942877 0 -0.169001 0.985616 -1 -0 -0 -1 -0 -0 -1 -0 -0 -1 -0 -0 -1 -0 -0 -1 -0 -0 -1 -0 -0 -1 -0 -0 -1 -0 -0 -1 -0 -0 -1 -0 -0 -1 -0 -0 -1 -0 -0 -1 -0 -0 -1 -0 -0 -1 -0 -0 -1 -0 -0 -1 -0 -0 -1 -0 -0 -1 -0 -0 -1 -0 -0 -1 -0 -0 -1 -0 -0 -1 -0 -0 -1 -0 -0 -1 -0 -0 -1 -0 -0 -1 -0 -0 -1 -0 -0 -1 -0 -0 -1 -0 -0 -1 -0 -0 -1 -0 -0 -1 -0 -0 -1 -0 -0 -1 -0 -0 -1 -0 -0 -1 -0 -0 -1 -0 -0 -1 -0 -0 -1 -0 -0 -1 -0 -0 -1 -0 -0 -1 -0 -0 -1 -0 -0 -1 -0 -0 -1 -0 -0 -1 -0 -0 -1 -0 -0 -1 -0 -0 -1 -0 -0 -1 -0 -0 -1 -0 -0 -1 -0 -0 -1 -0 -0 -1 -0 -0 -1 -0 -0 -1 -0 -0 -1 -0 -0 1 0 0 1 0 0 1 0 0 1 0 0 1 0 0 1 0 0 1 0 0 1 0 0 1 0 0 1 0 0 1 0 0 1 0 0 1 0 0 1 0 0 1 0 0 1 0 0 1 0 0 1 0 0 1 0 0 1 0 0 1 0 0 1 0 0 1 0 0 1 0 0 1 0 0 1 0 0 1 0 0 1 0 0 1 0 0 1 0 0 1 0 0 1 0 0 1 0 0 1 0 0 1 0 0 1 0 0 1 0 0 1 0 0 1 0 0 1 0 0 1 0 0 1 0 0 1 0 0 1 0 0 1 0 0 1 0 0 1 0 0 1 0 0 1 0 0 1 0 0 1 0 0 1 0 0 1 0 0 1 0 0 1 0 0 1 0 0 1 0 0 1 0 0 1 0 0</float_array>
          <technique_common>
            <accessor count="820" source="#ID7" stride="3">
              <param name="X" type="float"/>
              <param name="Y" type="float"/>
              <param name="Z" type="float"/>
            </accessor>
          </technique_common>
        </source>
        <vertices id="ID8">
          <input semantic="POSITION" source="#ID4"/>
          <input semantic="NORMAL" source="#ID6"/>
        </vertices>
        <triangles count="808" material="ID9">
          <input offset="0" semantic="VERTEX" source="#ID8"/>
          <p>0 2 1 3 5 4 4 5 6 7 8 3 9 11 10 12 13 9 11 9 14 15 9 10 9 13 4 16 17 10 18 19 9 9 19 12 20 21 9 9 21 18 22 23 9 9 23 20 24 25 9 9 25 22 9 15 26 9 26 24 27 28 10 10 28 15 10 17 27 10 30 29 16 10 29 10 32 31 30 10 31 3 32 10 33 34 3 3 8 32 35 36 3 3 36 7 3 34 37 3 37 35 4 38 3 33 3 38 39 40 4 4 40 38 41 42 4 4 42 39 43 44 4 4 44 41 45 46 4 4 46 43 47 48 4 4 48 45 13 47 4 49 50 2 51 5 11 52 53 1 49 2 54 55 2 56 55 54 2 11 14 51 14 1 2 1 14 9 57 58 1 1 58 0 59 60 1 1 60 57 61 62 1 1 62 59 63 64 1 1 64 61 1 53 65 1 65 63 6 52 1 66 67 6 6 67 52 68 69 6 6 69 66 70 72 71 73 74 6 6 74 68 75 76 6 6 76 73 77 78 6 6 78 75 6 72 77 71 79 70 71 72 6 71 81 80 51 6 5 71 83 82 81 71 82 2 50 84 83 71 84 79 71 85 80 85 71 2 84 71 6 51 71 2 0 86 56 2 87 86 87 2 88 90 89 90 88 91 92 94 93 93 95 92 96 98 97 96 99 98 100 102 101 103 105 104 106 107 102 101 102 107 108 106 109 106 108 107 109 111 110 110 108 109 112 113 111 110 111 113 114 112 115 112 114 113 115 117 116 116 114 115 118 119 117 116 117 119 120 118 121 118 120 119 122 120 121 122 121 123 101 124 100 125 124 126 124 125 100 126 128 127 127 125 126 129 130 128 127 128 130 131 129 132 129 131 130 132 134 133 133 131 132 135 136 134 133 134 136 137 135 138 135 137 136 138 140 139 139 137 138 139 140 104 141 143 142 140 103 104 144 146 145 147 149 148 150 152 151 153 155 154 156 158 157 159 161 160 162 164 163 165 167 166 168 170 169 162 169 170 168 172 171 172 168 169 173 174 171 171 172 173 123 174 175 173 175 174 122 123 175 163 164 167 162 170 164 165 166 157 163 167 165 156 159 158 166 156 157 161 152 160 159 160 158 154 150 151 151 152 161 144 155 153 155 150 154 145 146 149 144 153 146 147 148 141 145 149 147 143 105 142 148 143 141 103 142 105 176 178 177 178 176 179 180 182 181 183 185 184 186 187 182 181 182 187 188 186 189 186 188 187 189 191 190 190 188 189 192 193 191 190 191 193 194 192 195 192 194 193 195 197 196 196 194 195 198 199 197 196 197 199 200 198 201 198 200 199 202 200 201 202 201 203 181 204 180 205 204 206 204 205 180 206 208 207 207 205 206 209 210 208 207 208 210 211 209 212 209 211 210 212 214 213 213 211 212 215 216 214 213 214 216 217 215 218 215 217 216 218 220 219 219 217 218 219 220 184 221 223 222 220 183 184 224 226 225 227 229 228 230 232 231 233 235 234 236 238 237 239 241 240 242 244 243 245 247 246 248 250 249 242 249 250 248 252 251 252 248 249 253 254 251 251 252 253 203 254 255 253 255 254 202 203 255 243 244 247 242 250 244 245 246 237 243 247 245 236 239 238 246 236 237 241 232 240 239 240 238 234 230 231 231 232 241 224 235 233 235 230 234 225 226 229 224 233 226 227 228 221 225 229 227 223 185 222 228 223 221 183 222 185 256 258 257 259 261 260 260 263 262 258 265 264 266 258 267 258 256 267 268 258 269 258 266 269 270 258 271 258 268 271 272 258 273 258 270 273 258 272 265 258 275 274 264 275 258 276 278 277 279 280 274 281 283 282 261 263 260 284 285 262 262 263 284 286 285 284 287 289 288 290 291 286 292 294 293 295 297 296 298 299 281 299 298 300 301 281 302 303 257 299 281 299 257 304 257 305 257 303 305 306 257 307 257 304 307 308 257 309 257 306 309 310 257 311 257 308 311 312 257 313 257 310 313 256 257 312 274 280 258 259 277 261 314 316 315 317 278 276 276 277 259 318 317 279 317 318 278 318 279 274 319 316 280 258 280 316 320 316 321 316 319 321 322 316 323 316 320 323 324 316 325 316 322 325 326 316 327 316 324 327 316 328 315 316 326 328 316 314 281 329 281 330 281 314 330 331 281 332 281 329 332 300 298 292 281 331 302 298 281 333 281 301 283 334 281 335 281 282 335 281 334 333 294 296 293 292 293 300 295 289 297 294 295 296 287 288 290 297 289 287 286 291 285 290 288 291 336 338 337 336 339 338 340 342 341 342 344 343 344 342 340 345 343 346 344 346 343 347 348 345 345 346 347 348 350 349 350 348 347 351 349 352 350 352 349 353 354 351 351 352 353 354 356 355 356 354 353 357 355 358 356 358 355 359 360 357 357 358 359 340 341 361 362 363 361 361 341 362 363 365 364 365 363 362 366 364 367 365 367 364 368 369 366 366 367 368 369 371 370 371 369 368 372 370 373 371 373 370 374 375 372 372 373 374 375 377 376 377 375 374 377 378 376 376 378 379 380 382 381 380 383 382 384 386 385 387 389 388 390 391 386 385 386 391 392 390 393 390 392 391 393 395 394 394 392 393 396 397 395 394 395 397 398 396 399 396 398 397 399 401 400 400 398 399 402 403 401 400 401 403 404 402 405 402 404 403 406 404 405 406 405 407 385 408 384 409 408 410 408 409 384 410 412 411 411 409 410 413 414 412 411 412 414 415 413 416 413 415 414 416 418 417 417 415 416 419 420 418 417 418 420 421 419 422 419 421 420 422 424 423 423 421 422 423 424 388 425 427 426 424 387 388 428 430 429 431 433 432 434 436 435 437 439 438 440 442 441 443 445 444 446 448 447 449 451 450 452 454 453 446 453 454 452 456 455 456 452 453 457 458 455 455 456 457 407 458 459 457 459 458 406 407 459 447 448 451 446 454 448 449 450 441 447 451 449 440 443 442 450 440 441 445 436 444 443 444 442 438 434 435 435 436 445 428 439 437 439 434 438 429 430 433 428 437 430 431 432 425 429 433 431 427 389 426 432 427 425 387 426 389 460 462 461 463 465 464 466 467 462 460 461 465 468 470 469 471 473 472 473 471 468 472 475 474 471 472 474 476 478 477 479 475 472 480 482 481 483 485 484 486 488 487 489 491 490 482 488 492 476 493 485 494 482 483 495 497 496 498 500 499 501 503 502 469 470 467 469 473 468 466 462 460 466 469 467 463 464 495 461 464 465 504 495 505 504 463 495 505 495 496 496 507 506 497 507 496 501 496 508 506 508 496 501 508 503 501 510 509 502 510 501 501 512 511 509 512 501 513 490 511 501 511 490 514 490 515 490 513 515 490 514 489 486 516 488 490 487 488 491 487 490 492 488 516 480 488 482 482 494 481 483 484 494 485 493 484 478 517 477 476 477 493 517 518 499 478 518 517 500 498 479 517 499 500 475 479 519 479 498 519 520 522 521 523 525 524 526 523 527 528 530 529 531 532 529 533 530 528 534 533 535 533 528 535 536 538 537 534 539 533 540 542 541 543 545 544 546 542 547 541 549 548 550 552 551 553 555 554 556 545 541 525 522 524 557 559 558 538 543 560 561 563 562 531 521 532 531 529 530 520 524 522 520 521 531 527 557 526 525 523 526 564 565 557 564 557 527 565 559 557 559 567 566 558 559 566 554 568 559 567 559 568 554 555 568 554 570 569 553 554 569 554 572 571 570 554 571 554 552 572 573 574 552 552 574 572 552 550 575 552 575 573 547 542 576 552 542 546 551 552 546 540 576 542 549 541 542 541 548 556 545 556 544 543 544 560 536 537 577 538 560 537 577 563 578 536 577 578 562 539 561 577 562 563 534 579 539 539 579 561 580 582 581 580 581 583 584 586 585 586 588 587 588 586 584 589 587 590 588 590 587 591 592 589 589 590 591 592 594 593 594 592 591 595 593 596 594 596 593 597 598 595 595 596 597 598 600 599 600 598 597 601 599 602 600 602 599 603 604 601 601 602 603 584 585 605 606 607 605 605 585 606 607 609 608 609 607 606 610 608 611 609 611 608 612 613 610 610 611 612 613 615 614 615 613 612 616 614 617 615 617 614 618 619 616 616 617 618 619 621 620 621 619 618 621 622 620 620 622 623 624 626 625 624 625 627 628 630 629 631 633 632 634 636 635 637 639 638 640 642 641 643 645 644 646 648 647 649 651 650 652 654 653 655 657 656 658 660 659 661 663 662 664 666 665 667 669 668 670 672 671 673 675 674 676 678 677 679 681 680 682 684 683 685 684 686 682 688 687 688 682 683 689 690 687 687 688 689 691 690 692 689 692 690 691 694 693 694 691 692 695 696 693 693 694 695 697 696 698 695 698 696 697 700 699 700 697 698 701 632 699 699 700 701 685 686 677 701 631 632 684 685 683 679 678 676 676 677 686 672 680 681 680 678 679 670 671 674 672 681 671 675 673 664 670 674 675 666 669 665 673 666 664 668 659 667 669 667 665 661 660 658 658 659 668 654 662 663 662 660 661 652 653 656 654 663 653 657 655 646 652 656 657 648 651 647 655 648 646 650 641 649 651 649 647 643 642 640 640 641 650 636 644 645 644 642 643 634 635 637 636 645 635 638 639 629 634 637 638 628 633 630 639 628 629 631 630 633 702 704 703 705 706 704 707 709 708 710 712 711 713 714 711 715 712 710 716 715 717 715 710 717 718 720 719 716 721 715 722 724 723 725 727 726 728 730 729 730 722 731 724 733 732 734 722 723 735 737 736 738 727 724 705 709 706 739 741 740 725 742 720 743 745 744 713 703 714 713 711 712 702 705 704 702 703 713 708 739 707 709 707 706 746 747 739 746 739 708 747 741 739 741 749 748 740 741 748 741 737 735 749 741 735 737 751 750 736 737 750 737 753 752 751 737 752 728 754 737 753 737 754 755 756 728 728 756 754 728 729 757 728 757 755 734 731 722 728 722 730 733 724 722 724 732 738 727 738 726 725 726 742 718 719 758 720 742 719 758 745 759 718 758 759 744 721 743 758 744 745 716 760 721 721 760 743 761 763 762 764 763 765 766 768 767 767 761 762 769 771 770 772 774 773 774 772 769 773 776 775 772 773 775 777 779 778 780 776 773 781 783 782 784 786 785 787 789 788 790 791 789 791 783 789 788 793 792 786 777 794 795 783 784 796 798 797 799 801 800 802 804 803 770 771 768 770 774 769 766 767 762 766 770 768 764 765 796 763 761 765 805 796 806 805 764 796 806 796 797 797 808 807 798 808 797 797 803 804 807 803 797 804 810 809 802 810 804 804 812 811 809 812 804 793 804 813 811 813 804 814 793 815 793 813 815 793 816 792 793 814 816 790 789 787 793 788 789 781 789 783 783 795 782 784 785 795 786 794 785 779 817 778 777 778 794 817 818 800 779 818 817 801 799 780 817 800 801 776 780 819 780 799 819</p>
        </triangles>
      </mesh>
    </geometry>
    <geometry id="ID10">
      <mesh>
        <source id="ID11">
          <float_array count="8007" id="ID12">-0.005 -0.001 -0.004 -0.005 -0.0110928 -0.004 -0.00500001 -0.0116166 -0.00327969 -0.00500003 -0.0120829 -0.00252682 -0.00500007 -0.0124675 -0.00172775 -0.0050001 -0.0127306 -0.000881287 -0.00500011 -0.012825 -3.60337e-07 -0.00500006 -0.0127224 0.000877618 -0.005 -0.001 0.004 -0.00500004 -0.0120828 0.00252328 -0.00500003 -0.0124677 0.00172526 -0.005 -0.0116175 0.00327631 -0.005 -0.0110928 0.004 -0.00172784 -0.0124666 -0.00500007 -0.00252614 -0.0120812 -0.00500003 -0.004 -0.001 -0.005 -0.00327899 -0.0116157 -0.005 -0.004 -0.0110928 -0.005 -0.000880557 -0.0127217 -0.0050001 -2.6324e-06 -0.0128249 -0.00500011 0.004 -0.001 -0.005 0.000878342 -0.0127313 -0.00500006 0.00252391 -0.0120844 -0.00500007 0.00172524 -0.0124686 -0.00500002 0.004 -0.0110928 -0.005 0.0032772 -0.0116183 -0.005 0.00500007 -0.0124666 -0.00172784 0.00500003 -0.0120812 -0.00252614 0.005 -0.001 -0.004 0.005 -0.0116157 -0.00327899 0.005 -0.0110928 -0.004 0.0050001 -0.0127217 -0.000880557 0.00500011 -0.0128249 -2.6324e-06 0.005 -0.001 0.004 0.00500006 -0.0127313 0.000878342 0.00500007 -0.0120844 0.00252391 0.00500002 -0.0124686 0.00172524 0.005 -0.0110928 0.004 0.005 -0.0116183 0.0032772 -0.004 0 0.005 -0.004 -0.0110928 0.005 -0.00327962 -0.0116167 0.005 -0.00252616 -0.0120837 0.00500007 -0.00172747 -0.0124688 0.00500003 -0.000878922 -0.0127214 0.00500001 8.93207e-12 -0.0128255 0.005 0.000880914 -0.0127291 0.00500001 0.004 0 0.005 0.00252349 -0.0120825 0.00500003 0.00172607 -0.0124663 0.00500007 0.00327669 -0.0116173 0.005 0.004 -0.0110928 0.005 0.004 0 -0.004 -0.002 0 0.002 0.002 0 0.002 0.0025 0 0.002 0.004 0 0.005 0.0025 0 0.0035 -0.004 0 0.005 0.002 0 0.0035 -0.004 0 -0.004 -0.002 0 0.0035 -0.0025 0 0.002 -0.0025 0 0.0035 -0.0021997 -0.0143805 -0.00302557 -0.00267348 -0.0143805 -0.00261634 -0.00425862 -0.0109214 -0.00496591 0 -0.0143805 0.00374077 0.000585185 -0.0143805 0.00369471 8.93207e-12 -0.0128255 0.005 -0.00439252 -0.0108555 -0.00491972 -0.00452456 -0.010808 -0.00485129 -0.00485114 -0.0108078 -0.00452505 -0.00491968 -0.0108554 -0.00439272 -0.00475995 -0.0107828 -0.00464999 -0.00464932 -0.0107828 -0.00476046 -0.00499197 -0.0110016 -0.00412699 -0.00496602 -0.0109213 -0.00425868 -0.00307236 -0.0143805 -0.00213383 -0.00500001 -0.0116166 -0.00327969 -0.005 -0.0110928 -0.004 -0.00500003 -0.0120829 -0.00252682 -0.00338519 -0.0143805 -0.00159158 -0.00500007 -0.0124675 -0.00172775 -0.0037203 -0.0143805 -0.000389817 -0.00500011 -0.012825 -3.60337e-07 -0.0050001 -0.0127306 -0.000881287 -0.00327899 -0.0116157 -0.005 -0.004 -0.0110928 -0.005 -0.00364158 -0.0143805 0.000855249 -0.00500006 -0.0127224 0.000877618 -0.00373321 -0.0143805 0.000236028 -0.00315786 -0.0143805 0.00200514 -0.00277932 -0.0143805 0.00250361 -0.005 -0.0110928 0.004 -0.005 -0.0116175 0.00327631 -0.00496591 -0.0109214 0.00425862 -0.00499186 -0.0110017 0.00412685 -0.00491972 -0.0108555 0.00439252 -0.00485129 -0.010808 0.00452456 -0.00464999 -0.0107828 0.00475995 -0.00476046 -0.0107828 0.00464932 -0.00452505 -0.0108078 0.00485114 -0.00232298 -0.0143805 0.00293199 -0.00425868 -0.0109213 0.00496602 -0.00439272 -0.0108554 0.00491968 -0.004 -0.0110928 0.005 -0.00412699 -0.0110016 0.00499197 -0.00180162 -0.0143805 0.00327827 -0.00327962 -0.0116167 0.005 -0.00252616 -0.0120837 0.00500007 -0.00122983 -0.0143805 0.00353278 -0.000878922 -0.0127214 0.00500001 -0.00172747 -0.0124688 0.00500003 -0.00062395 -0.0143805 0.00368837 -0.00412685 -0.0110017 -0.00499186 -0.0016643 -0.0143805 -0.00335006 0.00193712 -0.0143805 -0.00320011 0.00137623 -0.0143805 -0.00347837 0.00252391 -0.0120844 -0.00500007 0.000878342 -0.0127313 -0.00500006 0.000776803 -0.0143805 -0.00365918 0.000155618 -0.0143805 -0.00373748 -2.6324e-06 -0.0128249 -0.00500011 0.0032772 -0.0116183 -0.005 0.005 -0.0116157 -0.00327899 0.0028819 -0.0143805 -0.00238493 0.005 -0.0110928 -0.004 0.00244374 -0.0143805 -0.0028322 0.004 -0.0110928 -0.005 0.00412699 -0.0110016 -0.00499197 0.00439272 -0.0108554 -0.00491968 0.00425868 -0.0109213 -0.00496602 -0.0036032 -0.0143805 -0.00100476 -0.00344799 -0.0143805 0.00145051 -0.00500003 -0.0124677 0.00172526 -0.00500004 -0.0120828 0.00252328 0.00452505 -0.0108078 -0.00485114 0.00464999 -0.0107828 -0.00475995 0.00485129 -0.010808 -0.00452456 0.00491972 -0.0108555 -0.00439252 0.00476046 -0.0107828 -0.00464932 0.00496591 -0.0109214 -0.00425862 0.00499186 -0.0110017 -0.00412685 0.00323933 -0.0143805 -0.00187083 0.00172524 -0.0124686 -0.00500002 -0.000469915 -0.0143805 -0.00371108 -0.000880557 -0.0127217 -0.0050001 -0.00108227 -0.0143805 -0.00358072 -0.00172784 -0.0124666 -0.00500007 -0.00252614 -0.0120812 -0.00500003 0.00367445 -0.0143805 -0.000701265 0.0050001 -0.0127217 -0.000880557 0.00373994 -0.0143805 -7.85558e-05 0.00333305 -0.0143805 0.00169827 0.00500007 -0.0120844 0.00252391 0.005 -0.0116183 0.0032772 0.00500011 -0.0128249 -2.6324e-06 0.00500006 -0.0127313 0.000878342 0.00370066 -0.0143805 0.000546356 0.00302635 -0.0143805 0.00219877 0.00500002 -0.0124686 0.00172524 0.00499197 -0.0110016 0.00412699 0.00496602 -0.0109213 0.00425868 0.005 -0.0110928 0.004 0.00264512 -0.0143805 0.00264512 0.00355768 -0.0143805 0.00115596 0.003506 -0.0143805 -0.00130432 0.00500007 -0.0124666 -0.00172784 0.00500003 -0.0120812 -0.00252614 0.00491968 -0.0108554 0.00439272 0.00485114 -0.0108078 0.00452505 0.00475995 -0.0107828 0.00464999 0.00464932 -0.0107828 0.00476046 0.00452456 -0.010808 0.00485129 0.00439252 -0.0108555 0.00491972 0.00425862 -0.0109214 0.00496591 0.00219877 -0.0143805 0.00302635 0.00412685 -0.0110017 0.00499186 0.004 -0.0110928 0.005 0.00169827 -0.0143805 0.00333305 0.00327669 -0.0116173 0.005 0.000880914 -0.0127291 0.00500001 0.00115596 -0.0143805 0.00355768 0.00172607 -0.0124663 0.00500007 0.00252349 -0.0120825 0.00500003 -0.000962458 -0.0142787 -0.00273539 -0.000740422 -0.0129023 -0.00212691 -0.00108466 -0.0129023 -0.00197368 -7.1024e-19 -0.0142787 -0.00289977 -0.000375649 -0.0129023 -0.00222058 -0.000488198 -0.0142787 -0.00285838 -0.00167329 -0.0129023 -0.0015073 -0.00190119 -0.0129023 -0.00120719 -0.00217051 -0.0142787 -0.00192291 -0.0018158 -0.0142787 -0.00226088 -0.00140924 -0.0142787 -0.00253431 -0.00139855 -0.0129023 -0.0017652 -0.00283146 -0.0142787 -0.000625726 -0.00219242 -0.0129023 -0.000514903 -0.00224758 -0.0129023 -0.000142101 -0.0026857 -0.0142787 -0.00109349 -0.00246327 -0.0142787 -0.00153004 -0.00207586 -0.0129023 -0.000873278 -0.00203806 -0.0129023 0.00095821 -0.0027787 -0.0142787 0.000829178 -0.00216931 -0.0129023 0.000604916 -0.00223981 -0.0129023 0.000234689 -0.00287863 -0.0142787 0.000349529 -0.00289639 -0.0142787 -0.000140098 -0.00160957 -0.0129023 0.00157517 -0.00132433 -0.0129023 0.00182155 -0.00202553 -0.0142787 0.00207508 -0.00259944 -0.0142787 0.00128516 -0.00184972 -0.0129023 0.00128468 -0.00234597 -0.0142787 0.00170444 -0.000761792 -0.0142787 0.00279792 -0.000651583 -0.0129023 0.00215577 -0.000282912 -0.0129023 0.00223426 -0.00122197 -0.0142787 0.00262973 -0.00164726 -0.0142787 0.00238647 -0.00100199 -0.0129023 0.00201691 0.000828562 -0.0129023 0.00209416 0.000693962 -0.0142787 0.00281551 0.000467674 -0.0129023 0.00220301 9.36902e-05 -0.0129023 0.00225015 0.000210045 -0.0142787 0.00289216 -0.000279869 -0.0142787 0.00288624 0.00147126 -0.0129023 0.00170512 0.00173505 -0.0129023 0.00143585 0.00197479 -0.0142787 0.00212341 0.00115807 -0.0142787 0.00265849 0.00116624 -0.0129023 0.00192663 0.00158911 -0.0142787 0.00242557 0.00275785 -0.0142787 0.00089608 0.00211079 -0.0129023 0.000785268 0.0022122 -0.0129023 0.000422197 0.00256762 -0.0142787 0.00134759 0.0023041 -0.0142787 0.00176063 0.00195024 -0.0129023 0.00112634 0.00284202 -0.0142787 -0.000575868 0.00289859 -0.0142787 -8.28061e-05 0.00222798 -0.0129023 -0.000328934 0.00225163 -0.0129023 4.72946e-05 0.00287026 -0.0142787 0.000412681 0.0021419 -0.0129023 -0.000695947 0.0027022 -0.0142787 -0.00105206 0.00200666 -0.0129023 -0.00102245 0.00248322 -0.0142787 -0.00149744 0.0021915 -0.0142787 -0.00189895 0.00182201 -0.0129023 -0.00132377 0.0015925 -0.0129023 -0.0015925 0.00183559 -0.0142787 -0.00224484 0.00132377 -0.0129023 -0.00182201 0.00142591 -0.0142787 -0.00252497 0.000974468 -0.0142787 -0.00273114 0.00102245 -0.0129023 -0.00200666 0.000695947 -0.0129023 -0.0021419 0.000494476 -0.0142787 -0.0028573 0.000352311 -0.0129023 -0.0022244 -5.51613e-19 -0.0129023 -0.00225213 -0.000133997 -0.0144432 -0.000296436 -0.000264103 -0.0143605 -0.000584262 -8.19721e-05 -0.0144432 -0.000314818 -0.00112127 -0.0140418 0.000450562 -0.00102899 -0.0140418 0.000633576 -0.00122901 -0.0138151 0.000756729 -0.000870752 -0.0142255 0.000349897 -0.000799094 -0.0142255 0.000492021 -0.000906705 -0.0138151 0.00112293 -0.00102793 -0.0135517 0.00127307 -0.00108344 -0.0138151 0.000953547 -0.000868923 -0.0132594 0.00155544 -0.0011193 -0.0132594 0.00138622 -0.000594944 -0.0143605 0.000239068 -0.000318013 -0.0144432 6.8537e-05 -0.000301856 -0.0144432 0.000121296 -0.000622453 -0.0129466 0.00176907 -0.000593553 -0.0132594 0.00167992 -0.000315733 -0.0129466 0.00184861 -3.79068e-18 -0.0129466 0.00187538 -0.000301108 -0.0132594 0.00175607 -0.00133921 -0.0138151 0.000538141 -0.00118128 -0.0140418 0.000254586 -0.000797994 -0.0135517 0.00142847 -0.000626789 -0.0143605 0.000135083 -0.000325021 -0.0144432 1.38067e-05 -0.00144199 -0.0138151 6.12551e-05 -0.00119862 -0.0140418 -0.000153489 -0.00120732 -0.0140418 5.12862e-05 -0.0014316 -0.0138151 -0.000183324 -0.00115544 -0.0140418 -0.000353849 -0.00032268 -0.0144432 -4.13207e-05 -0.000635987 -0.0143605 -8.14413e-05 -0.000311055 -0.0144432 -9.52595e-05 1.0114e-19 -0.0144432 0.000325315 1.75048e-19 -0.0143605 0.00064118 -5.49784e-05 -0.0144432 0.000320635 -0.00107902 -0.0140418 -0.000544029 -0.00128875 -0.0138151 -0.000649775 -0.000971556 -0.0140418 -0.000718559 -0.000497744 -0.0140418 -0.00110113 -0.000676677 -0.0140418 -0.00100118 -0.000808207 -0.0138151 -0.00119578 -0.000261552 -0.0144432 -0.000193443 -0.000515507 -0.0143605 -0.000381267 -0.000225098 -0.0144432 -0.000234863 8.19721e-05 -0.0144432 -0.000314818 2.75886e-05 -0.0144432 -0.000324143 5.43759e-05 -0.0143605 -0.00063887 -0.00010248 -0.0140418 -0.00120405 -0.0001224 -0.0138151 -0.00143809 0.00010248 -0.0140418 -0.00120405 0.000182168 -0.0144432 -0.000269526 0.000359045 -0.0143605 -0.000531224 0.000225098 -0.0144432 -0.000234863 0.000497744 -0.0140418 -0.00110113 0.000594494 -0.0138151 -0.00131517 0.000676677 -0.0140418 -0.00100118 0.00107902 -0.0140418 -0.000544029 0.00128875 -0.0138151 -0.000649775 0.00115544 -0.0140418 -0.000353849 0.000443657 -0.0143605 -0.000462904 0.000261552 -0.0144432 -0.000193443 0.000325021 -0.0144432 1.38067e-05 0.00032268 -0.0144432 -4.13207e-05 0.000635987 -0.0143605 -8.14413e-05 0.000311055 -0.0144432 -9.52595e-05 0.000613075 -0.0143605 -0.000187752 0.000301856 -0.0144432 0.000121296 0.000594944 -0.0143605 0.000239068 0.000277015 -0.0144432 0.000170565 0.000626789 -0.0143605 0.000135083 0.000318013 -0.0144432 6.8537e-05 0.000244205 -0.0144432 0.000214927 0.000481316 -0.0143605 0.000423611 0.000204369 -0.0144432 0.000253106 0.000545984 -0.0143605 0.000336175 3.2022e-33 -0.014471 -1.58424e-18 5.49784e-05 -0.0144432 0.000320635 0.000759145 -0.0140418 0.000940184 0.000906705 -0.0138151 0.00112293 0.000589334 -0.0140418 0.00105496 0.00010836 -0.0143605 0.000631957 0.000108375 -0.0144432 0.000306732 0.000158654 -0.0144432 0.000284004 0.0003127 -0.0143605 0.000559759 0.000158594 -0.0142255 0.000924924 2.20643e-19 -0.0142255 0.000938422 0.000204222 -0.0140418 0.00119102 2.38337e-19 -0.0140418 0.00120841 0.000243918 -0.0138151 0.00142253 2.29979e-19 -0.0138151 0.00144329 0.000276529 -0.0135517 0.00161272 0.000301108 -0.0132594 0.00175607 1.98731e-19 -0.0135517 0.00163626 1.48889e-19 -0.0132594 0.00178169 0.000402568 -0.0140418 0.00113938 0.000480818 -0.0138151 0.00136085 0.000319794 -0.0129466 0.00184791 0.000907117 -0.0140418 0.000798364 0.00108344 -0.0138151 0.000953547 0.00120732 -0.0140418 5.12862e-05 0.00144199 -0.0138151 6.12551e-05 0.00118128 -0.0140418 0.000254586 0.00133921 -0.0138151 0.000538141 0.00102899 -0.0140418 0.000633576 0.00112127 -0.0140418 0.000450562 0.00122901 -0.0138151 0.000756729 0.000640602 -0.0143605 2.72125e-05 0.0014109 -0.0138151 0.000304072 0.00119862 -0.0140418 -0.000153489 0.0014316 -0.0138151 -0.000183324 0.000402802 -0.0143605 0.000498861 0.000703886 -0.0138151 0.00126001 0.000213603 -0.0143605 0.000604554 0.000545102 -0.0135517 0.00154279 0.000312626 -0.0142255 0.000884817 0.000593553 -0.0132594 0.00167992 0.00063022 -0.0129466 0.00176632 0.000797994 -0.0135517 0.00142847 0.000457664 -0.0142255 0.000819256 0.000868923 -0.0132594 0.00155544 0.000922186 -0.0129466 0.00163298 0.00138003 -0.0138151 -0.000422629 0.00102793 -0.0135517 0.00127307 0.000589535 -0.0142255 0.000730126 0.0011193 -0.0132594 0.00138622 0.00118714 -0.0129466 0.00145181 0.000290482 -0.0144432 -0.000146458 0.000572526 -0.0143605 -0.000288662 0.00122829 -0.0135517 0.00108103 0.000704447 -0.0142255 0.000619992 0.00133747 -0.0132594 0.00117712 0.00141732 -0.0129466 0.00122811 0.000515507 -0.0143605 -0.000381267 0.00139332 -0.0135517 0.000857901 0.000799094 -0.0142255 0.000492021 0.00151716 -0.0132594 0.000934155 0.00160598 -0.0129466 0.000968441 0.0011604 -0.0138151 -0.000858229 0.000971556 -0.0140418 -0.000718559 0.00151826 -0.0135517 0.000610089 0.000870752 -0.0142255 0.000349897 0.00165321 -0.0132594 0.000664316 0.000836144 -0.0140418 -0.000872417 0.00099867 -0.0138151 -0.00104199 0.00159953 -0.0135517 0.000344725 0.000917359 -0.0142255 0.000197706 0.0017417 -0.0132594 0.000375366 0.0017476 -0.0129466 0.000680402 0.000808207 -0.0138151 -0.00119578 0.00163478 -0.0135517 6.94447e-05 0.000937576 -0.0142255 3.98278e-05 0.00178009 -0.0132594 7.56172e-05 0.00183803 -0.0129466 0.000372433 0.000264103 -0.0143605 -0.000584262 0.000133997 -0.0144432 -0.000296436 0.001623 -0.0135517 -0.000207834 0.000930821 -0.0142255 -0.000119196 0.00176726 -0.0132594 -0.000226307 0.00187462 -0.0129466 5.35534e-05 0.000161563 -0.0143605 -0.000620491 0.00156453 -0.0135517 -0.000479133 0.000897288 -0.0142255 -0.000274791 0.0017036 -0.0132594 -0.00052172 0.00185629 -0.0129466 -0.000266894 0.000304492 -0.0140418 -0.00116941 0.000363678 -0.0138151 -0.00139672 0.00146106 -0.0135517 -0.000736649 0.000837941 -0.0142255 -0.000422481 0.00159092 -0.0132594 -0.000802125 0.00178359 -0.0129466 -0.000579524 0.0001224 -0.0138151 -0.00143809 0.00131555 -0.0135517 -0.000972972 0.000754489 -0.0142255 -0.000558017 0.00143248 -0.0132594 -0.00105945 0.00166057 -0.0129466 -0.000871533 -2.75886e-05 -0.0144432 -0.000324143 -5.43759e-05 -0.0143605 -0.00063887 0.00113219 -0.0135517 -0.0011813 0.000649331 -0.0142255 -0.000677499 0.00123282 -0.0132594 -0.0012863 0.00149014 -0.0129466 -0.00113866 -0.000161563 -0.0143605 -0.000620491 0.000916262 -0.0135517 -0.00135565 0.000525493 -0.0142255 -0.000777492 0.000997703 -0.0132594 -0.00147615 0.00127716 -0.0129466 -0.00137328 -0.000304492 -0.0140418 -0.00116941 -0.000363678 -0.0138151 -0.00139672 0.000673976 -0.0135517 -0.001491 0.000386537 -0.0142255 -0.000855117 0.000733882 -0.0132594 -0.00162353 0.00102773 -0.0129466 -0.0015687 -0.000594494 -0.0138151 -0.00131517 0.000412301 -0.0135517 -0.00158346 0.000236462 -0.0142255 -0.000908142 0.000448948 -0.0132594 -0.0017242 0.00074896 -0.0129466 -0.00171933 -0.000182168 -0.0144432 -0.000269526 -0.000359045 -0.0143605 -0.000531224 0.000138764 -0.0135517 -0.00163036 7.95837e-05 -0.0142255 -0.000935041 0.000151098 -0.0132594 -0.00177527 0.000448808 -0.0129466 -0.00182088 -0.000443657 -0.0143605 -0.000462904 -0.000138764 -0.0135517 -0.00163036 -7.95837e-05 -0.0142255 -0.000935041 -0.000151098 -0.0132594 -0.00177527 0.000135843 -0.0129466 -0.00187045 -0.00099867 -0.0138151 -0.00104199 -0.000836144 -0.0140418 -0.000872417 -0.000412301 -0.0135517 -0.00158346 -0.000236462 -0.0142255 -0.000908142 -0.000448948 -0.0132594 -0.0017242 -0.000181 -0.0129466 -0.00186663 -0.0011604 -0.0138151 -0.000858229 -0.000673976 -0.0135517 -0.001491 -0.000386537 -0.0142255 -0.000855117 -0.000733882 -0.0132594 -0.00162353 -0.000492676 -0.0129466 -0.00180951 -0.000572526 -0.0143605 -0.000288662 -0.000290482 -0.0144432 -0.000146458 -0.000916262 -0.0135517 -0.00135565 -0.000525493 -0.0142255 -0.000777492 -0.000997703 -0.0132594 -0.00147615 -0.000790287 -0.0129466 -0.00170073 -0.00113219 -0.0135517 -0.0011813 -0.000649331 -0.0142255 -0.000677499 -0.00123282 -0.0132594 -0.0012863 -0.00130997 -0.0129466 -0.00134202 -0.00106534 -0.0129466 -0.00154341 -0.000613075 -0.0143605 -0.000187752 -0.00131555 -0.0135517 -0.000972972 -0.000754489 -0.0142255 -0.000558017 -0.00143248 -0.0132594 -0.00105945 -0.00151721 -0.0129466 -0.00110232 -0.00138003 -0.0138151 -0.000422629 -0.00146106 -0.0135517 -0.000736649 -0.000837941 -0.0142255 -0.000422481 -0.00159092 -0.0132594 -0.000802125 -0.00168114 -0.0129466 -0.000831153 -0.000640602 -0.0143605 2.72125e-05 -0.00156453 -0.0135517 -0.000479133 -0.000897288 -0.0142255 -0.000274791 -0.0017036 -0.0132594 -0.00052172 -0.00179708 -0.0129466 -0.000536257 -0.0014109 -0.0138151 0.000304072 -0.001623 -0.0135517 -0.000207834 -0.000930821 -0.0142255 -0.000119196 -0.00176726 -0.0132594 -0.000226307 -0.00186171 -0.0129466 -0.000226052 -0.000917359 -0.0142255 0.000197706 -0.00163478 -0.0135517 6.94447e-05 -0.000937576 -0.0142255 3.98278e-05 -0.00178009 -0.0132594 7.56172e-05 -0.00187319 -0.0129466 9.06059e-05 -0.000277015 -0.0144432 0.000170565 -0.000545984 -0.0143605 0.000336175 -0.00159953 -0.0135517 0.000344725 -0.0017417 -0.0132594 0.000375366 -0.0018312 -0.0129466 0.000404677 -0.000244205 -0.0144432 0.000214927 -0.000481316 -0.0143605 0.000423611 -0.00151826 -0.0135517 0.000610089 -0.00165321 -0.0132594 0.000664316 -0.00173693 -0.0129466 0.000707196 -0.000204369 -0.0144432 0.000253106 -0.000402802 -0.0143605 0.000498861 -0.000907117 -0.0140418 0.000798364 -0.00139332 -0.0135517 0.000857901 -0.00151716 -0.0132594 0.000934155 -0.00159308 -0.0129466 0.000989526 -0.000759145 -0.0140418 0.000940184 -0.000704447 -0.0142255 0.000619992 -0.000589535 -0.0142255 0.000730126 -0.00122829 -0.0135517 0.00108103 -0.00133747 -0.0132594 0.00117712 -0.00140374 -0.0129466 0.00124361 -0.0003127 -0.0143605 0.000559759 -0.000158654 -0.0144432 0.000284004 -0.000703886 -0.0138151 0.00126001 -0.000480818 -0.0138151 0.00136085 -0.000545102 -0.0135517 0.00154279 -0.00117434 -0.0129466 0.00146219 -0.000213603 -0.0143605 0.000604554 -0.000108375 -0.0144432 0.000306732 -0.000457664 -0.0142255 0.000819256 -0.000589334 -0.0140418 0.00105496 -0.000911404 -0.0129466 0.00163902 -0.00010836 -0.0143605 0.000631957 -0.000312626 -0.0142255 0.000884817 -0.000402568 -0.0140418 0.00113938 -0.000158594 -0.0142255 0.000924924 -0.000204222 -0.0140418 0.00119102 -0.000243918 -0.0138151 0.00142253 -0.000276529 -0.0135517 0.00161272 0.00291403 -0.0145623 0.00153183 0.00267996 -0.0145653 0.00205339 0.00261323 -0.0145623 0.00200227 -0.00151758 -0.0145452 -0.00282834 -0.00104387 -0.0145623 -0.00312224 -0.00101775 -0.0145452 -0.00304413 0.00254786 -0.0145452 0.00195218 0.00284113 -0.0145452 0.00149351 0.00223726 -0.0145623 0.0024151 0.00218129 -0.0145452 0.00235468 0.00306224 -0.0145542 0.00160974 0.00298843 -0.0145653 0.00157094 0.00321094 -0.0145653 0.0010433 0.00333305 -0.0143805 0.00169827 0.00350229 -0.0144412 0.00113796 0.00355768 -0.0143805 0.00115596 0.00329024 -0.0145542 0.00106906 0.00302635 -0.0143805 0.00219877 0.0032596 -0.0144412 0.00171348 0.00240564 -0.0145293 0.00259688 0.00235105 -0.0145542 0.00253794 0.00274614 -0.0145542 0.0021041 0.00319976 -0.0144913 0.00168203 0.003438 -0.0144913 0.00111707 0.00370066 -0.0143805 0.000546356 0.00364423 -0.0144412 0.000529704 0.00336665 -0.0145293 0.00109389 0.00313335 -0.0145293 0.00164712 0.00292313 -0.0144412 0.00223971 0.00313099 -0.0145623 0.00101732 0.00305266 -0.0145452 0.00099187 0.00277179 -0.0145145 0.00145706 0.00297817 -0.0145145 0.000967666 0.00290962 -0.0144711 0.000945392 0.00270799 -0.0144711 0.00142352 0.00284895 -0.0144163 0.000925679 0.00265153 -0.0144163 0.00139384 0.00279788 -0.0143516 0.000909085 0.002604 -0.0143516 0.00136885 0.00275785 -0.0142787 0.00089608 0.00229438 -0.0145653 0.00247677 0.00175197 -0.0145452 0.00268945 0.00179692 -0.0145623 0.00275846 0.0018428 -0.0145653 0.0028289 0.00130489 -0.0145623 0.00302247 0.00127225 -0.0145452 0.00294685 0.00133821 -0.0145653 0.00309964 0.000755927 -0.0145452 0.00311948 0.000775323 -0.0145623 0.00319952 0.00079512 -0.0145653 0.00328121 0.00022345 -0.0145623 0.00328453 0.00021786 -0.0145452 0.00320236 0.000229155 -0.0145653 0.00336839 -0.000334852 -0.0145623 0.00327504 -0.000326475 -0.0145452 0.00319311 -0.000861418 -0.0145452 0.00309201 -0.000883521 -0.0145623 0.00317135 -0.000343402 -0.0145653 0.00335867 -0.00090608 -0.0145653 0.00325232 -0.00140677 -0.0145623 0.00297641 -0.00137158 -0.0145452 0.00290195 -0.00144269 -0.0145653 0.00305241 -0.00184228 -0.0145452 0.00262841 -0.00188955 -0.0145623 0.00269585 -0.0019378 -0.0145653 0.00276469 -0.00231798 -0.0145623 0.00233774 -0.00225999 -0.0145452 0.00227926 -0.00237716 -0.0145653 0.00239743 -0.00267971 -0.0145623 0.00191238 -0.00261268 -0.0145452 0.00186453 -0.00274814 -0.0145653 0.0019612 -0.0028902 -0.0145452 0.00139617 -0.00296436 -0.0145623 0.00143199 -0.00304005 -0.0145653 0.00146856 -0.00316373 -0.0145623 0.000910416 -0.00308458 -0.0145452 0.00088764 -0.00324451 -0.0145653 0.000933662 -0.00327208 -0.0145623 0.000362648 -0.00319023 -0.0145452 0.000353575 -0.00335563 -0.0145653 0.000371907 -0.00320409 -0.0145452 -0.000190661 -0.00328631 -0.0145623 -0.000195554 -0.00337022 -0.0145653 -0.000200547 -0.00320599 -0.0145623 -0.000748129 -0.00312578 -0.0145452 -0.000729413 -0.00328785 -0.0145653 -0.000767231 -0.00303344 -0.0145623 -0.00127918 -0.00295755 -0.0145452 -0.00124718 -0.00311089 -0.0145653 -0.00131184 -0.00270423 -0.0145452 -0.00172907 -0.00277362 -0.0145623 -0.00177344 -0.00284444 -0.0145653 -0.00181872 -0.00243401 -0.0145623 -0.00221667 -0.00237312 -0.0145452 -0.00216122 -0.00249616 -0.0145653 -0.00227327 -0.00202438 -0.0145623 -0.00259614 -0.00197374 -0.0145452 -0.00253119 -0.00155651 -0.0145623 -0.00290092 -0.00107052 -0.0145653 -0.00320196 0.000596094 -0.0145452 -0.00315392 0.00114929 -0.0145623 -0.00308499 0.00112054 -0.0145452 -0.00300782 5.45042e-05 -0.0145452 -0.0032093 0.000611389 -0.0145623 -0.00323485 0.00304541 -0.0145293 -0.00180454 0.00263543 -0.0145542 -0.00224121 0.00269664 -0.0145293 -0.00229326 0.00177862 -0.0145293 -0.00306062 0.00173825 -0.0145542 -0.00299116 0.00120774 -0.0145542 -0.0032419 0.00357734 -0.0144913 0.000519981 0.00361253 -0.0144412 -0.000714591 0.00373994 -0.0143805 -7.85558e-05 0.00368133 -0.0144412 -9.37925e-05 0.00361376 -0.0144913 -9.20709e-05 0.00221876 -0.0145542 -0.00265437 0.0034398 -0.0144412 -0.00131483 0.00367445 -0.0143805 -0.000701265 0.000642485 -0.0145542 -0.00339938 0.000627 -0.0145653 -0.00331745 5.73301e-05 -0.0145653 -0.00337569 0.00169636 -0.0145653 -0.00291907 0.00117863 -0.0145653 -0.00316376 0.00109319 -0.0145145 -0.00293442 0.00161274 -0.0145452 -0.00277518 0.00157339 -0.0145145 -0.00270746 0.00165412 -0.0145623 -0.00284639 0.002694 -0.0145145 -0.00159632 0.00233056 -0.0144711 -0.00198195 0.00238547 -0.0145145 -0.00202864 0.00192118 -0.0144163 -0.00229836 0.00196209 -0.0144711 -0.00234731 0.00284202 -0.0142787 -0.000575868 0.00294091 -0.0143516 -7.49281e-05 0.00289859 -0.0142787 -8.28061e-05 0.00279811 -0.0144163 -0.00106955 0.00293862 -0.0144163 -0.000581286 0.00274795 -0.0143516 -0.00105038 0.00288594 -0.0143516 -0.000570866 0.00291127 -0.0143516 0.000423165 0.00296441 -0.0144163 0.00043089 0.00287026 -0.0142787 0.000412681 0.00200832 -0.0145145 -0.00240261 0.00205855 -0.0145452 -0.00246271 0.00228197 -0.0144163 -0.00194062 0.00263199 -0.0144711 -0.00155957 -0.000501192 -0.0145623 -0.00325374 5.59027e-05 -0.0145623 -0.00329164 -0.000488654 -0.0145452 -0.00317235 -0.000513989 -0.0145653 -0.00333682 -0.00159626 -0.0145653 -0.00297499 -0.00207607 -0.0145653 -0.00266242 0.00264512 -0.0143805 0.00264512 0.00250257 -0.0144412 0.00270151 0.00286947 -0.0144913 0.0021986 0.00280992 -0.0145293 0.00215297 0.00248568 -0.0145145 0.00190454 0.00242846 -0.0144711 0.0018607 0.00237783 -0.0144163 0.0018219 0.00256762 -0.0142787 0.00134759 0.0023352 -0.0143516 0.00178924 0.00219877 -0.0143805 0.00302635 0.00201002 -0.0144412 0.00308558 0.00245663 -0.0144913 0.00265192 0.003506 -0.0143805 -0.00130432 0.00316811 -0.0144412 -0.00187725 0.00212806 -0.0145145 0.00229722 0.00207907 -0.0144711 0.00224435 0.00203572 -0.0144163 0.00219755 0.0023041 -0.0142787 0.00176063 0.00199923 -0.0143516 0.00215815 0.00169827 -0.0143805 0.00333305 0.00145964 -0.0144412 0.00338089 0.00197312 -0.0144913 0.00302895 0.00193217 -0.0145293 0.00296608 0.00188831 -0.0145542 0.00289876 0.00170921 -0.0145145 0.00262382 0.00166987 -0.0144711 0.00256343 0.00163505 -0.0144163 0.00250998 0.00197479 -0.0142787 0.00212341 0.00160574 -0.0143516 0.00246498 0.00115596 -0.0143805 0.00355768 0.000867267 -0.0144412 0.00357894 0.00143284 -0.0144913 0.00331884 0.0014031 -0.0145293 0.00324995 0.00137126 -0.0145542 0.00317619 0.0012412 -0.0145145 0.00287494 0.00121263 -0.0144711 0.00280877 0.00118735 -0.0144163 0.0027502 0.00158911 -0.0142787 0.00242557 0.00116606 -0.0143516 0.0027009 0.000585185 -0.0143805 0.00369471 0.000249948 -0.0144412 0.00367403 0.000851348 -0.0144913 0.00351325 0.000833678 -0.0145293 0.00344033 0.000814757 -0.0145542 0.00336225 0.00073748 -0.0145145 0.00304335 0.000720505 -0.0144711 0.0029733 0.000705481 -0.0144163 0.0029113 0.00115807 -0.0142787 0.00265849 0.000692834 -0.0143516 0.00285911 0 -0.0143805 0.00374077 -0.000374562 -0.0144412 0.00366343 0.00024536 -0.0144913 0.00360659 0.000240268 -0.0145293 0.00353174 0.000234814 -0.0145542 0.00345158 0.000212543 -0.0145145 0.00312421 0.000207651 -0.0144711 0.0030523 0.000203321 -0.0144163 0.00298865 0.000693962 -0.0142787 0.00281551 0.000199676 -0.0143516 0.00293508 -0.00062395 -0.0143805 0.00368837 -0.000988296 -0.0144412 0.00354743 -0.000367686 -0.0144913 0.00359618 -0.000360055 -0.0145293 0.00352154 -0.000351883 -0.0145542 0.00344162 -0.000318508 -0.0145145 0.00311519 -0.000311177 -0.0144711 0.00304349 -0.000304688 -0.0144163 0.00298002 0.000210045 -0.0142787 0.00289216 -0.000299226 -0.0143516 0.0029266 -0.00122983 -0.0143805 0.00353278 -0.0015736 -0.0144412 0.00332938 -0.000970155 -0.0144913 0.00348231 -0.000950019 -0.0145293 0.00341004 -0.000928457 -0.0145542 0.00333264 -0.000840397 -0.0145145 0.00301655 -0.000821052 -0.0144711 0.00294712 -0.000803932 -0.0144163 0.00288567 -0.000279869 -0.0142787 0.00288624 -0.000789521 -0.0143516 0.00283394 -0.00180162 -0.0143805 0.00327827 -0.00211363 -0.0144412 0.00301555 -0.00154471 -0.0144913 0.00326827 -0.00151265 -0.0145293 0.00320043 -0.00147832 -0.0145542 0.0031278 -0.00133811 -0.0145145 0.00283114 -0.00130731 -0.0144711 0.00276597 -0.00128005 -0.0144163 0.00270829 -0.000761792 -0.0142787 0.00279792 -0.0012571 -0.0143516 0.00265974 -0.00232298 -0.0143805 0.00293199 -0.00259286 -0.0144412 0.00261497 -0.00207484 -0.0144913 0.0029602 -0.00203177 -0.0145293 0.00289876 -0.00198566 -0.0145542 0.00283297 -0.00179733 -0.0145145 0.00256427 -0.00175595 -0.0144711 0.00250525 -0.00171934 -0.0144163 0.00245301 -0.00122197 -0.0142787 0.00262973 -0.00168852 -0.0143516 0.00240904 -0.00277932 -0.0143805 0.00250361 -0.0029975 -0.0144412 0.00213916 -0.00254527 -0.0144913 0.00256697 -0.00249244 -0.0145293 0.00251369 -0.00243587 -0.0145542 0.00245664 -0.00220484 -0.0145145 0.00222364 -0.00215409 -0.0144711 0.00217245 -0.00210917 -0.0144163 0.00212715 -0.00164726 -0.0142787 0.00238647 -0.00207136 -0.0143516 0.00208902 -0.00315786 -0.0143805 0.00200514 -0.0033159 -0.0144412 0.00160181 -0.00294248 -0.0144913 0.00209989 -0.0028814 -0.0145293 0.00205631 -0.00281601 -0.0145542 0.00200964 -0.00254892 -0.0145145 0.00181903 -0.00249025 -0.0144711 0.00177716 -0.00243832 -0.0144163 0.00174011 -0.00202553 -0.0142787 0.00207508 -0.00239461 -0.0143516 0.00170891 -0.00344799 -0.0143805 0.00145051 -0.00353891 -0.0144412 0.00101838 -0.00325503 -0.0144913 0.00157241 -0.00318747 -0.0145293 0.00153977 -0.00311513 -0.0145542 0.00150483 -0.00281967 -0.0145145 0.0013621 -0.00275477 -0.0144711 0.00133075 -0.00269733 -0.0144163 0.001303 -0.00234597 -0.0142787 0.00170444 -0.00264898 -0.0143516 0.00127964 -0.00364158 -0.0143805 0.000855249 -0.00366011 -0.0144412 0.000405653 -0.00347395 -0.0144913 0.000999688 -0.00340185 -0.0145293 0.000978939 -0.00332464 -0.0145542 0.00095672 -0.00300931 -0.0145145 0.000865979 -0.00294004 -0.0144711 0.000846046 -0.00282713 -0.0143516 0.000813554 -0.00287874 -0.0144163 0.000828405 -0.00259944 -0.0142787 0.00128516 -0.00373321 -0.0143805 0.000236028 -0.00367602 -0.0144412 -0.000218744 -0.00359293 -0.0144913 0.000398207 -0.00351836 -0.0145293 0.000389942 -0.0034385 -0.0145542 0.000381092 -0.00311238 -0.0145145 0.000344947 -0.00304073 -0.0144711 0.000337007 -0.00292396 -0.0143516 0.000324064 -0.00297733 -0.0144163 0.00032998 -0.0027787 -0.0142787 0.000829178 -0.0037203 -0.0143805 -0.000389817 -0.00358618 -0.0144412 -0.000836848 -0.00360855 -0.0144913 -0.000214729 -0.00353365 -0.0145293 -0.000210272 -0.00345345 -0.0145542 -0.0002055 -0.0031259 -0.0145145 -0.000186009 -0.00305395 -0.0144711 -0.000181727 -0.00293667 -0.0143516 -0.000174748 -0.00299027 -0.0144163 -0.000177938 -0.00287863 -0.0142787 0.000349529 -0.0036032 -0.0143805 -0.00100476 -0.00339317 -0.0144412 -0.00143088 -0.00352035 -0.0144913 -0.000821488 -0.00344728 -0.0145293 -0.000804437 -0.00336904 -0.0145542 -0.00078618 -0.0030495 -0.0145145 -0.000711613 -0.00297931 -0.0144711 -0.000695233 -0.00286489 -0.0143516 -0.000668534 -0.00291719 -0.0144163 -0.000680737 -0.00289639 -0.0142787 -0.000140098 -0.00338519 -0.0143805 -0.00159158 -0.00310254 -0.0144412 -0.00198374 -0.00333088 -0.0144913 -0.00140461 -0.00326175 -0.0145293 -0.00137546 -0.00318772 -0.0145542 -0.00134424 -0.00288538 -0.0145145 -0.00121675 -0.00281896 -0.0144711 -0.00118874 -0.0027107 -0.0143516 -0.00114309 -0.00276018 -0.0144163 -0.00116395 -0.00283146 -0.0142787 -0.000625726 -0.00307236 -0.0143805 -0.00213383 -0.00272266 -0.0144412 -0.00247954 -0.00304559 -0.0144913 -0.00194733 -0.00298238 -0.0145293 -0.00190691 -0.00291469 -0.0145542 -0.00186363 -0.00263824 -0.0145145 -0.00168688 -0.00257751 -0.0144711 -0.00164805 -0.00247853 -0.0143516 -0.00158475 -0.00252377 -0.0144163 -0.00161368 -0.0026857 -0.0142787 -0.00109349 -0.00246327 -0.0142787 -0.00153004 -0.00267348 -0.0143805 -0.00261634 -0.00226445 -0.0144412 -0.00290401 -0.00267268 -0.0144913 -0.00243403 -0.00261721 -0.0145293 -0.00238351 -0.00255781 -0.0145542 -0.00232941 -0.00231521 -0.0145145 -0.00210848 -0.00226192 -0.0144711 -0.00205994 -0.00217505 -0.0143516 -0.00198083 -0.00221475 -0.0144163 -0.00201699 -0.00217051 -0.0142787 -0.00192291 -0.0021997 -0.0143805 -0.00302557 -0.0017411 -0.0144412 -0.00324493 -0.00222288 -0.0144913 -0.0028507 -0.00217675 -0.0145293 -0.00279153 -0.00212734 -0.0145542 -0.00272818 -0.00192557 -0.0145145 -0.00246942 -0.00188125 -0.0144711 -0.00241258 -0.001809 -0.0143516 -0.00231993 -0.00184202 -0.0144163 -0.00236227 -0.0018158 -0.0142787 -0.00226088 -0.0016643 -0.0143805 -0.00335006 -0.00116766 -0.0144412 -0.0034925 -0.00170914 -0.0144913 -0.00318537 -0.00167367 -0.0145293 -0.00311925 -0.00163568 -0.0145542 -0.00304846 -0.00148054 -0.0145145 -0.00275932 -0.00144646 -0.0144711 -0.00269581 -0.00139091 -0.0143516 -0.00259228 -0.0014163 -0.0144163 -0.0026396 -0.00140924 -0.0142787 -0.00253431 -0.00108227 -0.0143805 -0.00358072 -0.000560627 -0.0144412 -0.0036396 -0.00114623 -0.0144913 -0.00342839 -0.00112243 -0.0145293 -0.00335724 -0.00109696 -0.0145542 -0.00328104 -0.000992918 -0.0145145 -0.00296985 -0.000970062 -0.0144711 -0.00290148 -0.000932808 -0.0143516 -0.00279006 -0.000949835 -0.0144163 -0.00284098 -0.000962458 -0.0142787 -0.00273539 -0.000469915 -0.0143805 -0.00371108 6.25321e-05 -0.0144412 -0.00368199 -0.000550337 -0.0144913 -0.00357279 -0.000538914 -0.0145293 -0.00349864 -0.000526683 -0.0145542 -0.00341923 -0.000476729 -0.0145145 -0.00309493 -0.000465756 -0.0144711 -0.00302369 -0.000447869 -0.0143516 -0.00290757 -0.000456044 -0.0144163 -0.00296064 -0.000488198 -0.0142787 -0.00285838 0.000155618 -0.0143805 -0.00373748 0.000683892 -0.0144412 -0.00361846 6.13843e-05 -0.0144913 -0.00361441 6.01102e-05 -0.0145293 -0.00353939 5.87459e-05 -0.0145542 -0.00345906 5.31741e-05 -0.0145145 -0.00313098 5.19501e-05 -0.0144711 -0.00305891 4.99551e-05 -0.0143516 -0.00294144 5.08669e-05 -0.0144163 -0.00299513 -7.1024e-19 -0.0142787 -0.00289977 0.000776803 -0.0143805 -0.00365918 0.00128558 -0.0144412 -0.00345084 0.000671339 -0.0144913 -0.00355204 0.000657405 -0.0145293 -0.00347832 0.000581548 -0.0145145 -0.00307696 0.000568161 -0.0144711 -0.00300613 0.000546342 -0.0143516 -0.00289068 0.000556314 -0.0144163 -0.00294345 0.000494476 -0.0142787 -0.0028573 0.00137623 -0.0143805 -0.00347837 0.00185028 -0.0144412 -0.00318394 0.00126198 -0.0144913 -0.00338749 0.00123579 -0.0145293 -0.00331719 0.00106803 -0.0144711 -0.00286687 0.00102701 -0.0143516 -0.00275677 0.00104576 -0.0144163 -0.00280709 0.000974468 -0.0142787 -0.00273114 0.00193712 -0.0143805 -0.00320011 0.00236175 -0.0144412 -0.00282544 0.00181632 -0.0144913 -0.00312549 0.00227028 -0.0145293 -0.00271601 0.00283224 -0.0145623 -0.00167823 0.00276139 -0.0145452 -0.00163625 0.00244514 -0.0145452 -0.00207939 0.00153717 -0.0144711 -0.00264514 0.00147814 -0.0143516 -0.00254355 0.00150512 -0.0144163 -0.00258998 0.00142591 -0.0142787 -0.00252497 0.00244374 -0.0143805 -0.0028322 0.00280528 -0.0144412 -0.00238566 0.0023184 -0.0144913 -0.00277358 0.00216528 -0.0145653 -0.00259039 0.00211137 -0.0145623 -0.0025259 0.00188674 -0.0143516 -0.00225716 0.0028819 -0.0143805 -0.00238493 0.00323933 -0.0143805 -0.00187083 0.00275379 -0.0144913 -0.00234187 0.00257191 -0.0145653 -0.0021872 0.00250788 -0.0145623 -0.00213274 0.00183559 -0.0142787 -0.00224484 0.00224106 -0.0143516 -0.00190583 0.0033938 -0.0145542 -0.000671325 0.00347261 -0.0145293 -0.000686915 0.00353875 -0.0145293 -9.01599e-05 0.00310996 -0.0144913 -0.00184279 0.00297629 -0.0145542 -0.00176359 0.00290456 -0.0145653 -0.00172108 0.00257711 -0.0144163 -0.00152705 0.0028577 -0.0144711 -0.00109233 0.0021915 -0.0142787 -0.00189895 0.00253091 -0.0143516 -0.00149968 0.00330657 -0.0145293 -0.00126391 0.00337666 -0.0144913 -0.0012907 0.00323153 -0.0145542 -0.00123522 0.00315364 -0.0145653 -0.00120545 0.00307512 -0.0145623 -0.00117544 0.00299819 -0.0145452 -0.00114603 0.00292503 -0.0145145 -0.00111807 0.00248322 -0.0142787 -0.00149744 0.00354622 -0.0144913 -0.000701474 0.003312 -0.0145653 -0.000655145 0.00322954 -0.0145623 -0.000638833 0.00314875 -0.0145452 -0.000622851 0.00307191 -0.0145145 -0.000607652 0.0030012 -0.0144711 -0.000593665 0.0027022 -0.0142787 -0.00105206 0.00345844 -0.0145542 -8.81136e-05 0.00337508 -0.0145653 -8.599e-05 0.00329105 -0.0145623 -8.3849e-05 0.00320872 -0.0145452 -8.17514e-05 0.00313042 -0.0145145 -7.97564e-05 0.00305836 -0.0144711 -7.79205e-05 0.00299459 -0.0144163 -7.62958e-05 0.00350309 -0.0145293 0.000509189 0.00342358 -0.0145542 0.000497632 0.00334107 -0.0145653 0.000485639 0.00325788 -0.0145623 0.000473547 0.00317638 -0.0145452 0.000461701 0.00309887 -0.0145145 0.000450434 0.00302754 -0.0144711 0.000440066 0.0018567 -0.0127892 -0.000976016 0.00188544 -0.0127963 -0.000991126 0.00199494 -0.0127892 -0.000648194 -0.0014783 -0.0128007 0.00134629 -0.00122951 -0.0128007 0.00157676 -0.00124913 -0.0127914 0.00160193 0.00196336 -0.0127876 -0.000637934 0.00197878 -0.0128735 -0.00104019 0.00200666 -0.0129023 -0.00102245 0.00212611 -0.0128735 -0.000690816 0.00182201 -0.0129023 -0.00132377 0.00177453 -0.0128735 -0.00135965 0.00222798 -0.0129023 -0.000328934 0.00221228 -0.0128735 -0.000321564 0.0021419 -0.0129023 -0.000695947 0.00205515 -0.0128087 -0.00066776 0.00202582 -0.0127963 -0.000658229 0.00191274 -0.0128087 -0.00100548 0.002106 -0.0128478 -0.000684282 0.00196007 -0.0128478 -0.00103036 0.00193785 -0.012826 -0.00101868 0.00208213 -0.012826 -0.000676525 0.00148779 -0.012826 -0.00160606 0.0017153 -0.0128087 -0.00131427 0.00146852 -0.0128087 -0.00158525 0.00193196 -0.0127914 -0.000627732 0.00182731 -0.0127876 -0.000960567 0.00179808 -0.0127914 -0.000945205 0.00190161 -0.0128007 -0.000617869 0.00176983 -0.0128007 -0.000930354 0.00187313 -0.0128152 -0.000608618 0.00174333 -0.0128152 -0.000916425 0.00171932 -0.0128344 -0.000903803 0.00184733 -0.0128344 -0.000600235 0.00182492 -0.0128578 -0.000592952 0.0018065 -0.0128849 -0.000586969 0.00169846 -0.0128578 -0.000892835 0.0017926 -0.0129147 -0.000582451 0.00168132 -0.0128849 -0.000883826 0.00178359 -0.0129466 -0.000579524 0.00166838 -0.0129147 -0.000877024 -0.00118489 -0.0127876 -0.0016905 -0.00147692 -0.0127892 -0.00148951 -0.00120394 -0.0127892 -0.00171769 0.00158714 -0.0128007 -0.00121608 0.00161248 -0.0127914 -0.00123549 0.00138049 -0.0127914 -0.00149023 0.0013588 -0.0128007 -0.00146681 0.00163869 -0.0127876 -0.00125557 0.00109136 -0.0128007 -0.00167535 0.00110878 -0.0127914 -0.00170209 0.00140292 -0.0127876 -0.00151445 0.000792525 -0.0128007 -0.00183569 0.000805176 -0.0127914 -0.001865 0.0011268 -0.0127876 -0.00172976 0.000478409 -0.0127914 -0.00197424 0.000470892 -0.0128007 -0.00194323 0.000818262 -0.0127876 -0.00189531 0.000135712 -0.0128007 -0.00199486 0.000137878 -0.0127914 -0.0020267 0.000486184 -0.0127876 -0.00200633 0.000140119 -0.0127876 -0.00205964 -0.000209977 -0.0127876 -0.00205369 -0.000203372 -0.0128007 -0.0019891 -0.000206619 -0.0127914 -0.00202085 -0.000554032 -0.0127876 -0.00198866 -0.000545171 -0.0127914 -0.00195686 -0.000536606 -0.0128007 -0.00192612 -0.000882149 -0.0127876 -0.00186643 -0.000854402 -0.0128007 -0.00180772 -0.000868041 -0.0127914 -0.00183658 -0.00114762 -0.0128007 -0.00163733 -0.00116594 -0.0127914 -0.00166346 -0.00145354 -0.0127876 -0.00146593 -0.00143029 -0.0127914 -0.00144249 -0.00140782 -0.0128007 -0.00141983 -0.00168038 -0.0127876 -0.0011992 -0.0016535 -0.0127914 -0.00118002 -0.00162752 -0.0128007 -0.00116148 -0.00185887 -0.0127876 -0.000897964 -0.0018004 -0.0128007 -0.00086972 -0.00182914 -0.0127914 -0.000883603 -0.00198389 -0.0127876 -0.000570897 -0.00192149 -0.0128007 -0.000552941 -0.00195216 -0.0127914 -0.000561767 -0.00205183 -0.0127876 -0.000227406 -0.00201902 -0.0127914 -0.00022377 -0.0019873 -0.0128007 -0.000220254 -0.00206075 -0.0127876 0.000122626 -0.00199594 -0.0128007 0.000118769 -0.0020278 -0.0127914 0.000120665 -0.00201039 -0.0127876 0.000469131 -0.00194715 -0.0128007 0.000454376 -0.00197824 -0.0127914 0.000461629 -0.00190219 -0.0127876 0.00080214 -0.00187176 -0.0127914 0.000789312 -0.00184236 -0.0128007 0.000776911 -0.00173926 -0.0127876 0.00111207 -0.00168456 -0.0128007 0.0010771 -0.00171145 -0.0127914 0.00109429 -0.000976048 -0.0127876 0.00181908 -0.00126944 -0.0127876 0.00162797 -0.00150189 -0.0127914 0.00136778 3.61703e-05 -0.0127963 0.00212977 0.000395582 -0.0127963 0.00209302 0.00040131 -0.0128087 0.00212333 -0.000654581 -0.0127876 0.00195787 -0.000960438 -0.0127914 0.00178999 0.00188346 -0.012826 0.00111603 0.00166776 -0.012826 0.00141829 0.00164615 -0.0128087 0.00139991 0.0011 -0.012826 0.00189287 0.000754382 -0.0128087 0.00202496 0.00108575 -0.0128087 0.00186834 0.00219135 -0.0128478 -0.000318523 0.00219303 -0.0128735 0.000433803 0.0022348 -0.0128735 5.6938e-05 0.00225163 -0.0129023 4.72946e-05 0.00221367 -0.0128478 5.63995e-05 0.00138588 -0.0128087 0.00165798 0.00208818 -0.0128735 0.000798187 0.0022122 -0.0129023 0.000422197 3.56189e-05 -0.0127892 0.0020973 0.000389552 -0.0127892 0.00206111 0.000743614 -0.0127963 0.00199606 0.00107025 -0.0127963 0.00184168 -0.000319339 -0.0127892 0.00207315 -0.000665109 -0.0127892 0.00198936 0.000365767 -0.0128152 0.00193527 0.000371327 -0.0128007 0.00196468 3.34441e-05 -0.0128152 0.00196925 -0.000309258 -0.0127914 0.0020077 -0.000633993 -0.0128007 0.00189629 -0.000304399 -0.0128007 0.00197616 0.00146173 -0.0128578 0.00124308 0.00123063 -0.0128578 0.00147224 0.00121821 -0.0128849 0.00145738 0.000678098 -0.0128344 0.0018202 0.000975958 -0.0128344 0.00167941 0.000989589 -0.0128152 0.00170287 0.00177427 -0.0128849 0.000678199 0.00176061 -0.0129147 0.000672979 0.00186336 -0.0128849 0.000368591 0.00167107 -0.0128344 0.000990183 0.00147969 -0.0128344 0.00125835 0.00187972 -0.0128849 -0.000273225 0.00188424 -0.0129147 4.80064e-05 0.00186525 -0.0129147 -0.000271122 0.00183803 -0.0129466 0.000372433 0.00187462 -0.0129466 5.35534e-05 0.00184902 -0.0129147 0.000365754 0.00185629 -0.0129466 -0.000266894 0.00124574 -0.0128344 0.00149032 0.00126314 -0.0128152 0.00151113 0.00144698 -0.0128849 0.00123054 0.00165079 -0.0128578 0.000978167 3.44944e-05 -0.0127914 0.00203109 3.39525e-05 -0.0128007 0.00199918 0.000687568 -0.0128152 0.00184562 0.000698019 -0.0128007 0.00187367 -0.000324282 -0.0127963 0.00210524 -0.000945348 -0.0128007 0.00176187 -0.000644113 -0.0127914 0.00192656 -0.0015263 -0.0127876 0.00139001 0.0015925 -0.0129023 -0.0015925 0.00151922 -0.0128735 -0.00163999 0.00175774 -0.0128478 -0.00134679 0.00173782 -0.012826 -0.00133152 0.00169082 -0.0127963 -0.00129551 0.00166504 -0.0127892 -0.00127576 0.00156338 -0.0128152 -0.00119787 0.00154185 -0.0128344 -0.00118137 0.00152314 -0.0128578 -0.00116703 0.00150777 -0.0128849 -0.00115526 0.00166057 -0.0129466 -0.000871533 0.00149616 -0.0129147 -0.00114637 0.00132377 -0.0129023 -0.00182201 0.00122021 -0.0128735 -0.00187315 0.00150485 -0.0128478 -0.00162448 0.00211079 -0.0129023 0.000785268 0.00192325 -0.0128735 0.00113961 0.00144755 -0.0127963 -0.00156262 0.00142549 -0.0127892 -0.0015388 0.00133845 -0.0128152 -0.00144485 0.00132002 -0.0128344 -0.00142495 0.001304 -0.0128578 -0.00140766 0.00129084 -0.0128849 -0.00139345 0.00149014 -0.0129466 -0.00113866 0.00128091 -0.0129147 -0.00138273 0.00102245 -0.0129023 -0.00200666 0.000886093 -0.0128735 -0.00205242 0.00120867 -0.0128478 -0.00185543 0.00119497 -0.012826 -0.0018344 0.00117948 -0.0128087 -0.00181063 0.00116265 -0.0127963 -0.00178479 0.00114492 -0.0127892 -0.00175758 0.00107502 -0.0128152 -0.00165027 0.00106021 -0.0128344 -0.00162754 0.00104735 -0.0128578 -0.00160779 0.00103678 -0.0128849 -0.00159156 0.00127716 -0.0129466 -0.00137328 0.0010288 -0.0129147 -0.00157932 0.000695947 -0.0129023 -0.0021419 0.000526487 -0.0128735 -0.00217265 0.000877712 -0.0128478 -0.00203301 0.000867762 -0.012826 -0.00200996 0.000856519 -0.0128087 -0.00198392 0.000844294 -0.0127963 -0.0019556 0.000831423 -0.0127892 -0.00192579 0.00078066 -0.0128152 -0.00180821 0.000769907 -0.0128344 -0.0017833 0.000760565 -0.0128578 -0.00176166 0.00075289 -0.0128849 -0.00174389 0.00102773 -0.0129466 -0.0015687 0.000747096 -0.0129147 -0.00173047 0.000352311 -0.0129023 -0.0022244 0.000151734 -0.0128735 -0.00223037 0.000521507 -0.0128478 -0.0021521 0.000515595 -0.012826 -0.0021277 0.000508915 -0.0128087 -0.00210014 0.000501651 -0.0127963 -0.00207016 0.000494004 -0.0127892 -0.0020386 0.000463842 -0.0128152 -0.00191413 0.000457453 -0.0128344 -0.00188777 0.000451902 -0.0128578 -0.00186486 0.000447342 -0.0128849 -0.00184604 0.00074896 -0.0129466 -0.00171933 0.000443899 -0.0129147 -0.00183183 -5.51613e-19 -0.0129023 -0.00225213 -0.000227383 -0.0128735 -0.00222393 0.000150299 -0.0128478 -0.00220928 0.000148596 -0.012826 -0.00218423 0.00014667 -0.0128087 -0.00215593 0.000144577 -0.0127963 -0.00212516 0.000142373 -0.0127892 -0.00209276 0.00013368 -0.0128152 -0.00196499 0.000131839 -0.0128344 -0.00193792 0.000130239 -0.0128578 -0.00191441 0.000128925 -0.0128849 -0.00189509 0.000448808 -0.0129466 -0.00182088 0.000127933 -0.0129147 -0.0018805 -0.000375649 -0.0129023 -0.00222058 -0.000599959 -0.0128735 -0.00215352 -0.000225232 -0.0128478 -0.0022029 -0.000222679 -0.012826 -0.00217793 -0.000219794 -0.0128087 -0.00214971 -0.000216657 -0.0127963 -0.00211903 -0.000213354 -0.0127892 -0.00208672 -0.000200327 -0.0128152 -0.00195932 -0.000197568 -0.0128344 -0.00193233 -0.000195171 -0.0128578 -0.00190888 -0.000193201 -0.0128849 -0.00188962 0.000135843 -0.0129466 -0.00187045 -0.000191714 -0.0129147 -0.00187508 -0.000740422 -0.0129023 -0.00212691 -0.000955275 -0.0128735 -0.00202115 -0.000594284 -0.0128478 -0.00213315 -0.000587548 -0.012826 -0.00210897 -0.000579935 -0.0128087 -0.00208164 -0.000571657 -0.0127963 -0.00205193 -0.000562943 -0.0127892 -0.00202065 -0.000528572 -0.0128152 -0.00189728 -0.000521292 -0.0128344 -0.00187114 -0.000514966 -0.0128578 -0.00184844 -0.000509769 -0.0128849 -0.00182979 -0.000181 -0.0129466 -0.00186663 -0.000505846 -0.0129147 -0.0018157 -0.00108466 -0.0129023 -0.00197368 -0.00128311 -0.0128735 -0.00183063 -0.00094624 -0.0128478 -0.00200203 -0.000935513 -0.012826 -0.00197934 -0.000923393 -0.0128087 -0.00195369 -0.000910212 -0.0127963 -0.0019258 -0.000896337 -0.0127892 -0.00189645 -0.00084161 -0.0128152 -0.00178066 -0.000830018 -0.0128344 -0.00175613 -0.000819946 -0.0128578 -0.00173482 -0.000811672 -0.0128849 -0.00171732 -0.000492676 -0.0129466 -0.00180951 -0.000805426 -0.0129147 -0.0017041 -0.00139855 -0.0129023 -0.0017652 -0.00157403 -0.0128735 -0.00158745 -0.00127097 -0.0128478 -0.00181332 -0.00125657 -0.012826 -0.00179276 -0.00124029 -0.0128087 -0.00176953 -0.00122258 -0.0127963 -0.00174428 -0.00113044 -0.0128152 -0.00161281 -0.00111487 -0.0128344 -0.0015906 -0.00110134 -0.0128578 -0.0015713 -0.00109023 -0.0128849 -0.00155544 -0.000790287 -0.0129466 -0.00170073 -0.00108183 -0.0129147 -0.00154347 -0.00167329 -0.0129023 -0.0015073 -0.00181967 -0.0128735 -0.00129861 -0.00155914 -0.0128478 -0.00157244 -0.00154147 -0.012826 -0.00155461 -0.0015215 -0.0128087 -0.00153447 -0.00149978 -0.0127963 -0.00151257 3.50551e-05 -0.0127876 0.0020641 0.000383386 -0.0127876 0.00202849 -0.00138674 -0.0128152 -0.00139857 -0.00136764 -0.0128344 -0.0013793 -0.00135105 -0.0128578 -0.00136257 -0.00133741 -0.0128849 -0.00134882 -0.00106534 -0.0129466 -0.00154341 -0.00132712 -0.0129147 -0.00133844 -0.00190119 -0.0129023 -0.00120719 -0.00201296 -0.0128735 -0.000972402 -0.00180246 -0.0128478 -0.00128632 -0.00178203 -0.012826 -0.00127174 -0.00175894 -0.0128087 -0.00125527 -0.00173383 -0.0127963 -0.00123735 -0.0017074 -0.0127892 -0.00121849 -0.00160316 -0.0128152 -0.00114409 -0.00158107 -0.0128344 -0.00112833 -0.00156189 -0.0128578 -0.00111464 -0.00154613 -0.0128849 -0.00110339 -0.00130997 -0.0129466 -0.00134202 -0.00153423 -0.0129147 -0.0010949 -0.00207586 -0.0129023 -0.000873278 -0.00214835 -0.0128735 -0.000618222 -0.00199392 -0.0128478 -0.000963204 -0.00197132 -0.012826 -0.000952286 -0.00194578 -0.0128087 -0.000939948 -0.00191801 -0.0127963 -0.000926531 -0.00188877 -0.0127892 -0.000912406 -0.00177345 -0.0128152 -0.000856699 -0.00174902 -0.0128344 -0.000844899 -0.0017278 -0.0128578 -0.000834646 -0.0016972 -0.0129147 -0.000819866 -0.00171036 -0.0128849 -0.000826224 -0.00151721 -0.0129466 -0.00110232 -0.00219242 -0.0129023 -0.000514903 -0.00222192 -0.0128735 -0.000246257 -0.00212803 -0.0128478 -0.000612375 -0.0021039 -0.012826 -0.000605433 -0.00207664 -0.0128087 -0.000597589 -0.002047 -0.0127963 -0.000589059 -0.0020158 -0.0127892 -0.000580079 -0.00189272 -0.0128152 -0.000544662 -0.00186665 -0.0128344 -0.00053716 -0.001844 -0.0128578 -0.000530642 -0.00181134 -0.0129147 -0.000521245 -0.00182539 -0.0128849 -0.000525287 -0.00168114 -0.0129466 -0.000831153 -0.00224758 -0.0129023 -0.000142101 -0.00223158 -0.0128735 0.000132792 -0.00220091 -0.0128478 -0.000243928 -0.00217596 -0.012826 -0.000241163 -0.00214777 -0.0128087 -0.000238039 -0.00211711 -0.0127963 -0.000234641 -0.00208483 -0.0127892 -0.000231064 -0.00195754 -0.0128152 -0.000216956 -0.00193058 -0.0128344 -0.000213968 -0.00190715 -0.0128578 -0.000211371 -0.00187338 -0.0129147 -0.000207628 -0.00188791 -0.0128849 -0.000209239 -0.00179708 -0.0129466 -0.000536257 -0.00223981 -0.0129023 0.000234689 -0.00217704 -0.0128735 0.00050802 -0.00221047 -0.0128478 0.000131536 -0.00218542 -0.012826 0.000130045 -0.0021571 -0.0128087 0.00012836 -0.00212631 -0.0127963 0.000126527 -0.0020939 -0.0127892 0.000124599 -0.00196605 -0.0128152 0.000116991 -0.00193897 -0.0128344 0.00011538 -0.00191544 -0.0128578 0.00011398 -0.00188152 -0.0129147 0.000111961 -0.00189612 -0.0128849 0.00011283 -0.00186171 -0.0129466 -0.000226052 -0.00216931 -0.0129023 0.000604916 -0.00205987 -0.0128735 0.000868635 -0.00215645 -0.0128478 0.000503215 -0.002132 -0.012826 0.000497511 -0.00210438 -0.0128087 0.000491065 -0.00207434 -0.0127963 0.000484056 -0.00204272 -0.0127892 0.000476677 -0.001918 -0.0128152 0.000447573 -0.00189158 -0.0128344 0.000441408 -0.00186863 -0.0128578 0.000436052 -0.00183554 -0.0129147 0.00042833 -0.00184977 -0.0128849 0.000431652 -0.00187319 -0.0129466 9.06059e-05 -0.00203806 -0.0129023 0.00095821 -0.00188344 -0.0128735 0.00120426 -0.00204039 -0.0128478 0.000860419 -0.00201726 -0.012826 0.000850665 -0.00199112 -0.0128087 0.000839644 -0.0019627 -0.0127963 0.000827659 -0.00193278 -0.0127892 0.000815042 -0.00181477 -0.0128152 0.000765279 -0.00178978 -0.0128344 0.000754738 -0.00176806 -0.0128578 0.000745579 -0.00173675 -0.0129147 0.000732376 -0.00175022 -0.0128849 0.000738056 -0.0018312 -0.0129466 0.000404677 -0.00173693 -0.0129466 0.000707196 -0.00184972 -0.0129023 0.00128468 -0.00165283 -0.0128735 0.00150524 -0.00186563 -0.0128478 0.00119287 -0.00184448 -0.012826 0.00117935 -0.00182058 -0.0128087 0.00116407 -0.00179459 -0.0127963 0.00114745 -0.00176724 -0.0127892 0.00112996 -0.00165934 -0.0128152 0.00106097 -0.00163648 -0.0128344 0.00104636 -0.00161662 -0.0128578 0.00103366 -0.00158799 -0.0129147 0.00101535 -0.00160031 -0.0128849 0.00102323 -0.00159308 -0.0129466 0.000989526 -0.00160957 -0.0129023 0.00157517 -0.00137467 -0.0128735 0.00176292 -0.00163719 -0.0128478 0.001491 -0.00161864 -0.012826 0.0014741 -0.00159766 -0.0128087 0.001455 -0.00157486 -0.0127963 0.00143423 -0.00155085 -0.0127892 0.00141237 -0.00145616 -0.0128152 0.00132614 -0.00143611 -0.0128344 0.00130787 -0.00141868 -0.0128578 0.001292 -0.00139356 -0.0129147 0.00126912 -0.00140436 -0.0128849 0.00127896 -0.00140374 -0.0129466 0.00124361 -0.00132433 -0.0129023 0.00182155 -0.00105696 -0.0128735 0.00196988 -0.00136166 -0.0128478 0.00174624 -0.00134623 -0.012826 0.00172645 -0.00132879 -0.0128087 0.00170408 -0.00130982 -0.0127963 0.00167976 -0.00128985 -0.0127892 0.00165415 -0.0012111 -0.0128152 0.00155315 -0.00117992 -0.0128578 0.00151317 -0.00115903 -0.0129147 0.00148638 -0.00116802 -0.0128849 0.00149791 -0.00119442 -0.0128344 0.00153176 -0.00117434 -0.0129466 0.00146219 -0.00100199 -0.0129023 0.00201691 -0.000708843 -0.0128735 0.00212017 -0.00104696 -0.0128478 0.00195125 -0.00103509 -0.012826 0.00192913 -0.00102168 -0.0128087 0.00190413 -0.0010071 -0.0127963 0.00187696 -0.000991746 -0.0127892 0.00184834 -0.000931194 -0.0128152 0.00173549 -0.000907224 -0.0128578 0.00169082 -0.000891158 -0.0129147 0.00166087 -0.00089807 -0.0128849 0.00167376 -0.000918368 -0.0128344 0.00171159 -0.000911404 -0.0129466 0.00163902 -0.000651583 -0.0129023 0.00215577 -0.000340337 -0.0128735 0.00220947 -0.000702139 -0.0128478 0.00210012 -0.00069418 -0.012826 0.00207631 -0.000685186 -0.0128087 0.00204941 -0.000675405 -0.0127963 0.00202016 -0.000624501 -0.0128152 0.0018679 -0.000608425 -0.0128578 0.00181982 -0.000597651 -0.0129147 0.00178759 -0.000602286 -0.0128849 0.00180145 -0.000615899 -0.0128344 0.00184217 -0.000622453 -0.0129466 0.00176907 -0.000282912 -0.0129023 0.00223426 3.7961e-05 -0.0128735 0.00223521 -0.000337118 -0.0128478 0.00218857 -0.000333296 -0.012826 0.00216376 -0.000328978 -0.0128087 0.00213573 -0.000314284 -0.0127876 0.00204033 -0.000299841 -0.0128152 0.00194657 -0.000295711 -0.0128344 0.00191976 -0.000292123 -0.0128578 0.00189647 -0.00028695 -0.0129147 0.00186288 -0.000289175 -0.0128849 0.00187733 -0.000315733 -0.0129466 0.00184861 9.36902e-05 -0.0129023 0.00225015 0.000415167 -0.0128735 0.00219664 3.76019e-05 -0.0128478 0.00221406 3.71757e-05 -0.012826 0.00218897 3.6694e-05 -0.0128087 0.00216061 3.29835e-05 -0.0128344 0.00194212 3.25832e-05 -0.0128578 0.00191856 3.20062e-05 -0.0129147 0.00188458 3.22545e-05 -0.0128849 0.0018992 -3.79068e-18 -0.0129466 0.00187538 0.000467674 -0.0129023 0.00220301 0.000780429 -0.0128735 0.00209488 0.00041124 -0.0128478 0.00217586 0.000406578 -0.012826 0.0021512 0.000377254 -0.0127914 0.00199604 0.00100463 -0.0128007 0.00172875 0.000360729 -0.0128344 0.00190861 0.000356352 -0.0128578 0.00188545 0.000350041 -0.0129147 0.00185206 0.000352756 -0.0128849 0.00186643 0.000319794 -0.0129466 0.00184791 0.000828562 -0.0129023 0.00209416 0.00112324 -0.0128735 0.00193285 0.000773047 -0.0128478 0.00207506 0.000764284 -0.012826 0.00205154 0.000732278 -0.0127892 0.00196563 0.000720687 -0.0127876 0.00193452 0.000709161 -0.0127914 0.00190358 0.000669869 -0.0128578 0.00179811 0.000658006 -0.0129147 0.00176627 0.00066311 -0.0128849 0.00177996 0.00063022 -0.0129466 0.00176632 0.00116624 -0.0129023 0.00192663 0.00143374 -0.0128735 0.00171522 0.00111261 -0.0128478 0.00191457 0.00140408 -0.012826 0.00167974 0.00105394 -0.0127892 0.0018136 0.00103725 -0.0127876 0.00178489 0.00102067 -0.0127914 0.00175635 0.00169441 -0.0128152 0.00100401 0.00172016 -0.0128007 0.00101927 0.00150035 -0.0128152 0.00127593 0.000964115 -0.0128578 0.00165904 0.000947042 -0.0129147 0.00162966 0.000954387 -0.0128849 0.00164229 0.000922186 -0.0129466 0.00163298 0.00147126 -0.0129023 0.00170512 0.00170299 -0.0128735 0.00144825 0.00142017 -0.0128478 0.001699 0.0013661 -0.0127963 0.00163431 0.00134528 -0.0127892 0.0016094 0.00132398 -0.0127876 0.00158392 0.00130281 -0.0127914 0.00155859 0.00128234 -0.0128007 0.0015341 0.00120883 -0.0129147 0.00144616 0.00173505 -0.0129023 0.00143585 0.00168688 -0.0128478 0.00143455 0.00162265 -0.0127963 0.00137993 0.00159792 -0.0127892 0.00135889 0.00157262 -0.0127876 0.00133738 0.00154747 -0.0127914 0.001316 0.00152316 -0.0128007 0.00129532 0.00118714 -0.0129466 0.00145181 0.00143585 -0.0129147 0.00122107 0.00195024 -0.0129023 0.00112634 0.00211984 -0.0128087 0.000419324 0.00218857 -0.012826 5.57602e-05 0.00214767 -0.012826 0.000424829 0.00190506 -0.0128478 0.00112883 0.00185906 -0.0128087 0.00110158 0.00183252 -0.0127963 0.00108585 0.00180459 -0.0127892 0.0010693 0.00177602 -0.0127876 0.00105237 0.00174762 -0.0127914 0.00103554 0.00163413 -0.0128849 0.000968297 0.00179236 -0.0128578 0.000685112 0.00141732 -0.0129466 0.00122811 0.00162156 -0.0129147 0.000960845 0.00204498 -0.012826 0.000781675 0.00206843 -0.0128478 0.000790638 0.00201848 -0.0128087 0.000771548 0.00198967 -0.0127963 0.000760535 0.00195934 -0.0127892 0.000748941 0.00192833 -0.0127876 0.000737086 0.00189749 -0.0127914 0.000725298 0.00186767 -0.0128007 0.000713902 0.00183971 -0.0128152 0.000703214 0.00181437 -0.0128344 0.000693528 0.00160598 -0.0129466 0.000968441 0.00217229 -0.0128478 0.000429699 0.00208958 -0.0127963 0.000413339 0.00205773 -0.0127892 0.000407038 0.00202516 -0.0127876 0.000400595 0.00199277 -0.0127914 0.000394188 0.00196146 -0.0128007 0.000387995 0.00193209 -0.0128152 0.000382186 0.00190548 -0.0128344 0.000376922 0.00188236 -0.0128578 0.000372348 0.0017476 -0.0129466 0.000680402 0.00216022 -0.0128087 5.50377e-05 0.00212938 -0.0127963 5.42521e-05 0.00209692 -0.0127892 5.34251e-05 0.00206373 -0.0127876 5.25794e-05 0.00203072 -0.0127914 5.17385e-05 0.00199882 -0.0128007 5.09256e-05 0.00196889 -0.0128152 5.01632e-05 0.00194177 -0.0128344 4.94723e-05 0.00191821 -0.0128578 4.88719e-05 0.00189885 -0.0128849 4.83788e-05 0.00216651 -0.012826 -0.000314912 0.00213844 -0.0128087 -0.000310832 0.00210792 -0.0127963 -0.000306395 0.00207579 -0.0127892 -0.000301725 0.00204293 -0.0127876 -0.000296949 0.00201026 -0.0127914 -0.0002922 0.00197867 -0.0128007 -0.000287609 0.00194905 -0.0128152 -0.000283303 0.0019222 -0.0128344 -0.0002794 0.00189888 -0.0128578 -0.00027601 -0.00464999 -0.0107828 0.00475995 -0.00467384 -0.000261274 0.00473871 -0.00476046 -0.0107828 0.00464932 -0.00452505 -0.0108078 0.00485114 -0.00456818 -0.000177259 0.00482273 -0.00444616 -0.000105201 0.00489478 -0.00439272 -0.0108554 0.00491968 -0.00425868 -0.0109213 0.00496602 -0.00430856 -4.89185e-05 0.00495107 -0.00412699 -0.0110016 0.00499197 -0.00415808 -1.26392e-05 0.00498734 -0.004 0 0.005 -0.004 -0.0110928 0.005 -0.00476339 -0.000354201 0.00464579 -0.00483751 -0.0004537 0.00454629 -0.00485129 -0.010808 0.00452456 -0.00491972 -0.0108555 0.00439252 -0.00489697 -0.000558014 0.00444198 -0.00494247 -0.000665791 0.00433421 -0.00496591 -0.0109214 0.00425862 -0.00497456 -0.000775954 0.00422404 -0.00499186 -0.0110017 0.00412685 -0.005 -0.0110928 0.004 -0.00499366 -0.000887615 0.00411238 -0.005 -0.001 0.004 0.00476344 -0.000353974 0.00464601 0.00475995 -0.0107828 0.00464999 0.00483756 -0.000453524 0.00454647 0.00489701 -0.000557876 0.00444212 0.00485114 -0.0108078 0.00452505 0.00491968 -0.0108554 0.00439272 0.0049425 -0.000665686 0.00433431 0.00496602 -0.0109213 0.00425868 0.00497458 -0.000775883 0.00422412 0.00499367 -0.000887578 0.00411242 0.00499197 -0.0110016 0.00412699 0.005 -0.0110928 0.004 0.005 -0.001 0.004 0.00467386 -0.000261 0.00473899 0.00456813 -0.000176938 0.00482305 0.00464932 -0.0107828 0.00476046 0.00452456 -0.010808 0.00485129 0.004446 -0.000104873 0.00489511 0.0043083 -4.86578e-05 0.00495133 0.00439252 -0.0108555 0.00491972 0.00415784 -1.25189e-05 0.00498746 0.00425862 -0.0109214 0.00496591 0.00412685 -0.0110017 0.00499186 0.004 0 0.005 0.004 -0.0110928 0.005 -0.00415643 -1.23117e-05 -0.004 -0.004 0 0.005 -0.004 0 -0.004 -0.00430902 -4.89435e-05 -0.004 -0.00415808 -1.26392e-05 0.00498734 -0.00430856 -4.89185e-05 0.00495107 -0.00444616 -0.000105201 0.00489478 -0.00456818 -0.000177259 0.00482273 -0.00445399 -0.000108993 -0.004 -0.00458779 -0.000190983 -0.004 -0.00467384 -0.000261274 0.00473871 -0.00470711 -0.000292893 -0.004 -0.00476339 -0.000354201 0.00464579 -0.00480902 -0.000412215 -0.004 -0.00483751 -0.0004537 0.00454629 -0.00489101 -0.000546009 -0.004 -0.00489697 -0.000558014 0.00444198 -0.00495106 -0.000690983 -0.004 -0.00494247 -0.000665791 0.00433421 -0.00498769 -0.000843566 -0.004 -0.00497456 -0.000775954 0.00422404 -0.00499366 -0.000887615 0.00411238 -0.005 -0.001 -0.004 -0.005 -0.001 0.004 -0.00475995 -0.0107828 -0.00464999 -0.00485114 -0.0108078 -0.00452505 -0.00478168 -0.001 -0.00462365 -0.00490093 -0.001 -0.00443396 -0.00484659 -0.001 -0.00453222 -0.00491968 -0.0108554 -0.00439272 -0.00494382 -0.001 -0.00433041 -0.00496602 -0.0109213 -0.00425868 -0.00497486 -0.001 -0.00422276 -0.00499369 -0.001 -0.00411213 -0.00499197 -0.0110016 -0.00412699 -0.005 -0.0110928 -0.004 -0.005 -0.001 -0.004 -0.00470711 -0.001 -0.00470711 -0.00462335 -0.001 -0.00478193 -0.00464932 -0.0107828 -0.00476046 -0.00452456 -0.010808 -0.00485129 -0.00453181 -0.001 -0.00484684 -0.00439252 -0.0108555 -0.00491972 -0.00443375 -0.001 -0.00490102 -0.00433019 -0.001 -0.00494391 -0.00425862 -0.0109214 -0.00496591 -0.0042223 -0.001 -0.00497497 -0.00412685 -0.0110017 -0.00499186 -0.004 -0.0110928 -0.005 -0.00411213 -0.001 -0.00499369 -0.004 -0.001 -0.005 0.00464999 -0.0107828 -0.00475995 0.00470711 -0.001 -0.00470711 0.00476046 -0.0107828 -0.00464932 0.00452505 -0.0108078 -0.00485114 0.00458779 -0.001 -0.00480902 0.00445399 -0.001 -0.00489101 0.00439272 -0.0108554 -0.00491968 0.00425868 -0.0109213 -0.00496602 0.00430902 -0.001 -0.00495106 0.00412699 -0.0110016 -0.00499197 0.00415643 -0.001 -0.00498769 0.004 -0.001 -0.005 0.004 -0.0110928 -0.005 0.00480902 -0.001 -0.00458779 0.00485129 -0.010808 -0.00452456 0.00489101 -0.001 -0.00445399 0.00495106 -0.001 -0.00430902 0.00491972 -0.0108555 -0.00439252 0.00498769 -0.001 -0.00415643 0.00496591 -0.0109214 -0.00425862 0.00499186 -0.0110017 -0.00412685 0.005 -0.001 -0.004 0.005 -0.0110928 -0.004 0.00478168 -0.000376346 -0.004 0.00483756 -0.000453524 0.00454647 0.00484659 -0.000467783 -0.004 0.00489701 -0.000557876 0.00444212 0.00490093 -0.000566036 -0.004 0.00494382 -0.000669589 -0.004 0.0049425 -0.000665686 0.00433431 0.00497458 -0.000775883 0.00422412 0.00497486 -0.000777242 -0.004 0.00499367 -0.000887578 0.00411242 0.00499369 -0.000887868 -0.004 0.005 -0.001 -0.004 0.005 -0.001 0.004 0.00476344 -0.000353974 0.00464601 0.00470711 -0.000292893 -0.004 0.00462335 -0.000218067 -0.004 0.00467386 -0.000261 0.00473899 0.00456813 -0.000176938 0.00482305 0.00453181 -0.000153158 -0.004 0.00443375 -9.89811e-05 -0.004 0.004446 -0.000104873 0.00489511 0.00433019 -5.60883e-05 -0.004 0.0043083 -4.86578e-05 0.00495133 0.0042223 -2.5033e-05 -0.004 0.00415784 -1.25189e-05 0.00498746 0.004 0 0.005 0.00411213 -6.31239e-06 -0.004 0.004 0 -0.004 -0.00445399 -0.000108993 -0.004 -0.00449955 -0.000142963 -0.00412622 -0.00458779 -0.000190983 -0.004 -0.00475517 -0.000395555 -0.00425371 -0.00476561 -0.000364919 -0.00410252 -0.00463154 -0.000274109 -0.00427246 -0.00486562 -0.000506703 -0.00408579 -0.00493933 -0.000663476 -0.00406645 -0.00489101 -0.000546009 -0.004 -0.00480902 -0.000412215 -0.004 -0.00470711 -0.000292893 -0.004 -0.00464234 -0.000242432 -0.00411614 -0.00495106 -0.000690983 -0.004 -0.00498449 -0.000830473 -0.00404509 -0.00485585 -0.000535366 -0.00422724 -0.00483328 -0.000582315 -0.00436219 -0.00493052 -0.000689295 -0.00419387 -0.005 -0.001 -0.004 -0.00498769 -0.000843566 -0.004 -0.00434159 -6.95337e-05 -0.00413248 -0.00430902 -4.89435e-05 -0.004 -0.00448873 -0.000174719 -0.00428294 -0.00417324 -2.43762e-05 -0.0041347 -0.004 -8.57082e-06 -0.00413063 -0.004 -3.41309e-05 -0.004259 -0.00415643 -1.23117e-05 -0.004 -0.00473105 -0.000445734 -0.00439795 -0.0046066 -0.000325995 -0.00442161 -0.00456816 -0.000396749 -0.00455972 -0.004 0 -0.004 -0.00446372 -0.000226735 -0.00443246 -0.0047985 -0.000646336 -0.00448716 -0.00469387 -0.000514162 -0.00453151 -0.0046446 -0.00059907 -0.00465096 -0.00442519 -0.000297666 -0.00457092 -0.00437411 -0.000385681 -0.00469473 -0.00445507 -0.000587115 -0.00478895 -0.00438335 -0.00070181 -0.00487414 -0.0045845 -0.000698267 -0.0047532 -0.00430389 -0.00082567 -0.00493662 -0.00443829 -0.000928977 -0.00489602 -0.00451513 -0.000809191 -0.0048356 -0.00416025 -0.000727659 -0.00494876 -0.00423991 -0.00060349 -0.00488613 -0.004 -0.000741416 -0.00496597 -0.0040749 -0.000857808 -0.004987 -0.004 -0.001 -0.005 -0.00411213 -0.001 -0.00499369 -0.004 -0.00086937 -0.00499143 -0.00421875 -0.000955494 -0.00497477 -0.004 -7.6226e-05 -0.0043829 -0.00416334 -5.34234e-05 -0.00427805 -0.00414047 -0.000101001 -0.00441481 -0.004 -0.00013411 -0.0045002 -0.004 -0.000206759 -0.00460888 -0.00410522 -0.000165881 -0.00454146 -0.00433106 -0.000100404 -0.00428482 -0.00497693 -0.000852664 -0.00415461 -0.00499369 -0.001 -0.00411213 -0.00431182 -0.000488508 -0.00480072 -0.00451721 -0.000484545 -0.00468323 -0.00430676 -0.000150969 -0.00443017 -0.00491019 -0.000731586 -0.00431543 -0.00495945 -0.000889013 -0.00425909 -0.00497486 -0.001 -0.00422276 -0.0040585 -0.000246387 -0.00465471 -0.00426929 -0.000219922 -0.00456477 -0.00493252 -0.00093858 -0.00435585 -0.00483734 -0.000860817 -0.00452868 -0.00490093 -0.001 -0.00443396 -0.00487886 -0.000789257 -0.00442801 -0.004 -0.000292893 -0.00470711 -0.00421964 -0.000305483 -0.00468513 -0.0047524 -0.000725778 -0.00459892 -0.00494382 -0.001 -0.00433041 -0.00415909 -0.000405442 -0.00478816 -0.00469617 -0.000818588 -0.00469458 -0.00478669 -0.00094442 -0.00461484 -0.00484659 -0.001 -0.00453222 -0.004 -0.000391323 -0.00479342 -0.004 -0.000500169 -0.00486611 -0.00408919 -0.000517217 -0.00487119 -0.004 -0.000617545 -0.00492396 -0.00463127 -0.000922369 -0.00477167 -0.00470711 -0.001 -0.00470711 -0.00478168 -0.001 -0.00462365 -0.00453181 -0.001 -0.00484684 -0.00462335 -0.001 -0.00478193 -0.00433019 -0.001 -0.00494391 -0.00443375 -0.001 -0.00490102 -0.0042223 -0.001 -0.00497497 0.00445399 -0.001 -0.00489101 0.00449955 -0.000873776 -0.00485704 0.00458779 -0.001 -0.00480902 0.00475517 -0.000746293 -0.00460444 0.00476561 -0.00089748 -0.00463508 0.00463154 -0.000727536 -0.00472589 0.00486562 -0.000914211 -0.0044933 0.00493933 -0.000933549 -0.00433652 0.00489101 -0.001 -0.00445399 0.00480902 -0.001 -0.00458779 0.00470711 -0.001 -0.00470711 0.00464234 -0.000883863 -0.00475757 0.00495106 -0.001 -0.00430902 0.00498449 -0.000954906 -0.00416953 0.00485585 -0.000772759 -0.00446463 0.00483328 -0.000637807 -0.00441769 0.00493052 -0.000806129 -0.00431071 0.005 -0.001 -0.004 0.00498769 -0.001 -0.00415643 0.00434159 -0.000867523 -0.00493047 0.00430902 -0.001 -0.00495106 0.00448873 -0.000717058 -0.00482528 0.00417324 -0.000865296 -0.00497562 0.004 -0.00086937 -0.00499143 0.004 -0.000740998 -0.00496587 0.00415643 -0.001 -0.00498769 0.00473105 -0.000602054 -0.00455427 0.0046066 -0.000578392 -0.004674 0.00456816 -0.000440282 -0.00460325 0.004 -0.001 -0.005 0.00446372 -0.00056754 -0.00477327 0.0047985 -0.000512839 -0.00435366 0.00469387 -0.000468486 -0.00448584 0.0046446 -0.000349038 -0.00440093 0.00442519 -0.000429085 -0.00470233 0.00437411 -0.000305267 -0.00461432 0.00445507 -0.000211054 -0.00441289 0.00438335 -0.000125856 -0.00429819 0.0045845 -0.000246796 -0.00430173 0.00430389 -6.3378e-05 -0.00417433 0.00443829 -0.000103976 -0.00407102 0.00451513 -0.0001644 -0.00419081 0.00416025 -5.12382e-05 -0.00427234 0.00423991 -0.000113872 -0.00439651 0.004 -3.40306e-05 -0.00425858 0.0040749 -1.29988e-05 -0.00414219 0.004 0 -0.004 0.00411213 -6.31239e-06 -0.004 0.004 -8.57082e-06 -0.00413063 0.00421875 -2.5234e-05 -0.00404451 0.004 -0.000617099 -0.00492377 0.00416334 -0.000721949 -0.00494658 0.00414047 -0.000585187 -0.004899 0.004 -0.000499803 -0.00486589 0.004 -0.000391119 -0.00479324 0.00410522 -0.000458544 -0.00483412 0.00433106 -0.000715176 -0.0048996 0.00497693 -0.00084539 -0.00414734 0.00499369 -0.000887868 -0.004 0.00431182 -0.000199284 -0.00451149 0.00451721 -0.000316773 -0.00451546 0.00430676 -0.000569829 -0.00484903 0.00491019 -0.000684565 -0.00426841 0.00495945 -0.000740907 -0.00411099 0.00497486 -0.000777242 -0.004 0.0040585 -0.00034529 -0.00475361 0.00426929 -0.000435235 -0.00478008 0.00493252 -0.000644154 -0.00406142 0.00483734 -0.000471324 -0.00413918 0.00490093 -0.000566036 -0.004 0.00487886 -0.000571994 -0.00421074 0.004 -0.000292893 -0.00470711 0.00421964 -0.00031487 -0.00469452 0.0047524 -0.000401082 -0.00427422 0.00494382 -0.000669589 -0.004 0.00415909 -0.000211842 -0.00459456 0.00469617 -0.000305423 -0.00418141 0.00478669 -0.000385155 -0.00405558 0.00484659 -0.000467783 -0.004 0.004 -0.000206585 -0.00460868 0.004 -0.000133886 -0.00449983 0.00408919 -0.000128813 -0.00448278 0.004 -7.60412e-05 -0.00438245 0.00463127 -0.000228332 -0.00407763 0.00470711 -0.000292893 -0.004 0.00478168 -0.000376346 -0.004 0.00453181 -0.000153158 -0.004 0.00462335 -0.000218067 -0.004 0.00433019 -5.60883e-05 -0.004 0.00443375 -9.89811e-05 -0.004 0.0042223 -2.5033e-05 -0.004 0.004 -0.000292893 -0.00470711 -0.004 -0.000292893 -0.00470711 -0.004 -0.000206759 -0.00460888 -0.004 -0.00013411 -0.0045002 0.004 -0.000206585 -0.00460868 -0.004 -7.6226e-05 -0.0043829 0.004 -0.000133886 -0.00449983 0.004 -7.60412e-05 -0.00438245 -0.004 -3.41309e-05 -0.004259 -0.004 -8.57082e-06 -0.00413063 0.004 -3.40306e-05 -0.00425858 -0.004 0 -0.004 0.004 -8.57082e-06 -0.00413063 0.004 0 -0.004 0.004 -0.000391119 -0.00479324 0.004 -0.000499803 -0.00486589 -0.004 -0.000391323 -0.00479342 -0.004 -0.000500169 -0.00486611 0.004 -0.000617099 -0.00492377 0.004 -0.000740998 -0.00496587 -0.004 -0.000617545 -0.00492396 0.004 -0.00086937 -0.00499143 -0.004 -0.000741416 -0.00496597 -0.004 -0.00086937 -0.00499143 0.004 -0.001 -0.005 -0.004 -0.001 -0.005 0.0025 0 0.002 0.002 0.003 0.002 0.0025 0.003 0.002 0.002 0 0.002 0.0025 0.004 0.003 0.002 0.004 0.003 0.002 0.004 0.006 0.0025 0.004 0.006 0.002 0.00318807 0.00674744 0.0025 0.00318807 0.00674744 0.0025 0.00331193 0.00674744 0.002 0.00306589 0.00672705 0.0025 0.00306589 0.00672705 0.0025 0.00294873 0.00668683 0.002 0.00294873 0.00668683 0.002 0.00283979 0.00662787 0.0025 0.00283979 0.00662787 0.002 0.00274204 0.00655179 0.0025 0.00274204 0.00655179 0.0025 0.00265814 0.00646066 0.002 0.00265814 0.00646066 0.002 0.00259039 0.00635696 0.0025 0.00259039 0.00635696 0.002 0.00254064 0.00624352 0.0025 0.00254064 0.00624352 0.0025 0.00251023 0.00612345 0.002 0.00251023 0.00612345 0.002 0.0025 0.006 0.0025 0.0025 0.006 0.002 0.00331193 0.00674744 0.0025 0.00343411 0.00672705 0.002 0.00343411 0.00672705 0.0025 0.00355127 0.00668683 0.002 0.00355127 0.00668683 0.002 0.00366021 0.00662787 0.0025 0.00366021 0.00662787 0.0025 0.00375796 0.00655179 0.002 0.00375796 0.00655179 0.0025 0.00384186 0.00646066 0.002 0.00384186 0.00646066 0.002 0.00390961 0.00635696 0.0025 0.00390961 0.00635696 0.0025 0.00395936 0.00624352 0.002 0.00395936 0.00624352 0.0025 0.00398977 0.00612345 0.002 0.00398977 0.00612345 0.0025 0.004 0.006 0.002 0.004 0.006 0.0025 0.0025 0.006 0.002 0.0025 0.0045 0.0025 0.0025 0.0045 0.002 0.0025 0.006 0.0025 0 0.0035 0.0025 0.0015 0.0035 0.002 0.0015 0.0035 0.002 0 0.0035 0.002 0.00287628 0.00596903 0.002 0.00287628 0.00603097 0.0025 0.00287628 0.00603097 0.0025 0.00325 0.005625 0.002 0.00331172 0.00563011 0.002 0.00325 0.005625 0.002 0.00288647 0.00609206 0.0025 0.00288647 0.00609206 0.0025 0.00290658 0.00615064 0.002 0.00290658 0.00615064 0.002 0.00293606 0.00620511 0.0025 0.00293606 0.00620511 0.002 0.0029741 0.00625398 0.0025 0.0029741 0.00625398 0.0025 0.00301967 0.00629593 0.002 0.00301967 0.00629593 0.002 0.00307152 0.0063298 0.0025 0.00307152 0.0063298 0.002 0.00312824 0.00635468 0.0025 0.00312824 0.00635468 0.0025 0.00318828 0.00636989 0.002 0.00318828 0.00636989 0.0025 0.00325 0.006375 0.002 0.00325 0.006375 0.0025 0.00287628 0.00596903 0.002 0.00288647 0.00590794 0.0025 0.00288647 0.00590794 0.0025 0.00290658 0.00584936 0.002 0.00290658 0.00584936 0.0025 0.00293606 0.00579489 0.002 0.00293606 0.00579489 0.002 0.0029741 0.00574602 0.0025 0.0029741 0.00574602 0.0025 0.00301967 0.00570407 0.002 0.00301967 0.00570407 0.0025 0.00307152 0.0056702 0.002 0.00307152 0.0056702 0.002 0.00312824 0.00564532 0.0025 0.00312824 0.00564532 0.0025 0.00318828 0.00563011 0.002 0.00318828 0.00563011 0.0025 0.00337176 0.00564532 0.002 0.00337176 0.00564532 0.0025 0.00331172 0.00563011 0.0025 0.0035259 0.00574602 0.002 0.0035259 0.00574602 0.0025 0.00348033 0.00570407 0.0025 0.00342848 0.0056702 0.002 0.00348033 0.00570407 0.002 0.00342848 0.0056702 0.0025 0.00359342 0.00584936 0.0025 0.00361353 0.00590794 0.002 0.00361353 0.00590794 0.002 0.00356394 0.00579489 0.0025 0.00356394 0.00579489 0.002 0.00359342 0.00584936 0.002 0.00361353 0.00609206 0.0025 0.00362372 0.00603097 0.0025 0.00361353 0.00609206 0.002 0.00362372 0.00603097 0.002 0.00362372 0.00596903 0.0025 0.00362372 0.00596903 0.0025 0.0035259 0.00625398 0.002 0.0035259 0.00625398 0.0025 0.00356394 0.00620511 0.0025 0.00359342 0.00615064 0.002 0.00356394 0.00620511 0.002 0.00359342 0.00615064 0.002 0.00342848 0.0063298 0.002 0.00348033 0.00629593 0.0025 0.00348033 0.00629593 0.0025 0.00342848 0.0063298 0.002 0.00337176 0.00635468 0.0025 0.00337176 0.00635468 0.002 0.00331172 0.00636989 0.0025 0.00331172 0.00636989 0.0025 0.004 0.003 0.0025 0.00395106 0.00269098 0.0025 0.00398769 0.00284357 0.0025 0.00375796 0.00655179 0.0025 0.00366021 0.00662787 0.0025 0.0035259 0.00625398 0.0025 0.00380902 0.00241221 0.0025 0.00389101 0.00254601 0.0025 0.00358779 0.00219098 0.0025 0.00370711 0.00229289 0.0025 0.00345399 0.00210899 0.0025 0.00330902 0.00204894 0.0025 0.00239101 0.00404601 0.0025 0.00245106 0.00419098 0.0025 0.00230902 0.00391221 0.0025 0.00283979 0.00662787 0.0025 0.00301967 0.00629593 0.0025 0.00294873 0.00668683 0.0025 0.00318807 0.00674744 0.0025 0.00318828 0.00636989 0.0025 0.00325 0.006375 0.0025 0.00342848 0.0063298 0.0025 0.00355127 0.00668683 0.0025 0.00337176 0.00635468 0.0025 0.00348033 0.00629593 0.0025 0.00331172 0.00636989 0.0025 0.00331193 0.00674744 0.0025 0.00343411 0.00672705 0.0025 0.00307152 0.0063298 0.0025 0.00312824 0.00635468 0.0025 0.00306589 0.00672705 0.0025 0.0025 0.006 0.0025 0.00287628 0.00596903 0.0025 0.00287628 0.00603097 0.0025 0.00265814 0.00646066 0.0025 0.00259039 0.00635696 0.0025 0.00290658 0.00615064 0.0025 0.00293606 0.00579489 0.0025 0.0029741 0.00574602 0.0025 0.00301967 0.00570407 0.0025 0.0025 0.0045 0.0025 0.00251023 0.00612345 0.0025 0.00288647 0.00609206 0.0025 0.00290658 0.00584936 0.0025 0.00288647 0.00590794 0.0025 0.00254064 0.00624352 0.0025 0.00293606 0.00620511 0.0025 0.00274204 0.00655179 0.0025 0.00359342 0.00615064 0.0025 0.00390961 0.00635696 0.0025 0.00384186 0.00646066 0.0025 0.0029741 0.00625398 0.0025 0.00195399 0.00360899 0.0025 0.00180902 0.00354894 0.0025 0.003 0.002 0.0025 0.00359342 0.00584936 0.0025 0.00356394 0.00579489 0.0025 0.004 0.006 0.0025 0.00248769 0.00434357 0.0025 0.00315643 0.00201231 0.0025 0.00220711 0.00379289 0.0025 0.00208779 0.00369098 0.0025 0.00165643 0.00351231 0.0025 0.0015 0.0035 0.0025 0 0.002 0.0025 0 0.0035 0.0025 0.00337176 0.00564532 0.0025 0.00342848 0.0056702 0.0025 0.00356394 0.00620511 0.0025 0.00312824 0.00564532 0.0025 0.00318828 0.00563011 0.0025 0.00325 0.005625 0.0025 0.00307152 0.0056702 0.0025 0.00361353 0.00609206 0.0025 0.00395936 0.00624352 0.0025 0.00398977 0.00612345 0.0025 0.00362372 0.00603097 0.0025 0.00362372 0.00596903 0.0025 0.00361353 0.00590794 0.0025 0.0035259 0.00574602 0.0025 0.00348033 0.00570407 0.0025 0.00331172 0.00563011 0.002 0.00259039 0.00635696 0.002 0.00265814 0.00646066 0.002 0.00290658 0.00615064 0.002 0.00348033 0.00629593 0.002 0.00355127 0.00668683 0.002 0.00366021 0.00662787 0.002 0.00375796 0.00655179 0.002 0.0035259 0.00625398 0.002 0.00331172 0.00636989 0.002 0.00343411 0.00672705 0.002 0.00337176 0.00635468 0.002 0.00318828 0.00636989 0.002 0.00318807 0.00674744 0.002 0.00325 0.006375 0.002 0.00331193 0.00674744 0.002 0.00307152 0.0063298 0.002 0.00294873 0.00668683 0.002 0.00312824 0.00635468 0.002 0.00306589 0.00672705 0.002 0.00287628 0.00603097 0.002 0.00287628 0.00596903 0.002 0.0025 0.006 0.002 0.00301967 0.00629593 0.002 0.00283979 0.00662787 0.002 0.00293606 0.00579489 0.002 0.0029741 0.00574602 0.002 0.00301967 0.00570407 0.002 0.0025 0.0045 0.002 0.00288647 0.00590794 0.002 0.00290658 0.00584936 0.002 0.00195399 0.00360899 0.002 0.003 0.002 0.002 0.00180902 0.00354894 0.002 0.00288647 0.00609206 0.002 0.00254064 0.00624352 0.002 0.00251023 0.00612345 0.002 0.0029741 0.00625398 0.002 0.00274204 0.00655179 0.002 0.00293606 0.00620511 0.002 0.00342848 0.0056702 0.002 0.004 0.003 0.002 0.00337176 0.00564532 0.002 0.00345399 0.00210899 0.002 0.00358779 0.00219098 0.002 0.00230902 0.00391221 0.002 0.00239101 0.00404601 0.002 0.00315643 0.00201231 0.002 0.00330902 0.00204894 0.002 0.00389101 0.00254601 0.002 0.00380902 0.00241221 0.002 0.00220711 0.00379289 0.002 0.00208779 0.00369098 0.002 0.0015 0.0035 0.002 0.00165643 0.00351231 0.002 0 0.002 0.002 0 0.0035 0.002 0.00395106 0.00269098 0.002 0.00398769 0.00284357 0.002 0.00370711 0.00229289 0.002 0.00245106 0.00419098 0.002 0.00248769 0.00434357 0.002 0.00359342 0.00584936 0.002 0.004 0.006 0.002 0.00356394 0.00579489 0.002 0.00384186 0.00646066 0.002 0.00356394 0.00620511 0.002 0.00359342 0.00615064 0.002 0.00390961 0.00635696 0.002 0.00312824 0.00564532 0.002 0.00318828 0.00563011 0.002 0.00325 0.005625 0.002 0.00307152 0.0056702 0.002 0.00342848 0.0063298 0.002 0.00395936 0.00624352 0.002 0.00361353 0.00609206 0.002 0.00398977 0.00612345 0.002 0.00362372 0.00603097 0.002 0.00362372 0.00596903 0.002 0.00361353 0.00590794 0.002 0.0035259 0.00574602 0.002 0.00348033 0.00570407 0.002 0.00331172 0.00563011 -0.0025 0 0.002 -0.002 0.003 0.002 -0.002 0 0.002 -0.0025 0.003 0.002 -0.002 0.004 0.006 -0.002 0.004 0.003 -0.0025 0.004 0.003 -0.0025 0.004 0.006 -0.002 0.00331193 0.00674744 -0.0025 0.00331193 0.00674744 -0.0025 0.00318807 0.00674744 -0.002 0.00343411 0.00672705 -0.0025 0.00343411 0.00672705 -0.0025 0.00355127 0.00668683 -0.002 0.00355127 0.00668683 -0.002 0.00366021 0.00662787 -0.0025 0.00366021 0.00662787 -0.002 0.00375796 0.00655179 -0.0025 0.00375796 0.00655179 -0.0025 0.00384186 0.00646066 -0.002 0.00384186 0.00646066 -0.002 0.00390961 0.00635696 -0.0025 0.00390961 0.00635696 -0.002 0.00395936 0.00624352 -0.0025 0.00395936 0.00624352 -0.0025 0.00398977 0.00612345 -0.002 0.00398977 0.00612345 -0.002 0.004 0.006 -0.0025 0.004 0.006 -0.002 0.00318807 0.00674744 -0.0025 0.00306589 0.00672705 -0.002 0.00306589 0.00672705 -0.0025 0.00294873 0.00668683 -0.002 0.00294873 0.00668683 -0.002 0.00283979 0.00662787 -0.0025 0.00283979 0.00662787 -0.0025 0.00274204 0.00655179 -0.002 0.00274204 0.00655179 -0.0025 0.00265814 0.00646066 -0.002 0.00265814 0.00646066 -0.002 0.00259039 0.00635696 -0.0025 0.00259039 0.00635696 -0.0025 0.00254064 0.00624352 -0.002 0.00254064 0.00624352 -0.0025 0.00251023 0.00612345 -0.002 0.00251023 0.00612345 -0.0025 0.0025 0.006 -0.002 0.0025 0.006 -0.0025 0.0025 0.006 -0.002 0.0025 0.0045 -0.002 0.0025 0.006 -0.0025 0.0025 0.0045 -0.002 0.0015 0.0035 -0.0025 0.0015 0.0035 -0.0025 0 0.0035 -0.002 0 0.0035 -0.002 0.00312507 0.00564642 -0.0025 0.00318662 0.00563039 -0.0025 0.00312507 0.00564642 -0.0025 0.00325 0.005625 -0.002 0.00318662 0.00563039 -0.002 0.00325 0.005625 -0.0025 0.00301442 0.00570824 -0.0025 0.0029685 0.00575225 -0.002 0.0029685 0.00575225 -0.002 0.00301442 0.00570824 -0.002 0.00306711 0.00567262 -0.0025 0.00306711 0.00567262 -0.002 0.00288342 0.005921 -0.0025 0.00290204 0.00586018 -0.0025 0.00288342 0.005921 -0.002 0.00290204 0.00586018 -0.002 0.00293068 0.00580338 -0.0025 0.00293068 0.00580338 -0.0025 0.00289144 0.00610981 -0.002 0.00289144 0.00610981 -0.0025 0.00287804 0.00604763 -0.0025 0.00287534 0.00598408 -0.002 0.00287804 0.00604763 -0.002 0.00287534 0.00598408 -0.0025 0.0029485 0.00622299 -0.0025 0.00299052 0.00627073 -0.002 0.00299052 0.00627073 -0.002 0.00291515 0.00616883 -0.0025 0.00291515 0.00616883 -0.002 0.0029485 0.00622299 -0.002 0.00315551 0.0063629 -0.0025 0.00309554 0.00634171 -0.0025 0.00315551 0.0063629 -0.002 0.00309554 0.00634171 -0.002 0.00304001 0.00631069 -0.0025 0.00304001 0.00631069 -0.0025 0.00334449 0.0063629 -0.002 0.00334449 0.0063629 -0.0025 0.0032818 0.00637365 -0.0025 0.0032182 0.00637365 -0.002 0.0032818 0.00637365 -0.002 0.0032182 0.00637365 -0.0025 0.00345999 0.00631069 -0.0025 0.00350948 0.00627073 -0.002 0.00350948 0.00627073 -0.002 0.00340446 0.00634171 -0.0025 0.00340446 0.00634171 -0.002 0.00345999 0.00631069 -0.002 0.00360856 0.00610981 -0.0025 0.00358485 0.00616883 -0.0025 0.00360856 0.00610981 -0.002 0.00358485 0.00616883 -0.002 0.0035515 0.00622299 -0.0025 0.0035515 0.00622299 -0.002 0.00361658 0.005921 -0.002 0.00362466 0.00598408 -0.0025 0.00362466 0.00598408 -0.0025 0.00362196 0.00604763 -0.002 0.00362196 0.00604763 -0.0025 0.00361658 0.005921 -0.002 0.00359796 0.00586018 -0.0025 0.00359796 0.00586018 -0.002 0.00356932 0.00580338 -0.002 0.0035315 0.00575225 -0.0025 0.00356932 0.00580338 -0.0025 0.0035315 0.00575225 -0.002 0.00348558 0.00570824 -0.0025 0.00348558 0.00570824 -0.002 0.00343289 0.00567262 -0.002 0.00337493 0.00564642 -0.0025 0.00343289 0.00567262 -0.0025 0.00337493 0.00564642 -0.002 0.00331338 0.00563039 -0.0025 0.00331338 0.00563039 -0.0025 0.00259039 0.00635696 -0.0025 0.00265814 0.00646066 -0.0025 0.00291515 0.00616883 -0.0025 0.00350948 0.00627073 -0.0025 0.00345999 0.00631069 -0.0025 0.00366021 0.00662787 -0.0025 0.0035515 0.00622299 -0.0025 0.00375796 0.00655179 -0.0025 0.00334449 0.0063629 -0.0025 0.00343411 0.00672705 -0.0025 0.00340446 0.00634171 -0.0025 0.00355127 0.00668683 -0.0025 0.0032818 0.00637365 -0.0025 0.0032182 0.00637365 -0.0025 0.00318807 0.00674744 -0.0025 0.00331193 0.00674744 -0.0025 0.00294873 0.00668683 -0.0025 0.00306589 0.00672705 -0.0025 0.00309554 0.00634171 -0.0025 0.00315551 0.0063629 -0.0025 0.00287804 0.00604763 -0.0025 0.00287534 0.00598408 -0.0025 0.0025 0.006 -0.0025 0.00304001 0.00631069 -0.0025 0.00283979 0.00662787 -0.0025 0.00293068 0.00580338 -0.0025 0.0029685 0.00575225 -0.0025 0.00301442 0.00570824 -0.0025 0.0025 0.0045 -0.0025 0.00288342 0.005921 -0.0025 0.00290204 0.00586018 -0.0025 0.00195399 0.00360899 -0.0025 0.003 0.002 -0.0025 0.00180902 0.00354894 -0.0025 0.00289144 0.00610981 -0.0025 0.00254064 0.00624352 -0.0025 0.00251023 0.00612345 -0.0025 0.00299052 0.00627073 -0.0025 0.00274204 0.00655179 -0.0025 0.0029485 0.00622299 -0.0025 0.00343289 0.00567262 -0.0025 0.004 0.003 -0.0025 0.00337493 0.00564642 -0.0025 0.00345399 0.00210899 -0.0025 0.00358779 0.00219098 -0.0025 0.00230902 0.00391221 -0.0025 0.00239101 0.00404601 -0.0025 0.00315643 0.00201231 -0.0025 0.00330902 0.00204894 -0.0025 0.00389101 0.00254601 -0.0025 0.00380902 0.00241221 -0.0025 0.00220711 0.00379289 -0.0025 0.00208779 0.00369098 -0.0025 0.0015 0.0035 -0.0025 0.00165643 0.00351231 -0.0025 0 0.002 -0.0025 0 0.0035 -0.0025 0.00395106 0.00269098 -0.0025 0.00398769 0.00284357 -0.0025 0.00370711 0.00229289 -0.0025 0.00245106 0.00419098 -0.0025 0.00248769 0.00434357 -0.0025 0.00359796 0.00586018 -0.0025 0.004 0.006 -0.0025 0.00356932 0.00580338 -0.0025 0.00384186 0.00646066 -0.0025 0.00358485 0.00616883 -0.0025 0.00390961 0.00635696 -0.0025 0.00360856 0.00610981 -0.0025 0.00312507 0.00564642 -0.0025 0.00318662 0.00563039 -0.0025 0.00325 0.005625 -0.0025 0.00306711 0.00567262 -0.0025 0.00395936 0.00624352 -0.0025 0.00362196 0.00604763 -0.0025 0.00398977 0.00612345 -0.0025 0.00361658 0.005921 -0.0025 0.00362466 0.00598408 -0.0025 0.0035315 0.00575225 -0.0025 0.00348558 0.00570824 -0.0025 0.00331338 0.00563039 -0.002 0.004 0.003 -0.002 0.00395106 0.00269098 -0.002 0.00398769 0.00284357 -0.002 0.0035515 0.00622299 -0.002 0.00375796 0.00655179 -0.002 0.00350948 0.00627073 -0.002 0.00380902 0.00241221 -0.002 0.00389101 0.00254601 -0.002 0.00358779 0.00219098 -0.002 0.00370711 0.00229289 -0.002 0.00345399 0.00210899 -0.002 0.00330902 0.00204894 -0.002 0.00239101 0.00404601 -0.002 0.00245106 0.00419098 -0.002 0.00230902 0.00391221 -0.002 0.00283979 0.00662787 -0.002 0.00304001 0.00631069 -0.002 0.00294873 0.00668683 -0.002 0.0032182 0.00637365 -0.002 0.0032818 0.00637365 -0.002 0.00318807 0.00674744 -0.002 0.00345999 0.00631069 -0.002 0.00355127 0.00668683 -0.002 0.00340446 0.00634171 -0.002 0.00366021 0.00662787 -0.002 0.00334449 0.0063629 -0.002 0.00331193 0.00674744 -0.002 0.00343411 0.00672705 -0.002 0.00306589 0.00672705 -0.002 0.00309554 0.00634171 -0.002 0.00315551 0.0063629 -0.002 0.0025 0.006 -0.002 0.00287534 0.00598408 -0.002 0.00287804 0.00604763 -0.002 0.00265814 0.00646066 -0.002 0.00259039 0.00635696 -0.002 0.00291515 0.00616883 -0.002 0.00293068 0.00580338 -0.002 0.0029685 0.00575225 -0.002 0.00301442 0.00570824 -0.002 0.0025 0.0045 -0.002 0.00254064 0.00624352 -0.002 0.00251023 0.00612345 -0.002 0.00290204 0.00586018 -0.002 0.00288342 0.005921 -0.002 0.00289144 0.00610981 -0.002 0.0029485 0.00622299 -0.002 0.00274204 0.00655179 -0.002 0.00358485 0.00616883 -0.002 0.00360856 0.00610981 -0.002 0.00390961 0.00635696 -0.002 0.00299052 0.00627073 -0.002 0.00195399 0.00360899 -0.002 0.00180902 0.00354894 -0.002 0.003 0.002 -0.002 0.00359796 0.00586018 -0.002 0.00356932 0.00580338 -0.002 0.004 0.006 -0.002 0.00248769 0.00434357 -0.002 0.00315643 0.00201231 -0.002 0.00220711 0.00379289 -0.002 0.00208779 0.00369098 -0.002 0.00165643 0.00351231 -0.002 0.0015 0.0035 -0.002 0 0.002 -0.002 0 0.0035 -0.002 0.00337493 0.00564642 -0.002 0.00343289 0.00567262 -0.002 0.00384186 0.00646066 -0.002 0.00312507 0.00564642 -0.002 0.00318662 0.00563039 -0.002 0.00325 0.005625 -0.002 0.00306711 0.00567262 -0.002 0.00362196 0.00604763 -0.002 0.00395936 0.00624352 -0.002 0.00398977 0.00612345 -0.002 0.00361658 0.005921 -0.002 0.00362466 0.00598408 -0.002 0.0035315 0.00575225 -0.002 0.00348558 0.00570824 -0.002 0.00331338 0.00563039 0.002 0.00165643 0.00351231 0.002 0.0015 0.0035 0.0025 0.0015 0.0035 0.002 0.00208779 0.00369098 0.002 0.00195399 0.00360899 0.0025 0.00195399 0.00360899 0.002 0.00180902 0.00354894 0.0025 0.00165643 0.00351231 0.0025 0.00180902 0.00354894 0.0025 0.00230902 0.00391221 0.002 0.00239101 0.00404601 0.002 0.00230902 0.00391221 0.0025 0.00208779 0.00369098 0.0025 0.00220711 0.00379289 0.002 0.00220711 0.00379289 0.0025 0.00245106 0.00419098 0.002 0.00248769 0.00434357 0.002 0.00245106 0.00419098 0.0025 0.00239101 0.00404601 0.002 0.0025 0.0045 0.0025 0.00248769 0.00434357 0.0025 0.0025 0.0045 -0.002 0.00248769 0.00434357 -0.002 0.0025 0.0045 -0.0025 0.0025 0.0045 -0.002 0.00230902 0.00391221 -0.002 0.00239101 0.00404601 -0.0025 0.00239101 0.00404601 -0.002 0.00245106 0.00419098 -0.0025 0.00248769 0.00434357 -0.0025 0.00245106 0.00419098 -0.0025 0.00208779 0.00369098 -0.002 0.00195399 0.00360899 -0.002 0.00208779 0.00369098 -0.0025 0.00230902 0.00391221 -0.0025 0.00220711 0.00379289 -0.002 0.00220711 0.00379289 -0.0025 0.00180902 0.00354894 -0.002 0.00165643 0.00351231 -0.002 0.00180902 0.00354894 -0.0025 0.00195399 0.00360899 -0.002 0.0015 0.0035 -0.0025 0.00165643 0.00351231 -0.0025 0.0015 0.0035 0.0025 0.00358779 0.00219098 0.002 0.00370711 0.00229289 0.0025 0.00370711 0.00229289 0.0025 0.00345399 0.00210899 0.002 0.00358779 0.00219098 0.002 0.00345399 0.00210899 0.0025 0.00330902 0.00204894 0.0025 0.00315643 0.00201231 0.002 0.00330902 0.00204894 0.0025 0.003 0.002 0.002 0.00315643 0.00201231 0.002 0.003 0.002 0.002 0.00380902 0.00241221 0.0025 0.00380902 0.00241221 0.002 0.00389101 0.00254601 0.002 0.00395106 0.00269098 0.0025 0.00389101 0.00254601 0.002 0.00398769 0.00284357 0.0025 0.00395106 0.00269098 0.0025 0.00398769 0.00284357 0.002 0.004 0.003 0.0025 0.004 0.003 -0.0025 0.00380902 0.00241221 -0.002 0.00370711 0.00229289 -0.0025 0.00370711 0.00229289 -0.0025 0.00389101 0.00254601 -0.002 0.00380902 0.00241221 -0.002 0.00389101 0.00254601 -0.0025 0.00395106 0.00269098 -0.0025 0.00398769 0.00284357 -0.002 0.00395106 0.00269098 -0.0025 0.004 0.003 -0.002 0.00398769 0.00284357 -0.002 0.004 0.003 -0.002 0.00358779 0.00219098 -0.0025 0.00358779 0.00219098 -0.002 0.00345399 0.00210899 -0.002 0.00330902 0.00204894 -0.0025 0.00345399 0.00210899 -0.002 0.00315643 0.00201231 -0.0025 0.00330902 0.00204894 -0.0025 0.00315643 0.00201231 -0.002 0.003 0.002 -0.0025 0.003 0.002</float_array>
          <technique_common>
            <accessor count="2669" source="#ID12" stride="3">
              <param name="X" type="float"/>
              <param name="Y" type="float"/>
              <param name="Z" type="float"/>
            </accessor>
          </technique_common>
        </source>
        <source id="ID13">
          <float_array count="8007" id="ID14">-1 0 -1.73472e-16 -1 0 -1.73472e-16 -1 0 -1.73472e-16 -1 0 -1.73472e-16 -1 0 -1.73472e-16 -1 0 -1.73472e-16 -1 0 -1.73472e-16 -1 0 -1.73472e-16 -1 0 -1.73472e-16 -1 0 -1.73472e-16 -1 0 -1.73472e-16 -1 0 -1.73472e-16 -1 0 -1.73472e-16 -0 -0 -1 -0 -0 -1 -0 -0 -1 -0 -0 -1 -0 -0 -1 -0 -0 -1 -0 -0 -1 -0 -0 -1 -0 -0 -1 -0 -0 -1 -0 -0 -1 -0 -0 -1 -0 -0 -1 1 0 1.73472e-16 1 0 1.73472e-16 1 0 1.73472e-16 1 0 1.73472e-16 1 0 1.73472e-16 1 0 1.73472e-16 1 0 1.73472e-16 1 0 1.73472e-16 1 0 1.73472e-16 1 0 1.73472e-16 1 0 1.73472e-16 1 0 1.73472e-16 1 0 1.73472e-16 0 0 1 0 0 1 0 0 1 0 0 1 0 0 1 0 0 1 0 0 1 0 0 1 0 0 1 0 0 1 0 0 1 0 0 1 0 0 1 0 1 0 0 1 0 0 1 0 0 1 0 0 1 0 0 1 0 0 1 0 0 1 0 0 1 0 0 1 0 0 1 0 0 1 0 -0.456795 -0.62932 -0.628724 -0.55525 -0.62932 -0.543741 -0.505905 -0.62932 -0.589929 6.64679e-27 -0.62932 0.777146 0.121572 -0.62932 0.767578 1.05117e-11 -0.62932 0.777146 -0.517591 -0.62932 -0.579703 -0.530112 -0.62932 -0.568276 -0.568303 -0.62932 -0.530082 -0.579698 -0.62932 -0.517597 -0.555905 -0.62932 -0.54307 -0.543015 -0.62932 -0.555959 -0.598963 -0.62932 -0.495176 -0.589929 -0.62932 -0.505905 -0.638153 -0.62932 -0.443528 -0.649796 -0.62932 -0.426287 -0.606849 -0.62932 -0.485479 -0.693594 -0.62932 -0.350547 -0.703183 -0.62932 -0.330893 -0.734534 -0.62932 -0.253803 -0.772889 -0.62932 -0.0812338 -0.777146 -0.62932 0.000176772 -0.765378 -0.62932 -0.134731 -0.426149 -0.62932 -0.649887 -0.485479 -0.62932 -0.606849 -0.756613 -0.62932 0.177462 -0.7655 -0.62932 0.134038 -0.775612 -0.62932 0.0487974 -0.656166 -0.62932 0.416415 -0.577532 -0.62932 0.520012 -0.606849 -0.62932 0.485479 -0.650045 -0.62932 0.425908 -0.589929 -0.62932 0.505905 -0.59896 -0.62932 0.49518 -0.579703 -0.62932 0.517591 -0.568276 -0.62932 0.530112 -0.54307 -0.62932 0.555905 -0.555959 -0.62932 0.543015 -0.530082 -0.62932 0.568303 -0.482722 -0.62932 0.609044 -0.505905 -0.62932 0.589929 -0.517597 -0.62932 0.579698 -0.485479 -0.62932 0.606849 -0.495176 -0.62932 0.598963 -0.374393 -0.62932 0.681018 -0.426282 -0.62932 0.6498 -0.350472 -0.62932 0.693632 -0.255577 -0.62932 0.733918 -0.134078 -0.62932 0.765493 -0.25371 -0.62932 0.734566 -0.129603 -0.62932 0.766263 -0.49518 -0.62932 -0.59896 -0.345546 -0.62932 -0.696099 0.402583 -0.62932 -0.664743 0.286087 -0.62932 -0.722572 0.350222 -0.62932 -0.693758 0.134295 -0.62932 -0.765455 0.161578 -0.62932 -0.760163 0.0325435 -0.62932 -0.776464 -0.000641343 -0.62932 -0.777146 0.426061 -0.62932 -0.649944 0.649887 -0.62932 -0.426149 0.598801 -0.62932 -0.495372 0.606849 -0.62932 -0.485479 0.507803 -0.62932 -0.588296 0.485479 -0.62932 -0.606849 0.495176 -0.62932 -0.598963 0.517596 -0.62932 -0.579698 0.505905 -0.62932 -0.589929 -0.748518 -0.62932 -0.20899 -0.716422 -0.62932 0.301156 -0.734644 -0.62932 0.253483 -0.693826 -0.62932 0.350088 0.530082 -0.62932 -0.568303 0.54307 -0.62932 -0.555905 0.568275 -0.62932 -0.530112 0.579703 -0.62932 -0.517591 0.555959 -0.62932 -0.543015 0.589929 -0.62932 -0.505905 0.59896 -0.62932 -0.49518 0.673028 -0.62932 -0.388573 0.253475 -0.62932 -0.734647 -0.0974021 -0.62932 -0.771018 -0.134473 -0.62932 -0.765423 -0.22462 -0.62932 -0.743977 -0.253819 -0.62932 -0.734528 -0.350404 -0.62932 -0.693666 0.763381 -0.62932 -0.145623 0.765423 -0.62932 -0.134473 0.776976 -0.62932 -0.0162753 0.692442 -0.62932 0.352817 0.693758 -0.62932 0.350222 0.649944 -0.62932 0.426061 0.777146 -0.62932 -0.000641402 0.765455 -0.62932 0.134295 0.768809 -0.62932 0.113528 0.628724 -0.62932 0.456795 0.734647 -0.62932 0.253475 0.598963 -0.62932 0.495176 0.589929 -0.62932 0.505905 0.606849 -0.62932 0.485479 0.549525 -0.62932 0.549525 0.73911 -0.62932 0.240151 0.728405 -0.62932 -0.270891 0.734528 -0.62932 -0.253819 0.693666 -0.62932 -0.350404 0.579698 -0.62932 0.517597 0.568303 -0.62932 0.530082 0.555905 -0.62932 0.54307 0.543015 -0.62932 0.555959 0.530112 -0.62932 0.568276 0.517591 -0.62932 0.579703 0.505905 -0.62932 0.589929 0.456795 -0.62932 0.628724 0.49518 -0.62932 0.59896 0.485479 -0.62932 0.606849 0.352817 -0.62932 0.692442 0.425944 -0.62932 0.650021 0.134931 -0.62932 0.765343 0.240151 -0.62932 0.73911 0.253592 -0.62932 0.734607 0.350108 -0.62932 0.693816 0.300325 -0.425743 0.85355 0.297573 -0.425743 0.854514 0.435912 -0.425743 0.792921 -1.58208e-07 -0.425743 0.904844 0.1509 -0.425743 0.892173 0.152337 -0.425743 0.891929 0.67243 -0.425743 0.605459 0.763985 -0.425743 0.48484 0.677286 -0.425743 0.600023 0.5666 -0.425743 0.705484 0.439739 -0.425743 0.790805 0.562042 -0.425743 0.709121 0.883527 -0.425743 0.195251 0.880937 -0.425743 0.206622 0.903059 -0.425743 0.0568157 0.838044 -0.425743 0.341212 0.768636 -0.425743 0.477432 0.834143 -0.425743 0.350641 0.818727 -0.425743 -0.385264 0.867063 -0.425743 -0.258736 0.871512 -0.425743 -0.243331 0.899887 -0.425743 -0.0945819 0.898247 -0.425743 -0.109067 0.903788 -0.425743 0.0437161 0.646487 -0.425743 -0.633086 0.531854 -0.425743 -0.732034 0.632044 -0.425743 -0.647506 0.811127 -0.425743 -0.401019 0.743012 -0.425743 -0.516407 0.732034 -0.425743 -0.531854 0.237709 -0.425743 -0.873062 0.261529 -0.425743 -0.866225 0.113407 -0.425743 -0.897709 0.381302 -0.425743 -0.82058 0.51401 -0.425743 -0.744672 0.402326 -0.425743 -0.81048 -0.333095 -0.425743 -0.841303 -0.216543 -0.425743 -0.878551 -0.188128 -0.425743 -0.885071 -0.037891 -0.425743 -0.904051 -0.0655422 -0.425743 -0.902467 0.0873302 -0.425743 -0.90062 -0.591244 -0.425743 -0.684963 -0.697194 -0.425743 -0.57677 -0.616213 -0.425743 -0.662589 -0.361363 -0.425743 -0.829554 -0.468734 -0.425743 -0.773971 -0.495866 -0.425743 -0.756875 -0.860558 -0.425743 -0.279612 -0.848094 -0.425743 -0.315403 -0.888817 -0.425743 -0.169551 -0.8012 -0.425743 -0.420502 -0.718969 -0.425743 -0.549388 -0.783618 -0.425743 -0.452422 -0.886822 -0.425743 0.179693 -0.904475 -0.425743 0.0258388 -0.895137 -0.425743 0.132182 -0.904646 -0.425743 -0.0189496 -0.895634 -0.425743 -0.128773 -0.860558 -0.425743 0.279612 -0.843192 -0.425743 0.328284 -0.806222 -0.425743 0.410791 -0.774863 -0.425743 0.467259 -0.683836 -0.425743 0.592547 -0.732034 -0.425743 0.531854 -0.639822 -0.425743 0.639822 -0.572778 -0.425743 0.700478 -0.531854 -0.425743 0.732034 -0.444942 -0.425743 0.78789 -0.304072 -0.425743 0.852223 -0.410791 -0.425743 0.806222 -0.279612 -0.425743 0.860558 -0.154296 -0.425743 0.891592 -0.141549 -0.425743 0.893704 3.24214e-23 -0.425743 0.904844 -0.0699443 -0.985477 -0.154734 -0.137857 -0.94233 -0.304974 -0.042788 -0.985477 -0.164329 -0.585282 -0.775972 0.235185 -0.537117 -0.775972 0.330716 -0.641519 -0.657593 0.394999 -0.454517 -0.871812 0.18264 -0.417113 -0.871812 0.256827 -0.473284 -0.657593 0.586151 -0.536561 -0.520114 0.664518 -0.565536 -0.657593 0.497735 -0.453562 -0.367527 0.811914 -0.584252 -0.367527 0.723583 -0.31055 -0.94233 0.124789 -0.165997 -0.985477 0.0357751 -0.157563 -0.985477 0.0633142 -0.32491 -0.204266 0.923423 -0.309824 -0.367527 0.876888 -0.164807 -0.204266 0.964943 1.71159e-07 -0.204266 0.978915 -0.157173 -0.367527 0.916635 -0.699047 -0.657593 0.2809 -0.61661 -0.775972 0.13289 -0.416539 -0.520114 0.745639 -0.327173 -0.94233 0.0705111 -0.169655 -0.985477 0.00720685 -0.752694 -0.657593 0.0319739 -0.625658 -0.775972 -0.0801186 -0.630199 -0.775972 0.0267707 -0.747271 -0.657593 -0.0956917 -0.603118 -0.775972 -0.184703 -0.168433 -0.985477 -0.0215687 -0.331974 -0.94233 -0.0425109 -0.162365 -0.985477 -0.0497237 2.96903e-08 -0.985477 0.169808 5.85181e-08 -0.94233 0.334685 -0.0286978 -0.985477 0.167366 -0.563228 -0.775972 -0.283974 -0.672706 -0.657593 -0.339172 -0.507135 -0.775972 -0.375075 -0.259814 -0.775972 -0.574773 -0.353214 -0.775972 -0.522597 -0.42187 -0.657593 -0.624177 -0.136526 -0.985477 -0.100974 -0.269086 -0.94233 -0.199015 -0.117497 -0.985477 -0.122594 0.042788 -0.985477 -0.164329 0.0144008 -0.985477 -0.169197 0.0283833 -0.94233 -0.333479 -0.0534928 -0.775972 -0.628495 -0.0638907 -0.657593 -0.750659 0.0534928 -0.775972 -0.628495 0.0950885 -0.985477 -0.140688 0.187415 -0.94233 -0.27729 0.117497 -0.985477 -0.122594 0.259814 -0.775972 -0.574773 0.310315 -0.657593 -0.686495 0.353214 -0.775972 -0.522597 0.563228 -0.775972 -0.283974 0.672706 -0.657593 -0.339171 0.603119 -0.775972 -0.184703 0.231581 -0.94233 -0.241628 0.136526 -0.985477 -0.100974 0.169655 -0.985477 0.00720688 0.168433 -0.985477 -0.0215687 0.331974 -0.94233 -0.0425109 0.162365 -0.985477 -0.0497238 0.320014 -0.94233 -0.0980033 0.157563 -0.985477 0.0633142 0.31055 -0.94233 0.124789 0.144597 -0.985477 0.0890318 0.327173 -0.94233 0.0705111 0.165997 -0.985477 0.0357751 0.127471 -0.985477 0.112188 0.251239 -0.94233 0.221118 0.106677 -0.985477 0.132117 0.284994 -0.94233 0.175478 -1.5246e-23 -1 -4.37114e-08 0.0286978 -0.985477 0.167366 0.396261 -0.775972 0.490759 0.473284 -0.657593 0.586151 0.307622 -0.775972 0.550669 0.056562 -0.94233 0.329871 0.05657 -0.985477 0.160109 0.0828147 -0.985477 0.148245 0.163224 -0.94233 0.292185 0.0827833 -0.871812 0.482794 -1.31579e-09 -0.871812 0.48984 0.1066 -0.775972 0.621694 7.35142e-10 -0.775972 0.630767 0.127321 -0.657593 0.742537 -6.28731e-10 -0.657593 0.753373 0.144343 -0.520114 0.841811 0.157173 -0.367527 0.916635 -4.5885e-09 -0.520114 0.854097 1.3068e-09 -0.367527 0.930013 0.210134 -0.775972 0.594736 0.250979 -0.657593 0.710339 0.166927 -0.204266 0.964578 0.473499 -0.775972 0.416732 0.565536 -0.657593 0.497735 0.630199 -0.775972 0.0267705 0.752694 -0.657593 0.0319741 0.61661 -0.775972 0.13289 0.699047 -0.657593 0.2809 0.537117 -0.775972 0.330716 0.585282 -0.775972 0.235186 0.641519 -0.657593 0.394999 0.334383 -0.94233 0.0142044 0.736464 -0.657593 0.15872 0.625658 -0.775972 -0.0801187 0.747271 -0.657593 -0.0956919 0.210256 -0.94233 0.260397 0.367416 -0.657593 0.657705 0.111497 -0.94233 0.315567 0.284534 -0.520114 0.805309 0.163185 -0.871812 0.461859 0.309824 -0.367527 0.876888 0.328964 -0.204266 0.921986 0.416539 -0.520114 0.745639 0.238892 -0.871812 0.427637 0.453562 -0.367527 0.811914 0.481365 -0.204266 0.852387 0.72035 -0.657593 -0.220605 0.536561 -0.520114 0.664518 0.307727 -0.871812 0.381113 0.584253 -0.367527 0.723583 0.619666 -0.204266 0.757819 0.151626 -0.985477 -0.0764484 0.298849 -0.94233 -0.150676 0.641147 -0.520114 0.56428 0.367709 -0.871812 0.323625 0.698135 -0.367527 0.614436 0.739815 -0.204266 0.641053 0.269086 -0.94233 -0.199015 0.727288 -0.520114 0.447809 0.417113 -0.871812 0.256827 0.791933 -0.367527 0.487612 0.838293 -0.204266 0.505509 0.60571 -0.657593 -0.447981 0.507135 -0.775972 -0.375075 0.792507 -0.520114 0.318456 0.454517 -0.871812 0.18264 0.862949 -0.367527 0.346761 0.436452 -0.775972 -0.455386 0.521288 -0.657593 -0.543902 0.834927 -0.520114 0.17994 0.478845 -0.871812 0.103199 0.909139 -0.367527 0.195934 0.912216 -0.204266 0.355158 0.42187 -0.657593 -0.624177 0.853327 -0.520114 0.0362489 0.489398 -0.871812 0.0207894 0.929175 -0.367527 0.0394709 0.959418 -0.204266 0.194403 0.137857 -0.94233 -0.304974 0.0699443 -0.985477 -0.154734 0.847179 -0.520114 -0.108486 0.485872 -0.871812 -0.0622184 0.92248 -0.367527 -0.118128 0.978516 -0.204266 0.027954 0.0843332 -0.94233 -0.323885 0.816659 -0.520114 -0.250099 0.468369 -0.871812 -0.143436 0.889247 -0.367527 -0.272329 0.968952 -0.204266 -0.139314 0.158939 -0.775972 -0.610414 0.189833 -0.657593 -0.729064 0.762645 -0.520114 -0.384518 0.437391 -0.871812 -0.220528 0.830432 -0.367527 -0.418695 0.931004 -0.204266 -0.302502 0.0638905 -0.657593 -0.750659 0.686691 -0.520114 -0.507874 0.39383 -0.871812 -0.291275 0.747728 -0.367527 -0.553016 0.866787 -0.204266 -0.454925 -0.0144008 -0.985477 -0.169197 -0.0283832 -0.94233 -0.333479 0.590983 -0.520114 -0.616621 0.338939 -0.871812 -0.353643 0.643512 -0.367527 -0.671428 0.777824 -0.204266 -0.594361 -0.0843332 -0.94233 -0.323885 0.478273 -0.520114 -0.707627 0.274298 -0.871812 -0.405837 0.520784 -0.367527 -0.770524 0.666657 -0.204266 -0.716829 -0.158939 -0.775972 -0.610414 -0.189833 -0.657593 -0.729064 0.351804 -0.520114 -0.778277 0.201766 -0.871812 -0.446356 0.383073 -0.367527 -0.847454 0.536458 -0.204266 -0.818834 -0.310315 -0.657593 -0.686495 0.215214 -0.520114 -0.826538 0.123429 -0.871812 -0.474034 0.234343 -0.367527 -0.900004 0.390944 -0.204266 -0.897462 -0.0950884 -0.985477 -0.140688 -0.187415 -0.94233 -0.27729 0.0724325 -0.520114 -0.85102 0.0415413 -0.871812 -0.488075 0.0788706 -0.367527 -0.926662 0.23427 -0.204266 -0.95047 -0.231581 -0.94233 -0.241628 -0.0724324 -0.520114 -0.85102 -0.0415414 -0.871812 -0.488075 -0.0788708 -0.367527 -0.926662 0.0709075 -0.204266 -0.976344 -0.521288 -0.657593 -0.543902 -0.436452 -0.775972 -0.455386 -0.215214 -0.520114 -0.826538 -0.123429 -0.871812 -0.474034 -0.234343 -0.367527 -0.900004 -0.0944789 -0.204266 -0.974346 -0.60571 -0.657593 -0.447981 -0.351804 -0.520114 -0.778277 -0.201766 -0.871812 -0.446356 -0.383073 -0.367527 -0.847454 -0.257168 -0.204266 -0.944532 -0.298849 -0.94233 -0.150676 -0.151626 -0.985477 -0.0764484 -0.478273 -0.520114 -0.707627 -0.274298 -0.871812 -0.405837 -0.520784 -0.367527 -0.770524 -0.412516 -0.204266 -0.887753 -0.590983 -0.520114 -0.616621 -0.338939 -0.871812 -0.353643 -0.643512 -0.367527 -0.671428 -0.683784 -0.204266 -0.700511 -0.556087 -0.204266 -0.805632 -0.320014 -0.94233 -0.0980033 -0.686691 -0.520114 -0.507874 -0.39383 -0.871812 -0.291275 -0.747728 -0.367527 -0.553016 -0.791959 -0.204266 -0.575392 -0.720351 -0.657593 -0.220605 -0.762645 -0.520114 -0.384517 -0.437391 -0.871812 -0.220528 -0.830432 -0.367527 -0.418695 -0.877526 -0.204266 -0.433847 -0.334383 -0.94233 0.0142045 -0.816659 -0.520114 -0.250099 -0.468369 -0.871812 -0.143436 -0.889247 -0.367527 -0.272329 -0.938042 -0.204266 -0.279917 -0.736464 -0.657593 0.15872 -0.847179 -0.520114 -0.108486 -0.485872 -0.871812 -0.0622183 -0.92248 -0.367527 -0.118128 -0.971778 -0.204266 -0.117995 -0.478845 -0.871812 0.103199 -0.853327 -0.520114 0.0362492 -0.489398 -0.871812 0.0207893 -0.929175 -0.367527 0.0394707 -0.977772 -0.204266 0.0472947 -0.144597 -0.985477 0.0890318 -0.284994 -0.94233 0.175478 -0.834927 -0.520114 0.179941 -0.909139 -0.367527 0.195934 -0.955853 -0.204266 0.211235 -0.12747 -0.985477 0.112188 -0.251239 -0.94233 0.221118 -0.792507 -0.520114 0.318455 -0.862948 -0.367527 0.346761 -0.906647 -0.204266 0.369144 -0.106677 -0.985477 0.132117 -0.210256 -0.94233 0.260397 -0.473499 -0.775972 0.416732 -0.727288 -0.520114 0.447809 -0.791933 -0.367527 0.487612 -0.831557 -0.204266 0.516515 -0.396261 -0.775972 0.490759 -0.367709 -0.871812 0.323625 -0.307727 -0.871812 0.381113 -0.641147 -0.520114 0.56428 -0.698135 -0.367527 0.614436 -0.732729 -0.204266 0.649141 -0.163224 -0.94233 0.292185 -0.0828147 -0.985477 0.148245 -0.367416 -0.657593 0.657705 -0.250979 -0.657593 0.710339 -0.284533 -0.520114 0.805309 -0.612982 -0.204266 0.763235 -0.111497 -0.94233 0.315567 -0.05657 -0.985477 0.160109 -0.238892 -0.871812 0.427637 -0.307622 -0.775972 0.550669 -0.475737 -0.204266 0.855541 -0.056562 -0.94233 0.329871 -0.163185 -0.871812 0.461859 -0.210133 -0.775972 0.594736 -0.0827833 -0.871812 0.482794 -0.1066 -0.775972 0.621694 -0.127321 -0.657593 0.742537 -0.144343 -0.520114 0.841811 -0.106357 -0.992755 -0.0559093 0.038071 -0.998849 0.0291701 -0.0953787 -0.992755 -0.0730795 0.134689 -0.958565 0.251023 0.0380995 -0.992755 0.113957 0.0903283 -0.958565 0.270175 -0.226129 -0.958565 -0.173261 -0.252157 -0.958565 -0.132553 -0.0816563 -0.992755 -0.0881474 -0.193595 -0.958565 -0.208984 0.190062 -0.976675 0.0999105 0.0424532 -0.998849 0.0223165 0.045614 -0.998849 0.0148209 0.692442 -0.62932 0.352817 0.62832 -0.75069 0.204153 0.73911 -0.62932 0.240151 0.204213 -0.976675 0.0663528 0.628724 -0.62932 0.456795 0.58478 -0.75069 0.307403 0.255118 -0.92686 0.275398 0.145921 -0.976675 0.157521 0.170443 -0.976675 0.130594 0.465117 -0.850815 0.2445 0.499748 -0.850815 0.162378 0.768809 -0.62932 0.113528 0.653784 -0.75069 0.0950303 0.357032 -0.92686 0.116007 0.332291 -0.92686 0.174677 0.524417 -0.75069 0.40181 -0.114276 -0.992755 -0.0371306 -0.270932 -0.958565 -0.0880311 -0.390822 -0.897246 -0.205445 -0.41992 -0.897246 -0.13644 -0.557024 -0.810535 -0.180988 -0.518425 -0.810535 -0.272522 -0.678364 -0.700885 -0.220414 -0.631356 -0.700885 -0.331887 -0.780505 -0.5714 -0.253602 -0.72642 -0.5714 -0.38186 -0.860558 -0.425743 -0.279612 0.0325936 -0.998849 0.0351846 -0.155492 -0.958565 -0.238696 -0.0655848 -0.992755 -0.100679 0.0261786 -0.998849 0.0401868 -0.0476265 -0.992755 -0.110315 -0.112915 -0.958565 -0.261541 0.0190104 -0.998849 0.044033 -0.0670905 -0.958565 -0.276862 -0.0282981 -0.992755 -0.116777 0.0112953 -0.998849 0.0466124 -0.00815556 -0.992755 -0.11988 -0.0193356 -0.958565 -0.284218 0.00325534 -0.998849 0.0478508 0.0122216 -0.992755 -0.119534 0.0289755 -0.958565 -0.283397 0.0764531 -0.958565 -0.274424 0.0322471 -0.992755 -0.115749 -0.00487832 -0.998849 0.0477127 -0.0128716 -0.998849 0.046202 0.051345 -0.992755 -0.108634 0.121731 -0.958565 -0.257556 -0.0204947 -0.998849 0.0433621 0.163507 -0.958565 -0.233278 0.0689657 -0.992755 -0.0983944 -0.0275281 -0.998849 0.0392747 0.0846024 -0.992755 -0.0853238 0.20058 -0.958565 -0.20229 -0.0337696 -0.998849 0.0340575 0.0978053 -0.992755 -0.0697986 0.231882 -0.958565 -0.165482 -0.0390396 -0.998849 0.0278606 0.256513 -0.958565 -0.123914 0.108194 -0.992755 -0.0522655 -0.0431865 -0.998849 0.0208621 0.115471 -0.992755 -0.0332287 0.273765 -0.958565 -0.0787804 -0.046091 -0.998849 0.0132635 0.119426 -0.992755 -0.013236 0.283141 -0.958565 -0.0313807 -0.0476696 -0.998849 0.00528325 0.284372 -0.958565 0.0169217 0.119945 -0.992755 0.0071374 -0.0478767 -0.998849 -0.00284894 0.117013 -0.992755 0.0273055 0.277421 -0.958565 0.0647373 -0.0467066 -0.998849 -0.0108992 0.110716 -0.992755 0.0466881 0.26249 -0.958565 0.110691 -0.0441928 -0.998849 -0.0186359 0.240008 -0.958565 0.153459 0.101233 -0.992755 0.0647276 -0.0404077 -0.998849 -0.0258364 0.0888376 -0.992755 0.0809049 0.210621 -0.958565 0.191814 -0.0354601 -0.998849 -0.0322937 0.0738867 -0.992755 0.0947548 0.175174 -0.958565 0.22465 0.0568103 -0.992755 0.105879 -0.0152077 -0.998849 -0.0454866 -0.0529049 -0.958565 0.279919 -0.0419471 -0.992755 0.112597 -0.0994504 -0.958565 0.266952 -0.0048375 -0.958565 0.284833 -0.0223147 -0.992755 0.118067 0.322965 -0.92686 -0.191372 0.163572 -0.976675 -0.139104 0.285978 -0.92686 -0.2432 0.188622 -0.92686 -0.324579 0.107887 -0.976675 -0.18565 0.07496 -0.976675 -0.201213 0.520001 -0.850815 0.0755845 0.648097 -0.75069 -0.128199 0.776976 -0.62932 -0.0162754 0.66044 -0.75069 -0.0168268 0.525296 -0.850815 -0.0133835 0.13771 -0.976675 -0.164747 0.617108 -0.75069 -0.235884 0.763381 -0.62932 -0.145623 0.0398767 -0.976675 -0.210987 0.00890707 -0.998849 -0.0471271 0.000814417 -0.998849 -0.0479545 0.0240982 -0.998849 -0.0414678 0.0167435 -0.998849 -0.0449439 -0.154139 -0.897246 0.413751 -0.143135 -0.958565 0.246304 -0.221847 -0.897246 0.38175 -0.0603728 -0.992755 0.103889 -0.379853 -0.897246 0.22508 -0.446169 -0.810535 0.379429 -0.33635 -0.897246 0.286038 -0.457452 -0.700885 0.547264 -0.375627 -0.810535 0.449374 -0.886822 -0.425743 0.179694 -0.820406 -0.5714 0.020902 -0.904475 -0.425743 0.0258389 -0.66626 -0.700885 0.254672 -0.699716 -0.700885 0.13841 -0.766579 -0.5714 0.293018 -0.805073 -0.5714 0.159251 -0.812137 -0.5714 -0.118048 -0.705856 -0.700885 -0.102599 -0.895634 -0.425743 -0.128773 -0.283172 -0.897246 0.338767 -0.182702 -0.958565 0.218572 -0.54336 -0.700885 0.462082 -0.503875 -0.810535 0.298568 0.0182927 -0.992755 0.118756 -0.0020404 -0.992755 0.12014 0.0433694 -0.958565 0.281554 -0.00730166 -0.998849 -0.0474024 -0.0226762 -0.998849 -0.0422622 -0.0294923 -0.998849 -0.037822 0.549525 -0.62932 0.549525 0.448967 -0.75069 0.484657 0.417106 -0.850815 0.319588 0.297991 -0.92686 0.228322 -0.35048 -0.897246 -0.268539 -0.464911 -0.810535 -0.356217 -0.566185 -0.700885 -0.433813 -0.8012 -0.425743 -0.420502 -0.651436 -0.5714 -0.499133 0.456795 -0.62932 0.628724 0.360602 -0.75069 0.553562 0.357096 -0.850815 0.385483 0.728405 -0.62932 -0.270891 0.568367 -0.75069 -0.336783 -0.300055 -0.897246 -0.323907 -0.398023 -0.810535 -0.429663 -0.484727 -0.700885 -0.523259 -0.718969 -0.425743 -0.549388 -0.557712 -0.5714 -0.602046 0.352817 -0.62932 0.692442 0.261863 -0.75069 0.606541 0.286813 -0.850815 0.440287 0.204906 -0.92686 0.314552 0.117201 -0.976675 0.179915 -0.240998 -0.897246 -0.369958 -0.319684 -0.810535 -0.490749 -0.389323 -0.700885 -0.597652 -0.616213 -0.425743 -0.662589 -0.447944 -0.5714 -0.68764 0.240151 -0.62932 0.73911 0.15559 -0.75069 0.642072 0.208278 -0.850815 0.482426 0.148799 -0.92686 0.344657 0.0851091 -0.976675 0.197135 -0.175009 -0.897246 -0.405365 -0.232149 -0.810535 -0.537717 -0.282719 -0.700885 -0.654851 -0.495866 -0.425743 -0.756875 -0.325289 -0.5714 -0.753452 0.121572 -0.62932 0.767578 0.0448414 -0.75069 0.659131 0.123752 -0.850815 0.510686 0.0884115 -0.92686 0.364847 0.050569 -0.976675 0.208682 -0.103984 -0.897246 -0.429111 -0.137935 -0.810535 -0.569216 -0.167982 -0.700885 -0.693211 -0.361363 -0.425743 -0.829554 -0.193276 -0.5714 -0.797588 -2.71761e-08 -0.62932 0.777146 -0.0671973 -0.75069 0.657228 0.0356656 -0.850815 0.524254 0.0254803 -0.92686 0.37454 0.0145741 -0.976675 0.214227 -0.0299685 -0.897246 -0.440512 -0.0397532 -0.810535 -0.584339 -0.0484128 -0.700885 -0.711629 -0.216543 -0.425743 -0.878551 -0.0557024 -0.5714 -0.818779 -0.129604 -0.62932 0.766263 -0.177303 -0.75069 0.636418 -0.0534469 -0.850815 0.522741 -0.0381838 -0.92686 0.373459 -0.0218401 -0.976675 0.213609 0.0449095 -0.897246 -0.43924 0.0595725 -0.810535 -0.582652 0.0725495 -0.700885 -0.709575 -0.0655422 -0.425743 -0.902467 0.0834733 -0.5714 -0.816416 -0.255577 -0.62932 0.733918 -0.282308 -0.75069 0.597299 -0.141022 -0.850815 0.506189 -0.100749 -0.92686 0.361634 -0.057626 -0.976675 0.206845 0.118496 -0.897246 -0.425333 0.157184 -0.810535 -0.564204 0.191425 -0.700885 -0.687107 0.08733 -0.425743 -0.90062 0.220248 -0.5714 -0.790565 -0.374393 -0.62932 0.681018 -0.379191 -0.75069 0.540998 -0.22454 -0.850815 0.475075 -0.160417 -0.92686 0.339406 -0.091754 -0.976675 0.194131 0.188673 -0.897246 -0.399189 0.250274 -0.810535 -0.529524 0.304793 -0.700885 -0.644873 0.237709 -0.425743 -0.873062 0.350686 -0.5714 -0.741972 -0.482723 -0.62932 0.609044 -0.465166 -0.75069 0.469132 -0.301598 -0.850815 0.430294 -0.215469 -0.92686 0.307413 -0.123242 -0.976675 0.175832 0.253422 -0.897246 -0.361561 0.336164 -0.810535 -0.479611 0.409393 -0.700885 -0.584087 0.381302 -0.425743 -0.82058 0.471035 -0.5714 -0.672033 -0.577532 -0.62932 0.520012 -0.537759 -0.75069 0.383771 -0.36998 -0.850815 0.373135 -0.264323 -0.92686 0.266577 -0.151186 -0.976675 0.152475 0.310881 -0.897246 -0.313532 0.412383 -0.810535 -0.4159 0.502215 -0.700885 -0.506498 0.51401 -0.425743 -0.744672 0.577834 -0.5714 -0.582761 -0.656166 -0.62932 0.416416 -0.594881 -0.75069 0.287369 -0.427718 -0.850815 0.305241 -0.305572 -0.92686 0.218071 -0.174779 -0.976675 0.124731 0.359396 -0.897246 -0.256483 0.476739 -0.810535 -0.340224 0.58059 -0.700885 -0.414337 0.632044 -0.425743 -0.647506 0.668009 -0.5714 -0.476724 -0.716422 -0.62932 0.301156 -0.63489 -0.75069 0.1827 -0.473152 -0.850815 0.228565 -0.338031 -0.92686 0.163293 -0.193345 -0.976675 0.093399 0.397572 -0.897246 -0.192055 0.52738 -0.810535 -0.254761 0.642262 -0.700885 -0.310257 0.732035 -0.425743 -0.531854 0.738967 -0.5714 -0.356973 -0.756613 -0.62932 0.177462 -0.656634 -0.75069 0.0727752 -0.504973 -0.850815 0.145314 -0.360766 -0.92686 0.103816 -0.206348 -0.976675 0.0593801 0.424311 -0.897246 -0.122103 0.562849 -0.810535 -0.161969 0.788667 -0.5714 -0.226952 0.685457 -0.700885 -0.197252 0.811127 -0.425743 -0.401019 -0.775613 -0.62932 0.0487975 -0.659488 -0.75069 -0.0392433 -0.522268 -0.850815 0.0578835 -0.373121 -0.92686 0.0413533 -0.213415 -0.976675 0.023653 0.438843 -0.897246 -0.0486373 0.582126 -0.810535 -0.0645175 0.815678 -0.5714 -0.0904021 0.708933 -0.700885 -0.0785716 0.867063 -0.425743 -0.258736 -0.772889 -0.62932 -0.0812339 -0.64337 -0.75069 -0.150133 -0.524538 -0.850815 -0.031213 -0.374743 -0.92686 -0.0222993 -0.214343 -0.976675 -0.0127546 0.440751 -0.897246 0.0262272 0.584656 -0.810535 0.0347903 0.819223 -0.5714 0.0487484 0.712015 -0.700885 0.0423689 0.898247 -0.425743 -0.109067 -0.748518 -0.62932 -0.20899 -0.608743 -0.75069 -0.256703 -0.511718 -0.850815 -0.119411 -0.365584 -0.92686 -0.0853105 -0.209104 -0.976675 -0.0487953 0.429978 -0.897246 0.100337 0.570366 -0.810535 0.133097 0.799201 -0.5714 0.186497 0.694613 -0.700885 0.16209 0.903788 -0.425743 0.0437161 -0.703183 -0.62932 -0.330893 -0.556603 -0.75069 -0.355889 -0.484177 -0.850815 -0.204175 -0.345908 -0.92686 -0.145867 -0.19785 -0.976675 -0.0834322 0.406837 -0.897246 0.171561 0.539669 -0.810535 0.227575 0.756187 -0.5714 0.318879 0.657228 -0.700885 0.277149 0.883527 -0.425743 0.195251 -0.638153 -0.62932 -0.443528 -0.488452 -0.75069 -0.444836 -0.442707 -0.850815 -0.283064 -0.316281 -0.92686 -0.202228 -0.180904 -0.976675 -0.115669 0.371991 -0.897246 0.237849 0.493446 -0.810535 0.315506 0.691419 -0.5714 0.442089 0.600936 -0.700885 0.384235 0.838044 -0.425743 0.341212 0.768636 -0.425743 0.477432 -0.55525 -0.62932 -0.543741 -0.406248 -0.75069 -0.520986 -0.388501 -0.850815 -0.35381 -0.277555 -0.92686 -0.252771 -0.158754 -0.976675 -0.144578 0.326443 -0.897246 0.297294 0.433027 -0.810535 0.39436 0.60676 -0.5714 0.55258 0.527356 -0.700885 0.480266 0.677286 -0.425743 0.600023 -0.456795 -0.62932 -0.628724 -0.312358 -0.75069 -0.582149 -0.323118 -0.850815 -0.414378 -0.230844 -0.92686 -0.296042 -0.132036 -0.976675 -0.169328 0.271505 -0.897246 0.348187 0.360151 -0.810535 0.46187 0.504646 -0.5714 0.647175 0.438605 -0.700885 0.562482 0.5666 -0.425743 0.705484 -0.345546 -0.62932 -0.696099 -0.209481 -0.75069 -0.626564 -0.24844 -0.850815 -0.463025 -0.177492 -0.92686 -0.330796 -0.101521 -0.976675 -0.189207 0.208756 -0.897246 0.389063 0.276914 -0.810535 0.516092 0.388014 -0.5714 0.723151 0.337236 -0.700885 0.628516 0.439739 -0.425743 0.790805 -0.22462 -0.62932 -0.743977 -0.100578 -0.75069 -0.652954 -0.166615 -0.850815 -0.498351 -0.119034 -0.92686 -0.356034 -0.0680843 -0.976675 -0.203642 0.140001 -0.897246 0.418747 0.185711 -0.810535 0.555467 0.26022 -0.5714 0.778324 0.226166 -0.700885 0.676468 0.300325 -0.425743 0.85355 -0.0974024 -0.62932 -0.771018 0.0112184 -0.75069 -0.660559 -0.0799968 -0.850815 -0.519341 -0.0571517 -0.92686 -0.37103 -0.0326893 -0.976675 -0.212219 0.0672187 -0.897246 0.436384 0.0891653 -0.810535 0.578863 0.124939 -0.5714 0.811106 0.108589 -0.700885 0.70496 0.152337 -0.425743 0.891929 0.0325433 -0.62932 -0.776464 0.122692 -0.75069 -0.649162 0.00892276 -0.850815 -0.52539 0.00637465 -0.92686 -0.375352 0.00364613 -0.976675 -0.214691 -0.00749748 -0.897246 0.441467 -0.00994541 -0.810535 0.585605 -0.0139356 -0.5714 0.820554 -0.0121119 -0.700885 0.713171 1.04986e-07 -0.425743 0.904844 0.161578 -0.62932 -0.760164 0.230636 -0.75069 -0.619089 0.0975859 -0.850815 -0.516325 0.0697178 -0.92686 -0.368875 -0.0819979 -0.897246 0.433849 -0.10877 -0.810535 0.575501 -0.15241 -0.5714 0.806396 -0.132464 -0.700885 0.700866 -0.154296 -0.425743 0.891592 0.286087 -0.62932 -0.722572 0.331945 -0.75069 -0.571206 0.183441 -0.850815 -0.492406 0.131055 -0.92686 -0.351787 -0.204466 -0.810535 0.548841 -0.286499 -0.5714 0.769039 -0.249006 -0.700885 0.668398 -0.304072 -0.425743 0.852223 0.402583 -0.62932 -0.664743 0.423705 -0.75069 -0.506891 0.26402 -0.850815 -0.454321 0.240763 -0.92686 -0.288032 -0.103372 -0.992755 0.0612527 -0.24508 -0.958565 0.145221 -0.217013 -0.958565 0.184551 -0.294279 -0.810535 0.506391 -0.412346 -0.5714 0.709559 -0.358384 -0.700885 0.616702 -0.444942 -0.425743 0.78789 0.507803 -0.62932 -0.588296 0.503275 -0.75069 -0.427993 0.337003 -0.850815 -0.403167 0.0307596 -0.998849 -0.0367987 -0.0770617 -0.992755 0.0921912 -0.526331 -0.5714 0.629666 0.598801 -0.62932 -0.495372 0.673028 -0.62932 -0.388573 0.400291 -0.850815 -0.340414 0.0365362 -0.998849 -0.031071 -0.0915336 -0.992755 0.0778417 -0.572778 -0.425743 0.700478 -0.625174 -0.5714 0.531658 0.210641 -0.976675 -0.0416667 0.36827 -0.92686 -0.0728472 0.375284 -0.92686 -0.00956153 0.452063 -0.850815 -0.267868 0.184727 -0.976675 -0.109459 0.0412617 -0.998849 -0.0244494 -0.613636 -0.700885 0.363607 -0.547085 -0.810535 0.209119 -0.683836 -0.425743 0.592547 -0.706032 -0.5714 0.418356 0.350662 -0.92686 -0.134037 0.490831 -0.850815 -0.187616 0.200569 -0.976675 -0.0766657 0.0448001 -0.998849 -0.0171244 -0.112237 -0.992755 0.0429017 -0.266098 -0.958565 0.101713 -0.412428 -0.897246 0.157647 -0.774863 -0.425743 0.467259 0.515478 -0.850815 -0.101966 0.0470498 -0.998849 -0.00930688 -0.117873 -0.992755 0.0233164 -0.27946 -0.958565 0.0552797 -0.433138 -0.897246 0.0856786 -0.574557 -0.810535 0.113653 -0.843192 -0.425743 0.328285 0.214652 -0.976675 -0.00546894 0.0479459 -0.998849 -0.00122157 -0.120118 -0.992755 0.00306038 -0.284782 -0.958565 0.00725571 -0.441387 -0.897246 0.0112455 -0.5855 -0.810535 0.0149171 -0.713043 -0.700885 0.0181666 0.371502 -0.92686 0.0539994 0.212489 -0.976675 0.0308862 0.0474627 -0.998849 0.0068989 -0.118908 -0.992755 -0.0172837 -0.281912 -0.958565 -0.0409771 -0.436939 -0.897246 -0.0635109 -0.579599 -0.810535 -0.0842472 -0.117006 -0.991225 0.0615068 -0.260719 -0.955637 0.137053 -0.125717 -0.991225 0.040848 -0.265044 -0.933536 0.241377 -0.220438 -0.933536 0.282698 -0.122309 -0.980019 0.156853 0.0321692 -0.999428 -0.0104524 -0.72744 -0.56974 0.382396 -0.806222 -0.425743 0.410791 -0.781602 -0.56974 0.253958 -0.732034 -0.425743 0.531854 -0.652352 -0.56974 0.499834 -0.895137 -0.425743 0.132183 -0.813279 -0.56974 0.118214 -0.860558 -0.425743 0.279612 -0.426805 -0.893648 0.138677 -0.280131 -0.955637 0.0910201 -0.397229 -0.893648 0.208813 -0.681053 -0.697996 0.221288 -0.633859 -0.697996 0.333203 -0.522765 -0.806969 0.274804 -0.561688 -0.806969 0.182504 -0.401356 -0.806969 0.433261 -0.356226 -0.893648 0.272942 -0.304975 -0.893648 0.329218 0.189167 -0.980019 -0.0614642 0.02994 -0.999428 -0.0157387 0.176059 -0.980019 -0.0925495 0.340939 -0.933536 -0.110778 0.317313 -0.933536 -0.166803 0.483292 -0.861261 -0.157031 0.449802 -0.861261 -0.236449 0.569863 -0.765192 -0.299562 0.612292 -0.765192 -0.198946 0.724377 -0.647983 -0.235364 0.816449 -0.512872 -0.26528 0.674181 -0.647983 -0.354399 0.885965 -0.363591 -0.287867 0.759873 -0.512872 -0.399445 0.931004 -0.204266 -0.302502 0.824571 -0.363591 -0.433456 -0.0194141 -0.999428 -0.0276984 0.0930727 -0.991225 0.0938663 0.0758704 -0.991225 0.108246 0.284559 -0.933536 -0.21803 0.157885 -0.980019 -0.120972 0.13517 -0.980019 -0.145915 0.243619 -0.933536 -0.262985 0.0268495 -0.999428 -0.0205722 0.19567 -0.933536 -0.300374 0.108566 -0.980019 -0.16666 0.0229865 -0.999428 -0.0248138 0.142092 -0.933536 -0.329122 0.0788386 -0.980019 -0.182611 0.0184624 -0.999428 -0.0283416 0.0468433 -0.980019 -0.193308 0.0844263 -0.933536 -0.348401 0.013407 -0.999428 -0.0310541 0.0243318 -0.933536 -0.357658 0.0135003 -0.980019 -0.198444 0.00796601 -0.999428 -0.0328732 0.00229582 -0.999428 -0.0337467 -0.00344042 -0.999428 -0.0336492 -0.0364626 -0.933536 -0.356625 -0.020231 -0.980019 -0.197871 -0.00907767 -0.999428 -0.0325838 -0.0533803 -0.980019 -0.191606 -0.0962081 -0.933536 -0.345333 -0.0144538 -0.999428 -0.030581 -0.153186 -0.933536 -0.324107 -0.084994 -0.980019 -0.179828 -0.205757 -0.933536 -0.293556 -0.114163 -0.980019 -0.162877 -0.0238159 -0.999428 -0.024019 -0.140047 -0.980019 -0.141241 -0.252408 -0.933536 -0.254561 -0.0275325 -0.999428 -0.0196486 -0.161902 -0.980019 -0.115541 -0.291799 -0.933536 -0.208242 -0.0304571 -0.999428 -0.0147129 -0.322794 -0.933536 -0.155932 -0.1791 -0.980019 -0.0865178 -0.0325055 -0.999428 -0.00935401 -0.344504 -0.933536 -0.0991367 -0.191145 -0.980019 -0.0550052 -0.0336188 -0.999428 -0.003726 -0.197692 -0.980019 -0.0219103 -0.356303 -0.933536 -0.0394894 -0.0337649 -0.999428 0.0020092 -0.357851 -0.933536 0.0212942 -0.198551 -0.980019 0.0118149 -0.0329397 -0.999428 0.0076866 -0.349105 -0.933536 0.0814651 -0.193698 -0.980019 0.0452003 -0.0311668 -0.999428 0.0131429 -0.183273 -0.980019 0.0772853 -0.330316 -0.933536 0.139292 -0.0284974 -0.999428 0.018221 -0.302024 -0.933536 0.193112 -0.167576 -0.980019 0.107147 -0.0159923 -0.999428 0.0298053 -0.0207994 -0.999428 0.0266738 -0.147057 -0.980019 0.133926 -0.00500161 -0.955637 -0.294505 -0.0547013 -0.955637 -0.289423 -0.0833421 -0.893648 -0.440963 -0.0107252 -0.999428 0.0320792 -0.094041 -0.980019 0.175267 -0.508093 -0.806969 -0.301068 -0.449904 -0.806969 -0.382606 -0.341865 -0.893648 -0.290727 -0.296743 -0.806969 -0.510631 -0.156667 -0.893648 -0.420535 -0.225484 -0.893648 -0.388009 -0.708655 -0.697996 0.103006 -0.806204 -0.56974 -0.159475 -0.821559 -0.56974 -0.0209318 -0.904646 -0.425743 -0.0189497 -0.715869 -0.697996 -0.0182387 -0.287814 -0.893648 -0.344321 -0.767656 -0.56974 -0.29343 -0.888817 -0.425743 -0.169551 -0.00224462 -0.991225 -0.132168 -0.0245489 -0.991225 -0.129888 -0.102827 -0.955637 -0.276016 -0.147995 -0.955637 -0.254668 0.0201241 -0.991225 -0.130646 0.041914 -0.991225 -0.125366 0.0943725 -0.861261 0.499323 0.0665752 -0.933536 0.352248 0.00862895 -0.861261 0.50809 -0.0302808 -0.980019 0.196584 -0.113669 -0.933536 0.339986 -0.0545756 -0.933536 0.354306 0.580216 -0.647983 0.493425 0.488481 -0.647983 0.584384 0.550569 -0.512872 0.658663 0.224753 -0.765192 0.603297 0.323478 -0.765192 0.556636 0.255326 -0.861261 0.439361 0.801881 -0.512872 0.306512 0.870156 -0.363591 0.33261 0.842148 -0.512872 0.166585 0.553869 -0.765192 0.328192 0.490438 -0.765192 0.417076 0.849538 -0.512872 -0.123484 0.931256 -0.363591 0.0237266 0.921871 -0.363591 -0.133998 0.959418 -0.204266 0.194403 0.978516 -0.204266 0.0279541 0.913851 -0.363591 0.180768 0.968951 -0.204266 -0.139314 0.412897 -0.765192 0.493961 0.325906 -0.861261 0.389891 0.653964 -0.512872 0.556142 0.655259 -0.647983 0.38827 0.00337749 -0.980019 0.198874 0.00608731 -0.933536 0.358433 0.177401 -0.861261 0.476192 0.125148 -0.933536 0.33593 0.0448419 -0.955637 -0.291114 -0.169491 -0.933536 0.315886 -0.0630681 -0.980019 0.188639 -0.0250081 -0.999428 0.022775 -0.639822 -0.425743 0.639822 -0.558496 -0.56974 0.602892 -0.56843 -0.697996 0.435533 -0.468804 -0.806969 0.359199 -0.233807 -0.955637 0.179144 -0.104928 -0.991225 0.0803961 0.403372 -0.861261 -0.309065 0.51104 -0.765192 -0.391561 0.60459 -0.647983 -0.463239 0.681436 -0.512872 -0.522119 0.866787 -0.204266 -0.454925 0.739456 -0.363591 -0.566574 -0.531854 -0.425743 0.732034 -0.448573 -0.56974 0.688607 -0.486648 -0.697996 0.525333 -0.848094 -0.425743 -0.315403 -0.707024 -0.56974 -0.418943 -0.200168 -0.955637 0.21608 -0.0898316 -0.991225 0.0969726 0.345337 -0.861261 -0.372789 0.437515 -0.765192 -0.472295 0.517605 -0.647983 -0.558751 0.583396 -0.512872 -0.629772 0.777824 -0.204266 -0.594361 0.633068 -0.363591 -0.683393 -0.410791 -0.425743 0.806222 -0.325746 -0.56974 0.754511 -0.390866 -0.697996 0.600021 -0.322361 -0.806969 0.494858 -0.24495 -0.893648 0.376023 -0.160771 -0.955637 0.246801 -0.072151 -0.991225 0.110759 0.277368 -0.861261 -0.425789 0.351404 -0.765192 -0.539441 0.415731 -0.647983 -0.63819 0.468572 -0.512872 -0.719307 0.666657 -0.204266 -0.716829 0.508468 -0.363591 -0.780552 -0.279612 -0.425743 0.860558 -0.193547 -0.56974 0.798709 -0.28384 -0.697996 0.657447 -0.234093 -0.806969 0.542219 -0.177878 -0.893648 0.412011 -0.116749 -0.955637 0.270421 -0.0523948 -0.991225 0.12136 0.20142 -0.861261 -0.46654 0.255183 -0.765192 -0.59107 0.301896 -0.647983 -0.699269 0.340269 -0.512872 -0.78815 0.536458 -0.204266 -0.818834 0.369241 -0.363591 -0.855256 -0.141549 -0.425743 0.893704 -0.0557806 -0.56974 0.81993 -0.168648 -0.697996 0.695959 -0.13909 -0.806969 0.573982 -0.105689 -0.893648 0.436147 -0.0693685 -0.955637 0.286262 -0.0311312 -0.991225 0.128469 0.119677 -0.861261 -0.493869 0.151621 -0.765192 -0.625694 0.179377 -0.647983 -0.740231 0.202176 -0.512872 -0.834319 0.390944 -0.204266 -0.897462 0.21939 -0.363591 -0.905356 3.16416e-08 -0.425743 0.904844 0.0835906 -0.56974 0.817563 -0.0486048 -0.697996 0.71445 -0.040086 -0.806969 0.589232 -0.0304598 -0.893648 0.447735 -0.0199921 -0.955637 0.293868 -0.00897208 -0.991225 0.131882 0.0344911 -0.861261 -0.506991 0.0436975 -0.765192 -0.642318 0.0516967 -0.647983 -0.759899 0.0582675 -0.512872 -0.856486 0.23427 -0.204266 -0.95047 0.0632286 -0.363591 -0.92941 0.1509 -0.425743 0.892173 0.220557 -0.56974 0.791676 0.0728371 -0.697996 0.712388 0.0600713 -0.806969 0.587531 0.0456458 -0.893648 0.446442 0.0299593 -0.955637 0.29302 0.0134452 -0.991225 0.131501 -0.0516869 -0.861261 -0.505528 -0.0654832 -0.765192 -0.640463 -0.0774704 -0.647983 -0.757705 -0.0873174 -0.512872 -0.854013 0.0709075 -0.204266 -0.976344 -0.0947519 -0.363591 -0.926727 0.297573 -0.425743 0.854514 0.351178 -0.56974 0.743014 0.192183 -0.697996 0.689831 0.1585 -0.806969 0.568928 0.120438 -0.893648 0.432306 0.079049 -0.955637 0.283742 0.0354756 -0.991225 0.127338 -0.136378 -0.861261 -0.489521 -0.17278 -0.765192 -0.620184 -0.204409 -0.647983 -0.733714 -0.23039 -0.512872 -0.826972 -0.0944789 -0.204266 -0.974346 -0.250007 -0.363591 -0.897384 0.435912 -0.425743 0.792921 0.471697 -0.56974 0.672977 0.306001 -0.697996 0.647429 0.25237 -0.806969 0.533957 0.191766 -0.893648 0.405734 0.125865 -0.955637 0.266301 0.0564855 -0.991225 0.119511 -0.217146 -0.861261 -0.459432 -0.275107 -0.765192 -0.582063 -0.325467 -0.647983 -0.688614 -0.366835 -0.512872 -0.776141 -0.257168 -0.204266 -0.944532 -0.398069 -0.363591 -0.842225 0.562042 -0.425743 0.709121 0.578646 -0.56974 0.58358 0.411016 -0.697996 0.586402 0.338979 -0.806969 0.483626 0.257577 -0.893648 0.367489 0.169059 -0.955637 0.241199 -0.291667 -0.861261 -0.416125 -0.369519 -0.765192 -0.527198 -0.437162 -0.647983 -0.623705 -0.492727 -0.512872 -0.702981 -0.412516 -0.204266 -0.887753 -0.53468 -0.363591 -0.762836 0.67243 -0.425743 0.605459 0.668948 -0.56974 0.477394 0.504206 -0.697996 0.508505 0.415836 -0.806969 0.419382 0.315978 -0.893648 0.318672 0.20739 -0.955637 0.209159 0.000574365 -0.999428 0.0338198 0.00628168 -0.999428 0.0332362 -0.357797 -0.861261 -0.360848 -0.4533 -0.765192 -0.457166 -0.53628 -0.647983 -0.540853 -0.604444 -0.512872 -0.609598 -0.556087 -0.204266 -0.805632 -0.655909 -0.363591 -0.661502 0.763985 -0.425743 0.48484 0.740006 -0.56974 0.357474 0.582891 -0.697996 0.41598 0.480731 -0.806969 0.343073 0.365289 -0.893648 0.260688 0.239755 -0.955637 0.171101 0.107597 -0.991225 0.0767868 -0.413634 -0.861261 -0.295189 -0.524041 -0.765192 -0.373982 -0.619971 -0.647983 -0.442442 -0.698772 -0.512872 -0.498678 -0.683784 -0.204266 -0.700511 -0.758269 -0.363591 -0.541138 0.834143 -0.425743 0.350641 0.789775 -0.56974 0.227271 0.644808 -0.697996 0.311487 0.531795 -0.806969 0.256894 0.404091 -0.893648 0.195204 0.265223 -0.955637 0.128121 0.119027 -0.991225 0.0574982 -0.457571 -0.861261 -0.221039 -0.579707 -0.765192 -0.280039 -0.685826 -0.647983 -0.331302 -0.838814 -0.363591 -0.405206 -0.772998 -0.512872 -0.373412 -0.791959 -0.204266 -0.575392 0.880937 -0.425743 0.206622 0.816824 -0.56974 0.0905292 0.688174 -0.697996 0.198034 0.567561 -0.806969 0.163325 0.431268 -0.893648 0.124105 0.28306 -0.955637 0.0814553 0.127032 -0.991225 0.0365555 -0.488345 -0.861261 -0.140529 -0.618695 -0.765192 -0.17804 -0.731952 -0.647983 -0.210631 -0.895229 -0.363591 -0.257617 -0.824986 -0.512872 -0.237404 -0.877526 -0.204266 -0.433847 0.903059 -0.425743 0.0568157 0.820374 -0.56974 -0.0488169 0.711744 -0.697996 0.078883 0.587 -0.806969 0.0650576 0.446038 -0.893648 0.0494347 0.292755 -0.955637 0.0324462 0.131383 -0.991225 0.0145612 -0.50507 -0.861261 -0.0559774 -0.639884 -0.765192 -0.070919 -0.75702 -0.647983 -0.083901 -0.925889 -0.363591 -0.102617 -0.853241 -0.512872 -0.0945653 -0.938042 -0.204266 -0.279917 0.899887 -0.425743 -0.0945821 0.800324 -0.56974 -0.186759 0.714837 -0.697996 -0.0425369 0.589551 -0.806969 -0.0350816 0.447977 -0.893648 -0.0266571 0.294027 -0.955637 -0.0174963 0.131954 -0.991225 -0.00785199 -0.507266 -0.861261 0.0301852 -0.642666 -0.765192 0.0382422 -0.76031 -0.647983 0.0452428 -0.929914 -0.363591 0.0553351 -0.85695 -0.512872 0.0509933 -0.971778 -0.204266 -0.117995 0.871512 -0.425743 -0.243331 0.757249 -0.56974 -0.319328 0.697366 -0.697996 -0.162733 0.575142 -0.806969 -0.134212 0.437028 -0.893648 -0.101982 0.286841 -0.955637 -0.0669354 0.128729 -0.991225 -0.0300393 -0.494868 -0.861261 0.115479 -0.626958 -0.765192 0.146303 -0.741728 -0.647983 0.173085 -0.907186 -0.363591 0.211695 -0.836005 -0.512872 0.195085 -0.977772 -0.204266 0.0472947 0.818728 -0.425743 -0.385264 0.69239 -0.56974 -0.44271 0.659833 -0.697996 -0.278248 0.544187 -0.806969 -0.229481 0.413507 -0.893648 -0.174373 0.271403 -0.955637 -0.114449 0.1218 -0.991225 -0.0513625 -0.468233 -0.861261 0.197451 -0.593215 -0.765192 0.250155 -0.701807 -0.647983 0.295948 -0.85836 -0.363591 0.361966 -0.79101 -0.512872 0.333564 -0.955853 -0.204266 0.211235 -0.906647 -0.204266 0.369144 0.743012 -0.425743 -0.516407 0.607613 -0.56974 -0.553357 0.603318 -0.697996 -0.385758 0.497577 -0.806969 -0.318148 0.37809 -0.893648 -0.241748 0.248157 -0.955637 -0.15867 0.111368 -0.991225 -0.071208 -0.428129 -0.861261 0.273743 -0.542406 -0.765192 0.346811 -0.641697 -0.647983 0.410297 -0.784841 -0.363591 0.501822 -0.72326 -0.512872 0.462448 -0.831557 -0.204266 0.516515 0.646487 -0.425743 -0.633086 0.505355 -0.56974 -0.648084 0.529446 -0.697996 -0.48217 0.436653 -0.806969 -0.397662 0.331796 -0.893648 -0.302168 0.217772 -0.955637 -0.198326 0.0977319 -0.991225 -0.089005 -0.375708 -0.861261 0.34216 -0.475992 -0.765192 0.433489 -0.563126 -0.647983 0.512842 -0.688744 -0.363591 0.627243 -0.634702 -0.512872 0.578028 -0.732729 -0.204266 0.649141 0.531854 -0.425743 -0.732035 0.388559 -0.56974 -0.724167 0.440344 -0.697996 -0.564712 0.363167 -0.806969 -0.465737 0.275956 -0.893648 -0.353896 0.181122 -0.955637 -0.232277 0.0812842 -0.991225 -0.104242 -0.312479 -0.861261 0.400733 -0.468355 -0.647983 0.600634 -0.572832 -0.363591 0.734619 -0.527886 -0.512872 0.676978 -0.395885 -0.765192 0.507697 -0.612983 -0.204266 0.763235 0.402326 -0.425743 -0.81048 0.260585 -0.56974 -0.779418 0.338573 -0.697996 -0.631007 0.279233 -0.806969 -0.520413 0.212178 -0.893648 -0.395442 0.139262 -0.955637 -0.259546 0.0624981 -0.991225 -0.116479 -0.240259 -0.861261 0.447778 -0.360111 -0.647983 0.671147 -0.440441 -0.363591 0.820861 -0.405883 -0.512872 0.756454 -0.30439 -0.765192 0.567299 -0.475737 -0.204266 0.855541 0.261529 -0.425743 -0.866225 0.125115 -0.56974 -0.812246 0.227062 -0.697996 -0.67915 0.187266 -0.806969 -0.560118 0.142296 -0.893648 -0.425612 0.0933953 -0.955637 -0.279348 -0.161129 -0.861261 0.481941 -0.241506 -0.647983 0.722353 -0.29538 -0.363591 0.883489 -0.272203 -0.512872 0.814167 -0.204138 -0.765192 0.610581 -0.32491 -0.204266 0.923423 0.113407 -0.425743 -0.897709 -0.0139555 -0.56974 -0.821707 0.109019 -0.697996 -0.707754 0.0899121 -0.806969 -0.58371 0.0683206 -0.893648 -0.443538 -0.00514946 -0.999428 0.0334304 -0.0773626 -0.861261 0.50224 -0.0980123 -0.765192 0.636298 -0.115955 -0.647983 0.752777 -0.141821 -0.363591 0.9207 -0.130693 -0.512872 0.848459 -0.164807 -0.204266 0.964942 -0.0378907 -0.425743 -0.904051 -0.152624 -0.56974 -0.807529 -0.0121599 -0.697996 -0.715998 -0.0100287 -0.806969 -0.590509 -0.00762041 -0.893648 -0.448705 0.0109322 -0.765192 0.64371 0.0129334 -0.647983 0.761545 0.0158189 -0.363591 0.931424 0.0145773 -0.512872 0.858342 -1.1358e-07 -0.204266 0.978915 -0.188128 -0.425743 -0.885071 -0.286901 -0.56974 -0.77012 -0.132989 -0.697996 -0.703644 -0.109681 -0.806969 -0.58032 0.0369388 -0.980019 0.195442 0.18012 -0.933536 0.309948 0.119563 -0.765192 0.632603 0.141449 -0.647983 0.748405 0.173003 -0.363591 0.915353 0.159428 -0.512872 0.843532 0.166927 -0.204266 0.964578 -0.333095 -0.425743 -0.841303 -0.412925 -0.56974 -0.710556 -0.249993 -0.697996 -0.671048 -0.206178 -0.806969 -0.553436 -0.0461469 -0.991225 -0.12387 0.0118083 -0.999428 0.0316966 0.0694373 -0.980019 0.186388 0.265896 -0.647983 0.713735 0.325209 -0.363591 0.872949 0.299693 -0.512872 0.804455 0.328964 -0.204266 0.921986 -0.468734 -0.425743 -0.773971 -0.52707 -0.56974 -0.63055 -0.359805 -0.697996 -0.619146 -0.378772 -0.806969 -0.453137 -0.0664173 -0.991225 -0.11429 0.0169952 -0.999428 0.029245 0.0999383 -0.980019 0.171972 0.437177 -0.861261 0.259047 0.308407 -0.933536 0.182745 0.38711 -0.861261 0.329205 0.382693 -0.647983 0.658532 0.468061 -0.363591 0.805432 0.431335 -0.512872 0.742235 0.481365 -0.204266 0.852387 -0.591244 -0.425743 -0.684963 -0.626052 -0.56974 -0.532405 -0.459265 -0.697996 -0.549433 -0.188905 -0.955637 -0.225993 -0.0847769 -0.991225 -0.101421 0.0216931 -0.999428 0.0259522 0.127564 -0.980019 0.152609 0.229911 -0.933536 0.275049 0.597447 -0.363591 0.714744 -0.697194 -0.425743 -0.57677 -0.545514 -0.697996 -0.463914 -0.224381 -0.955637 -0.190817 -0.100698 -0.991225 -0.0856351 0.025767 -0.999428 0.0219127 0.15152 -0.980019 0.128855 0.273087 -0.933536 0.232238 0.619666 -0.204266 0.757819 0.709645 -0.363591 0.603494 -0.783618 -0.425743 -0.452422 -0.440239 -0.893648 -0.0870833 -0.590402 -0.806969 -0.0150423 -0.579368 -0.806969 -0.114604 -0.616069 -0.697996 -0.365049 -0.386081 -0.893648 -0.22877 -0.253402 -0.955637 -0.150152 -0.113722 -0.991225 -0.0673852 0.0290997 -0.999428 0.0172429 0.171118 -0.980019 0.101395 0.738546 -0.512872 0.437622 0.711452 -0.647983 0.271946 0.739815 -0.204266 0.641053 0.801429 -0.363591 0.474882 -0.551666 -0.806969 -0.210869 -0.668901 -0.697996 -0.255682 -0.419189 -0.893648 -0.160232 -0.275133 -0.955637 -0.105167 -0.123474 -0.991225 -0.0471969 0.0315952 -0.999428 0.012077 0.185792 -0.980019 0.0710174 0.334855 -0.933536 0.127996 0.474668 -0.861261 0.181438 0.601367 -0.765192 0.229867 0.838293 -0.204266 0.505509 -0.70249 -0.697996 -0.138959 -0.288948 -0.955637 -0.0571567 -0.129674 -0.991225 -0.0256508 0.0331817 -0.999428 0.00656365 0.195122 -0.980019 0.0385969 0.35167 -0.933536 0.0695636 0.498504 -0.861261 0.0986086 0.631565 -0.765192 0.124929 0.747177 -0.647983 0.147799 0.912216 -0.204266 0.355158 -0.448624 -0.893648 -0.0114299 -0.294452 -0.955637 -0.00750207 -0.132144 -0.991225 -0.00336672 0.0338137 -0.999428 0.000861509 0.198838 -0.980019 0.00506592 0.358368 -0.933536 0.00913054 0.507998 -0.861261 0.0129426 0.643594 -0.765192 0.0163975 0.761408 -0.647983 0.0193989 0.858187 -0.512872 0.021865 -0.584452 -0.806969 0.0849526 -0.444102 -0.893648 0.0645522 -0.291484 -0.955637 0.0423685 -0.130812 -0.991225 0.0190141 0.0334729 -0.999428 -0.00486543 0.196834 -0.980019 -0.0286107 0.354756 -0.933536 -0.0515654 0.502878 -0.861261 -0.0730955 0.637107 -0.765192 -0.0926063 0.753734 -0.647983 -0.109559 -0.649952 0 0.759975 -0.673949 0 0.738778 -0.760455 0 0.649391 -0.524944 0 0.851137 -0.568253 0 0.822854 -0.446154 0 0.894956 -0.392677 0 0.919677 -0.258618 0 0.96598 -0.308457 0 0.951238 -0.126924 0 0.991912 -0.157939 0 0.987449 1.68883e-07 0 1 -6.95355e-08 0 1 -0.763504 0 0.645803 -0.837616 0 0.546259 -0.851311 0 0.524661 -0.919732 0 0.392547 -0.897054 0 0.441921 -0.942524 0 0.334138 -0.965962 0 0.258684 -0.974593 0 0.223985 -0.991916 0 0.126899 -1 0 5.96244e-09 -0.993669 0 0.11235 -1 0 5.96244e-09 0.763345 0 0.645991 0.759975 0 0.649952 0.837472 0 0.54648 0.896937 0 0.442158 0.851137 0 0.524944 0.919677 0 0.392677 0.942442 0 0.33437 0.96598 0 0.258618 0.974546 0 0.224189 0.993667 0 0.112366 0.991912 0 0.126924 1 0 5.96244e-09 1 0 5.96244e-09 0.673777 0 0.738934 0.568093 0 0.822964 0.649391 0 0.760455 0.52466 0 0.851312 0.446029 0 0.895019 0.308396 0 0.951258 0.392547 0 0.919732 0.157936 0 0.987449 0.258684 0 0.965962 0.126899 0 0.991916 6.95355e-08 0 1 -1.68883e-07 0 1 -0.156434 0.987688 -2.7137e-17 -6.95355e-08 1 -1.20625e-23 1.68883e-07 1 2.92966e-23 -0.309017 0.951057 -5.36059e-17 -0.157936 0.987449 -2.73975e-17 -0.308397 0.951258 -5.34983e-17 -0.446029 0.895019 -7.73737e-17 -0.568093 0.822964 -9.85484e-17 -0.453991 0.891007 -7.87548e-17 -0.587785 0.809017 -1.01965e-16 -0.673778 0.738934 -1.16882e-16 -0.707107 0.707107 -1.22663e-16 -0.763345 0.645991 -1.32419e-16 -0.809017 0.587785 -1.40342e-16 -0.837472 0.54648 -1.45278e-16 -0.891007 0.45399 -1.54565e-16 -0.896937 0.442158 -1.55594e-16 -0.951057 0.309017 -1.64982e-16 -0.942442 0.33437 -1.63488e-16 -0.987688 0.156435 -1.71337e-16 -0.974546 0.224189 -1.69057e-16 -0.993667 0.112366 -1.72374e-16 -1 5.96244e-09 -1.73472e-16 -1 5.96244e-09 -1.73472e-16 -0.759975 0 -0.649952 -0.851137 0 -0.524944 -0.781831 0 -0.62349 -0.900969 0 -0.433884 -0.846724 0 -0.532032 -0.919677 0 -0.392677 -0.943883 0 -0.330279 -0.96598 0 -0.258618 -0.974928 0 -0.222521 -0.993712 0 -0.111965 -0.991912 0 -0.126924 -1 0 -5.96244e-09 -1 0 -5.96244e-09 -0.707107 -0 -0.707107 -0.62349 -0 -0.781832 -0.649391 -0 -0.760455 -0.524661 -0 -0.851311 -0.532032 -0 -0.846724 -0.392547 -0 -0.919732 -0.433884 -0 -0.900969 -0.330279 -0 -0.943883 -0.258684 -0 -0.965962 -0.222521 -0 -0.974928 -0.126899 -0 -0.991916 1.68883e-07 0 -1 -0.111965 -0 -0.993712 -6.95355e-08 -0 -1 0.649952 0 -0.759975 0.707107 0 -0.707107 0.760455 0 -0.649391 0.524944 0 -0.851137 0.587785 0 -0.809017 0.453991 0 -0.891007 0.392677 0 -0.919677 0.258618 0 -0.96598 0.309017 0 -0.951057 0.126924 0 -0.991912 0.156434 0 -0.987688 -1.68883e-07 0 -1 6.95355e-08 0 -1 0.809017 0 -0.587785 0.851311 0 -0.524661 0.891007 0 -0.45399 0.951057 0 -0.309017 0.919732 0 -0.392547 0.987688 0 -0.156435 0.965962 0 -0.258684 0.991916 0 -0.126899 1 0 -5.96244e-09 1 0 -5.96244e-09 0.781831 0.62349 1.35626e-16 0.837616 0.546259 1.45303e-16 0.846724 0.532032 1.46883e-16 0.897054 0.441921 1.55614e-16 0.900969 0.433884 1.56293e-16 0.943883 0.330279 1.63738e-16 0.942524 0.334138 1.63502e-16 0.974593 0.223985 1.69065e-16 0.974928 0.222521 1.69123e-16 0.993669 0.11235 1.72374e-16 0.993712 0.111965 1.72382e-16 1 5.96244e-09 1.73472e-16 1 5.96244e-09 1.73472e-16 0.763504 0.645803 1.32447e-16 0.707107 0.707107 1.22663e-16 0.62349 0.781832 1.08158e-16 0.673949 0.738778 1.16912e-16 0.568253 0.822854 9.85762e-17 0.532032 0.846724 9.22929e-17 0.433884 0.900969 7.52668e-17 0.446154 0.894956 7.73954e-17 0.330279 0.943883 5.72943e-17 0.308457 0.951238 5.35088e-17 0.222521 0.974928 3.86012e-17 0.157939 0.987449 2.73981e-17 -1.68883e-07 1 -2.92966e-23 0.111965 0.993712 1.94228e-17 6.95355e-08 1 1.20625e-23 -0.453991 0.891007 2.72977e-08 -0.499554 0.857037 -0.126224 -0.587785 0.809017 1.0207e-07 -0.755168 0.604445 -0.253707 -0.765612 0.635081 -0.10252 -0.631543 0.725891 -0.272464 -0.86562 0.493297 -0.0857891 -0.939327 0.336524 -0.0664513 -0.891007 0.453991 1.394e-07 -0.809017 0.587785 3.06513e-08 -0.707107 0.707107 7.03977e-08 -0.642342 0.757568 -0.116137 -0.951057 0.309017 2.68403e-07 -0.984493 0.169527 -0.0450943 -0.855849 0.464634 -0.227241 -0.83328 0.417685 -0.362193 -0.930525 0.310705 -0.193871 -1 2.10158e-08 -3.06619e-08 -0.987688 0.156434 2.53089e-07 -0.341588 0.930466 -0.132476 -0.309017 0.951057 8.17853e-08 -0.488728 0.825281 -0.282942 -0.173243 0.975624 -0.134704 -6.4282e-06 0.991432 -0.13062 8.12065e-06 0.965981 -0.258612 -0.156434 0.987688 -7.02028e-09 -0.731046 0.554266 -0.397946 -0.6066 0.674005 -0.421608 -0.568159 0.603251 -0.559718 7.57256e-09 1 -8.59648e-08 -0.463723 0.773265 -0.43246 -0.798496 0.353664 -0.487161 -0.693869 0.485838 -0.531514 -0.644596 0.40093 -0.650962 -0.425185 0.702334 -0.570915 -0.37411 0.614319 -0.694733 -0.455072 0.412885 -0.788946 -0.383347 0.29819 -0.874144 -0.584501 0.301733 -0.753204 -0.303888 0.174331 -0.936622 -0.438289 0.071023 -0.896024 -0.515135 0.190809 -0.8356 -0.160254 0.272341 -0.948762 -0.239912 0.39651 -0.886128 0.000121105 0.258786 -0.965935 -0.0749004 0.142192 -0.987001 -9.63482e-08 1.354e-07 -1 -0.111928 -0.000135131 -0.993716 6.51584e-05 0.130505 -0.991448 -0.218747 0.0445061 -0.974766 4.78966e-05 0.92395 -0.382512 -0.16334 0.946577 -0.278051 -0.140469 0.898999 -0.414813 6.72853e-05 0.866078 -0.499909 5.00757e-05 0.793373 -0.608736 -0.105219 0.834119 -0.541456 -0.331064 0.899595 -0.284824 -0.976928 0.147336 -0.15461 -0.993664 0.000198332 -0.112391 -0.311816 0.511492 -0.800716 -0.517211 0.515455 -0.683227 -0.306756 0.849031 -0.430171 -0.910195 0.268414 -0.315435 -0.959454 0.110987 -0.259093 -0.97488 0.000445035 -0.222729 -0.0585011 0.753613 -0.65471 -0.269293 0.780078 -0.564765 -0.932524 0.06142 -0.355846 -0.837335 0.139183 -0.528676 -0.900972 0.000182647 -0.433876 -0.878862 0.210744 -0.428006 1.86969e-08 0.707107 -0.707107 -0.219642 0.694517 -0.68513 -0.752396 0.274222 -0.598917 -0.943888 0.000290238 -0.330267 -0.159086 0.594558 -0.788158 -0.69617 0.181412 -0.694576 -0.786687 0.0555802 -0.614845 -0.84677 0.000420422 -0.531959 9.48957e-05 0.608774 -0.793344 0.000149087 0.499992 -0.86603 -0.0891866 0.482783 -0.871187 0.00015435 0.382655 -0.923891 -0.63127 0.0776309 -0.771668 -0.707107 -6.03646e-08 -0.707107 -0.78189 0.000353697 -0.623416 -0.532093 0.000258613 -0.846686 -0.623535 0.000215525 -0.781795 -0.3303 7.92398e-05 -0.943876 -0.433917 0.000129713 -0.900953 -0.22257 0.000180736 -0.974917 0.453991 -2.72977e-08 -0.891007 0.499554 0.126224 -0.857037 0.587785 -1.0207e-07 -0.809017 0.755168 0.253707 -0.604445 0.765612 0.10252 -0.635081 0.631543 0.272464 -0.725891 0.86562 0.0857891 -0.493297 0.939327 0.0664513 -0.336524 0.891007 -1.394e-07 -0.453991 0.809017 -3.06513e-08 -0.587785 0.707107 -7.03977e-08 -0.707107 0.642342 0.116137 -0.757568 0.951057 -2.68403e-07 -0.309017 0.984493 0.0450943 -0.169527 0.855849 0.227241 -0.464634 0.83328 0.362193 -0.417685 0.930525 0.193871 -0.310705 1 3.06619e-08 -2.10158e-08 0.987688 -2.53089e-07 -0.156434 0.341588 0.132476 -0.930466 0.309017 -8.17853e-08 -0.951057 0.488728 0.282942 -0.825281 0.173243 0.134704 -0.975624 6.4282e-06 0.13062 -0.991432 -8.12065e-06 0.258612 -0.965981 0.156434 7.02028e-09 -0.987688 0.731046 0.397946 -0.554266 0.6066 0.421608 -0.674005 0.568159 0.559718 -0.603251 -7.57256e-09 8.59648e-08 -1 0.463723 0.43246 -0.773265 0.798496 0.487161 -0.353664 0.693869 0.531514 -0.485838 0.644596 0.650962 -0.40093 0.425185 0.570915 -0.702334 0.37411 0.694733 -0.614319 0.455072 0.788946 -0.412885 0.383347 0.874144 -0.29819 0.584501 0.753204 -0.301733 0.303888 0.936622 -0.174331 0.438289 0.896024 -0.071023 0.515135 0.8356 -0.190809 0.160254 0.948762 -0.272341 0.239912 0.886128 -0.39651 -0.000121105 0.965935 -0.258786 0.0749004 0.987001 -0.142192 9.63482e-08 1 -1.354e-07 0.111928 0.993716 0.000135131 -6.51584e-05 0.991448 -0.130505 0.218747 0.974766 -0.0445061 -4.78966e-05 0.382512 -0.92395 0.16334 0.278051 -0.946577 0.140469 0.414813 -0.898999 -6.72853e-05 0.499909 -0.866078 -5.00757e-05 0.608736 -0.793373 0.105219 0.541456 -0.834119 0.331064 0.284824 -0.899595 0.976928 0.15461 -0.147336 0.993664 0.112391 -0.000198332 0.311816 0.800716 -0.511492 0.517211 0.683227 -0.515455 0.306756 0.430171 -0.849031 0.910195 0.315435 -0.268414 0.959454 0.259093 -0.110987 0.97488 0.222729 -0.000445035 0.0585011 0.65471 -0.753613 0.269293 0.564765 -0.780078 0.932524 0.355846 -0.06142 0.837335 0.528676 -0.139183 0.900972 0.433876 -0.000182647 0.878862 0.428006 -0.210744 -1.86969e-08 0.707107 -0.707107 0.219642 0.68513 -0.694517 0.752396 0.598917 -0.274222 0.943888 0.330267 -0.000290238 0.159086 0.788158 -0.594558 0.69617 0.694576 -0.181412 0.786687 0.614845 -0.0555802 0.84677 0.531959 -0.000420422 -9.48957e-05 0.793344 -0.608774 -0.000149087 0.86603 -0.499992 0.0891866 0.871187 -0.482783 -0.00015435 0.923891 -0.382655 0.63127 0.771668 -0.0776309 0.707107 0.707107 6.03646e-08 0.78189 0.623416 -0.000353697 0.532093 0.846686 -0.000258613 0.623535 0.781795 -0.000215525 0.3303 0.943876 -7.92398e-05 0.433917 0.900953 -0.000129713 0.22257 0.974917 -0.000180736 0 0.707107 -0.707107 0 0.707107 -0.707107 0 0.793353 -0.608761 0 0.866025 -0.5 0 0.793353 -0.608761 0 0.92388 -0.382683 0 0.866025 -0.5 0 0.92388 -0.382683 0 0.965926 -0.258819 0 0.991445 -0.130526 0 0.965926 -0.258819 0 1 -6.95355e-08 0 0.991445 -0.130526 0 1 1.68883e-07 0 0.608761 -0.793353 0 0.5 -0.866025 0 0.608761 -0.793353 0 0.5 -0.866025 0 0.382683 -0.92388 0 0.258819 -0.965926 0 0.382683 -0.92388 0 0.130526 -0.991445 0 0.258819 -0.965926 0 0.130526 -0.991445 0 5.96244e-09 -1 0 5.96244e-09 -1 0 1.0842e-16 -1 0 1.0842e-16 -1 0 1.0842e-16 -1 0 1.0842e-16 -1 0 1 2.1684e-16 0 1 2.1684e-16 0 1 2.1684e-16 0 1 2.1684e-16 0 -0.0825793 0.996584 0 -0.0825793 0.996584 0 0.0825795 0.996584 0 -0.245486 0.9694 0 -0.245486 0.9694 0 -0.401695 0.915773 0 -0.401695 0.915773 0 -0.546948 0.837166 0 -0.546948 0.837166 0 -0.677282 0.735724 0 -0.677282 0.735724 0 -0.789141 0.614213 0 -0.789141 0.614213 0 -0.879474 0.475947 0 -0.879474 0.475947 0 -0.945817 0.3247 0 -0.945817 0.3247 0 -0.986361 0.164595 0 -0.986361 0.164595 0 -1 4.37114e-08 0 -1 4.37114e-08 0 0.0825795 0.996584 0 0.245486 0.9694 0 0.245486 0.9694 0 0.401695 0.915773 0 0.401695 0.915773 0 0.546948 0.837166 0 0.546948 0.837166 0 0.677281 0.735724 0 0.677281 0.735724 0 0.789141 0.614213 0 0.789141 0.614213 0 0.879474 0.475947 0 0.879474 0.475947 0 0.945817 0.3247 0 0.945817 0.3247 0 0.986361 0.164595 0 0.986361 0.164595 0 1 -1.19249e-08 0 1 -1.19249e-08 0 -1 0 0 -1 0 0 -1 0 0 -1 0 0 0 1 0 0 1 0 0 1 0 0 1 0 0.996584 0.0825794 0 0.996584 -0.0825794 0 0.996584 -0.0825794 0 8.74228e-08 1 0 -0.164595 0.986361 0 8.74228e-08 1 0 0.9694 -0.245485 0 0.9694 -0.245486 0 0.915773 -0.401695 0 0.915773 -0.401695 0 0.837166 -0.546948 0 0.837166 -0.546948 0 0.735724 -0.677282 0 0.735724 -0.677282 0 0.614213 -0.78914 0 0.614213 -0.789141 0 0.475947 -0.879474 0 0.475948 -0.879474 0 0.324699 -0.945817 0 0.3247 -0.945817 0 0.164595 -0.986361 0 0.164595 -0.986361 -0 -1.74846e-07 -1 0 3.01992e-07 -1 0 0.996584 0.0825794 0 0.9694 0.245486 0 0.9694 0.245486 0 0.915773 0.401695 0 0.915773 0.401695 0 0.837167 0.546948 0 0.837167 0.546948 0 0.735724 0.677282 0 0.735724 0.677282 0 0.614213 0.78914 0 0.614213 0.78914 0 0.475947 0.879474 0 0.475947 0.879474 0 0.324699 0.945817 0 0.324699 0.945817 0 0.164595 0.986361 0 0.164595 0.986361 0 -0.3247 0.945817 0 -0.324699 0.945817 0 -0.164595 0.986361 0 -0.735724 0.677282 0 -0.735724 0.677282 0 -0.614213 0.789141 0 -0.475947 0.879474 0 -0.614213 0.78914 0 -0.475947 0.879474 0 -0.915773 0.401695 0 -0.9694 0.245485 0 -0.9694 0.245485 0 -0.837166 0.546948 0 -0.837166 0.546948 0 -0.915773 0.401695 -0 -0.9694 -0.245485 -0 -0.996584 -0.0825794 -0 -0.9694 -0.245485 -0 -0.996584 -0.0825794 0 -0.996584 0.0825792 0 -0.996584 0.0825794 -0 -0.735724 -0.677282 -0 -0.735724 -0.677282 -0 -0.837166 -0.546948 -0 -0.915773 -0.401695 -0 -0.837166 -0.546948 -0 -0.915773 -0.401695 -0 -0.475947 -0.879474 -0 -0.614213 -0.789141 -0 -0.614213 -0.789141 -0 -0.475947 -0.879474 -0 -0.324699 -0.945817 -0 -0.324699 -0.945817 -0 -0.164595 -0.986361 -0 -0.164595 -0.986361 1 0 0 1 0 0 1 0 0 1 0 0 1 0 0 1 0 0 1 0 0 1 0 0 1 0 0 1 0 0 1 0 0 1 0 0 1 0 0 1 0 0 1 0 0 1 0 0 1 0 0 1 0 0 1 0 0 1 0 0 1 0 0 1 0 0 1 0 0 1 0 0 1 0 0 1 0 0 1 0 0 1 0 0 1 0 0 1 0 0 1 0 0 1 0 0 1 0 0 1 0 0 1 0 0 1 0 0 1 0 0 1 0 0 1 0 0 1 0 0 1 0 0 1 0 0 1 0 0 1 0 0 1 0 0 1 0 0 1 0 0 1 0 0 1 0 0 1 0 0 1 0 0 1 0 0 1 0 0 1 0 0 1 0 0 1 0 0 1 0 0 1 0 0 1 0 0 1 0 0 1 0 0 1 0 0 1 0 0 1 0 0 1 0 0 1 0 0 1 0 0 1 0 0 1 0 0 1 0 0 1 0 0 1 0 0 1 0 0 1 0 0 1 0 0 1 0 0 1 0 0 1 0 0 1 0 0 1 0 0 1 0 0 1 0 0 -1 -0 -0 -1 -0 -0 -1 -0 -0 -1 -0 -0 -1 -0 -0 -1 -0 -0 -1 -0 -0 -1 -0 -0 -1 -0 -0 -1 -0 -0 -1 -0 -0 -1 -0 -0 -1 -0 -0 -1 -0 -0 -1 -0 -0 -1 -0 -0 -1 -0 -0 -1 -0 -0 -1 -0 -0 -1 -0 -0 -1 -0 -0 -1 -0 -0 -1 -0 -0 -1 -0 -0 -1 -0 -0 -1 -0 -0 -1 -0 -0 -1 -0 -0 -1 -0 -0 -1 -0 -0 -1 -0 -0 -1 -0 -0 -1 -0 -0 -1 -0 -0 -1 -0 -0 -1 -0 -0 -1 -0 -0 -1 -0 -0 -1 -0 -0 -1 -0 -0 -1 -0 -0 -1 -0 -0 -1 -0 -0 -1 -0 -0 -1 -0 -0 -1 -0 -0 -1 -0 -0 -1 -0 -0 -1 -0 -0 -1 -0 -0 -1 -0 -0 -1 -0 -0 -1 -0 -0 -1 -0 -0 -1 -0 -0 -1 -0 -0 -1 -0 -0 -1 -0 -0 -1 -0 -0 -1 -0 -0 -1 -0 -0 -1 -0 -0 -1 -0 -0 -1 -0 -0 -1 -0 -0 -1 -0 -0 -1 -0 -0 -1 -0 -0 -1 -0 -0 -1 -0 -0 -1 -0 -0 -1 -0 -0 -1 -0 -0 -1 -0 -0 -1 -0 -0 -1 -0 -0 -1 -0 -0 -1 -0 -0 -1 -0 -0 -1 -0 -0 -1 -0 -0 -1 -0 -0 0 1.0842e-16 -1 0 1.0842e-16 -1 0 1.0842e-16 -1 0 1.0842e-16 -1 0 1 2.1684e-16 0 1 2.1684e-16 0 1 2.1684e-16 0 1 2.1684e-16 0 0.0825793 0.996584 0 0.0825793 0.996584 0 -0.0825795 0.996584 0 0.245486 0.9694 0 0.245486 0.9694 0 0.401695 0.915773 0 0.401695 0.915773 0 0.546948 0.837166 0 0.546948 0.837166 0 0.677282 0.735724 0 0.677282 0.735724 0 0.789141 0.614213 0 0.789141 0.614213 0 0.879474 0.475947 0 0.879474 0.475947 0 0.945817 0.3247 0 0.945817 0.3247 0 0.986361 0.164595 0 0.986361 0.164595 0 1 4.37114e-08 0 1 4.37114e-08 0 -0.0825795 0.996584 0 -0.245486 0.9694 0 -0.245486 0.9694 0 -0.401695 0.915773 0 -0.401695 0.915773 0 -0.546948 0.837166 0 -0.546948 0.837166 0 -0.677281 0.735724 0 -0.677281 0.735724 0 -0.789141 0.614213 0 -0.789141 0.614213 0 -0.879474 0.475947 0 -0.879474 0.475947 0 -0.945817 0.3247 0 -0.945817 0.3247 0 -0.986361 0.164595 0 -0.986361 0.164595 0 -1 -1.19249e-08 0 -1 -1.19249e-08 -0 -1 -0 -0 -1 -0 -0 -1 -0 -0 -1 -0 0 0 1 0 0 1 0 0 1 0 0 1 0 0.33314 0.942877 0 0.169001 0.985616 0 0.33314 0.942877 0 -1.74846e-07 1 0 0.169001 0.985616 0 3.01992e-07 1 0 0.62822 0.778036 0 0.750672 0.660675 0 0.750672 0.660675 0 0.62822 0.778036 0 0.487695 0.873014 0 0.487695 0.873014 0 0.977555 0.210679 0 0.927889 0.372856 0 0.977555 0.210679 0 0.927889 0.372857 0 0.851529 0.524307 0 0.851529 0.524307 0 0.956167 -0.292823 0 0.956167 -0.292823 0 0.9919 -0.127018 0 0.999099 0.0424415 0 0.9919 -0.127018 0 0.999099 0.042441 0 0.803997 -0.594633 0 0.691939 -0.721956 0 0.691939 -0.721956 0 0.892926 -0.450204 0 0.892926 -0.450204 0 0.803997 -0.594633 0 0.251978 -0.967733 0 0.411901 -0.911228 0 0.251978 -0.967733 0 0.411901 -0.911228 0 0.559975 -0.82851 0 0.559975 -0.82851 -0 -0.251978 -0.967733 -0 -0.251978 -0.967733 -0 -0.0848059 -0.996397 0 0.0848059 -0.996397 -0 -0.0848059 -0.996397 0 0.0848059 -0.996397 -0 -0.559975 -0.82851 -0 -0.691939 -0.721956 -0 -0.691939 -0.721956 -0 -0.411901 -0.911228 -0 -0.411901 -0.911229 -0 -0.559975 -0.82851 -0 -0.956167 -0.292823 -0 -0.892926 -0.450204 -0 -0.956167 -0.292823 -0 -0.892926 -0.450204 -0 -0.803997 -0.594633 -0 -0.803997 -0.594633 0 -0.977555 0.210679 0 -0.999099 0.0424412 0 -0.999099 0.0424412 -0 -0.9919 -0.127018 -0 -0.9919 -0.127018 0 -0.977555 0.210679 0 -0.927889 0.372857 0 -0.927889 0.372856 0 -0.851529 0.524307 0 -0.750672 0.660675 0 -0.851529 0.524307 0 -0.750672 0.660675 0 -0.62822 0.778036 0 -0.62822 0.778036 0 -0.487695 0.873014 0 -0.33314 0.942877 0 -0.487695 0.873014 0 -0.33314 0.942877 0 -0.169001 0.985616 0 -0.169001 0.985616 -1 -0 -0 -1 -0 -0 -1 -0 -0 -1 -0 -0 -1 -0 -0 -1 -0 -0 -1 -0 -0 -1 -0 -0 -1 -0 -0 -1 -0 -0 -1 -0 -0 -1 -0 -0 -1 -0 -0 -1 -0 -0 -1 -0 -0 -1 -0 -0 -1 -0 -0 -1 -0 -0 -1 -0 -0 -1 -0 -0 -1 -0 -0 -1 -0 -0 -1 -0 -0 -1 -0 -0 -1 -0 -0 -1 -0 -0 -1 -0 -0 -1 -0 -0 -1 -0 -0 -1 -0 -0 -1 -0 -0 -1 -0 -0 -1 -0 -0 -1 -0 -0 -1 -0 -0 -1 -0 -0 -1 -0 -0 -1 -0 -0 -1 -0 -0 -1 -0 -0 -1 -0 -0 -1 -0 -0 -1 -0 -0 -1 -0 -0 -1 -0 -0 -1 -0 -0 -1 -0 -0 -1 -0 -0 -1 -0 -0 -1 -0 -0 -1 -0 -0 -1 -0 -0 -1 -0 -0 -1 -0 -0 -1 -0 -0 -1 -0 -0 -1 -0 -0 -1 -0 -0 -1 -0 -0 -1 -0 -0 -1 -0 -0 -1 -0 -0 -1 -0 -0 -1 -0 -0 -1 -0 -0 -1 -0 -0 -1 -0 -0 -1 -0 -0 -1 -0 -0 -1 -0 -0 -1 -0 -0 -1 -0 -0 -1 -0 -0 -1 -0 -0 -1 -0 -0 -1 -0 -0 -1 -0 -0 -1 -0 -0 -1 -0 -0 -1 -0 -0 -1 -0 -0 1 0 0 1 0 0 1 0 0 1 0 0 1 0 0 1 0 0 1 0 0 1 0 0 1 0 0 1 0 0 1 0 0 1 0 0 1 0 0 1 0 0 1 0 0 1 0 0 1 0 0 1 0 0 1 0 0 1 0 0 1 0 0 1 0 0 1 0 0 1 0 0 1 0 0 1 0 0 1 0 0 1 0 0 1 0 0 1 0 0 1 0 0 1 0 0 1 0 0 1 0 0 1 0 0 1 0 0 1 0 0 1 0 0 1 0 0 1 0 0 1 0 0 1 0 0 1 0 0 1 0 0 1 0 0 1 0 0 1 0 0 1 0 0 1 0 0 1 0 0 1 0 0 1 0 0 1 0 0 1 0 0 1 0 0 1 0 0 1 0 0 1 0 0 1 0 0 1 0 0 1 0 0 1 0 0 1 0 0 1 0 0 1 0 0 1 0 0 1 0 0 1 0 0 1 0 0 1 0 0 1 0 0 1 0 0 1 0 0 1 0 0 1 0 0 1 0 0 1 0 0 1 0 0 1 0 0 1 0 0 1 0 0 0 -0.156435 0.987688 0 -5.96244e-09 1 0 -5.96244e-09 1 0 -0.587785 0.809017 0 -0.45399 0.891007 0 -0.45399 0.891007 0 -0.309017 0.951057 0 -0.156435 0.987688 0 -0.309017 0.951057 0 -0.809017 0.587785 0 -0.891007 0.453991 0 -0.809017 0.587785 0 -0.587785 0.809017 0 -0.707107 0.707107 0 -0.707107 0.707107 0 -0.951057 0.309017 0 -0.987688 0.156435 0 -0.951057 0.309017 0 -0.891007 0.453991 0 -1 6.95355e-08 0 -0.987688 0.156434 -0 -1 -1.68883e-07 0 -0.987688 0.156435 0 -1 5.96244e-09 0 -1 5.96244e-09 0 -0.809017 0.587785 0 -0.891007 0.45399 0 -0.891007 0.45399 0 -0.951057 0.309017 0 -0.987688 0.156435 0 -0.951057 0.309017 0 -0.587785 0.809017 0 -0.453991 0.891007 0 -0.587785 0.809017 0 -0.809017 0.587785 0 -0.707107 0.707107 0 -0.707107 0.707107 0 -0.309017 0.951057 0 -0.156435 0.987688 0 -0.309017 0.951057 0 -0.453991 0.891007 0 -6.95355e-08 1 0 -0.156434 0.987688 0 1.68883e-07 1 0 0.587785 -0.809017 0 0.707107 -0.707107 0 0.707107 -0.707107 0 0.453991 -0.891007 0 0.587785 -0.809017 0 0.453991 -0.891007 0 0.309017 -0.951057 0 0.156435 -0.987688 0 0.309017 -0.951057 0 6.95355e-08 -1 0 0.156434 -0.987688 -0 -1.68883e-07 -1 0 0.809017 -0.587785 0 0.809017 -0.587785 0 0.891007 -0.45399 0 0.951057 -0.309017 0 0.891007 -0.45399 0 0.987688 -0.156435 0 0.951057 -0.309017 0 0.987688 -0.156435 0 1 -5.96244e-09 0 1 -5.96244e-09 0 0.809017 -0.587785 0 0.707107 -0.707107 0 0.707107 -0.707107 0 0.891007 -0.453991 0 0.809017 -0.587785 0 0.891007 -0.453991 0 0.951057 -0.309017 0 0.987688 -0.156435 0 0.951057 -0.309017 0 1 -6.95355e-08 0 0.987688 -0.156434 0 1 1.68883e-07 0 0.587785 -0.809017 0 0.587785 -0.809017 0 0.45399 -0.891007 0 0.309017 -0.951057 0 0.45399 -0.891007 0 0.156435 -0.987688 0 0.309017 -0.951057 0 0.156435 -0.987688 0 5.96244e-09 -1 0 5.96244e-09 -1</float_array>
          <technique_common>
            <accessor count="2669" source="#ID14" stride="3">
              <param name="X" type="float"/>
              <param name="Y" type="float"/>
              <param name="Z" type="float"/>
            </accessor>
          </technique_common>
        </source>
        <vertices id="ID15">
          <input semantic="POSITION" source="#ID11"/>
          <input semantic="NORMAL" source="#ID13"/>
        </vertices>
        <triangles count="3910" material="ID16">
          <input offset="0" semantic="VERTEX" source="#ID15"/>
          <p>0 1 2 0 3 4 2 3 0 0 5 6 4 5 0 7 8 6 0 6 8 9 8 10 8 7 10 8 9 11 8 11 12 13 14 15 15 14 16 15 16 17 18 15 19 18 13 15 20 21 19 19 15 20 20 22 23 21 20 23 24 25 20 22 20 25 26 27 28 28 27 29 28 29 30 31 28 32 31 26 28 33 34 32 32 28 33 33 35 36 34 33 36 37 38 33 35 33 38 39 40 41 39 42 43 41 42 39 39 44 45 43 44 39 46 47 45 39 45 47 48 47 49 47 46 49 47 48 50 47 50 51 52 53 54 54 55 52 56 55 57 58 56 59 56 52 55 60 53 52 56 57 59 61 58 59 59 54 61 60 62 53 54 53 61 58 62 60 61 63 58 58 63 62 64 65 66 67 68 69 70 65 71 65 70 66 72 65 73 65 74 75 65 76 77 73 65 77 78 79 80 78 76 65 81 82 83 78 81 79 84 85 86 87 64 88 78 82 81 89 90 91 92 93 94 94 95 92 96 97 93 93 97 94 98 93 99 98 96 93 93 100 101 99 93 101 102 93 103 93 102 100 103 104 105 102 103 105 106 107 103 103 107 104 103 108 109 109 106 103 110 108 111 108 110 109 111 112 113 110 111 113 112 114 69 114 112 111 69 114 67 66 115 64 116 64 87 115 88 64 117 118 119 120 121 122 122 123 120 124 117 119 125 126 127 128 129 130 128 117 124 131 128 132 130 132 128 71 65 75 83 82 133 84 86 133 76 78 80 85 91 90 89 134 135 83 133 86 92 136 134 136 92 95 136 135 134 135 90 89 85 84 91 74 65 72 128 137 138 137 128 131 139 140 126 139 126 141 126 142 143 140 142 126 125 144 126 143 127 126 141 126 128 119 118 145 121 145 118 124 129 128 123 146 147 148 149 147 120 145 121 150 149 116 150 116 87 149 148 116 147 146 148 123 122 146 138 141 128 151 152 153 154 155 156 157 158 159 160 154 156 161 155 154 162 163 160 160 156 164 160 163 165 161 154 166 159 158 166 162 160 164 157 153 152 151 167 168 161 166 158 144 169 167 169 144 125 169 168 167 168 152 151 157 159 153 170 171 165 170 165 163 172 173 165 172 165 171 174 175 165 174 165 173 165 176 177 176 165 175 177 178 179 176 178 177 180 177 181 179 181 177 182 183 184 185 184 180 185 180 181 184 183 180 68 182 69 182 68 183 186 187 188 189 190 191 192 193 194 195 196 197 198 199 200 201 202 203 204 205 206 207 208 209 210 211 212 213 214 215 216 217 218 219 220 221 222 223 224 225 226 227 228 229 230 231 232 233 234 235 236 237 238 239 240 241 242 243 241 244 240 245 246 245 240 242 247 248 246 246 245 247 249 248 250 247 250 248 249 251 252 251 249 250 253 254 252 252 251 253 255 254 256 253 256 254 255 257 258 257 255 256 259 189 258 258 257 259 241 243 242 259 260 189 234 236 244 244 236 243 239 235 237 237 235 234 229 238 230 229 239 238 228 230 233 232 231 222 228 233 232 223 226 224 231 223 222 227 218 225 226 225 224 219 217 216 216 218 227 211 221 220 221 217 219 210 212 215 211 220 212 214 213 204 210 215 214 205 208 206 213 205 204 209 200 207 208 207 206 201 199 198 198 200 209 193 203 202 203 199 201 192 194 195 193 202 194 197 196 188 192 195 197 186 191 187 196 186 188 189 260 190 191 190 187 261 262 263 264 265 266 265 267 268 269 270 271 272 273 270 274 275 276 277 278 279 280 279 281 264 282 283 272 284 278 285 286 275 287 288 289 290 291 288 292 293 294 295 296 297 298 299 300 301 302 303 304 305 306 307 308 309 310 311 312 313 314 315 316 317 318 319 320 321 322 323 315 324 325 326 325 327 328 329 330 331 332 329 333 334 335 336 337 334 331 295 338 339 340 341 342 343 295 339 344 345 346 296 295 343 347 296 343 347 348 296 348 349 350 350 349 351 352 350 351 353 352 351 353 354 355 355 354 356 357 358 349 356 359 280 340 360 361 362 363 364 365 366 367 360 366 368 324 369 333 367 364 370 371 372 362 373 345 336 357 342 374 375 339 344 343 339 375 358 376 351 347 349 348 377 343 375 353 378 354 357 349 347 358 351 349 354 379 359 352 353 355 353 376 378 359 356 354 339 338 344 347 377 357 377 347 343 346 375 344 374 380 358 381 375 346 376 382 378 342 357 377 374 358 357 378 383 379 351 376 353 376 380 382 379 354 378 338 345 344 321 384 371 377 381 342 381 377 375 373 346 345 341 385 374 386 346 373 380 387 382 340 342 381 341 374 342 382 388 383 358 380 376 380 385 387 383 378 382 338 336 345 327 389 390 381 386 340 386 381 346 335 373 336 361 391 341 392 373 335 385 393 387 360 340 386 361 341 340 387 394 388 374 385 380 385 391 393 388 382 387 338 334 336 323 395 389 386 392 360 392 386 373 337 335 334 368 396 361 397 335 337 391 398 393 366 360 392 368 361 360 393 399 394 341 391 385 391 396 398 394 387 393 338 331 334 400 319 401 392 397 366 397 392 335 330 337 331 365 402 368 403 337 330 396 404 398 367 366 397 365 368 366 404 399 398 361 396 391 396 402 404 399 393 398 338 329 331 401 405 406 397 403 367 403 397 337 332 330 329 370 407 365 408 330 332 402 409 404 364 367 403 370 365 367 409 410 404 368 402 396 402 407 409 399 404 410 338 333 329 405 318 411 403 408 364 408 403 330 369 332 333 363 412 370 413 332 369 407 414 409 362 364 408 363 370 364 414 415 409 365 407 402 407 412 414 410 409 415 338 324 333 416 313 417 408 413 362 413 408 332 326 369 324 372 418 363 419 369 326 412 420 414 371 362 413 372 363 362 420 421 414 370 412 407 412 418 420 415 414 421 338 325 324 417 307 422 413 419 371 419 413 369 328 326 325 384 423 372 424 326 328 418 425 420 321 371 419 384 372 371 425 426 420 363 418 412 418 423 425 421 420 426 338 327 325 427 428 316 419 424 321 424 419 326 390 328 327 320 429 384 430 328 390 423 431 425 319 321 424 320 384 321 431 432 425 372 423 418 423 429 431 426 425 432 338 389 327 433 427 312 424 430 319 430 424 328 395 390 389 400 434 320 435 390 395 429 436 431 401 319 430 400 320 319 436 437 431 384 429 423 429 434 436 432 431 437 338 323 389 438 439 308 430 435 401 435 430 390 322 395 323 406 440 400 441 395 322 434 442 436 405 401 435 406 400 401 442 443 436 320 434 429 434 440 442 437 436 443 338 315 323 444 438 263 435 441 405 441 435 395 314 322 315 411 445 406 446 322 314 440 447 442 318 405 441 411 406 405 447 448 442 400 440 434 440 445 447 443 442 448 338 313 315 310 449 450 441 446 318 446 441 322 416 314 313 317 451 411 452 314 416 445 453 447 316 318 446 317 411 318 453 454 447 406 445 440 445 451 453 448 447 454 338 417 313 301 455 449 446 452 316 452 446 314 422 416 417 428 456 317 457 416 422 451 458 453 427 316 452 428 317 316 458 459 453 411 451 445 451 456 458 454 453 459 338 307 417 261 460 461 452 457 427 457 452 416 309 422 307 433 462 428 463 422 309 456 464 458 312 427 457 433 428 427 464 465 458 317 456 451 456 462 464 459 458 465 338 308 307 306 466 460 457 463 312 463 457 422 439 309 308 311 467 433 468 309 439 462 469 464 310 312 463 311 433 312 469 470 464 428 462 456 462 467 469 465 464 470 338 438 308 471 302 472 463 468 310 468 463 309 444 439 438 450 473 311 474 439 444 467 475 469 449 310 468 450 311 310 475 476 469 433 467 462 467 473 475 470 469 476 438 338 263 472 300 477 468 474 449 474 468 439 262 444 263 455 478 450 479 444 262 473 480 475 301 449 474 455 450 449 480 481 475 311 473 467 473 478 480 476 475 481 263 338 261 482 304 483 474 479 301 479 474 444 461 262 261 303 484 455 485 262 461 478 486 480 302 301 479 303 455 301 486 487 480 450 478 473 478 484 486 481 480 487 261 338 460 295 297 338 479 485 302 485 479 262 466 461 460 471 488 303 489 461 466 484 490 486 472 302 485 471 303 302 486 491 492 455 484 478 484 488 490 487 486 492 460 338 306 294 493 483 485 489 472 489 485 461 305 466 306 477 494 471 495 466 305 488 496 490 300 472 489 477 471 472 490 497 491 303 488 484 488 494 496 491 486 490 306 338 304 498 298 291 489 495 300 495 489 466 482 305 304 299 499 477 500 305 482 494 501 496 298 300 495 299 477 300 496 502 497 471 494 488 494 499 501 497 490 496 304 338 483 286 503 292 495 500 298 500 495 305 493 482 483 498 504 299 505 482 493 499 506 501 291 298 500 498 299 298 501 507 502 477 499 494 499 504 506 502 496 501 483 338 294 289 283 508 500 505 291 505 500 482 293 493 294 290 509 498 510 493 293 504 511 506 288 291 505 290 498 291 506 512 507 299 504 499 504 509 511 507 501 506 294 338 292 513 267 264 505 510 288 510 505 493 293 292 503 287 514 290 515 293 503 509 516 511 289 288 510 287 290 288 511 517 512 498 509 504 509 514 516 512 506 511 292 338 286 518 519 276 510 515 289 515 510 293 286 285 503 508 520 287 513 503 285 514 521 516 283 289 515 508 287 289 516 522 517 290 514 509 514 520 521 517 511 516 286 338 275 518 523 524 515 513 283 513 515 503 285 275 274 282 525 508 285 274 267 520 526 521 264 283 513 282 508 283 521 527 522 287 520 514 520 525 526 522 516 521 275 338 276 523 528 529 271 265 530 267 513 285 519 274 276 266 531 282 274 268 267 525 532 526 265 264 267 266 282 264 526 533 527 508 525 520 525 531 532 527 521 526 276 338 518 534 535 536 535 530 268 519 268 274 519 518 524 271 537 266 268 519 535 531 538 532 265 268 530 271 266 265 532 539 533 282 531 525 531 537 538 533 526 532 518 338 523 540 528 541 269 530 534 524 535 519 529 524 523 542 543 544 536 535 524 537 273 538 535 534 530 269 271 530 538 545 539 266 537 531 537 270 273 539 532 538 523 338 528 546 541 547 536 548 549 529 536 524 528 540 529 534 549 542 529 548 536 269 542 284 534 536 549 269 534 542 273 550 545 271 270 537 270 284 272 545 538 273 528 338 541 297 551 547 552 548 540 540 548 529 540 546 552 553 549 548 548 552 553 543 542 549 549 553 543 284 542 544 272 277 550 269 284 270 284 544 278 550 273 272 541 338 547 552 546 554 553 552 555 541 546 540 546 551 554 543 553 556 552 554 555 544 543 557 553 555 556 356 280 281 543 556 557 281 278 544 557 281 544 277 272 278 547 338 297 547 551 546 296 348 551 297 296 551 348 350 554 551 348 554 350 352 555 554 350 555 352 355 556 555 352 556 355 356 557 556 355 557 356 281 557 279 278 281 558 559 560 561 562 563 564 565 560 564 566 567 568 569 570 571 572 573 570 574 568 575 576 571 577 578 579 576 572 571 576 580 581 582 573 583 584 580 585 586 576 575 574 584 585 585 568 574 569 558 587 587 570 569 588 558 565 558 588 587 589 590 565 588 565 590 591 592 593 592 591 589 593 594 595 592 594 593 595 596 597 560 598 566 599 567 600 600 566 601 599 602 603 604 602 600 605 603 606 602 607 606 608 609 605 608 606 610 609 611 612 613 612 614 615 611 608 614 611 616 613 617 618 619 617 614 620 618 621 617 622 621 623 624 620 623 621 625 624 626 627 628 626 623 629 627 630 626 631 630 632 633 629 632 630 634 633 635 636 637 635 632 638 636 639 635 640 639 641 642 638 641 639 643 642 644 645 646 644 641 647 645 648 644 649 648 650 651 647 650 648 652 651 653 654 562 655 656 561 654 655 657 658 659 657 660 661 662 663 664 665 666 667 668 572 581 669 670 671 573 572 583 672 583 668 663 673 664 674 675 669 676 677 678 666 679 680 681 682 683 659 684 682 685 686 687 688 689 686 690 691 692 693 694 695 696 695 694 697 691 698 595 597 699 700 683 701 702 686 703 704 678 705 661 705 677 705 660 706 704 562 707 708 655 653 704 706 563 709 653 650 572 576 581 710 586 575 710 711 586 581 580 584 580 586 712 568 713 579 712 713 585 579 559 569 585 713 568 589 564 714 568 579 569 594 592 715 569 559 558 558 560 565 596 594 716 590 589 591 589 565 564 596 595 594 714 715 592 715 716 594 717 596 718 596 717 597 576 586 580 719 711 710 719 720 711 580 712 585 712 711 721 722 674 723 721 577 713 578 598 559 713 577 579 714 567 724 579 578 559 716 715 725 559 598 560 560 566 564 718 716 726 589 714 592 714 564 567 718 596 716 724 725 715 725 726 716 727 718 728 718 727 717 586 711 712 729 720 719 729 730 720 712 721 713 720 731 721 732 733 578 731 732 577 733 601 598 577 732 578 724 599 734 578 733 598 726 725 735 598 601 566 566 600 567 728 726 736 714 724 715 724 567 599 728 718 726 734 735 725 735 736 726 737 728 738 728 737 727 711 720 721 739 730 729 739 740 730 721 731 577 730 741 731 742 743 733 741 742 732 743 604 601 732 742 733 734 603 744 733 743 601 736 735 745 601 604 600 600 602 599 738 736 746 724 734 725 734 599 603 738 728 736 744 745 735 745 746 736 747 738 748 738 747 737 720 730 731 749 740 739 749 750 740 731 741 732 740 751 741 752 753 743 751 752 742 753 607 604 742 752 743 744 605 754 743 753 604 746 745 755 604 607 602 602 606 603 748 746 756 734 744 735 744 603 605 748 738 746 754 755 745 755 756 746 757 748 758 748 757 747 730 740 741 759 750 749 759 760 750 741 751 742 750 761 751 762 763 753 761 762 752 763 610 607 752 762 753 754 609 764 753 763 607 756 755 765 607 610 606 606 608 605 758 756 766 744 754 745 754 605 609 758 748 756 764 765 755 765 766 756 767 758 768 758 767 757 740 750 751 769 760 759 769 770 760 751 761 752 760 771 761 772 773 763 771 772 762 773 615 610 762 772 763 764 612 774 763 773 610 766 765 775 610 615 608 608 611 609 768 766 776 754 764 755 764 609 612 768 758 766 774 775 765 775 776 766 777 768 778 768 777 767 750 760 761 779 770 769 779 780 770 761 771 762 770 781 771 782 783 773 781 782 772 783 616 615 772 782 773 774 613 784 773 783 615 776 775 785 615 616 611 611 614 612 778 776 786 764 774 765 774 612 613 778 768 776 784 785 775 785 786 776 787 778 788 778 787 777 760 770 771 789 780 779 789 790 780 771 781 772 780 791 781 792 793 783 791 792 782 793 619 616 782 792 783 784 618 794 783 793 616 786 785 795 616 619 614 614 617 613 788 786 796 774 784 775 784 613 618 788 778 786 794 795 785 795 796 786 797 788 798 788 797 787 770 780 781 799 790 789 799 800 790 781 791 782 790 801 791 802 803 793 801 802 792 803 622 619 792 802 793 794 620 804 793 803 619 796 795 805 619 622 617 617 621 618 798 796 806 784 794 785 794 618 620 798 788 796 804 805 795 805 806 796 807 798 808 798 807 797 780 790 791 809 800 799 809 810 800 791 801 792 800 811 801 812 813 803 811 812 802 813 625 622 802 812 803 804 624 814 803 813 622 806 805 815 622 625 621 621 623 620 808 806 816 794 804 795 804 620 624 808 798 806 814 815 805 815 816 806 817 808 818 808 817 807 790 800 801 819 810 809 819 820 810 801 811 802 810 821 811 822 823 813 821 822 812 823 628 625 812 822 813 814 627 824 813 823 625 816 815 825 625 628 623 623 626 624 818 816 826 804 814 805 814 624 627 818 808 816 824 825 815 825 826 816 827 818 828 818 827 817 800 810 811 829 820 819 829 830 820 811 821 812 820 831 821 832 833 823 831 832 822 833 631 628 822 832 823 824 629 834 823 833 628 826 825 835 628 631 626 626 630 627 828 826 836 814 824 815 824 627 629 828 818 826 834 835 825 835 836 826 837 828 838 828 837 827 810 820 821 839 830 829 839 840 830 821 831 822 830 841 831 842 843 833 841 842 832 843 634 631 832 842 833 834 633 844 833 843 631 836 835 845 631 634 630 630 632 629 846 838 847 824 834 825 834 629 633 838 828 836 844 845 835 845 847 836 848 838 846 838 848 837 820 830 831 849 840 839 849 850 840 831 841 832 840 851 841 852 853 843 851 852 842 853 637 634 842 852 843 844 636 854 843 853 634 847 845 855 634 637 632 632 635 633 856 846 857 834 844 835 844 633 636 836 847 838 854 855 845 846 858 848 847 855 857 858 846 856 830 840 841 859 850 849 859 860 850 841 851 842 850 861 851 862 863 853 861 862 852 863 640 637 852 862 853 854 638 864 853 863 637 857 855 865 637 640 635 635 639 636 866 856 867 844 854 845 854 636 638 847 857 846 864 865 855 856 868 858 857 865 867 868 856 866 840 850 851 869 860 859 869 870 860 851 861 852 860 871 861 872 873 863 871 872 862 873 643 640 862 872 863 864 642 874 863 873 640 867 865 875 640 643 639 639 641 638 876 866 877 854 864 855 864 638 642 857 867 856 874 875 865 866 878 868 867 875 877 878 866 876 850 860 861 879 870 869 879 880 870 861 871 862 870 881 871 882 883 873 881 882 872 883 646 643 872 882 873 874 645 884 873 883 643 877 875 885 643 646 641 641 644 642 886 876 887 864 874 865 874 642 645 867 877 866 884 885 875 876 888 878 877 885 887 888 876 886 860 870 871 889 880 879 889 890 880 871 881 872 880 891 881 892 893 883 891 892 882 893 649 646 882 892 883 884 647 894 883 893 646 887 885 895 646 649 644 644 648 645 896 886 897 874 884 875 884 645 647 877 887 876 894 895 885 886 898 888 887 895 897 899 898 886 870 880 881 900 890 889 900 901 890 881 891 882 890 902 891 903 904 893 902 903 892 904 652 649 892 903 893 894 651 905 893 904 649 897 895 906 649 652 648 648 650 647 907 896 908 884 894 885 894 647 651 887 897 886 905 906 895 886 896 899 897 906 908 909 899 896 880 890 891 910 901 900 910 911 901 891 902 892 901 912 902 913 914 904 912 913 903 914 709 652 903 913 904 905 654 915 904 914 652 908 906 916 652 709 650 650 653 651 917 907 918 894 905 895 905 651 654 897 908 896 915 916 906 896 907 909 908 916 918 919 909 907 890 901 902 920 911 910 920 921 911 902 912 903 911 922 912 923 924 914 922 923 913 924 708 709 913 923 914 915 561 925 914 924 709 918 916 926 709 708 653 653 655 654 927 917 928 905 915 906 915 654 561 908 918 907 925 926 916 907 917 919 918 926 928 929 919 917 901 911 912 930 921 920 930 931 921 912 922 913 921 932 922 933 934 924 932 933 923 934 656 708 923 933 924 925 563 935 924 934 708 928 926 936 708 656 655 655 562 561 937 927 938 915 925 916 925 561 563 918 928 917 935 936 926 917 927 929 928 936 938 939 929 927 911 921 922 940 931 930 940 941 931 922 932 923 931 942 932 943 944 934 942 943 933 944 707 656 933 943 934 935 706 945 934 944 656 938 936 946 656 707 562 562 704 563 947 937 948 925 935 926 935 563 706 928 938 927 945 946 936 927 937 939 938 946 948 949 939 937 921 931 932 950 941 940 950 951 941 932 942 933 941 952 942 953 954 944 952 953 943 954 678 707 943 953 944 945 660 955 944 954 707 948 946 956 707 678 704 704 705 706 957 947 958 935 945 936 945 706 660 938 948 937 955 956 946 937 947 949 948 956 958 959 949 947 931 941 942 960 951 950 960 961 951 942 952 943 951 962 952 963 676 954 962 963 953 667 680 677 954 953 963 955 657 964 678 954 676 958 956 965 678 677 705 705 661 660 966 957 967 945 955 946 955 660 657 948 958 947 964 965 956 947 957 959 958 965 967 968 959 957 941 951 952 969 961 960 969 970 961 952 962 953 961 971 962 972 667 676 972 963 971 680 658 661 963 972 676 964 659 681 677 676 667 967 965 973 680 661 677 661 658 657 974 966 975 955 964 956 964 657 659 958 967 957 681 973 965 957 966 968 967 973 975 976 968 966 951 961 962 977 970 969 977 978 970 962 971 963 970 979 971 666 980 673 972 979 665 679 684 658 972 665 667 981 982 983 667 666 680 975 973 984 680 679 658 658 684 659 985 974 986 964 681 965 681 659 682 967 975 966 683 984 973 966 974 976 975 984 986 987 976 974 961 970 971 988 978 977 988 989 978 971 979 972 990 979 978 673 991 679 980 665 990 991 992 684 980 666 665 992 701 682 679 666 673 986 984 689 684 679 991 992 682 684 993 985 688 681 683 973 683 682 701 975 986 974 700 689 984 974 985 987 986 689 688 987 985 993 970 978 979 994 989 988 989 995 723 979 990 665 989 996 990 663 997 991 980 996 664 997 998 992 664 673 980 998 983 701 663 991 673 983 687 700 991 997 992 992 998 701 993 688 702 683 700 984 700 701 983 986 688 985 687 686 689 993 999 987 688 686 702 999 993 1000 978 989 990 994 995 989 1001 1002 1003 990 996 980 1004 996 723 997 663 1005 1004 662 664 998 997 1006 662 1005 663 983 998 981 1005 1006 997 687 983 982 1006 981 998 1007 703 1008 1000 702 1007 700 687 689 687 982 685 1000 993 702 685 703 686 703 1007 702 1009 1000 1010 1000 1009 999 989 723 996 995 722 723 662 1011 1005 996 1004 664 1004 674 1012 1005 1013 1006 1012 1011 662 1006 1014 981 1011 1013 1005 981 1015 982 1013 1014 1006 982 1016 685 1014 1015 981 685 1017 703 1016 982 1015 1010 1007 693 1017 685 1016 1010 1000 1007 1017 1008 703 1008 693 1007 1018 1010 695 1010 1018 1009 723 674 1004 722 675 674 1011 1002 1013 1004 1012 662 669 1019 1012 1013 1001 1014 1019 1002 1011 1014 1020 1015 1002 1001 1013 1015 1021 1016 1001 1020 1014 1016 1022 1017 1020 1021 1015 1017 1023 1008 1021 1022 1016 693 1008 1024 1022 1023 1017 695 1010 693 1024 1008 1023 1024 694 693 1025 695 696 695 1025 1018 674 669 1012 675 670 669 1026 1020 1001 1012 1019 1011 671 672 1019 1027 1021 1020 672 1003 1002 1028 1022 1021 1003 1026 1001 1029 1023 1022 1026 1027 1020 1030 1024 1023 1027 1028 1021 1031 694 1024 1028 1029 1022 1032 696 694 1029 1030 1023 696 1032 691 1030 1031 1024 1031 1032 694 690 696 691 696 690 1025 669 671 1019 670 582 671 668 1033 1003 1019 672 1002 668 1003 672 1033 1034 1026 1033 1026 1003 1034 1035 1027 1034 1027 1026 1035 1036 1028 1035 1028 1027 1036 1037 1029 1036 1029 1028 1037 1038 1030 1037 1030 1029 1038 1039 1031 1038 1031 1030 1039 698 1032 1039 1032 1031 699 692 697 691 1032 698 692 691 697 671 582 583 672 671 583 1033 581 584 572 668 583 1034 584 574 581 1033 668 1035 574 570 584 1034 1033 1036 570 587 574 1035 1034 1037 587 588 570 1036 1035 1038 588 590 587 1037 1036 1039 590 591 588 1038 1037 698 591 593 590 1039 1038 697 593 595 591 698 1039 593 697 698 595 699 697 1040 1041 1042 1043 1044 1045 1040 1042 1046 1047 1048 1049 1050 1047 1051 1052 1053 1054 1055 1056 1057 1047 1058 1059 1060 1055 1057 1061 1060 1059 1062 1063 1064 1055 1060 1061 1056 1042 1041 1057 1056 1041 1065 1066 1046 1040 1046 1066 1067 1068 1069 1068 1067 1065 1070 1071 1069 1069 1068 1070 1072 1071 1073 1070 1073 1071 1074 1075 1076 1076 1072 1074 1075 1077 1078 1076 1075 1078 1077 1079 1080 1081 1082 1083 1047 1050 1048 1084 1085 1069 1049 1048 1054 1086 1084 1087 1066 1067 1088 1087 1089 1090 1085 1091 1088 1092 1093 1089 1094 1091 1086 1095 1092 1096 1094 1090 1097 1096 1098 1099 1093 1100 1097 1100 1095 1101 1102 1101 1099 1103 1104 1098 1102 1104 1105 1106 1103 1107 1106 1108 1105 1107 1109 1110 1081 1108 1110 1111 1112 1109 1081 1112 1113 1114 1111 1115 1114 1116 1113 1117 1115 1118 1119 1116 1117 1118 1120 1121 1119 1121 1122 1123 1124 1120 1124 1125 1122 1126 1123 1127 1128 1125 1126 1127 1129 1130 1128 1130 1131 1132 1133 1129 1133 1134 1131 1135 1132 1136 1137 1134 1135 1136 1138 1139 1140 1141 1045 1043 1142 1138 1143 1144 1145 1146 1140 1147 1148 1149 1150 1151 1152 1153 1154 1058 1049 1155 1156 1157 1054 1053 1049 1158 1154 1053 1150 1149 1159 1160 1155 1161 1162 1163 1144 1153 1164 1165 1146 1166 1167 1166 1162 1143 1168 1169 1170 1171 1172 1173 1174 1175 1176 1177 1178 1179 1180 1181 1182 1174 1183 1184 1185 1186 1187 1186 1188 1189 1181 1190 1182 1077 1191 1079 1178 1192 1193 1174 1194 1195 1196 1173 1197 1168 1198 1199 1143 1200 1166 1201 1172 1202 1203 1142 1141 1147 1044 1201 1137 1139 1203 1049 1058 1047 1204 1050 1051 1204 1051 1205 1058 1061 1059 1059 1206 1051 1057 1063 1207 1206 1060 1207 1063 1041 1208 1207 1060 1057 1209 1040 1066 1057 1041 1063 1208 1041 1040 1071 1210 1084 1066 1065 1067 1209 1208 1040 1072 1211 1210 1209 1066 1088 1078 1212 1076 1067 1069 1085 1069 1071 1084 1080 1213 1078 1073 1074 1072 1072 1210 1071 1080 1078 1077 1211 1076 1212 1212 1078 1213 1214 1215 1080 1080 1079 1214 1047 1059 1051 1216 1204 1205 1216 1205 1217 1059 1060 1206 1206 1218 1205 1219 1220 1160 1218 1207 1062 1064 1208 1221 1062 1207 1063 1222 1209 1088 1063 1208 1064 1221 1208 1209 1210 1223 1087 1088 1067 1085 1222 1221 1209 1211 1224 1223 1222 1088 1091 1213 1225 1212 1085 1084 1086 1084 1210 1087 1215 1226 1213 1072 1076 1211 1211 1223 1210 1215 1213 1080 1224 1212 1225 1225 1213 1226 1227 1228 1215 1215 1214 1227 1051 1206 1205 1229 1216 1217 1229 1217 1230 1206 1207 1218 1217 1218 1231 1232 1064 1233 1231 1062 1232 1233 1221 1234 1232 1062 1064 1235 1222 1091 1064 1221 1233 1234 1221 1222 1223 1236 1089 1091 1085 1086 1235 1234 1222 1224 1237 1236 1235 1091 1094 1226 1238 1225 1086 1087 1090 1087 1223 1089 1228 1239 1226 1211 1212 1224 1224 1236 1223 1228 1226 1215 1237 1225 1238 1238 1226 1239 1240 1241 1228 1228 1227 1240 1205 1218 1217 1242 1229 1230 1242 1230 1243 1218 1062 1231 1230 1231 1244 1245 1233 1246 1244 1232 1245 1246 1234 1247 1245 1232 1233 1248 1235 1094 1233 1234 1246 1247 1234 1235 1236 1249 1092 1094 1086 1090 1248 1247 1235 1237 1250 1249 1248 1094 1097 1239 1251 1238 1090 1089 1093 1089 1236 1092 1241 1252 1239 1224 1225 1237 1237 1249 1236 1241 1239 1228 1250 1238 1251 1251 1239 1252 1253 1254 1241 1241 1240 1253 1217 1231 1230 1255 1242 1243 1255 1243 1256 1231 1232 1244 1243 1244 1257 1258 1246 1259 1257 1245 1258 1259 1247 1260 1258 1245 1246 1261 1248 1097 1246 1247 1259 1260 1247 1248 1249 1262 1096 1097 1090 1093 1261 1260 1248 1250 1263 1262 1261 1097 1100 1252 1264 1251 1093 1092 1095 1092 1249 1096 1254 1265 1252 1237 1238 1250 1250 1262 1249 1254 1252 1241 1263 1251 1264 1264 1252 1265 1266 1267 1254 1254 1253 1266 1230 1244 1243 1268 1255 1256 1268 1256 1269 1244 1245 1257 1256 1257 1270 1271 1259 1272 1270 1258 1271 1272 1260 1273 1271 1258 1259 1274 1261 1100 1259 1260 1272 1273 1260 1261 1262 1275 1098 1100 1093 1095 1274 1273 1261 1263 1276 1275 1274 1100 1101 1265 1277 1264 1095 1096 1099 1096 1262 1098 1267 1278 1265 1250 1251 1263 1263 1275 1262 1267 1265 1254 1276 1264 1277 1277 1265 1278 1279 1280 1267 1267 1266 1279 1243 1257 1256 1281 1268 1269 1281 1269 1282 1257 1258 1270 1269 1270 1283 1284 1272 1285 1283 1271 1284 1285 1273 1286 1284 1271 1272 1287 1274 1101 1272 1273 1285 1286 1273 1274 1275 1288 1103 1101 1095 1099 1287 1286 1274 1276 1289 1288 1287 1101 1102 1278 1290 1277 1099 1098 1104 1098 1275 1103 1280 1291 1278 1263 1264 1276 1276 1288 1275 1280 1278 1267 1289 1277 1290 1290 1278 1291 1292 1293 1280 1280 1279 1292 1256 1270 1269 1294 1281 1282 1294 1282 1295 1270 1271 1283 1282 1283 1296 1297 1285 1298 1296 1284 1297 1298 1286 1299 1297 1284 1285 1300 1287 1102 1285 1286 1298 1299 1286 1287 1288 1301 1107 1102 1099 1104 1300 1299 1287 1289 1302 1301 1300 1102 1105 1291 1303 1290 1104 1103 1106 1103 1288 1107 1293 1304 1291 1276 1277 1289 1289 1301 1288 1293 1291 1280 1302 1290 1303 1303 1291 1304 1305 1306 1293 1293 1292 1305 1269 1283 1282 1307 1294 1295 1307 1295 1308 1283 1284 1296 1295 1296 1309 1310 1298 1311 1309 1297 1310 1311 1299 1312 1310 1297 1298 1313 1300 1105 1298 1299 1311 1312 1299 1300 1301 1314 1109 1105 1104 1106 1313 1312 1300 1302 1315 1314 1313 1105 1108 1304 1316 1303 1106 1107 1110 1107 1301 1109 1306 1317 1304 1289 1290 1302 1302 1314 1301 1306 1304 1293 1315 1303 1316 1316 1304 1317 1318 1319 1306 1306 1305 1318 1282 1296 1295 1320 1307 1308 1320 1308 1321 1296 1297 1309 1308 1309 1322 1323 1311 1324 1322 1310 1323 1324 1312 1325 1323 1310 1311 1083 1313 1108 1311 1312 1324 1325 1312 1313 1314 1326 1111 1108 1106 1110 1083 1325 1313 1315 1327 1326 1083 1108 1081 1317 1328 1316 1110 1109 1112 1109 1314 1111 1319 1329 1317 1302 1303 1315 1315 1326 1314 1319 1317 1306 1327 1316 1328 1328 1317 1329 1330 1331 1319 1319 1318 1330 1295 1309 1308 1332 1320 1321 1332 1321 1333 1309 1310 1322 1321 1322 1334 1335 1324 1336 1334 1323 1335 1336 1325 1337 1335 1323 1324 1338 1339 1163 1324 1325 1336 1083 1337 1325 1326 1340 1115 1081 1110 1112 1082 1337 1083 1327 1341 1340 1082 1081 1113 1329 1342 1328 1112 1111 1114 1111 1326 1115 1331 1343 1329 1315 1316 1327 1327 1340 1326 1331 1329 1319 1341 1328 1342 1342 1329 1343 1344 1345 1331 1331 1330 1344 1308 1322 1321 1346 1332 1333 1346 1333 1347 1322 1323 1334 1333 1334 1348 1349 1336 1350 1348 1335 1349 1350 1337 1351 1336 1349 1335 1082 1113 1352 1336 1337 1350 1082 1351 1337 1340 1353 1118 1113 1112 1114 1352 1351 1082 1341 1354 1353 1352 1113 1116 1343 1355 1342 1114 1115 1117 1115 1340 1118 1345 1356 1343 1327 1328 1341 1341 1353 1340 1345 1343 1331 1354 1342 1355 1355 1343 1356 1357 1358 1345 1345 1344 1357 1321 1334 1333 1359 1346 1347 1359 1347 1360 1334 1335 1348 1347 1348 1361 1362 1350 1363 1361 1349 1362 1363 1351 1364 1350 1362 1349 1352 1116 1365 1350 1351 1363 1352 1364 1351 1353 1366 1120 1116 1114 1117 1365 1364 1352 1354 1367 1366 1365 1116 1119 1356 1368 1355 1117 1118 1121 1118 1353 1120 1369 1370 1358 1341 1342 1354 1354 1366 1353 1358 1356 1345 1367 1355 1368 1368 1356 1370 1371 1369 1358 1358 1357 1371 1333 1348 1347 1372 1359 1360 1372 1360 1373 1348 1349 1361 1360 1361 1374 1375 1363 1376 1374 1362 1375 1376 1364 1377 1363 1375 1362 1365 1119 1378 1363 1364 1376 1365 1377 1364 1366 1379 1123 1119 1117 1121 1378 1377 1365 1367 1380 1379 1378 1119 1122 1370 1381 1368 1121 1120 1124 1120 1366 1123 1382 1383 1369 1354 1355 1367 1367 1379 1366 1356 1358 1370 1380 1368 1381 1369 1371 1384 1370 1383 1381 1384 1382 1369 1347 1361 1360 1385 1372 1373 1385 1373 1386 1361 1362 1374 1373 1374 1387 1388 1376 1389 1387 1375 1388 1389 1377 1390 1376 1388 1375 1378 1122 1391 1376 1377 1389 1378 1390 1377 1379 1392 1127 1122 1121 1124 1391 1390 1378 1380 1393 1392 1391 1122 1125 1383 1394 1381 1124 1123 1126 1123 1379 1127 1395 1396 1382 1367 1368 1380 1380 1392 1379 1370 1369 1383 1393 1381 1394 1382 1384 1397 1383 1396 1394 1397 1395 1382 1360 1374 1373 1398 1385 1386 1398 1386 1399 1374 1375 1387 1386 1387 1400 1401 1389 1402 1400 1388 1401 1402 1390 1403 1389 1401 1388 1391 1125 1404 1389 1390 1402 1391 1403 1390 1392 1405 1129 1125 1124 1126 1404 1403 1391 1393 1406 1405 1404 1125 1128 1396 1407 1394 1126 1127 1130 1127 1392 1129 1408 1409 1395 1380 1381 1393 1393 1405 1392 1383 1382 1396 1406 1394 1407 1395 1397 1410 1396 1409 1407 1410 1408 1395 1373 1387 1386 1411 1398 1399 1411 1399 1412 1387 1388 1400 1399 1400 1413 1414 1402 1415 1413 1401 1414 1415 1403 1416 1402 1414 1401 1404 1128 1417 1402 1403 1415 1404 1416 1403 1405 1418 1132 1128 1126 1130 1417 1416 1404 1406 1419 1418 1417 1128 1131 1409 1420 1407 1130 1129 1133 1129 1405 1132 1421 1422 1408 1393 1394 1406 1406 1418 1405 1396 1395 1409 1419 1407 1420 1408 1410 1423 1409 1422 1420 1423 1421 1408 1386 1400 1399 1424 1411 1412 1424 1412 1425 1400 1401 1413 1412 1413 1426 1427 1415 1428 1426 1414 1427 1428 1416 1429 1415 1427 1414 1417 1131 1430 1415 1416 1428 1417 1429 1416 1418 1431 1136 1131 1130 1133 1430 1429 1417 1419 1432 1431 1430 1131 1134 1422 1433 1420 1133 1132 1135 1132 1418 1136 1434 1435 1421 1406 1407 1419 1419 1431 1418 1409 1408 1422 1432 1420 1433 1421 1423 1436 1422 1435 1433 1437 1421 1436 1399 1413 1412 1438 1424 1425 1438 1425 1439 1413 1414 1426 1425 1426 1440 1441 1428 1442 1440 1427 1441 1442 1429 1443 1428 1441 1427 1430 1134 1444 1428 1429 1442 1430 1443 1429 1431 1445 1138 1134 1133 1135 1444 1443 1430 1432 1446 1445 1444 1134 1137 1435 1447 1433 1135 1136 1139 1136 1431 1138 1448 1449 1434 1419 1420 1432 1432 1445 1431 1422 1421 1435 1446 1433 1447 1421 1437 1434 1435 1449 1447 1450 1434 1437 1412 1426 1425 1451 1438 1439 1451 1439 1452 1426 1427 1440 1439 1440 1453 1454 1442 1455 1453 1441 1454 1455 1443 1456 1442 1454 1441 1444 1137 1457 1442 1443 1455 1444 1456 1443 1445 1458 1043 1137 1135 1139 1457 1456 1444 1446 1459 1458 1457 1137 1203 1449 1460 1447 1139 1138 1142 1138 1445 1043 1461 1462 1448 1432 1433 1446 1446 1458 1445 1435 1434 1449 1459 1447 1460 1434 1450 1448 1449 1462 1460 1463 1448 1450 1425 1440 1439 1464 1451 1452 1464 1452 1465 1440 1441 1453 1452 1453 1466 1467 1455 1468 1466 1454 1467 1468 1456 1469 1455 1467 1454 1457 1203 1470 1455 1456 1468 1457 1469 1456 1458 1471 1044 1203 1139 1142 1470 1469 1457 1044 1471 1201 1470 1203 1141 1462 1472 1460 1142 1043 1045 1043 1458 1044 1473 1474 1461 1446 1447 1459 1459 1471 1458 1449 1448 1462 1475 1460 1472 1448 1463 1461 1462 1474 1472 1476 1461 1463 1439 1453 1452 1477 1464 1465 1477 1465 1478 1453 1454 1466 1465 1466 1479 1480 1468 1481 1479 1467 1480 1481 1469 1482 1468 1480 1467 1470 1141 1483 1468 1469 1481 1470 1482 1469 1471 1484 1201 1141 1142 1045 1483 1482 1470 1201 1484 1172 1483 1141 1140 1471 1459 1475 1044 1147 1045 1472 1474 1485 1486 1487 1473 1459 1460 1475 1475 1484 1471 1462 1461 1474 1488 1472 1485 1461 1476 1473 1474 1487 1485 1489 1473 1476 1452 1466 1465 1490 1477 1478 1490 1478 1491 1466 1467 1479 1478 1479 1492 1493 1481 1494 1492 1480 1493 1494 1482 1495 1481 1493 1480 1167 1483 1140 1494 1481 1482 1495 1482 1483 1484 1496 1172 1140 1045 1147 1495 1483 1167 1172 1496 1173 1167 1140 1146 1484 1475 1488 1201 1202 1147 1485 1487 1497 1498 1499 1486 1475 1472 1488 1488 1496 1484 1474 1473 1487 1500 1485 1497 1473 1489 1486 1487 1499 1497 1501 1486 1489 1465 1479 1478 1502 1490 1491 1502 1491 1503 1479 1480 1492 1491 1492 1504 1505 1494 1506 1504 1493 1505 1506 1495 1200 1493 1494 1505 1202 1507 1146 1494 1495 1506 1495 1167 1200 1496 1508 1173 1146 1147 1202 1200 1167 1166 1500 1509 1508 1166 1146 1507 1496 1488 1500 1172 1171 1202 1497 1499 1510 1511 1512 1498 1488 1485 1500 1500 1508 1496 1487 1486 1499 1509 1497 1510 1486 1501 1498 1499 1512 1510 1513 1498 1501 1478 1492 1491 1514 1502 1503 1514 1503 1515 1492 1493 1504 1503 1504 1516 1517 1506 1518 1516 1505 1517 1518 1200 1143 1505 1506 1517 1162 1507 1338 1506 1200 1518 1171 1196 1338 1508 1170 1197 1507 1202 1171 1507 1162 1166 1509 1519 1170 1338 1507 1171 1512 1520 1510 1171 1173 1196 1173 1508 1197 1521 1522 1511 1500 1497 1509 1509 1170 1508 1499 1498 1512 1519 1510 1520 1498 1513 1511 1512 1522 1520 1523 1511 1513 1491 1504 1503 1524 1514 1515 1524 1515 1525 1504 1505 1516 1515 1516 1526 1527 1518 1145 1526 1517 1527 1144 1164 1152 1527 1517 1518 1196 1528 1339 1145 1518 1143 1529 1198 1179 1162 1144 1143 1528 1197 1169 1162 1338 1163 1519 1530 1168 1338 1196 1339 1522 1531 1520 1196 1197 1528 1197 1170 1169 1532 1533 1521 1509 1510 1519 1519 1168 1170 1512 1511 1522 1530 1520 1531 1511 1523 1521 1522 1533 1531 1534 1521 1523 1503 1516 1515 1535 1524 1525 1535 1525 1536 1516 1517 1526 1525 1526 1537 1538 1145 1152 1538 1537 1527 1164 1163 1539 1145 1538 1527 1539 1339 1540 1152 1145 1144 1540 1528 1541 1164 1144 1163 1541 1169 1199 1339 1539 1163 1530 1177 1198 1528 1540 1339 1533 1542 1531 1541 1528 1169 1169 1168 1199 1543 1544 1532 1519 1520 1530 1530 1198 1168 1522 1521 1533 1177 1531 1542 1521 1534 1532 1533 1544 1542 1545 1532 1534 1515 1526 1525 1546 1535 1536 1546 1536 1547 1526 1527 1537 1536 1537 1548 1153 1159 1549 1538 1151 1548 1165 1539 1550 1538 1152 1151 1550 1540 1551 1153 1152 1164 1551 1541 1552 1165 1164 1539 1552 1199 1529 1550 1539 1540 1553 1554 1555 1540 1541 1551 1544 1556 1542 1541 1199 1552 1199 1198 1529 1557 1558 1543 1530 1531 1177 1177 1179 1198 1533 1532 1544 1178 1542 1556 1532 1545 1543 1544 1558 1556 1559 1543 1545 1525 1537 1536 1560 1546 1547 1560 1547 1561 1537 1538 1548 1562 1547 1548 1159 1165 1563 1549 1562 1151 1563 1550 1564 1549 1151 1153 1564 1551 1565 1159 1153 1165 1565 1552 1566 1563 1165 1550 1566 1529 1567 1564 1550 1551 1567 1179 1193 1552 1565 1551 1558 1175 1556 1552 1529 1566 1567 1529 1179 1568 1176 1557 1177 1542 1178 1178 1193 1179 1544 1543 1558 1192 1556 1175 1543 1559 1557 1558 1176 1175 1559 1568 1557 1536 1548 1547 1569 1560 1561 1569 1561 1220 1548 1151 1562 1561 1562 1570 1150 1563 1571 1549 1149 1570 1571 1564 1572 1149 1549 1159 1572 1565 1573 1150 1159 1563 1573 1566 1574 1571 1563 1564 1574 1567 1575 1572 1564 1565 1575 1193 1555 1573 1565 1566 1555 1192 1184 1566 1567 1574 1567 1193 1575 1568 1194 1176 1178 1556 1192 1192 1555 1193 1558 1557 1176 1184 1175 1174 1568 1559 1576 1176 1194 1174 1576 1577 1568 1547 1562 1561 1578 1569 1220 1579 1580 1581 1562 1549 1570 1582 1220 1570 1571 1583 1150 1582 1149 1148 1572 1584 1571 1148 1150 1583 1573 1585 1572 1583 1571 1584 1574 1586 1573 1584 1572 1585 1575 1587 1574 1585 1573 1586 1555 1554 1575 1586 1574 1587 1184 1553 1555 1587 1575 1554 1588 1589 1195 1577 1588 1194 1192 1175 1184 1184 1183 1553 1577 1194 1568 1183 1174 1195 1195 1194 1588 1590 1591 1577 1577 1576 1590 1561 1570 1220 1578 1220 1219 1148 1583 1592 1570 1149 1582 1582 1593 1160 1583 1584 1594 1593 1148 1592 1584 1585 1595 1592 1583 1594 1585 1586 1596 1594 1584 1595 1586 1587 1597 1595 1585 1596 1587 1554 1598 1596 1586 1597 1554 1553 1599 1597 1587 1598 1553 1183 1600 1598 1554 1599 1183 1195 1601 1600 1599 1553 1591 1180 1588 1601 1600 1183 1591 1588 1577 1601 1195 1589 1589 1588 1180 1602 1181 1591 1591 1590 1602 1220 1582 1160 1219 1160 1161 1592 1594 1581 1582 1148 1593 1155 1593 1603 1594 1595 1579 1603 1592 1581 1595 1596 1604 1581 1594 1579 1596 1597 1605 1579 1595 1604 1597 1598 1606 1604 1596 1605 1598 1599 1607 1605 1597 1606 1599 1600 1608 1606 1598 1607 1600 1601 1609 1607 1599 1608 1601 1589 1610 1608 1600 1609 1180 1611 1589 1610 1609 1601 1181 1180 1591 1611 1610 1589 1611 1180 1182 1612 1190 1181 1181 1602 1612 1160 1593 1155 1161 1155 1157 1613 1579 1604 1593 1592 1603 1156 1603 1158 1614 1604 1605 1158 1581 1580 1615 1605 1606 1580 1579 1613 1616 1606 1607 1613 1604 1614 1617 1607 1608 1614 1605 1615 1618 1608 1609 1615 1606 1616 1619 1609 1610 1616 1607 1617 1620 1610 1611 1617 1608 1618 1621 1611 1182 1618 1609 1619 1622 1182 1190 1619 1610 1620 1190 1186 1622 1620 1611 1621 1621 1182 1622 1188 1186 1190 1190 1612 1188 1155 1603 1156 1157 1156 1052 1154 1580 1623 1603 1581 1158 1154 1158 1580 1623 1613 1624 1623 1580 1613 1624 1614 1625 1624 1613 1614 1625 1615 1626 1625 1614 1615 1626 1616 1627 1626 1615 1616 1627 1617 1628 1627 1616 1617 1628 1618 1629 1628 1617 1618 1629 1619 1630 1629 1618 1619 1630 1620 1631 1630 1619 1620 1631 1621 1632 1631 1620 1621 1632 1622 1185 1632 1621 1622 1191 1187 1189 1186 1185 1622 1189 1187 1186 1156 1053 1052 1158 1053 1156 1623 1061 1058 1049 1053 1154 1624 1055 1061 1058 1154 1623 1625 1056 1055 1061 1623 1624 1626 1042 1056 1055 1624 1625 1627 1046 1042 1056 1625 1626 1628 1065 1046 1042 1626 1627 1629 1068 1065 1046 1627 1628 1630 1070 1068 1065 1628 1629 1631 1073 1070 1068 1629 1630 1632 1074 1073 1070 1630 1631 1185 1075 1074 1073 1631 1632 1187 1077 1075 1074 1632 1185 1075 1185 1187 1077 1187 1191 1633 1634 1635 1633 1636 1637 1637 1634 1633 1638 1636 1639 1636 1638 1637 1640 1641 1639 1638 1639 1641 1640 1642 1643 1643 1641 1640 1642 1644 1643 1642 1645 1644 1635 1634 1646 1635 1647 1648 1647 1635 1646 1649 1648 1650 1647 1650 1648 1651 1652 1649 1649 1650 1651 1652 1653 1654 1653 1652 1651 1655 1654 1656 1653 1656 1654 1655 1656 1657 1658 1659 1660 1661 1660 1662 1659 1662 1660 1663 1664 1661 1661 1662 1663 1664 1665 1666 1665 1664 1663 1667 1666 1668 1665 1668 1666 1669 1670 1667 1667 1668 1669 1658 1671 1659 1671 1672 1673 1673 1659 1671 1674 1672 1675 1672 1674 1673 1676 1677 1675 1674 1675 1677 1676 1678 1679 1679 1677 1676 1680 1678 1681 1678 1680 1679 1680 1681 1682 1683 1684 1685 1686 1687 1683 1684 1683 1687 1688 1686 1689 1688 1687 1686 1690 1689 1691 1686 1691 1689 1692 1693 1690 1690 1691 1692 1693 1694 1695 1694 1693 1692 1694 1696 1695 1697 1695 1696 1697 1698 1699 1698 1697 1696 1700 1701 1698 1699 1698 1701 1700 1702 1703 1703 1701 1700 1704 1702 1705 1702 1704 1703 1704 1705 1706 1707 1708 1709 1710 1711 1708 1708 1711 1709 1712 1713 1710 1710 1708 1712 1713 1714 1715 1714 1713 1712 1716 1715 1717 1714 1717 1715 1718 1719 1716 1716 1717 1718 1709 1720 1707 1720 1721 1722 1722 1707 1720 1723 1721 1724 1721 1723 1722 1725 1723 1726 1724 1726 1723 1727 1728 1725 1725 1726 1727 1728 1729 1730 1729 1728 1727 1731 1730 1732 1729 1732 1730 1731 1732 1733 1734 1735 1736 1734 1737 1738 1738 1735 1734 1739 1737 1740 1737 1739 1738 1741 1742 1740 1739 1740 1742 1741 1743 1744 1744 1742 1741 1743 1745 1744 1743 1746 1745 1736 1735 1747 1748 1747 1749 1747 1748 1736 1750 1751 1749 1748 1749 1751 1750 1752 1753 1753 1751 1750 1754 1752 1755 1752 1754 1753 1754 1755 1756 1757 1758 1759 1759 1760 1761 1760 1759 1758 1762 1761 1763 1760 1763 1761 1764 1765 1762 1762 1763 1764 1765 1766 1767 1766 1765 1764 1768 1767 1769 1766 1769 1767 1758 1757 1770 1770 1757 1771 1771 1772 1773 1773 1770 1771 1774 1772 1775 1772 1774 1773 1776 1777 1775 1774 1775 1777 1778 1779 1777 1777 1776 1778 1779 1780 1781 1780 1779 1778 1782 1781 1783 1780 1783 1781 1782 1783 1784 1785 1786 1787 1788 1789 1790 1791 1792 1793 1794 1789 1791 1795 1789 1794 1789 1795 1796 1792 1797 1793 1796 1795 1787 1797 1792 1798 1799 1800 1801 1798 1802 1803 1785 1804 1786 1786 1796 1787 1785 1805 1804 1796 1786 1806 1804 1805 1807 1808 1809 1807 1807 1805 1810 1807 1810 1808 1796 1790 1789 1811 1812 1813 1812 1788 1790 1814 1808 1810 1790 1806 1815 1816 1817 1818 1815 1819 1812 1820 1813 1819 1821 1822 1823 1824 1825 1826 1827 1822 1828 1827 1829 1830 1827 1824 1822 1831 1832 1833 1824 1830 1834 1835 1836 1809 1837 1835 1838 1838 1839 1840 1804 1836 1841 1823 1822 1826 1786 1841 1806 1791 1789 1788 1790 1796 1806 1792 1791 1799 1801 1842 1798 1794 1791 1793 1788 1799 1791 1797 1798 1803 1798 1792 1801 1802 1798 1843 1804 1807 1836 1809 1836 1807 1820 1844 1845 1804 1841 1786 1846 1841 1837 1847 1800 1816 1806 1846 1815 1799 1788 1811 1790 1815 1812 1847 1848 1842 1811 1788 1812 1800 1799 1811 1842 1843 1798 1792 1799 1801 1847 1842 1801 1849 1843 1842 1841 1836 1837 1835 1837 1836 1850 1840 1839 1841 1846 1806 1851 1846 1840 1817 1800 1811 1851 1819 1815 1852 1853 1854 1812 1819 1813 1855 1852 1848 1817 1811 1813 1817 1816 1800 1852 1849 1848 1801 1800 1847 1848 1847 1855 1849 1842 1848 1846 1837 1840 1838 1840 1837 1856 1857 1850 1846 1851 1815 1850 1857 1851 1817 1813 1845 1819 1857 1820 1823 1858 1818 1845 1813 1820 1853 1855 1858 1818 1817 1845 1816 1858 1855 1852 1854 1859 1847 1816 1855 1852 1855 1853 1849 1852 1859 1840 1850 1851 1839 1856 1850 1857 1860 1820 1851 1857 1819 1857 1856 1860 1818 1845 1821 1844 1820 1860 1861 1858 1823 1844 1821 1845 1862 1853 1861 1862 1863 1853 1816 1818 1858 1853 1858 1861 1854 1853 1863 1856 1864 1860 1865 1866 1864 1866 1865 1867 1860 1864 1866 1844 1828 1821 1828 1844 1866 1868 1861 1826 1869 1861 1868 1818 1821 1823 1861 1823 1826 1862 1869 1870 1869 1862 1861 1863 1862 1870 1827 1867 1829 1860 1866 1844 1827 1828 1866 1871 1826 1825 1821 1828 1822 1826 1822 1824 1868 1871 1872 1871 1868 1826 1869 1868 1872 1827 1866 1867 1830 1829 1833 1873 1824 1834 1824 1827 1830 1825 1873 1874 1873 1825 1824 1871 1825 1874 1833 1832 1830 1834 1832 1875 1832 1834 1830 1873 1834 1875 1876 1877 1878 1879 1880 1881 1882 1883 1884 1885 1880 1882 1886 1880 1885 1880 1886 1887 1883 1888 1884 1887 1886 1878 1888 1883 1889 1890 1891 1892 1889 1893 1894 1876 1895 1877 1877 1887 1878 1876 1896 1895 1887 1877 1897 1895 1896 1898 1899 1900 1898 1898 1896 1901 1898 1901 1899 1887 1881 1880 1902 1903 1904 1903 1879 1881 1905 1899 1901 1881 1897 1906 1907 1908 1909 1906 1910 1903 1911 1904 1910 1912 1913 1914 1915 1916 1917 1918 1913 1919 1918 1920 1921 1918 1915 1913 1922 1923 1924 1915 1921 1925 1926 1927 1900 1928 1926 1929 1929 1930 1931 1895 1927 1932 1914 1913 1917 1877 1932 1897 1882 1880 1879 1881 1887 1897 1883 1882 1890 1892 1933 1889 1885 1882 1884 1879 1890 1882 1888 1889 1894 1889 1883 1892 1893 1889 1934 1895 1898 1927 1900 1927 1898 1911 1935 1936 1895 1932 1877 1937 1932 1928 1938 1891 1907 1897 1937 1906 1890 1879 1902 1881 1906 1903 1938 1939 1933 1902 1879 1903 1891 1890 1902 1933 1934 1889 1883 1890 1892 1938 1933 1892 1940 1934 1933 1932 1927 1928 1926 1928 1927 1941 1931 1930 1932 1937 1897 1942 1937 1931 1908 1891 1902 1942 1910 1906 1943 1944 1945 1903 1910 1904 1946 1943 1939 1908 1902 1904 1908 1907 1891 1943 1940 1939 1892 1891 1938 1939 1938 1946 1940 1933 1939 1937 1928 1931 1929 1931 1928 1947 1948 1941 1937 1942 1906 1941 1948 1942 1908 1904 1936 1910 1948 1911 1914 1949 1909 1936 1904 1911 1944 1946 1949 1909 1908 1936 1907 1949 1946 1943 1945 1950 1938 1907 1946 1943 1946 1944 1940 1943 1950 1931 1941 1942 1930 1947 1941 1948 1951 1911 1942 1948 1910 1948 1947 1951 1909 1936 1912 1935 1911 1951 1952 1949 1914 1935 1912 1936 1953 1944 1952 1953 1954 1944 1907 1909 1949 1944 1949 1952 1945 1944 1954 1947 1955 1951 1956 1957 1955 1957 1956 1958 1951 1955 1957 1935 1919 1912 1919 1935 1957 1959 1952 1917 1960 1952 1959 1909 1912 1914 1952 1914 1917 1953 1960 1961 1960 1953 1952 1954 1953 1961 1918 1958 1920 1951 1957 1935 1918 1919 1957 1962 1917 1916 1912 1919 1913 1917 1913 1915 1959 1962 1963 1962 1959 1917 1960 1959 1963 1918 1957 1958 1921 1920 1924 1964 1915 1925 1915 1918 1921 1916 1964 1965 1964 1916 1915 1962 1916 1965 1924 1923 1921 1925 1923 1966 1923 1925 1921 1964 1925 1966 1967 1968 1969 1970 1971 1969 1967 1969 1971 1970 1972 1973 1973 1971 1970 1974 1972 1975 1972 1974 1973 1976 1977 1975 1974 1975 1977 1976 1978 1979 1979 1977 1976 1978 1980 1979 1981 1968 1967 1981 1982 1983 1983 1968 1981 1984 1982 1985 1982 1984 1983 1986 1987 1985 1984 1985 1987 1986 1988 1989 1989 1987 1986 1990 1988 1991 1988 1990 1989 1990 1991 1992 1993 1994 1995 1994 1993 1996 1997 1998 1999 1997 1999 2000 2001 2002 2003 2002 2004 2005 2004 2002 2001 2006 2005 2007 2004 2007 2005 2008 2009 2006 2006 2007 2008 2009 2010 2011 2010 2009 2008 2012 2011 2013 2010 2013 2011 2014 2015 2012 2012 2013 2014 2015 2016 2017 2016 2015 2014 2018 2017 2019 2016 2019 2017 2020 2021 2018 2018 2019 2020 2001 2003 2022 2023 2024 2022 2022 2003 2023 2024 2025 2026 2025 2024 2023 2027 2026 2028 2025 2028 2026 2029 2030 2027 2027 2028 2029 2030 2031 2032 2031 2030 2029 2033 2032 2034 2031 2034 2032 2035 2036 2033 2033 2034 2035 2036 2037 2038 2037 2036 2035 2037 2039 2038 2038 2039 2040 2041 2042 2043 2042 2041 2044 2045 2046 2047 2045 2047 2048 2049 2050 2051 2052 2053 2054 2055 2056 2050 2051 2050 2056 2057 2055 2058 2055 2057 2056 2058 2059 2060 2060 2057 2058 2061 2062 2059 2060 2059 2062 2063 2061 2064 2061 2063 2062 2064 2065 2066 2066 2063 2064 2067 2068 2065 2066 2065 2068 2069 2067 2070 2067 2069 2068 2071 2069 2070 2071 2070 2072 2051 2073 2049 2074 2073 2075 2073 2074 2049 2075 2076 2077 2077 2074 2075 2078 2079 2076 2077 2076 2079 2080 2078 2081 2078 2080 2079 2081 2082 2083 2083 2080 2081 2084 2085 2082 2083 2082 2085 2086 2084 2087 2084 2086 2085 2087 2088 2089 2089 2086 2087 2089 2088 2054 2090 2091 2092 2088 2052 2054 2093 2094 2095 2096 2097 2098 2099 2100 2101 2102 2103 2104 2105 2106 2107 2108 2109 2110 2111 2112 2113 2114 2115 2116 2117 2118 2119 2111 2119 2118 2117 2120 2121 2120 2117 2119 2122 2123 2121 2121 2120 2122 2072 2123 2124 2122 2124 2123 2071 2072 2124 2113 2112 2115 2111 2118 2112 2114 2116 2107 2113 2115 2114 2105 2108 2106 2116 2105 2107 2109 2100 2110 2108 2110 2106 2104 2099 2101 2101 2100 2109 2093 2103 2102 2103 2099 2104 2095 2094 2097 2093 2102 2094 2096 2098 2090 2095 2097 2096 2091 2053 2092 2098 2091 2090 2052 2092 2053 2125 2126 2127 2128 2129 2130 2125 2131 2132 2126 2125 2132 2133 2134 2125 2125 2134 2131 2135 2125 2136 2135 2133 2125 2137 2125 2138 2137 2139 2125 2140 2141 2142 2143 2144 2145 2146 2147 2148 2147 2149 2129 2150 2151 2145 2152 2150 2148 2142 2153 2154 2155 2154 2144 2156 2157 2158 2159 2160 2161 2162 2156 2163 2164 2163 2165 2166 2158 2167 2168 2169 2156 2160 2170 2167 2159 2171 2172 2173 2174 2175 2176 2140 2172 2177 2178 2179 2180 2181 2182 2125 2183 2138 2165 2183 2125 2136 2139 2184 2139 2136 2125 2185 2179 2139 2184 2139 2179 2179 2186 2177 2179 2185 2186 2179 2187 2188 2178 2187 2179 2179 2188 2189 2189 2188 2190 2191 2125 2192 2128 2193 2175 2194 2165 2195 2165 2196 2195 2165 2197 2164 2165 2194 2197 2165 2163 2156 2162 2168 2156 2157 2156 2169 2166 2156 2158 2170 2166 2167 2161 2160 2167 2171 2159 2161 2176 2172 2171 2141 2140 2176 2153 2142 2141 2155 2142 2154 2143 2155 2144 2151 2143 2145 2152 2151 2150 2147 2152 2148 2147 2146 2149 2129 2149 2130 2128 2130 2193 2175 2193 2173 2173 2198 2199 2199 2174 2173 2200 2198 2201 2198 2200 2199 2202 2182 2201 2200 2201 2182 2180 2182 2203 2182 2202 2203 2181 2204 2182 2125 2182 2205 2204 2205 2182 2125 2191 2165 2125 2205 2192 2196 2165 2206 2165 2191 2206 2207 2208 2209 2210 2211 2212 2213 2214 2212 2215 2216 2217 2218 2219 2220 2215 2220 2221 2222 2223 2224 2225 2218 2224 2226 2227 2228 2223 2229 2230 2228 2231 2232 2232 2233 2234 2235 2236 2228 2237 2238 2239 2240 2241 2207 2226 2242 2240 2230 2243 2244 2245 2208 2244 2246 2247 2248 2249 2247 2250 2251 2252 2247 2251 2253 2238 2254 2253 2251 2255 2256 2247 2257 2238 2258 2251 2238 2257 2259 2260 2238 2238 2260 2239 2259 2261 2262 2261 2259 2238 2238 2237 2258 2263 2247 2264 2247 2256 2265 2255 2247 2263 2254 2247 2249 2265 2250 2247 2252 2266 2247 2247 2254 2251 2267 2234 2247 2267 2247 2266 2268 2269 2270 2213 2271 2272 2273 2271 2274 2275 2276 2234 2234 2276 2277 2234 2233 2278 2234 2278 2275 2234 2228 2232 2231 2228 2236 2227 2235 2228 2242 2226 2228 2241 2240 2242 2209 2240 2207 2245 2209 2208 2243 2245 2244 2229 2243 2230 2222 2229 2223 2225 2224 2223 2219 2218 2225 2221 2220 2219 2216 2215 2221 2211 2217 2216 2211 2210 2279 2211 2279 2217 2212 2214 2210 2213 2272 2214 2271 2273 2272 2273 2280 2281 2280 2273 2274 2282 2283 2281 2281 2280 2282 2284 2283 2269 2282 2269 2283 2268 2285 2269 2269 2285 2284 2270 2269 2286 2247 2287 2269 2286 2269 2287 2247 2234 2248 2247 2246 2287 2277 2288 2234 2234 2288 2248 2289 2290 2291 2289 2292 2290 2293 2294 2295 2295 2296 2293 2297 2298 2299 2298 2300 2301 2300 2298 2297 2302 2301 2303 2300 2303 2301 2304 2305 2302 2302 2303 2304 2305 2306 2307 2306 2305 2304 2308 2307 2309 2306 2309 2307 2310 2311 2308 2308 2309 2310 2311 2312 2313 2312 2311 2310 2314 2313 2315 2312 2315 2313 2316 2317 2314 2314 2315 2316 2297 2299 2318 2319 2320 2318 2318 2299 2319 2320 2321 2322 2321 2320 2319 2323 2322 2324 2321 2324 2322 2325 2326 2323 2323 2324 2325 2326 2327 2328 2327 2326 2325 2329 2328 2330 2327 2330 2328 2331 2332 2329 2329 2330 2331 2332 2333 2334 2333 2332 2331 2333 2335 2334 2334 2335 2336 2337 2338 2339 2337 2340 2338 2341 2342 2343 2343 2344 2341 2345 2346 2347 2348 2349 2350 2351 2352 2353 2354 2355 2356 2357 2358 2359 2360 2361 2362 2363 2364 2365 2366 2367 2368 2369 2370 2371 2372 2373 2374 2375 2376 2377 2378 2379 2380 2381 2382 2383 2384 2385 2386 2387 2388 2389 2390 2391 2392 2393 2394 2395 2396 2397 2398 2399 2400 2401 2402 2400 2403 2399 2404 2405 2404 2399 2401 2406 2407 2405 2405 2404 2406 2408 2407 2409 2406 2409 2407 2408 2410 2411 2410 2408 2409 2412 2413 2411 2411 2410 2412 2414 2413 2415 2412 2415 2413 2414 2416 2417 2416 2414 2415 2418 2350 2417 2417 2416 2418 2402 2403 2395 2418 2348 2350 2400 2402 2401 2396 2394 2393 2393 2395 2403 2388 2398 2397 2398 2394 2396 2387 2389 2392 2388 2397 2389 2391 2390 2381 2387 2392 2391 2382 2385 2383 2390 2382 2381 2386 2377 2384 2385 2384 2383 2378 2376 2375 2375 2377 2386 2370 2380 2379 2380 2376 2378 2369 2371 2374 2370 2379 2371 2373 2372 2363 2369 2374 2373 2364 2367 2365 2372 2364 2363 2368 2359 2366 2367 2366 2365 2360 2358 2357 2357 2359 2368 2352 2362 2361 2362 2358 2360 2351 2353 2354 2352 2361 2353 2356 2355 2347 2351 2354 2356 2345 2349 2346 2355 2345 2347 2348 2346 2349 2419 2420 2421 2422 2423 2424 2425 2422 2426 2427 2428 2429 2423 2429 2430 2431 2432 2433 2427 2431 2434 2435 2436 2437 2433 2438 2436 2439 2440 2441 2435 2442 2443 2441 2444 2445 2445 2446 2447 2448 2449 2441 2450 2451 2452 2453 2454 2419 2455 2454 2439 2443 2456 2457 2458 2420 2457 2459 2460 2461 2462 2460 2463 2464 2465 2460 2464 2466 2451 2467 2466 2464 2468 2469 2460 2470 2451 2471 2464 2451 2470 2472 2473 2451 2451 2473 2452 2472 2474 2475 2474 2472 2451 2451 2450 2471 2476 2460 2477 2460 2469 2478 2468 2460 2476 2467 2460 2462 2478 2463 2460 2465 2479 2460 2460 2467 2464 2480 2447 2460 2480 2460 2479 2481 2482 2483 2425 2484 2485 2485 2486 2487 2488 2489 2447 2447 2489 2490 2447 2446 2491 2447 2491 2488 2447 2441 2445 2444 2441 2449 2440 2448 2441 2455 2439 2441 2453 2439 2454 2421 2453 2419 2458 2421 2420 2456 2458 2457 2442 2456 2443 2437 2442 2435 2438 2437 2436 2432 2438 2433 2434 2431 2433 2428 2427 2434 2430 2429 2428 2424 2423 2430 2426 2422 2424 2484 2425 2426 2486 2485 2484 2487 2492 2493 2492 2487 2486 2482 2493 2494 2493 2492 2494 2495 2496 2482 2482 2496 2493 2483 2482 2497 2482 2481 2495 2460 2498 2482 2497 2482 2498 2460 2447 2461 2460 2459 2498 2490 2499 2447 2447 2499 2461 2500 2501 2502 2503 2504 2505 2500 2506 2507 2501 2500 2507 2508 2509 2500 2500 2509 2506 2510 2500 2511 2510 2508 2500 2512 2500 2513 2512 2514 2500 2515 2516 2517 2518 2519 2520 2521 2522 2523 2521 2505 2524 2525 2526 2519 2527 2525 2523 2528 2517 2529 2520 2528 2530 2531 2532 2533 2534 2535 2536 2537 2531 2538 2539 2538 2540 2541 2542 2533 2543 2544 2531 2535 2541 2545 2534 2546 2547 2548 2549 2550 2551 2515 2547 2552 2553 2554 2555 2556 2557 2500 2558 2513 2540 2558 2500 2511 2514 2559 2514 2511 2500 2560 2554 2514 2559 2514 2554 2554 2561 2552 2554 2560 2561 2554 2562 2563 2553 2562 2554 2554 2563 2564 2564 2563 2565 2566 2500 2567 2503 2548 2568 2569 2540 2570 2540 2571 2570 2540 2572 2539 2540 2569 2572 2540 2538 2531 2537 2543 2531 2532 2531 2544 2542 2531 2533 2545 2541 2533 2536 2535 2545 2546 2534 2536 2551 2547 2546 2516 2515 2551 2529 2517 2516 2530 2528 2529 2518 2520 2530 2526 2520 2519 2527 2526 2525 2522 2527 2523 2524 2522 2521 2504 2524 2505 2568 2504 2503 2550 2568 2548 2549 2573 2574 2574 2550 2549 2557 2575 2573 2573 2575 2574 2576 2557 2577 2557 2573 2577 2556 2578 2557 2557 2576 2555 2500 2557 2579 2578 2579 2557 2500 2566 2540 2500 2579 2567 2571 2540 2580 2540 2566 2580 2581 2582 2583 2584 2585 2586 2587 2588 2589 2590 2591 2592 2593 2594 2595 2596 2597 2598 2598 2599 2596 2600 2597 2601 2596 2601 2597 2602 2600 2601 2599 2591 2590 2591 2599 2598 2594 2592 2595 2594 2590 2592 2593 2584 2586 2593 2595 2584 2585 2587 2589 2586 2585 2589 2581 2583 2588 2587 2581 2588 2603 2604 2605 2606 2607 2608 2609 2610 2611 2612 2613 2614 2615 2616 2617 2618 2619 2620 2620 2621 2618 2622 2619 2623 2618 2623 2619 2624 2622 2623 2621 2613 2612 2613 2621 2620 2616 2614 2617 2616 2612 2614 2615 2606 2608 2615 2617 2606 2607 2609 2611 2608 2607 2611 2603 2605 2610 2609 2603 2610 2625 2626 2627 2625 2628 2629 2629 2626 2625 2630 2628 2631 2628 2630 2629 2632 2633 2631 2630 2631 2633 2632 2634 2635 2635 2633 2632 2634 2636 2635 2637 2627 2626 2638 2637 2639 2637 2638 2627 2640 2641 2639 2638 2639 2641 2640 2642 2643 2643 2641 2640 2644 2642 2645 2642 2644 2643 2644 2645 2646 2647 2648 2649 2647 2650 2651 2651 2648 2647 2652 2650 2653 2650 2652 2651 2654 2655 2653 2652 2653 2655 2654 2656 2657 2657 2655 2654 2656 2658 2657 2659 2649 2648 2660 2659 2661 2659 2660 2649 2662 2663 2661 2660 2661 2663 2662 2664 2665 2665 2663 2662 2666 2664 2667 2664 2666 2665 2666 2667 2668</p>
        </triangles>
      </mesh>
    </geometry>
  </library_geometries>

  <library_visual_scenes>
    <visual_scene id="ID1">
      <node id="ID2" name="67d8cbc74bf4d90a4882ba03">
        <instance_geometry url="#ID3">
          <bind_material>
            <technique_common>
              <instance_material symbol="ID9" target="#ID9"/>
            </technique_common>
          </bind_material>
        </instance_geometry>
        <instance_geometry url="#ID10">
          <bind_material>
            <technique_common>
              <instance_material symbol="ID16" target="#ID16"/>
            </technique_common>
          </bind_material>
        </instance_geometry>
      </node>
    </visual_scene>
  </library_visual_scenes>

  <scene>
    <instance_visual_scene url="#ID1"/>
  </scene>

  <library_nodes/>

</COLLADA>
