<?xml version="1.0" encoding="UTF-8" standalone="no" ?>
<COLLADA version="1.4.1" xmlns="http://www.collada.org/2005/11/COLLADASchema">

  <asset>
    <contributor>
      <authoring_tool>ONSHAPE BY PTC INC, 1.195</authoring_tool>
    </contributor>
    <created>2025-03-18T01:25:34</created>
    <modified>2025-03-18T01:25:34</modified>
    <unit meter="1" name="meters"/>
    <up_axis>Z_UP</up_axis>
  </asset>

  <library_materials>
    <material id="ID9" name="ID9">
      <instance_effect url="#ID9-fx"/>
    </material>
    <material id="ID10" name="ID10">
      <instance_effect url="#ID10-fx"/>
    </material>
    <material id="ID11" name="ID11">
      <instance_effect url="#ID11-fx"/>
    </material>
    <material id="ID12" name="ID12">
      <instance_effect url="#ID12-fx"/>
    </material>
    <material id="ID13" name="ID13">
      <instance_effect url="#ID13-fx"/>
    </material>
  </library_materials>

  <library_effects>
    <effect id="ID9-fx" name="ID9">
      <profile_COMMON>
        <technique sid="COMMON">
          <lambert>
            <diffuse>
              <color sid="diffuse">0 0 0 1</color>
            </diffuse>
            <transparent opaque="A_ONE">
              <color sid="transparent">1 1 1 1</color>
            </transparent>
            <transparency>
              <float sid="transparency">1</float>
            </transparency>
          </lambert>
        </technique>
        <extra>
          <technique profile="OTHER">
            <double_sided>1</double_sided>
          </technique>
        </extra>
      </profile_COMMON>
    </effect>
    <effect id="ID10-fx" name="ID10">
      <profile_COMMON>
        <technique sid="COMMON">
          <lambert>
            <diffuse>
              <color sid="diffuse">0.501961 0.501961 0.501961 1</color>
            </diffuse>
            <transparent opaque="A_ONE">
              <color sid="transparent">1 1 1 1</color>
            </transparent>
            <transparency>
              <float sid="transparency">1</float>
            </transparency>
          </lambert>
        </technique>
        <extra>
          <technique profile="OTHER">
            <double_sided>1</double_sided>
          </technique>
        </extra>
      </profile_COMMON>
    </effect>
    <effect id="ID11-fx" name="ID11">
      <profile_COMMON>
        <technique sid="COMMON">
          <lambert>
            <diffuse>
              <color sid="diffuse">0.792157 0.819608 0.929412 1</color>
            </diffuse>
            <transparent opaque="A_ONE">
              <color sid="transparent">1 1 1 1</color>
            </transparent>
            <transparency>
              <float sid="transparency">1</float>
            </transparency>
          </lambert>
        </technique>
        <extra>
          <technique profile="OTHER">
            <double_sided>1</double_sided>
          </technique>
        </extra>
      </profile_COMMON>
    </effect>
    <effect id="ID12-fx" name="ID12">
      <profile_COMMON>
        <technique sid="COMMON">
          <lambert>
            <diffuse>
              <color sid="diffuse">0.937255 1 0.215686 1</color>
            </diffuse>
            <transparent opaque="A_ONE">
              <color sid="transparent">1 1 1 1</color>
            </transparent>
            <transparency>
              <float sid="transparency">1</float>
            </transparency>
          </lambert>
        </technique>
        <extra>
          <technique profile="OTHER">
            <double_sided>1</double_sided>
          </technique>
        </extra>
      </profile_COMMON>
    </effect>
    <effect id="ID13-fx" name="ID13">
      <profile_COMMON>
        <technique sid="COMMON">
          <lambert>
            <diffuse>
              <color sid="diffuse">1 1 0 1</color>
            </diffuse>
            <transparent opaque="A_ONE">
              <color sid="transparent">1 1 1 1</color>
            </transparent>
            <transparency>
              <float sid="transparency">1</float>
            </transparency>
          </lambert>
        </technique>
        <extra>
          <technique profile="OTHER">
            <double_sided>1</double_sided>
          </technique>
        </extra>
      </profile_COMMON>
    </effect>
  </library_effects>

  <library_geometries>
    <geometry id="ID3">
      <mesh>
        <source id="ID4">
          <float_array count="44640" id="ID5">-0.00271358 -0.0005 -0.00433363 -0.00222757 -0.0005 -0.00433363 -0.00222757 -0.0005 -0.0032806 -0.00271358 -0.0005 -0.0032806 -0.00171358 -0.0005 -0.00433363 -0.00122757 -0.0005 -0.00433363 -0.00122757 -0.0005 -0.0032806 -0.00171358 -0.0005 -0.0032806 -0.000713583 -0.0005 -0.00433363 -0.000227568 -0.0005 -0.00433363 -0.000227568 -0.0005 -0.0032806 -0.000713583 -0.0005 -0.0032806 -0.00673356 -0.0005 -0.000170462 -0.00627409 -0.0005 -0.000170462 -0.00627409 -0.0005 0.00102414 -0.00673356 -0.0005 0.00102414 -0.00573356 -0.0005 -0.000170462 -0.00527409 -0.0005 -0.000170462 -0.00527409 -0.0005 0.00102414 -0.00573356 -0.0005 0.00102414 0.00392862 -0.001 0.000769524 0.00263258 -0.001 0.000769524 0.00263258 -0.001 -0.00206556 0.00392862 -0.001 -0.00206556 0.00263258 0 -0.00206556 0.00392862 0 -0.00206556 0.00392862 -0.001 -0.00206556 0.00263258 -0.001 -0.00206556 0.00263258 0 0.000769524 0.00263258 0 -0.00206556 0.00263258 -0.001 -0.00206556 0.00263258 -0.001 0.000769524 0.00392862 0 0.000769524 0.00263258 0 0.000769524 0.00263258 -0.001 0.000769524 0.00392862 -0.001 0.000769524 0.00392862 0 -0.00206556 0.00392862 0 0.000769524 0.00392862 -0.001 0.000769524 0.00392862 -0.001 -0.00206556 0.00418312 0.0016 -0.00423328 0.00437102 0.0016 -0.00426986 0.00436081 0.0016 -0.00431418 0.00371318 0.0016 -0.00420983 0.00390048 0.0016 -0.00418103 0.00372106 0.0016 -0.00425716 0.00390599 0.0016 -0.00421876 0.00373321 0.0016 -0.00430358 0.00390268 0.0016 -0.00419997 0.00389941 0.0016 -0.00416199 0.00370946 0.0016 -0.00416199 0.00380206 0.0016 -0.00442898 0.00377347 0.0016 -0.00439046 0.00391698 0.0016 -0.00425524 0.00391066 0.0016 -0.00423725 0.00375061 0.0016 -0.00434829 0.00395929 0.0016 -0.00431796 0.00387398 0.0016 -0.00449208 0.00394609 0.0016 -0.00430421 0.00392483 0.0016 -0.00427262 0.00393456 0.0016 -0.00428902 0.00383576 0.0016 -0.00446312 0.00400826 0.0016 -0.00434658 0.00400883 0.0016 -0.00453923 0.00396168 0.0016 -0.00453026 0.0039164 0.0016 -0.00451448 0.00397407 0.0016 -0.00433001 0.00408952 0.0016 -0.00434605 0.00410998 0.0016 -0.0043377 0.00410212 0.0016 -0.00453934 0.0040459 0.0016 -0.00435226 0.00405672 0.0016 -0.0045419 0.00412882 0.0016 -0.00432614 0.00418956 0.0016 -0.00451583 0.00414669 0.0016 -0.0045308 0.00426577 0.0016 -0.00446685 0.00422957 0.0016 -0.00449434 0.00415963 0.0016 -0.00429465 0.00414552 0.0016 -0.00431166 0.00413948 0.0016 -0.00406578 0.00411899 0.0016 -0.00403327 0.00425291 0.0016 -0.00389755 0.00417079 0.0016 -0.00427557 0.00429724 0.0016 -0.00443407 0.00433851 0.0016 -0.00405215 0.00418078 0.0016 -0.00417294 0.00417098 0.0016 -0.00413577 0.00415692 0.0016 -0.0041 0.00428539 0.0016 -0.00394684 0.00435751 0.0016 -0.00410812 0.00418435 0.0016 -0.00421117 0.00431432 0.0016 -0.00399827 0.00409627 0.0016 -0.00400229 0.00421772 0.0016 -0.00385012 0.00418063 0.0016 -0.00380417 0.0040317 0.0016 -0.00363282 0.00438787 0.0016 -0.00345643 0.00438787 0.0016 -0.00363282 0.00414216 0.0016 -0.00375939 0.00407245 0.0016 -0.00397213 0.0040218 0.0016 -0.00391434 0.00404753 0.0016 -0.00394288 0.00399566 0.0016 -0.00388617 0.00368232 0.0016 -0.00345643 0.00368232 0.0016 -0.00355268 0.00432341 0.0016 -0.00439686 0.00417869 0.0016 -0.00425493 0.00434469 0.0016 -0.00435667 0.00437431 0.0016 -0.00422453 0.00436966 0.0016 -0.00416565 0.00406796 0.0016 -0.00435094 0.00402688 0.0016 -0.00435064 0.00399048 0.0016 -0.0043397 0.00370946 0.0016 -0.00416199 0.00389941 0.0015 -0.00416199 0.00389941 0.0016 -0.00416199 0.00370946 0.0015 -0.00416199 0.00380206 0.0015 -0.00442898 0.00377347 0.0015 -0.00439046 0.00380206 0.0016 -0.00442898 0.00377347 0.0016 -0.00439046 0.00375061 0.0015 -0.00434829 0.00373321 0.0015 -0.00430358 0.00375061 0.0016 -0.00434829 0.00372106 0.0015 -0.00425716 0.00373321 0.0016 -0.00430358 0.00372106 0.0016 -0.00425716 0.00371318 0.0015 -0.00420983 0.00370946 0.0015 -0.00416199 0.00371318 0.0016 -0.00420983 0.00370946 0.0016 -0.00416199 0.00383576 0.0016 -0.00446312 0.00387398 0.0016 -0.00449208 0.00383576 0.0015 -0.00446312 0.00387398 0.0015 -0.00449208 0.0039164 0.0016 -0.00451448 0.00396168 0.0016 -0.00453026 0.0039164 0.0015 -0.00451448 0.00400883 0.0016 -0.00453923 0.00396168 0.0015 -0.00453026 0.00400883 0.0015 -0.00453923 0.00405672 0.0016 -0.0045419 0.00405672 0.0015 -0.0045419 0.00429724 0.0016 -0.00443407 0.00426577 0.0015 -0.00446685 0.00426577 0.0016 -0.00446685 0.00422957 0.0016 -0.00449434 0.00422957 0.0015 -0.00449434 0.00418956 0.0015 -0.00451583 0.00418956 0.0016 -0.00451583 0.00414669 0.0015 -0.0045308 0.00414669 0.0016 -0.0045308 0.00410212 0.0016 -0.00453934 0.00410212 0.0015 -0.00453934 0.00405672 0.0015 -0.0045419 0.00405672 0.0016 -0.0045419 0.00429724 0.0015 -0.00443407 0.00432341 0.0016 -0.00439686 0.00432341 0.0015 -0.00439686 0.00434469 0.0015 -0.00435667 0.00434469 0.0016 -0.00435667 0.00436081 0.0016 -0.00431418 0.00436081 0.0015 -0.00431418 0.00437102 0.0016 -0.00426986 0.00437102 0.0015 -0.00426986 0.00437431 0.0016 -0.00422453 0.00437431 0.0015 -0.00422453 0.00431432 0.0016 -0.00399827 0.00428539 0.0016 -0.00394684 0.00431432 0.0015 -0.00399827 0.00433851 0.0015 -0.00405215 0.00433851 0.0016 -0.00405215 0.00435751 0.0015 -0.00410812 0.00435751 0.0016 -0.00410812 0.00436966 0.0016 -0.00416565 0.00436966 0.0015 -0.00416565 0.00437431 0.0015 -0.00422453 0.00437431 0.0016 -0.00422453 0.00428539 0.0015 -0.00394684 0.00425291 0.0015 -0.00389755 0.00425291 0.0016 -0.00389755 0.00421772 0.0016 -0.00385012 0.00421772 0.0015 -0.00385012 0.00418063 0.0016 -0.00380417 0.00418063 0.0015 -0.00380417 0.00414216 0.0016 -0.00375939 0.00414216 0.0015 -0.00375939 0.0040317 0.0016 -0.00363282 0.00414216 0.0015 -0.00375939 0.00414216 0.0016 -0.00375939 0.0040317 0.0015 -0.00363282 0.00438787 0.0016 -0.00363282 0.0040317 0.0015 -0.00363282 0.0040317 0.0016 -0.00363282 0.00438787 0.0015 -0.00363282 0.00438787 0.0016 -0.00345643 0.00438787 0.0015 -0.00363282 0.00438787 0.0016 -0.00363282 0.00438787 0.0015 -0.00345643 0.00368232 0.0016 -0.00345643 0.00438787 0.0015 -0.00345643 0.00438787 0.0016 -0.00345643 0.00368232 0.0015 -0.00345643 0.00368232 0.0016 -0.00355268 0.00368232 0.0015 -0.00345643 0.00368232 0.0016 -0.00345643 0.00368232 0.0015 -0.00355268 0.00399566 0.0016 -0.00388617 0.00368232 0.0015 -0.00355268 0.00368232 0.0016 -0.00355268 0.00399566 0.0015 -0.00388617 0.00407245 0.0016 -0.00397213 0.00409627 0.0016 -0.00400229 0.00407245 0.0015 -0.00397213 0.00409627 0.0015 -0.00400229 0.00404753 0.0015 -0.00394288 0.00404753 0.0016 -0.00394288 0.00411899 0.0016 -0.00403327 0.00399566 0.0015 -0.00388617 0.0040218 0.0016 -0.00391434 0.0040218 0.0015 -0.00391434 0.00399566 0.0016 -0.00388617 0.00411899 0.0015 -0.00403327 0.00413948 0.0016 -0.00406578 0.00413948 0.0015 -0.00406578 0.00415692 0.0016 -0.0041 0.00417098 0.0016 -0.00413577 0.00415692 0.0015 -0.0041 0.00418078 0.0016 -0.00417294 0.00417098 0.0015 -0.00413577 0.00418078 0.0015 -0.00417294 0.00418435 0.0016 -0.00421117 0.00418435 0.0015 -0.00421117 0.00408952 0.0016 -0.00434605 0.00406796 0.0015 -0.00435094 0.00408952 0.0015 -0.00434605 0.0040459 0.0015 -0.00435226 0.00406796 0.0016 -0.00435094 0.0040459 0.0016 -0.00435226 0.00412882 0.0015 -0.00432614 0.00414552 0.0015 -0.00431166 0.00414552 0.0016 -0.00431166 0.00412882 0.0016 -0.00432614 0.00410998 0.0016 -0.0043377 0.00410998 0.0015 -0.0043377 0.00417869 0.0016 -0.00425493 0.00417079 0.0015 -0.00427557 0.00417869 0.0015 -0.00425493 0.00417079 0.0016 -0.00427557 0.00415963 0.0016 -0.00429465 0.00415963 0.0015 -0.00429465 0.00418312 0.0015 -0.00423328 0.00418312 0.0016 -0.00423328 0.00418435 0.0015 -0.00421117 0.00418435 0.0016 -0.00421117 0.00393456 0.0016 -0.00428902 0.00394609 0.0015 -0.00430421 0.00394609 0.0016 -0.00430421 0.00395929 0.0015 -0.00431796 0.00393456 0.0015 -0.00428902 0.00395929 0.0016 -0.00431796 0.00397407 0.0015 -0.00433001 0.00397407 0.0016 -0.00433001 0.00399048 0.0016 -0.0043397 0.00399048 0.0015 -0.0043397 0.00400826 0.0015 -0.00434658 0.00400826 0.0016 -0.00434658 0.00402689 0.0015 -0.00435064 0.00402688 0.0016 -0.00435064 0.0040459 0.0015 -0.00435226 0.0040459 0.0016 -0.00435226 0.00392483 0.0016 -0.00427262 0.00391698 0.0016 -0.00425524 0.00392483 0.0015 -0.00427262 0.00391066 0.0016 -0.00423725 0.00391698 0.0015 -0.00425524 0.00391066 0.0015 -0.00423725 0.00390599 0.0016 -0.00421876 0.00390268 0.0016 -0.00419997 0.00390599 0.0015 -0.00421876 0.00390048 0.0016 -0.00418103 0.00390268 0.0015 -0.00419997 0.00390048 0.0015 -0.00418103 0.00389941 0.0016 -0.00416199 0.00389941 0.0015 -0.00416199 0.0031328 0.0016 -0.00376299 0.003041 0.0016 -0.00345643 0.00322396 0.0016 -0.00345643 0.00360769 0.0016 -0.00451477 0.00265791 0.0016 -0.00451477 0.0028608 0.0016 -0.00451477 0.00340544 0.0016 -0.00451477 0.0028608 0.0016 -0.00451477 0.00265791 0.0015 -0.00451477 0.00265791 0.0016 -0.00451477 0.0028608 0.0015 -0.00451477 0.0031328 0.0016 -0.00376299 0.0028608 0.0015 -0.00451477 0.0028608 0.0016 -0.00451477 0.0031328 0.0015 -0.00376299 0.00340544 0.0016 -0.00451477 0.0031328 0.0015 -0.00376299 0.0031328 0.0016 -0.00376299 0.00340544 0.0015 -0.00451477 0.00360769 0.0016 -0.00451477 0.00340544 0.0015 -0.00451477 0.00340544 0.0016 -0.00451477 0.00360769 0.0015 -0.00451477 0.00322396 0.0016 -0.00345643 0.00360769 0.0015 -0.00451477 0.00360769 0.0016 -0.00451477 0.00322396 0.0015 -0.00345643 0.003041 0.0016 -0.00345643 0.00322396 0.0015 -0.00345643 0.00322396 0.0016 -0.00345643 0.003041 0.0015 -0.00345643 0.00265791 0.0016 -0.00451477 0.003041 0.0015 -0.00345643 0.003041 0.0016 -0.00345643 0.00265791 0.0015 -0.00451477 0.00166741 0.0016 -0.00345643 0.0018915 0.0016 -0.00345643 0.00202401 0.0016 -0.0040032 0.00235749 0.0016 -0.00451477 0.00213595 0.0016 -0.00417492 0.00224789 0.0016 -0.00400298 0.00191483 0.0016 -0.00451477 0.00258158 0.0016 -0.00451477 0.00237975 0.0016 -0.00345643 0.00213595 0.0016 -0.00383125 0.00260363 0.0016 -0.00345643 0.00169095 0.0016 -0.00451477 0.00191483 0.0016 -0.00451477 0.00169095 0.0015 -0.00451477 0.00169095 0.0016 -0.00451477 0.00191483 0.0015 -0.00451477 0.00213595 0.0016 -0.00417492 0.00191483 0.0015 -0.00451477 0.00191483 0.0016 -0.00451477 0.00213595 0.0015 -0.00417492 0.00235749 0.0016 -0.00451477 0.00213595 0.0015 -0.00417492 0.00213595 0.0016 -0.00417492 0.00235749 0.0015 -0.00451477 0.00258158 0.0016 -0.00451477 0.00235749 0.0015 -0.00451477 0.00235749 0.0016 -0.00451477 0.00258158 0.0015 -0.00451477 0.00224789 0.0016 -0.00400298 0.00258158 0.0015 -0.00451477 0.00258158 0.0016 -0.00451477 0.00224789 0.0015 -0.00400298 0.00260363 0.0016 -0.00345643 0.00224789 0.0015 -0.00400298 0.00224789 0.0016 -0.00400298 0.00260363 0.0015 -0.00345643 0.00237975 0.0016 -0.00345643 0.00260363 0.0015 -0.00345643 0.00260363 0.0016 -0.00345643 0.00237975 0.0015 -0.00345643 0.00213595 0.0016 -0.00383125 0.00237975 0.0015 -0.00345643 0.00237975 0.0016 -0.00345643 0.00213595 0.0015 -0.00383126 0.0018915 0.0016 -0.00345643 0.00213595 0.0015 -0.00383126 0.00213595 0.0016 -0.00383125 0.0018915 0.0015 -0.00345643 0.00166741 0.0016 -0.00345643 0.0018915 0.0015 -0.00345643 0.0018915 0.0016 -0.00345643 0.00166741 0.0015 -0.00345643 0.00202401 0.0016 -0.0040032 0.00166741 0.0015 -0.00345643 0.00166741 0.0016 -0.00345643 0.00202401 0.0015 -0.0040032 0.00169095 0.0016 -0.00451477 0.00202401 0.0015 -0.0040032 0.00202401 0.0016 -0.0040032 0.00169095 0.0015 -0.00451477 0.00134856 0.0016 -0.00345643 0.00134856 0.0016 -0.00451477 0.0011586 0.0016 -0.00433838 0.0011586 0.0016 -0.00345643 0.00105493 0.0016 -0.00451477 0.000941506 0.0016 -0.00433838 0.00134856 0.0016 -0.00451477 0.00105493 0.0015 -0.00451477 0.00105493 0.0016 -0.00451477 0.00134856 0.0015 -0.00451477 0.00134856 0.0016 -0.00345643 0.00134856 0.0015 -0.00451477 0.00134856 0.0016 -0.00451477 0.00134856 0.0015 -0.00345643 0.0011586 0.0016 -0.00345643 0.00134856 0.0015 -0.00345643 0.00134856 0.0016 -0.00345643 0.0011586 0.0015 -0.00345643 0.0011586 0.0016 -0.00433838 0.0011586 0.0015 -0.00345643 0.0011586 0.0016 -0.00345643 0.0011586 0.0015 -0.00433838 0.000941506 0.0016 -0.00433838 0.0011586 0.0015 -0.00433838 0.0011586 0.0016 -0.00433838 0.000941506 0.0015 -0.00433838 0.00105493 0.0016 -0.00451477 0.000941506 0.0015 -0.00433838 0.000941506 0.0016 -0.00433838 0.00105493 0.0015 -0.00451477 0.000312061 0.0016 -0.00326648 0.000799038 0.0016 -0.0045419 0.000655086 0.0016 -0.0045419 0.000168109 0.0016 -0.00326648 0.000655086 0.0016 -0.0045419 0.000168109 0.0015 -0.00326648 0.000168109 0.0016 -0.00326648 0.000655086 0.0015 -0.0045419 0.000799038 0.0016 -0.0045419 0.000655086 0.0015 -0.0045419 0.000655086 0.0016 -0.0045419 0.000799038 0.0015 -0.0045419 0.000312061 0.0016 -0.00326648 0.000799038 0.0015 -0.0045419 0.000799038 0.0016 -0.0045419 0.000312061 0.0015 -0.00326648 0.000168109 0.0016 -0.00326648 0.000312061 0.0015 -0.00326648 0.000312061 0.0016 -0.00326648 0.000168109 0.0015 -0.00326648 -0.000115883 0.0015 -0.00416712 -0.000119682 0.0015 -0.00418705 -0.000167215 0.0015 -0.00429788 -0.000441747 0.0015 -0.00392944 -0.000314328 0.0015 -0.0036262 -0.000442181 0.0015 -0.00395126 -0.000124301 0.0015 -0.00420681 -0.000129908 0.0015 -0.00422631 -0.000155362 0.0015 -0.00428141 -0.000145176 0.0015 -0.00426386 -0.00013674 0.0015 -0.00424541 -0.00011276 0.0015 -0.00414707 -0.000110221 0.0015 -0.00412694 -0.000180681 0.0015 -0.00431305 -0.00019583 0.0015 -0.00432654 -0.000108197 0.0015 -0.00410676 -0.000106583 0.0015 -0.00408653 -0.00021281 0.0015 -0.00433763 -0.000105273 0.0015 -0.00406629 -0.000231435 0.0015 -0.00434565 -0.000104275 0.0015 -0.00404602 -0.000103656 0.0015 -0.00402575 -0.000251156 0.0015 -0.0043504 -0.000271379 0.0015 -0.00435195 -0.000103372 0.0015 -0.00400546 -0.000103259 0.0015 -0.00398518 -0.000427589 0.0015 -0.00418038 -0.000357391 0.0015 -0.00432259 -0.000422602 0.0015 -0.00420296 -0.000316869 0.0015 -0.00434453 -0.000338087 0.0015 -0.00433532 -0.000438754 0.0015 -0.00408862 -0.000374298 0.0015 -0.00430685 -0.000388282 0.0015 -0.00428844 -0.000399455 0.0015 -0.00426821 -0.000416357 0.0015 -0.00422522 -0.000408892 0.0015 -0.0042471 -0.000431499 0.0015 -0.00415759 -0.000434606 0.0015 -0.00413468 -0.000436882 0.0015 -0.00411167 -0.000440261 0.0015 -0.00406555 -0.000441301 0.0015 -0.00404245 -0.000294434 0.0015 -0.0043501 -0.000441894 0.0015 -0.00401933 -0.000442232 0.0015 -0.00399621 -0.000441019 0.0015 -0.00390762 -0.000439865 0.0015 -0.00388582 -0.000334334 0.0015 -0.0036349 -0.000293133 0.0015 -0.00362098 -0.000442468 0.0015 -0.00397309 -0.000435956 0.0015 -0.00384234 -0.000433252 0.0015 -0.00382067 -0.000368678 0.0015 -0.00366162 -0.000352558 0.0015 -0.0036469 -0.000438172 0.0015 -0.00386406 -0.000395218 0.0015 -0.00369619 -0.000382958 0.0015 -0.00367813 -0.000425466 0.0015 -0.00377772 -0.000429825 0.0015 -0.00379912 -0.000405412 0.0015 -0.00371549 -0.000420195 0.0015 -0.00375653 -0.000413665 0.0015 -0.0037357 -0.000271379 0.0015 -0.00361925 -0.000104122 0.0015 -0.00393504 -0.000235832 0.0015 -0.00362399 -0.000106824 0.0015 -0.00388496 -0.000253433 0.0015 -0.00362033 -0.000203335 0.0015 -0.00363912 -0.000189072 0.0015 -0.00365007 -0.000112239 0.0015 -0.00383511 -0.000219003 0.0015 -0.0036303 -0.000165278 0.0015 -0.00367694 -0.000155412 0.0015 -0.00369197 -0.00012088 0.0015 -0.00378572 -0.00017637 0.0015 -0.00366279 -0.000134418 0.0015 -0.00373745 -0.000112238 0.0016 -0.00383511 -0.00012088 0.0015 -0.00378572 -0.000120879 0.0016 -0.00378573 -0.000134418 0.0016 -0.00373745 -0.000134418 0.0015 -0.00373745 -0.000155412 0.0015 -0.00369197 -0.000155411 0.0016 -0.00369197 -0.000112239 0.0015 -0.00383511 -0.000106823 0.0016 -0.00388496 -0.000104122 0.0016 -0.00393504 -0.000106824 0.0015 -0.00388496 -0.000104122 0.0015 -0.00393504 -0.000103259 0.0016 -0.00398518 -0.000103259 0.0015 -0.00398518 -0.000219003 0.0015 -0.0036303 -0.000219001 0.0016 -0.00363031 -0.000203334 0.0016 -0.00363912 -0.00023583 0.0016 -0.00362399 -0.000235832 0.0015 -0.00362399 -0.000253433 0.0015 -0.00362033 -0.000253431 0.0016 -0.00362033 -0.000271379 0.0015 -0.00361925 -0.000271377 0.0016 -0.00361925 -0.000203335 0.0015 -0.00363912 -0.000189071 0.0016 -0.00365007 -0.00017637 0.0016 -0.00366279 -0.000189072 0.0015 -0.00365007 -0.000165278 0.0016 -0.00367694 -0.00017637 0.0015 -0.00366279 -0.000165278 0.0015 -0.00367694 -0.000155411 0.0016 -0.00369197 -0.000155412 0.0015 -0.00369197 -0.000425466 0.0016 -0.00377772 -0.000429825 0.0015 -0.00379912 -0.000429825 0.0016 -0.00379912 -0.000420195 0.0016 -0.00375653 -0.000425466 0.0015 -0.00377772 -0.000435956 0.0015 -0.00384234 -0.000433252 0.0016 -0.00382067 -0.000433252 0.0015 -0.00382067 -0.000435956 0.0016 -0.00384234 -0.000438172 0.0015 -0.00386406 -0.000439865 0.0016 -0.00388582 -0.000439865 0.0015 -0.00388582 -0.000441019 0.0015 -0.00390762 -0.000438172 0.0016 -0.00386406 -0.000441747 0.0015 -0.00392944 -0.000442181 0.0015 -0.00395126 -0.000441747 0.0016 -0.00392944 -0.000441019 0.0016 -0.00390762 -0.000442181 0.0016 -0.00395126 -0.000442468 0.0015 -0.00397309 -0.000442468 0.0016 -0.00397309 -0.000420195 0.0015 -0.00375653 -0.000413665 0.0016 -0.0037357 -0.000405412 0.0016 -0.00371549 -0.000413665 0.0015 -0.0037357 -0.000395218 0.0016 -0.00369619 -0.000405412 0.0015 -0.00371549 -0.000395218 0.0015 -0.00369619 -0.000382958 0.0016 -0.00367813 -0.000368678 0.0016 -0.00366162 -0.000382958 0.0015 -0.00367813 -0.000352558 0.0016 -0.0036469 -0.000368678 0.0015 -0.00366162 -0.000352558 0.0015 -0.0036469 -0.000334334 0.0016 -0.0036349 -0.000314328 0.0016 -0.0036262 -0.000334334 0.0015 -0.0036349 -0.000293133 0.0016 -0.00362098 -0.000314328 0.0015 -0.0036262 -0.000293133 0.0015 -0.00362098 -0.000271377 0.0016 -0.00361925 -0.000271379 0.0015 -0.00361925 -0.000416357 0.0015 -0.00422522 -0.000416357 0.0016 -0.00422522 -0.000422602 0.0016 -0.00420296 -0.000408892 0.0016 -0.0042471 -0.000408892 0.0015 -0.0042471 -0.000388282 0.0015 -0.00428844 -0.000399455 0.0016 -0.00426821 -0.000399455 0.0015 -0.00426821 -0.000374298 0.0015 -0.00430685 -0.000388283 0.0016 -0.00428844 -0.000316869 0.0015 -0.00434453 -0.00031687 0.0016 -0.00434453 -0.000338088 0.0016 -0.00433532 -0.000374299 0.0016 -0.00430685 -0.000357391 0.0015 -0.00432259 -0.000357392 0.0016 -0.00432259 -0.000338087 0.0015 -0.00433532 -0.000294434 0.0015 -0.0043501 -0.000294436 0.0016 -0.0043501 -0.000271379 0.0015 -0.00435195 -0.000271381 0.0016 -0.00435195 -0.000422602 0.0015 -0.00420296 -0.000427589 0.0016 -0.00418038 -0.000431499 0.0016 -0.00415759 -0.000427589 0.0015 -0.00418038 -0.000434606 0.0016 -0.00413468 -0.000431499 0.0015 -0.00415759 -0.000434606 0.0015 -0.00413468 -0.000436882 0.0016 -0.00411167 -0.000438754 0.0016 -0.00408862 -0.000436882 0.0015 -0.00411167 -0.000440261 0.0016 -0.00406555 -0.000438754 0.0015 -0.00408862 -0.000440261 0.0015 -0.00406555 -0.000441301 0.0016 -0.00404245 -0.000441894 0.0016 -0.00401933 -0.000441301 0.0015 -0.00404245 -0.000442232 0.0016 -0.00399621 -0.000441894 0.0015 -0.00401933 -0.000442232 0.0015 -0.00399621 -0.000442468 0.0016 -0.00397309 -0.000442468 0.0015 -0.00397309 -0.000115883 0.0015 -0.00416712 -0.000119682 0.0016 -0.00418705 -0.000119682 0.0015 -0.00418705 -0.000124301 0.0016 -0.00420681 -0.00011276 0.0015 -0.00414707 -0.00011276 0.0016 -0.00414707 -0.000115883 0.0016 -0.00416712 -0.000110221 0.0015 -0.00412694 -0.000110221 0.0016 -0.00412694 -0.000108197 0.0015 -0.00410676 -0.000108197 0.0016 -0.00410676 -0.000106583 0.0015 -0.00408653 -0.000106583 0.0016 -0.00408653 -0.000105273 0.0015 -0.00406629 -0.000103656 0.0015 -0.00402575 -0.000104275 0.0016 -0.00404602 -0.000104275 0.0015 -0.00404602 -0.000105273 0.0016 -0.00406629 -0.000103656 0.0016 -0.00402575 -0.000103372 0.0015 -0.00400546 -0.000103372 0.0016 -0.00400546 -0.000103259 0.0015 -0.00398518 -0.000103259 0.0016 -0.00398518 -0.000124301 0.0015 -0.00420681 -0.000129908 0.0016 -0.00422631 -0.000129908 0.0015 -0.00422631 -0.00013674 0.0016 -0.00424541 -0.000145176 0.0016 -0.00426386 -0.00013674 0.0015 -0.00424541 -0.000155362 0.0016 -0.00428141 -0.000145176 0.0015 -0.00426386 -0.000155362 0.0015 -0.00428141 -0.000167215 0.0016 -0.00429788 -0.000180681 0.0016 -0.00431305 -0.000167215 0.0015 -0.00429788 -0.00019583 0.0016 -0.00432654 -0.000180681 0.0015 -0.00431305 -0.00019583 0.0015 -0.00432654 -0.00021281 0.0016 -0.00433763 -0.000231435 0.0016 -0.00434565 -0.00021281 0.0015 -0.00433763 -0.000251156 0.0016 -0.0043504 -0.000231435 0.0015 -0.00434565 -0.000251156 0.0015 -0.0043504 -0.000271381 0.0016 -0.00435195 -0.000271379 0.0015 -0.00435195 2.43766e-05 0.0016 -0.00435323 2.43766e-05 0.0015 -0.00435323 1.59894e-06 0.0015 -0.00439441 -2.60394e-05 0.0015 -0.00443249 1.59894e-06 0.0016 -0.00439441 -5.89409e-05 0.0015 -0.00446604 -2.60394e-05 0.0016 -0.00443249 -5.89409e-05 0.0016 -0.00446604 -9.66914e-05 0.0015 -0.00449403 -0.000138353 0.0015 -0.00451575 -9.66914e-05 0.0016 -0.00449403 -0.000182888 0.0015 -0.00453071 -0.000138353 0.0016 -0.00451575 -0.000182888 0.0016 -0.00453071 -0.00022909 0.0015 -0.00453923 -0.000276061 0.0015 -0.00454136 -0.00022909 0.0016 -0.00453923 -0.000276061 0.0016 -0.00454136 4.28046e-05 0.0016 -0.00430994 4.28046e-05 0.0015 -0.00430994 5.71442e-05 0.0016 -0.00426514 6.76606e-05 0.0016 -0.00421927 5.71442e-05 0.0015 -0.00426514 7.54329e-05 0.0016 -0.00417287 6.76606e-05 0.0015 -0.00421927 7.54329e-05 0.0015 -0.00417287 8.08311e-05 0.0016 -0.00412614 8.42113e-05 0.0016 -0.00407922 8.08311e-05 0.0015 -0.00412614 8.61619e-05 0.0016 -0.00403221 8.42113e-05 0.0015 -0.00407922 8.61619e-05 0.0015 -0.00403221 8.66987e-05 0.0016 -0.00398518 8.66987e-05 0.0015 -0.00398518 1.57166e-05 0.0016 -0.00359894 3.45814e-05 0.0015 -0.00363876 3.45814e-05 0.0016 -0.00363876 4.99817e-05 0.0016 -0.00368004 4.99817e-05 0.0015 -0.00368004 6.17208e-05 0.0015 -0.00372251 6.17208e-05 0.0016 -0.00372251 7.04673e-05 0.0015 -0.0037657 7.04673e-05 0.0016 -0.0037657 7.69889e-05 0.0016 -0.00380928 7.69889e-05 0.0015 -0.00380928 8.15197e-05 0.0015 -0.00385311 8.15197e-05 0.0016 -0.00385311 8.4612e-05 0.0015 -0.00389707 8.4612e-05 0.0016 -0.00389707 8.62274e-05 0.0016 -0.00394111 8.62274e-05 0.0015 -0.00394111 8.66987e-05 0.0015 -0.00398518 8.66987e-05 0.0016 -0.00398518 1.57166e-05 0.0015 -0.00359894 -6.7284e-06 0.0016 -0.00356103 -6.7284e-06 0.0015 -0.00356103 -3.35729e-05 0.0015 -0.0035261 -3.35729e-05 0.0016 -0.0035261 -6.5145e-05 0.0016 -0.00349541 -6.5145e-05 0.0015 -0.00349541 -0.000101096 0.0016 -0.00347 -0.000101096 0.0015 -0.00347 -0.000140871 0.0015 -0.00345113 -0.000140871 0.0016 -0.00345113 -0.000183047 0.0016 -0.00343848 -0.000183047 0.0015 -0.00343848 -0.000226521 0.0016 -0.00343136 -0.000226521 0.0015 -0.00343136 -0.000270531 0.0016 -0.0034293 -0.000270531 0.0015 -0.0034293 -0.000569635 0.0016 -0.00361202 -0.000569635 0.0015 -0.00361202 -0.000546673 0.0015 -0.00357163 -0.000518929 0.0015 -0.00353437 -0.000546673 0.0016 -0.00357163 -0.00048614 0.0015 -0.00350147 -0.000518929 0.0016 -0.00353437 -0.00048614 0.0016 -0.00350147 -0.000448628 0.0015 -0.00347409 -0.000407026 0.0015 -0.00345345 -0.000448628 0.0016 -0.00347409 -0.000362731 0.0015 -0.00343949 -0.000407026 0.0016 -0.00345345 -0.000362731 0.0016 -0.00343949 -0.000316944 0.0015 -0.00343159 -0.000270531 0.0015 -0.0034293 -0.000316944 0.0016 -0.00343159 -0.000270531 0.0016 -0.0034293 -0.000588425 0.0016 -0.00365452 -0.000588425 0.0015 -0.00365452 -0.000602922 0.0016 -0.00369868 -0.000613595 0.0016 -0.00374391 -0.000602922 0.0015 -0.00369868 -0.000621112 0.0016 -0.00378978 -0.000613595 0.0015 -0.00374391 -0.000621112 0.0015 -0.00378978 -0.000626437 0.0016 -0.00383595 -0.000630001 0.0016 -0.00388229 -0.000626437 0.0015 -0.00383595 -0.000631891 0.0016 -0.00392873 -0.000630001 0.0015 -0.00388229 -0.000631891 0.0015 -0.00392873 -0.000632425 0.0016 -0.00397521 -0.000632425 0.0015 -0.00397521 -0.00062145 0.0015 -0.00416211 -0.000621265 0.0016 -0.00416205 -0.000611132 0.0016 -0.00422363 -0.000627879 0.0015 -0.00409999 -0.000627829 0.0016 -0.00409996 -0.000631476 0.0016 -0.00403765 -0.000631476 0.0015 -0.00403765 -0.000632425 0.0015 -0.00397521 -0.000632425 0.0016 -0.00397521 -0.000611415 0.0015 -0.00422378 -0.000596226 0.0016 -0.00428424 -0.000596508 0.0015 -0.00428449 -0.00057495 0.0016 -0.00434291 -0.00057495 0.0015 -0.00434291 -0.000545503 0.0016 -0.00439795 -0.000545503 0.0015 -0.00439795 -0.000449334 0.0015 -0.00449389 -0.000449334 0.0016 -0.00449389 -0.000409183 0.0016 -0.0045154 -0.00048583 0.0015 -0.00446664 -0.00048583 0.0016 -0.00446664 -0.000517857 0.0016 -0.00443425 -0.000517857 0.0015 -0.00443425 -0.000545503 0.0015 -0.00439795 -0.000545503 0.0016 -0.00439795 -0.000409183 0.0015 -0.0045154 -0.000366274 0.0016 -0.00453068 -0.000366274 0.0015 -0.00453068 -0.000321568 0.0016 -0.0045394 -0.000321568 0.0015 -0.0045394 -0.000276061 0.0016 -0.00454136 -0.000276061 0.0015 -0.00454136 -0.000165278 0.0016 -0.00367694 -0.00017637 0.0016 -0.00366279 -0.000101096 0.0016 -0.00347 8.61619e-05 0.0016 -0.00403221 8.42113e-05 0.0016 -0.00407922 -0.000104275 0.0016 -0.00404602 -0.000105273 0.0016 -0.00406629 -0.000103656 0.0016 -0.00402575 -0.000103372 0.0016 -0.00400546 8.66987e-05 0.0016 -0.00398518 8.08311e-05 0.0016 -0.00412614 -0.000106583 0.0016 -0.00408653 -0.000103259 0.0016 -0.00398518 -0.000108197 0.0016 -0.00410676 7.54329e-05 0.0016 -0.00417287 -0.000104122 0.0016 -0.00393504 8.62274e-05 0.0016 -0.00394111 -0.00011276 0.0016 -0.00414707 -0.000110221 0.0016 -0.00412694 6.76606e-05 0.0016 -0.00421927 8.4612e-05 0.0016 -0.00389707 4.28046e-05 0.0016 -0.00430994 2.43766e-05 0.0016 -0.00435323 -0.000124301 0.0016 -0.00420681 -0.000106823 0.0016 -0.00388496 -0.000112238 0.0016 -0.00383511 7.04673e-05 0.0016 -0.0037657 7.69889e-05 0.0016 -0.00380928 -2.60394e-05 0.0016 -0.00443249 -0.000145176 0.0016 -0.00426386 -0.00013674 0.0016 -0.00424541 -0.000120879 0.0016 -0.00378573 -0.000134418 0.0016 -0.00373745 3.45814e-05 0.0016 -0.00363876 -0.000271377 0.0016 -0.00361925 -0.000270531 0.0016 -0.0034293 -0.000253431 0.0016 -0.00362033 -0.000314328 0.0016 -0.0036262 -0.000362731 0.0016 -0.00343949 -0.000316944 0.0016 -0.00343159 -0.000189071 0.0016 -0.00365007 -0.000140871 0.0016 -0.00345113 -0.000183047 0.0016 -0.00343848 -0.000203334 0.0016 -0.00363912 -0.00023583 0.0016 -0.00362399 -0.000219001 0.0016 -0.00363031 -0.000226521 0.0016 -0.00343136 -0.000293133 0.0016 -0.00362098 -6.5145e-05 0.0016 -0.00349541 -3.35729e-05 0.0016 -0.0035261 -0.000155411 0.0016 -0.00369197 1.57166e-05 0.0016 -0.00359894 -6.7284e-06 0.0016 -0.00356103 -0.000352558 0.0016 -0.0036469 -0.000368678 0.0016 -0.00366162 -0.000407026 0.0016 -0.00345345 -0.000334334 0.0016 -0.0036349 6.17208e-05 0.0016 -0.00372251 4.99817e-05 0.0016 -0.00368004 -0.000433252 0.0016 -0.00382067 -0.000435956 0.0016 -0.00384234 -0.000621112 0.0016 -0.00378978 -0.000631891 0.0016 -0.00392873 -0.000441747 0.0016 -0.00392944 -0.000442181 0.0016 -0.00395126 -0.000438172 0.0016 -0.00386406 -0.000626437 0.0016 -0.00383595 -0.000630001 0.0016 -0.00388229 -0.000439865 0.0016 -0.00388582 -0.000441019 0.0016 -0.00390762 -0.000613595 0.0016 -0.00374391 -0.000429825 0.0016 -0.00379912 -0.000420195 0.0016 -0.00375653 -0.000588425 0.0016 -0.00365452 -0.000569635 0.0016 -0.00361202 -0.000632425 0.0016 -0.00397521 -0.000395218 0.0016 -0.00369619 -0.000405412 0.0016 -0.00371549 -0.000518929 0.0016 -0.00353437 -0.000442468 0.0016 -0.00397309 -0.000438754 0.0016 -0.00408862 -0.000621265 0.0016 -0.00416205 -0.000627829 0.0016 -0.00409996 -0.000441894 0.0016 -0.00401933 -0.000631476 0.0016 -0.00403765 -0.000442232 0.0016 -0.00399621 -0.000276061 0.0016 -0.00454136 -0.000271381 0.0016 -0.00435195 -0.000251156 0.0016 -0.0043504 -0.000182888 0.0016 -0.00453071 -0.00021281 0.0016 -0.00433763 -0.00019583 0.0016 -0.00432654 -0.000449334 0.0016 -0.00449389 -0.000388283 0.0016 -0.00428844 -0.000374299 0.0016 -0.00430685 -0.000366274 0.0016 -0.00453068 -0.000409183 0.0016 -0.0045154 -0.000338088 0.0016 -0.00433532 -0.00048583 0.0016 -0.00446664 -0.000517857 0.0016 -0.00443425 -0.000399455 0.0016 -0.00426821 -0.00031687 0.0016 -0.00434453 -0.000294436 0.0016 -0.0043501 -0.000321568 0.0016 -0.0045394 -0.000357392 0.0016 -0.00432259 -0.00022909 0.0016 -0.00453923 -0.000231435 0.0016 -0.00434565 -0.000545503 0.0016 -0.00439795 -0.000408892 0.0016 -0.0042471 -0.000611132 0.0016 -0.00422363 -0.000434606 0.0016 -0.00413468 -0.000431499 0.0016 -0.00415759 -0.000422602 0.0016 -0.00420296 -0.00057495 0.0016 -0.00434291 -0.000596226 0.0016 -0.00428424 -0.000180681 0.0016 -0.00431305 -0.000138353 0.0016 -0.00451575 -9.66914e-05 0.0016 -0.00449403 -0.000167215 0.0016 -0.00429788 -0.000155362 0.0016 -0.00428141 -0.000382958 0.0016 -0.00367813 -0.000448628 0.0016 -0.00347409 -0.000425466 0.0016 -0.00377772 -0.000602922 0.0016 -0.00369868 -0.000546673 0.0016 -0.00357163 -0.000413665 0.0016 -0.0037357 -0.00048614 0.0016 -0.00350147 8.15197e-05 0.0016 -0.00385311 5.71442e-05 0.0016 -0.00426514 -0.000115883 0.0016 -0.00416712 -0.000119682 0.0016 -0.00418705 1.59894e-06 0.0016 -0.00439441 -0.000129908 0.0016 -0.00422631 -5.89409e-05 0.0016 -0.00446604 -0.000416357 0.0016 -0.00422522 -0.000427589 0.0016 -0.00418038 -0.000436882 0.0016 -0.00411167 -0.000440261 0.0016 -0.00406555 -0.000441301 0.0016 -0.00404245 -0.0012023 0.0016 -0.00451477 -0.0012023 0.0016 -0.00345643 -0.00101234 0.0016 -0.00364639 -0.000713583 0.0016 -0.00345643 -0.000713583 0.0016 -0.00364639 -0.00101234 0.0016 -0.00451477 -0.00101234 0.0016 -0.00451477 -0.0012023 0.0015 -0.00451477 -0.0012023 0.0016 -0.00451477 -0.00101234 0.0015 -0.00451477 -0.00101234 0.0016 -0.00364639 -0.00101234 0.0015 -0.00451477 -0.00101234 0.0016 -0.00451477 -0.00101234 0.0015 -0.00364639 -0.000713583 0.0016 -0.00364639 -0.00101234 0.0015 -0.00364639 -0.00101234 0.0016 -0.00364639 -0.000713583 0.0015 -0.00364639 -0.000713583 0.0016 -0.00345643 -0.000713583 0.0015 -0.00364639 -0.000713583 0.0016 -0.00364639 -0.000713583 0.0015 -0.00345643 -0.0012023 0.0016 -0.00345643 -0.000713583 0.0015 -0.00345643 -0.000713583 0.0016 -0.00345643 -0.0012023 0.0015 -0.00345643 -0.0012023 0.0016 -0.00451477 -0.0012023 0.0015 -0.00345643 -0.0012023 0.0016 -0.00345643 -0.0012023 0.0015 -0.00451477 -0.00165228 0.0016 -0.00418119 -0.00157458 0.0016 -0.00404263 -0.00164241 0.0016 -0.00419345 -0.00185333 0.0016 -0.00425697 -0.00201799 0.0016 -0.00435694 -0.00203447 0.0016 -0.00430796 -0.00163423 0.0016 -0.0042069 -0.00199388 0.0016 -0.00440265 -0.00204289 0.0016 -0.00425697 -0.00196276 0.0016 -0.00444391 -0.0018358 0.0016 -0.0042947 -0.00192371 0.0016 -0.00447865 -0.00184607 0.0016 -0.00427654 -0.00178064 0.0016 -0.00453857 -0.00183152 0.0016 -0.00452687 -0.00177073 0.0016 -0.00434484 -0.0018073 0.0016 -0.00432501 -0.00187968 0.0016 -0.0045067 -0.00182276 0.0016 -0.004311 -0.00164727 0.0016 -0.00453217 -0.00166733 0.0016 -0.00433539 -0.00160833 0.0016 -0.00451938 -0.0017297 0.0016 -0.00435122 -0.00171333 0.0016 -0.00435123 -0.00172851 0.0016 -0.00454146 -0.00157166 0.0016 -0.00450104 -0.00164338 0.0016 -0.00431325 -0.00163447 0.0016 -0.00429952 -0.00165443 0.0016 -0.00432532 -0.00167595 0.0016 -0.00416052 -0.00168932 0.0016 -0.00415221 -0.00169109 0.0016 -0.00392361 -0.00166987 0.0016 -0.0039149 -0.00162804 0.0016 -0.00422137 -0.00150962 0.0016 -0.00408771 -0.00162412 0.0016 -0.00423661 -0.00154058 0.0016 -0.00406298 -0.0014828 0.0016 -0.00411685 -0.00162292 0.0016 -0.0042523 -0.00146117 0.0016 -0.00415006 -0.00170336 0.0016 -0.0041451 -0.00166352 0.0016 -0.00417017 -0.00171291 0.0016 -0.00393069 -0.00171803 0.0016 -0.0041394 -0.00173313 0.0016 -0.00413492 -0.00173523 0.0016 -0.00393599 -0.00174844 0.0016 -0.00413128 -0.00157016 0.0016 -0.00375081 -0.00141172 0.0016 -0.00362389 -0.00139303 0.0016 -0.00367128 -0.00164673 0.0016 -0.00364119 -0.00164452 0.0016 -0.0034405 -0.00159585 0.0016 -0.00345562 -0.00157513 0.0016 -0.00372829 -0.00147023 0.0016 -0.0035408 -0.00143768 0.0016 -0.00358003 -0.00158374 0.0016 -0.0037069 -0.00150773 0.0016 -0.00350629 -0.00159572 0.0016 -0.00368722 -0.00161043 0.0016 -0.00366948 -0.00154994 0.0016 -0.00347773 -0.00162768 0.0016 -0.00365418 -0.00158537 0.0016 -0.00383986 -0.00157609 0.0016 -0.0038189 -0.00149396 0.0016 -0.00400376 -0.00174567 0.0016 -0.0034293 -0.00169476 0.0016 -0.00343184 -0.00173528 0.0016 -0.00361925 -0.00168954 0.0016 -0.0036244 -0.0018267 0.0016 -0.00364251 -0.00184601 0.0016 -0.00344122 -0.00180536 0.0016 -0.00363184 -0.0017591 0.0016 -0.00362069 -0.00178263 0.0016 -0.00362454 -0.00179622 0.0016 -0.00343207 -0.00186304 0.0016 -0.00367317 -0.0019389 0.0016 -0.00348068 -0.00189396 0.0016 -0.00345738 -0.00184614 0.0016 -0.00365635 -0.00188816 0.0016 -0.00371351 -0.00189691 0.0016 -0.00373569 -0.00201446 0.0016 -0.00354755 -0.00197931 0.0016 -0.00351115 -0.00209275 0.0016 -0.0037317 -0.0020824 0.0016 -0.00368214 -0.00190785 0.0016 -0.00378207 -0.00206631 0.0016 -0.00363414 -0.0020437 0.0016 -0.00358885 -0.00190328 0.0016 -0.00375867 -0.00209781 0.0016 -0.00378207 -0.00161346 0.0016 -0.00387594 -0.00159807 0.0016 -0.00385896 -0.0018772 0.0016 -0.00369234 -0.00171225 0.0016 -0.00362039 -0.00166753 0.0016 -0.00363125 -0.00143033 0.0016 -0.00394086 -0.00145953 0.0016 -0.00397496 -0.00157046 0.0016 -0.00379666 -0.00140716 0.0016 -0.00390241 -0.00156864 0.0016 -0.00377381 -0.00139066 0.0016 -0.00386067 -0.00137927 0.0016 -0.00377192 -0.00138128 0.0016 -0.00381677 -0.00138206 0.0016 -0.00372103 -0.00153268 0.0016 -0.00402649 -0.00163078 0.0016 -0.003891 -0.0016497 0.0016 -0.00390395 -0.00175785 0.0016 -0.0039398 -0.00177947 0.0016 -0.00412604 -0.00178063 0.0016 -0.00394256 -0.00176391 0.0016 -0.00412837 -0.0017951 0.0016 -0.00412418 -0.00180351 0.0016 -0.00394423 -0.00181076 0.0016 -0.00412265 -0.00182644 0.0016 -0.00394489 -0.00182644 0.0016 -0.00412128 -0.00162795 0.0016 -0.0042845 -0.00153809 0.0016 -0.00447754 -0.00150804 0.0016 -0.00444967 -0.00148192 0.0016 -0.00441808 -0.001624 0.0016 -0.00426862 -0.00146051 0.0016 -0.00438314 -0.00143583 0.0016 -0.00430526 -0.00144498 0.0016 -0.00434522 -0.00143296 0.0016 -0.00426438 -0.00143602 0.0016 -0.00422489 -0.00144545 0.0016 -0.0041864 -0.00168171 0.0016 -0.0043432 -0.00168756 0.0016 -0.00453966 -0.00169719 0.0016 -0.00434853 -0.00175054 0.0016 -0.00435015 -0.00178981 0.0016 -0.00433639 -0.00204289 0.0016 -0.00425697 -0.00185333 0.0015 -0.00425697 -0.00185333 0.0016 -0.00425697 -0.00204289 0.0015 -0.00425697 -0.00201799 0.0016 -0.00435694 -0.00201799 0.0015 -0.00435694 -0.00203447 0.0015 -0.00430795 -0.00204289 0.0015 -0.00425697 -0.00203447 0.0016 -0.00430796 -0.00204289 0.0016 -0.00425697 -0.00199388 0.0016 -0.00440265 -0.00199388 0.0015 -0.00440265 -0.00196276 0.0016 -0.00444391 -0.00196276 0.0015 -0.00444391 -0.00183152 0.0016 -0.00452687 -0.00187968 0.0015 -0.0045067 -0.00187968 0.0016 -0.0045067 -0.00192371 0.0016 -0.00447865 -0.00192371 0.0015 -0.00447865 -0.00196276 0.0015 -0.00444391 -0.00196276 0.0016 -0.00444391 -0.00183152 0.0015 -0.00452687 -0.00178064 0.0016 -0.00453857 -0.00178064 0.0015 -0.00453857 -0.00172851 0.0016 -0.00454146 -0.00172851 0.0015 -0.00454146 -0.00150804 0.0016 -0.00444967 -0.00153809 0.0015 -0.00447754 -0.00153809 0.0016 -0.00447754 -0.00157166 0.0016 -0.00450104 -0.00157166 0.0015 -0.00450104 -0.00160833 0.0015 -0.00451938 -0.00160833 0.0016 -0.00451938 -0.00164727 0.0015 -0.00453217 -0.00164727 0.0016 -0.00453217 -0.00168756 0.0016 -0.00453966 -0.00168756 0.0015 -0.00453966 -0.00172851 0.0015 -0.00454146 -0.00172851 0.0016 -0.00454146 -0.00150804 0.0015 -0.00444967 -0.00148192 0.0016 -0.00441808 -0.00148192 0.0015 -0.00441808 -0.00146051 0.0015 -0.00438314 -0.00146051 0.0016 -0.00438314 -0.00144498 0.0016 -0.00434522 -0.00144498 0.0015 -0.00434522 -0.00143583 0.0016 -0.00430526 -0.00143583 0.0015 -0.00430526 -0.00143296 0.0016 -0.00426438 -0.00143296 0.0015 -0.00426439 -0.00146117 0.0015 -0.00415006 -0.00146117 0.0016 -0.00415006 -0.0014828 0.0016 -0.00411685 -0.00144545 0.0015 -0.0041864 -0.00144545 0.0016 -0.0041864 -0.00143602 0.0016 -0.00422489 -0.00143602 0.0015 -0.00422489 -0.00143296 0.0015 -0.00426439 -0.00143296 0.0016 -0.00426438 -0.0014828 0.0015 -0.00411686 -0.00150962 0.0016 -0.00408771 -0.00150962 0.0015 -0.00408771 -0.00154058 0.0016 -0.00406298 -0.00154058 0.0015 -0.00406298 -0.00157458 0.0016 -0.00404263 -0.00157458 0.0015 -0.00404263 -0.00145953 0.0015 -0.00397496 -0.00143033 0.0016 -0.00394086 -0.00143033 0.0015 -0.00394086 -0.00149396 0.0015 -0.00400376 -0.00145953 0.0016 -0.00397496 -0.00149396 0.0016 -0.00400376 -0.00153268 0.0015 -0.00402649 -0.00157458 0.0015 -0.00404263 -0.00153268 0.0016 -0.00402649 -0.00157458 0.0016 -0.00404263 -0.00140716 0.0016 -0.00390241 -0.00139066 0.0016 -0.00386067 -0.00140716 0.0015 -0.00390241 -0.00138128 0.0016 -0.00381677 -0.00139066 0.0015 -0.00386067 -0.00138128 0.0015 -0.00381677 -0.00137927 0.0016 -0.00377192 -0.00137927 0.0015 -0.00377192 -0.00150773 0.0016 -0.00350629 -0.00147023 0.0015 -0.0035408 -0.00147023 0.0016 -0.0035408 -0.00143768 0.0016 -0.00358003 -0.00143768 0.0015 -0.00358003 -0.00141172 0.0015 -0.00362389 -0.00141172 0.0016 -0.00362389 -0.00139303 0.0015 -0.00367128 -0.00139303 0.0016 -0.00367128 -0.00138206 0.0016 -0.00372103 -0.00138206 0.0015 -0.00372103 -0.00137927 0.0015 -0.00377192 -0.00137927 0.0016 -0.00377192 -0.00150773 0.0015 -0.00350629 -0.00154994 0.0016 -0.00347773 -0.00154994 0.0015 -0.00347773 -0.00159585 0.0015 -0.00345562 -0.00159585 0.0016 -0.00345562 -0.00164452 0.0016 -0.0034405 -0.00164452 0.0015 -0.0034405 -0.00169476 0.0016 -0.00343184 -0.00169476 0.0015 -0.00343184 -0.00174567 0.0016 -0.0034293 -0.00174567 0.0015 -0.0034293 -0.00201446 0.0016 -0.00354755 -0.00197931 0.0015 -0.00351115 -0.00197931 0.0016 -0.00351115 -0.0019389 0.0016 -0.00348068 -0.0019389 0.0015 -0.00348068 -0.00189396 0.0015 -0.00345738 -0.00189396 0.0016 -0.00345738 -0.00184601 0.0015 -0.00344122 -0.00184601 0.0016 -0.00344122 -0.00179622 0.0016 -0.00343207 -0.00179622 0.0015 -0.00343207 -0.00174567 0.0015 -0.0034293 -0.00174567 0.0016 -0.0034293 -0.00201446 0.0015 -0.00354755 -0.0020437 0.0016 -0.00358885 -0.0020437 0.0015 -0.00358885 -0.00206631 0.0015 -0.00363414 -0.00206631 0.0016 -0.00363414 -0.0020824 0.0016 -0.00368214 -0.0020824 0.0015 -0.00368214 -0.00209275 0.0016 -0.0037317 -0.00209275 0.0015 -0.0037317 -0.00209781 0.0016 -0.00378207 -0.00209781 0.0015 -0.00378207 -0.00190785 0.0016 -0.00378207 -0.00209781 0.0015 -0.00378207 -0.00209781 0.0016 -0.00378207 -0.00190785 0.0015 -0.00378207 -0.00186304 0.0016 -0.00367317 -0.00184614 0.0016 -0.00365635 -0.00186304 0.0015 -0.00367317 -0.00188816 0.0015 -0.00371351 -0.0018772 0.0016 -0.00369234 -0.0018772 0.0015 -0.00369234 -0.00189691 0.0016 -0.00373569 -0.00188816 0.0016 -0.00371351 -0.00189691 0.0015 -0.00373569 -0.00190328 0.0016 -0.00375867 -0.00190328 0.0015 -0.00375867 -0.00190785 0.0015 -0.00378207 -0.00190785 0.0016 -0.00378207 -0.00184614 0.0015 -0.00365635 -0.0018267 0.0016 -0.00364251 -0.0018267 0.0015 -0.00364251 -0.00180536 0.0015 -0.00363184 -0.00180536 0.0016 -0.00363184 -0.00178263 0.0016 -0.00362454 -0.00178263 0.0015 -0.00362454 -0.0017591 0.0016 -0.00362069 -0.0017591 0.0015 -0.00362069 -0.00173528 0.0016 -0.00361925 -0.00173528 0.0015 -0.00361925 -0.00164673 0.0016 -0.00364119 -0.00164673 0.0015 -0.00364119 -0.00166753 0.0015 -0.00363125 -0.00168954 0.0015 -0.0036244 -0.00166753 0.0016 -0.00363125 -0.00162768 0.0016 -0.00365418 -0.00162768 0.0015 -0.00365418 -0.00168954 0.0016 -0.0036244 -0.00171225 0.0015 -0.00362039 -0.00171225 0.0016 -0.00362039 -0.00173528 0.0015 -0.00361925 -0.00173528 0.0016 -0.00361925 -0.00161043 0.0016 -0.00366948 -0.00161043 0.0015 -0.00366948 -0.00159572 0.0016 -0.00368722 -0.00159572 0.0015 -0.00368722 -0.00158374 0.0015 -0.0037069 -0.00158374 0.0016 -0.0037069 -0.00157513 0.0016 -0.00372829 -0.00157513 0.0015 -0.00372829 -0.00157016 0.0016 -0.00375081 -0.00157016 0.0015 -0.00375081 -0.00156864 0.0016 -0.00377381 -0.00156864 0.0015 -0.00377381 -0.00161346 0.0016 -0.00387594 -0.00163078 0.0016 -0.003891 -0.00161346 0.0015 -0.00387594 -0.00163078 0.0015 -0.003891 -0.0016497 0.0016 -0.00390395 -0.00159807 0.0015 -0.00385896 -0.00158537 0.0015 -0.00383986 -0.00158537 0.0016 -0.00383986 -0.00159807 0.0016 -0.00385896 -0.0016497 0.0015 -0.00390395 -0.00157609 0.0016 -0.0038189 -0.00157609 0.0015 -0.0038189 -0.00157046 0.0015 -0.00379666 -0.00157046 0.0016 -0.00379666 -0.00156864 0.0015 -0.00377381 -0.00156864 0.0016 -0.00377381 -0.00166987 0.0016 -0.0039149 -0.00166987 0.0015 -0.0039149 -0.00169109 0.0015 -0.00392361 -0.00169109 0.0016 -0.00392361 -0.00171291 0.0016 -0.00393069 -0.00171291 0.0015 -0.00393069 -0.00173523 0.0016 -0.00393599 -0.00173523 0.0015 -0.00393599 -0.00175785 0.0015 -0.0039398 -0.00175785 0.0016 -0.0039398 -0.00178063 0.0016 -0.00394256 -0.00178063 0.0015 -0.00394256 -0.00180351 0.0016 -0.00394423 -0.00180351 0.0015 -0.00394423 -0.00182644 0.0016 -0.00394489 -0.00182644 0.0015 -0.00394489 -0.00182644 0.0016 -0.00412128 -0.00182644 0.0015 -0.00394489 -0.00182644 0.0016 -0.00394489 -0.00182644 0.0015 -0.00412128 -0.00171803 0.0016 -0.0041394 -0.00170336 0.0016 -0.0041451 -0.00171803 0.0015 -0.0041394 -0.00170336 0.0015 -0.0041451 -0.00173313 0.0015 -0.00413492 -0.00173313 0.0016 -0.00413492 -0.00174844 0.0015 -0.00413128 -0.00176391 0.0015 -0.00412837 -0.00174844 0.0016 -0.00413128 -0.00176391 0.0016 -0.00412837 -0.00177947 0.0015 -0.00412604 -0.00177947 0.0016 -0.00412604 -0.0017951 0.0015 -0.00412418 -0.00181076 0.0015 -0.00412265 -0.0017951 0.0016 -0.00412418 -0.00181076 0.0016 -0.00412265 -0.00182644 0.0015 -0.00412128 -0.00182644 0.0016 -0.00412128 -0.00168932 0.0016 -0.00415221 -0.00168932 0.0015 -0.00415221 -0.00167595 0.0016 -0.00416052 -0.00167595 0.0015 -0.00416052 -0.00166352 0.0015 -0.00417017 -0.00166352 0.0016 -0.00417017 -0.00165228 0.0016 -0.00418119 -0.00165228 0.0015 -0.00418119 -0.00164241 0.0016 -0.00419345 -0.00164241 0.0015 -0.00419345 -0.00163423 0.0015 -0.0042069 -0.00163423 0.0016 -0.0042069 -0.00162804 0.0016 -0.00422137 -0.00162804 0.0015 -0.00422137 -0.00162412 0.0016 -0.00423661 -0.00162412 0.0015 -0.00423661 -0.00162292 0.0016 -0.0042523 -0.00162292 0.0015 -0.0042523 -0.00169719 0.0016 -0.00434853 -0.00171333 0.0015 -0.00435123 -0.00169719 0.0015 -0.00434853 -0.0017297 0.0015 -0.00435122 -0.00171333 0.0016 -0.00435123 -0.0017297 0.0016 -0.00435122 -0.00166733 0.0015 -0.00433539 -0.00165443 0.0015 -0.00432532 -0.00165443 0.0016 -0.00432532 -0.00166733 0.0016 -0.00433539 -0.00168171 0.0016 -0.0043432 -0.00168171 0.0015 -0.0043432 -0.00162795 0.0016 -0.0042845 -0.00163447 0.0015 -0.00429952 -0.00162795 0.0015 -0.0042845 -0.00163447 0.0016 -0.00429952 -0.00164338 0.0016 -0.00431325 -0.00164338 0.0015 -0.00431325 -0.001624 0.0015 -0.00426862 -0.001624 0.0016 -0.00426862 -0.00162292 0.0015 -0.0042523 -0.00162292 0.0016 -0.0042523 -0.0018358 0.0016 -0.0042947 -0.00184607 0.0015 -0.00427654 -0.0018358 0.0015 -0.0042947 -0.00185333 0.0015 -0.00425697 -0.00184607 0.0016 -0.00427654 -0.00185333 0.0016 -0.00425697 -0.00180729 0.0015 -0.00432502 -0.0017898 0.0015 -0.0043364 -0.00178981 0.0016 -0.00433639 -0.0018073 0.0016 -0.00432501 -0.00182276 0.0016 -0.004311 -0.00182276 0.0015 -0.004311 -0.00177071 0.0015 -0.00434485 -0.00175052 0.0015 -0.00435015 -0.00175054 0.0016 -0.00435015 -0.00177073 0.0016 -0.00434484 -0.0017297 0.0015 -0.00435122 -0.0017297 0.0016 -0.00435122 -0.00244181 0.0016 -0.00389862 -0.00235887 0.0016 -0.00409218 -0.00245398 0.0016 -0.00391325 -0.00247159 0.0016 -0.00344365 -0.00250072 0.0016 -0.00363284 -0.00252068 0.0016 -0.00362513 -0.00223349 0.0016 -0.00451477 -0.00256486 0.0016 -0.00433838 -0.00223349 0.0016 -0.00433838 -0.00271538 0.0016 -0.00451477 -0.00260624 0.0016 -0.00413805 -0.00243158 0.0016 -0.00388258 -0.00242339 0.0016 -0.00386541 -0.002322 0.0016 -0.00406091 -0.00237863 0.0016 -0.00348823 -0.00245046 0.0016 -0.00367208 -0.00246538 0.0016 -0.00365675 -0.00241386 0.0016 -0.00374843 -0.00224904 0.0016 -0.00364622 -0.00241075 0.0016 -0.0037696 -0.00241929 0.0016 -0.00372773 -0.00227267 0.0016 -0.00360024 -0.00243768 0.0016 -0.00368923 -0.00233835 0.0016 -0.00352064 -0.00230275 0.0016 -0.00355817 -0.0024233 0.0016 -0.00346221 -0.00248219 0.0016 -0.00364351 -0.00223245 0.0016 -0.00369514 -0.00222289 0.0016 -0.00374589 -0.00252213 0.0016 -0.00343263 -0.00224374 0.0016 -0.00394001 -0.00226368 0.0016 -0.00398406 -0.00241292 0.0016 -0.00382888 -0.0025416 0.0016 -0.0036207 -0.00256295 0.0016 -0.00361912 -0.00258903 0.0016 -0.00362128 -0.00257376 0.0016 -0.0034293 -0.00262293 0.0016 -0.003432 -0.0026144 0.0016 -0.00362772 -0.00229004 0.0016 -0.0040246 -0.0024172 0.0016 -0.00384742 -0.00267126 0.0016 -0.0034409 -0.00263835 0.0016 -0.00363828 -0.00266023 0.0016 -0.00365264 -0.00271797 0.0016 -0.00345626 -0.00240022 0.0016 -0.00411725 -0.00246765 0.0016 -0.00392648 -0.00267943 0.0016 -0.00367043 -0.00269542 0.0016 -0.00369115 -0.00276196 0.0016 -0.00347826 -0.00280229 0.0016 -0.00350647 -0.00270777 0.0016 -0.00371423 -0.00283821 0.0016 -0.00354011 -0.00289342 0.0016 -0.00362129 -0.00286883 0.0016 -0.00357864 -0.00291222 0.0016 -0.00366681 -0.00292548 0.0016 -0.00371423 -0.00283983 0.0016 -0.00392751 -0.00267998 0.0016 -0.00389083 -0.00266552 0.0016 -0.00390593 -0.00244517 0.0016 -0.00413505 -0.00248297 0.0016 -0.00393775 -0.00249243 0.0016 -0.00414529 -0.00249959 0.0016 -0.00394701 -0.00241059 0.0016 -0.00380999 -0.00223009 0.0016 -0.00389361 -0.00221993 0.0016 -0.00379755 -0.00222234 0.0016 -0.00384586 -0.00240988 0.0016 -0.00379098 -0.00242701 0.0016 -0.00370778 -0.0025175 0.0016 -0.00395342 -0.00254069 0.0016 -0.00414842 -0.00253612 0.0016 -0.00395733 -0.00255511 0.0016 -0.00395846 -0.00257381 0.0016 -0.00414569 -0.00257592 0.0016 -0.00395671 -0.00259614 0.0016 -0.00395143 -0.00263327 0.0016 -0.00393244 -0.00261534 0.0016 -0.00394318 -0.00265007 0.0016 -0.00392001 -0.00223349 0.0016 -0.00451477 -0.00271538 0.0015 -0.00451477 -0.00271538 0.0016 -0.00451477 -0.00223349 0.0015 -0.00451477 -0.00223349 0.0016 -0.00433838 -0.00223349 0.0015 -0.00451477 -0.00223349 0.0016 -0.00451477 -0.00223349 0.0015 -0.00433838 -0.00256486 0.0016 -0.00433838 -0.00223349 0.0015 -0.00433838 -0.00223349 0.0016 -0.00433838 -0.00256486 0.0015 -0.00433838 -0.00260624 0.0016 -0.00413805 -0.00256486 0.0015 -0.00433838 -0.00256486 0.0016 -0.00433838 -0.00260615 0.0015 -0.00413808 -0.00260615 0.0015 -0.00413808 -0.00257381 0.0016 -0.00414569 -0.00257381 0.0015 -0.00414569 -0.00260624 0.0016 -0.00413805 -0.00254069 0.0016 -0.00414842 -0.00254069 0.0015 -0.00414838 -0.00229004 0.0016 -0.0040246 -0.002322 0.0015 -0.00406091 -0.002322 0.0016 -0.00406091 -0.00235887 0.0016 -0.00409218 -0.00235887 0.0015 -0.00409218 -0.00240022 0.0015 -0.00411725 -0.00240022 0.0016 -0.00411725 -0.00244517 0.0015 -0.00413505 -0.00244517 0.0016 -0.00413505 -0.00249243 0.0016 -0.00414529 -0.00249243 0.0015 -0.00414529 -0.00254069 0.0015 -0.00414838 -0.00254069 0.0016 -0.00414842 -0.00229004 0.0015 -0.0040246 -0.00226368 0.0016 -0.00398406 -0.00226368 0.0015 -0.00398406 -0.00224374 0.0015 -0.00394001 -0.00224374 0.0016 -0.00394001 -0.00223009 0.0016 -0.00389361 -0.00223009 0.0015 -0.00389361 -0.00222234 0.0016 -0.00384586 -0.00222234 0.0015 -0.00384586 -0.00221993 0.0016 -0.00379755 -0.00221993 0.0015 -0.00379755 -0.00233835 0.0016 -0.00352064 -0.00230275 0.0015 -0.00355817 -0.00230275 0.0016 -0.00355817 -0.00227267 0.0016 -0.00360024 -0.00227267 0.0015 -0.00360024 -0.00224904 0.0015 -0.00364622 -0.00224904 0.0016 -0.00364622 -0.00223245 0.0015 -0.00369514 -0.00223245 0.0016 -0.00369514 -0.00222289 0.0016 -0.00374589 -0.00222289 0.0015 -0.00374589 -0.00221993 0.0015 -0.00379755 -0.00221993 0.0016 -0.00379755 -0.00233835 0.0015 -0.00352064 -0.00237863 0.0016 -0.00348823 -0.00237863 0.0015 -0.00348823 -0.0024233 0.0015 -0.00346221 -0.0024233 0.0016 -0.00346221 -0.00247159 0.0016 -0.00344365 -0.00247159 0.0015 -0.00344365 -0.00252213 0.0016 -0.00343263 -0.00252213 0.0015 -0.00343263 -0.00257376 0.0016 -0.0034293 -0.00257376 0.0015 -0.0034293 -0.00280229 0.0016 -0.00350647 -0.00280229 0.0015 -0.00350647 -0.00276196 0.0015 -0.00347826 -0.00271797 0.0015 -0.00345626 -0.00276196 0.0016 -0.00347826 -0.00267126 0.0015 -0.0034409 -0.00271797 0.0016 -0.00345626 -0.00267126 0.0016 -0.0034409 -0.00262293 0.0015 -0.003432 -0.00257376 0.0015 -0.0034293 -0.00262293 0.0016 -0.003432 -0.00257376 0.0016 -0.0034293 -0.00283821 0.0016 -0.00354011 -0.00283821 0.0015 -0.00354011 -0.00286883 0.0016 -0.00357864 -0.00289342 0.0016 -0.00362129 -0.00286883 0.0015 -0.00357864 -0.00291222 0.0016 -0.00366681 -0.00289342 0.0015 -0.00362129 -0.00291222 0.0015 -0.00366681 -0.00292548 0.0016 -0.00371423 -0.00292548 0.0015 -0.00371423 -0.00270777 0.0016 -0.00371423 -0.00292548 0.0015 -0.00371423 -0.00292548 0.0016 -0.00371423 -0.00270777 0.0015 -0.00371423 -0.0026144 0.0016 -0.00362772 -0.00258903 0.0015 -0.00362128 -0.0026144 0.0015 -0.00362772 -0.00256295 0.0015 -0.00361912 -0.00258903 0.0016 -0.00362128 -0.00256295 0.0016 -0.00361912 -0.00266023 0.0015 -0.00365264 -0.00267943 0.0015 -0.00367043 -0.00267943 0.0016 -0.00367043 -0.00266023 0.0016 -0.00365264 -0.00263835 0.0016 -0.00363828 -0.00263835 0.0015 -0.00363828 -0.00269542 0.0015 -0.00369115 -0.00270777 0.0016 -0.00371423 -0.00269542 0.0016 -0.00369115 -0.00270777 0.0015 -0.00371423 -0.00246538 0.0015 -0.00365675 -0.00246538 0.0016 -0.00365675 -0.00245046 0.0016 -0.00367208 -0.00250073 0.0015 -0.00363284 -0.00252068 0.0015 -0.00362513 -0.00250072 0.0016 -0.00363284 -0.00248219 0.0015 -0.00364351 -0.0025416 0.0015 -0.0036207 -0.00252068 0.0016 -0.00362513 -0.00248219 0.0016 -0.00364351 -0.0025416 0.0016 -0.0036207 -0.00256295 0.0015 -0.00361912 -0.00256295 0.0016 -0.00361912 -0.00245046 0.0015 -0.00367208 -0.00243768 0.0016 -0.00368923 -0.00242701 0.0016 -0.00370778 -0.00243768 0.0015 -0.00368923 -0.00242701 0.0015 -0.00370778 -0.00241929 0.0016 -0.00372773 -0.00241386 0.0016 -0.00374843 -0.00241929 0.0015 -0.00372773 -0.00241075 0.0016 -0.0037696 -0.00241386 0.0015 -0.00374843 -0.00241075 0.0015 -0.0037696 -0.00240988 0.0016 -0.00379098 -0.00240988 0.0015 -0.00379098 -0.00245398 0.0016 -0.00391325 -0.00244181 0.0015 -0.00389862 -0.00244181 0.0016 -0.00389862 -0.00242339 0.0016 -0.00386541 -0.00242339 0.0015 -0.00386541 -0.0024172 0.0015 -0.00384742 -0.00243158 0.0015 -0.00388258 -0.00243158 0.0016 -0.00388258 -0.0024172 0.0016 -0.00384742 -0.00241292 0.0015 -0.00382888 -0.00241292 0.0016 -0.00382888 -0.00241059 0.0015 -0.00380999 -0.00241059 0.0016 -0.00380999 -0.00240988 0.0015 -0.00379098 -0.00240988 0.0016 -0.00379098 -0.00245398 0.0015 -0.00391325 -0.00246765 0.0016 -0.00392648 -0.00246765 0.0015 -0.00392648 -0.00248297 0.0016 -0.00393775 -0.00248297 0.0015 -0.00393775 -0.00249959 0.0015 -0.00394701 -0.00249959 0.0016 -0.00394701 -0.0025175 0.0016 -0.00395342 -0.0025175 0.0015 -0.00395342 -0.00253612 0.0016 -0.00395733 -0.00253612 0.0015 -0.00395733 -0.00255511 0.0016 -0.00395846 -0.00255511 0.0015 -0.00395846 -0.00263327 0.0016 -0.00393244 -0.00261534 0.0015 -0.00394318 -0.00261534 0.0016 -0.00394318 -0.00259614 0.0016 -0.00395143 -0.00259614 0.0015 -0.00395143 -0.00257592 0.0015 -0.00395671 -0.00257592 0.0016 -0.00395671 -0.00255511 0.0015 -0.00395846 -0.00255511 0.0016 -0.00395846 -0.00263327 0.0015 -0.00393244 -0.00265007 0.0016 -0.00392001 -0.00265007 0.0015 -0.00392001 -0.00266552 0.0016 -0.00390593 -0.00266552 0.0015 -0.00390593 -0.00267998 0.0016 -0.00389083 -0.00267998 0.0015 -0.00389083 -0.00283983 0.0016 -0.00392751 -0.00267998 0.0015 -0.00389083 -0.00267998 0.0016 -0.00389083 -0.00283983 0.0015 -0.00392751 -0.00271538 0.0016 -0.00451477 -0.00283983 0.0015 -0.00392751 -0.00283983 0.0016 -0.00392751 -0.00271538 0.0015 -0.00451477 -0.00348178 0.0016 -0.00451477 -0.00348178 0.0016 -0.00345643 -0.00329183 0.0016 -0.00364639 -0.00299332 0.0016 -0.00345643 -0.00299332 0.0016 -0.00364639 -0.00329183 0.0016 -0.00451477 -0.00329183 0.0016 -0.00451477 -0.00348178 0.0015 -0.00451477 -0.00348178 0.0016 -0.00451477 -0.00329183 0.0015 -0.00451477 -0.00329183 0.0016 -0.00364639 -0.00329183 0.0015 -0.00451477 -0.00329183 0.0016 -0.00451477 -0.00329183 0.0015 -0.00364639 -0.00299332 0.0016 -0.00364639 -0.00329183 0.0015 -0.00364639 -0.00329183 0.0016 -0.00364639 -0.00299332 0.0015 -0.00364639 -0.00299332 0.0016 -0.00345643 -0.00299332 0.0015 -0.00364639 -0.00299332 0.0016 -0.00364639 -0.00299332 0.0015 -0.00345643 -0.00348178 0.0016 -0.00345643 -0.00299332 0.0015 -0.00345643 -0.00299332 0.0016 -0.00345643 -0.00348178 0.0015 -0.00345643 -0.00348178 0.0016 -0.00451477 -0.00348178 0.0015 -0.00345643 -0.00348178 0.0016 -0.00345643 -0.00348178 0.0015 -0.00451477 -0.00412628 0.0016 -0.00376299 -0.00421808 0.0016 -0.00345643 -0.00403512 0.0016 -0.00345643 -0.00365139 0.0016 -0.00451477 -0.00460118 0.0016 -0.00451477 -0.00439829 0.0016 -0.00451477 -0.00385364 0.0016 -0.00451477 -0.00439829 0.0016 -0.00451477 -0.00460118 0.0015 -0.00451477 -0.00460118 0.0016 -0.00451477 -0.00439829 0.0015 -0.00451477 -0.00412628 0.0016 -0.00376299 -0.00439829 0.0015 -0.00451477 -0.00439829 0.0016 -0.00451477 -0.00412628 0.0015 -0.00376299 -0.00385364 0.0016 -0.00451477 -0.00412628 0.0015 -0.00376299 -0.00412628 0.0016 -0.00376299 -0.00385364 0.0015 -0.00451477 -0.00365139 0.0016 -0.00451477 -0.00385364 0.0015 -0.00451477 -0.00385364 0.0016 -0.00451477 -0.00365139 0.0015 -0.00451477 -0.00403512 0.0016 -0.00345643 -0.00365139 0.0015 -0.00451477 -0.00365139 0.0016 -0.00451477 -0.00403512 0.0015 -0.00345643 -0.00421808 0.0016 -0.00345643 -0.00403512 0.0015 -0.00345643 -0.00403512 0.0016 -0.00345643 -0.00421808 0.0015 -0.00345643 -0.00460118 0.0016 -0.00451477 -0.00421808 0.0015 -0.00345643 -0.00421808 0.0016 -0.00345643 -0.00460118 0.0015 -0.00451477 0.00583054 0.0016 -0.00104051 0.00583054 0.0016 -0.00123047 0.00564058 0.0016 -0.00123047 0.00669891 0.0016 -0.000850556 0.00669891 0.0016 -0.00104051 0.00583054 0.0016 -0.000850556 0.00564058 0.0016 -0.000660598 0.00583054 0.0016 -0.000660598 0.00564058 0.0016 -0.00123047 0.00564058 0.0015 -0.000660598 0.00564058 0.0016 -0.000660598 0.00564058 0.0015 -0.00123047 0.00583054 0.0016 -0.00123047 0.00564058 0.0015 -0.00123047 0.00564058 0.0016 -0.00123047 0.00583054 0.0015 -0.00123047 0.00583054 0.0016 -0.00104051 0.00583054 0.0015 -0.00123047 0.00583054 0.0016 -0.00123047 0.00583054 0.0015 -0.00104051 0.00669891 0.0016 -0.00104051 0.00583054 0.0015 -0.00104051 0.00583054 0.0016 -0.00104051 0.00669891 0.0015 -0.00104051 0.00669891 0.0016 -0.000850556 0.00669891 0.0015 -0.00104051 0.00669891 0.0016 -0.00104051 0.00669891 0.0015 -0.000850556 0.00583054 0.0016 -0.000850556 0.00669891 0.0015 -0.000850556 0.00669891 0.0016 -0.000850556 0.00583054 0.0015 -0.000850556 0.00583054 0.0016 -0.000660598 0.00583054 0.0015 -0.000850556 0.00583054 0.0016 -0.000850556 0.00583054 0.0015 -0.000660598 0.00564058 0.0016 -0.000660598 0.00583054 0.0015 -0.000660598 0.00583054 0.0016 -0.000660598 0.00564058 0.0015 -0.000660598 0.00627193 0.0016 0.000167073 0.00631878 0.0016 0.000166409 0.00632917 0.0016 -2.28846e-05 0.0064081 0.0016 -2.70935e-05 0.00650444 0.0016 0.000144415 0.00654834 0.0016 0.000128201 0.00645876 0.0016 -0.000514793 0.00641227 0.0016 -0.000520259 0.00639967 0.0016 -0.000330714 0.00644674 0.0016 -3.52784e-05 0.0064276 0.0016 -3.03631e-05 0.0065887 0.0016 0.000104494 0.00646498 0.0016 -4.28994e-05 0.00662456 0.0016 7.44159e-05 0.00665548 0.0016 3.92559e-05 0.00668147 0.0016 2.96274e-07 0.00648169 0.0016 -5.34603e-05 0.00650904 0.0016 -8.18585e-05 0.00670152 0.0016 -4.20018e-05 0.00651936 0.0016 -9.87442e-05 0.00649648 0.0016 -6.66036e-05 0.00671571 0.0016 -8.66178e-05 0.00672351 0.0016 -0.000132795 0.00653232 0.0016 -0.000136013 0.00652712 0.0016 -0.000116911 0.00653523 0.0016 -0.000194482 0.00672605 0.0016 -0.000179557 0.00672384 0.0016 -0.000226315 0.00653609 0.0016 -0.000175317 0.00653525 0.0016 -0.000155552 0.00652088 0.0016 -0.000249914 0.00652785 0.0016 -0.000232053 0.00671624 0.0016 -0.000272509 0.00653264 0.0016 -0.000213468 0.00651162 0.0016 -0.000266713 0.00648726 0.0016 -0.000296242 0.0065004 0.0016 -0.000282268 0.00668249 0.0016 -0.000359508 0.00670271 0.0016 -0.000317306 0.00645543 0.0016 -0.000317436 0.00647217 0.0016 -0.000308061 0.00665577 0.0016 -0.000397924 0.00641866 0.0016 -0.000328007 0.00643736 0.0016 -0.000323791 0.00658721 0.0016 -0.000461375 0.00662355 0.0016 -0.000431867 0.00650435 0.0016 -0.000504287 0.00654743 0.0016 -0.000486027 0.00636144 0.0016 -0.000333672 0.00636554 0.0016 -0.000522983 0.00638058 0.0016 -0.000332433 0.00631875 0.0016 -0.000524577 0.00634229 0.0016 -0.000334495 0.00630395 0.0016 -0.000334957 0.00632312 0.0016 -0.000334823 0.00564058 0.0016 -0.000334957 0.00627193 0.0016 -0.000524914 0.00564058 0.0016 -0.000524914 0.0064587 0.0016 0.000154517 0.00638844 0.0016 -2.49977e-05 0.00641228 0.0016 0.000160793 0.0063687 0.0016 -2.38528e-05 0.00634895 0.0016 -2.30559e-05 0.00636559 0.0016 0.000164635 0.00564058 0.0016 -2.28846e-05 0.00564058 0.0016 0.000167073 0.00564058 0.0016 -2.28846e-05 0.00564058 0.0015 0.000167073 0.00564058 0.0016 0.000167073 0.00564058 0.0015 -2.28846e-05 0.00632917 0.0016 -2.28846e-05 0.00564058 0.0015 -2.28846e-05 0.00564058 0.0016 -2.28846e-05 0.00632917 0.0015 -2.28846e-05 0.00646498 0.0015 -4.28994e-05 0.00644674 0.0015 -3.52784e-05 0.00646498 0.0016 -4.28994e-05 0.00648169 0.0016 -5.34603e-05 0.00644674 0.0016 -3.52784e-05 0.0064276 0.0015 -3.03631e-05 0.0064276 0.0016 -3.03631e-05 0.0064081 0.0016 -2.70935e-05 0.0064081 0.0015 -2.70935e-05 0.00638844 0.0015 -2.49977e-05 0.0063687 0.0015 -2.38528e-05 0.00638844 0.0016 -2.49977e-05 0.0063687 0.0016 -2.38528e-05 0.00634895 0.0015 -2.30559e-05 0.00634895 0.0016 -2.30559e-05 0.00632917 0.0015 -2.28846e-05 0.00632917 0.0016 -2.28846e-05 0.00648169 0.0015 -5.34603e-05 0.00649648 0.0015 -6.66036e-05 0.00649648 0.0016 -6.66036e-05 0.00650904 0.0016 -8.18585e-05 0.00650904 0.0015 -8.18585e-05 0.00651936 0.0016 -9.87442e-05 0.00651936 0.0015 -9.87442e-05 0.00652712 0.0015 -0.000116911 0.00652712 0.0016 -0.000116911 0.00653232 0.0016 -0.000136013 0.00653232 0.0015 -0.000136013 0.00653525 0.0016 -0.000155552 0.00653525 0.0015 -0.000155552 0.00653609 0.0016 -0.000175317 0.00653609 0.0015 -0.000175317 0.00648726 0.0015 -0.000296242 0.00647217 0.0016 -0.000308061 0.00647217 0.0015 -0.000308061 0.00648726 0.0016 -0.000296242 0.0065004 0.0015 -0.000282268 0.0065004 0.0016 -0.000282268 0.00651162 0.0015 -0.000266713 0.00651162 0.0016 -0.000266713 0.00652088 0.0015 -0.000249914 0.00652088 0.0016 -0.000249914 0.00652785 0.0015 -0.000232053 0.00652785 0.0016 -0.000232053 0.00653264 0.0016 -0.000213468 0.00653264 0.0015 -0.000213468 0.00653523 0.0015 -0.000194482 0.00653523 0.0016 -0.000194482 0.00653609 0.0015 -0.000175317 0.00653609 0.0016 -0.000175317 0.00645543 0.0016 -0.000317436 0.00645543 0.0015 -0.000317436 0.00643736 0.0016 -0.000323791 0.00643736 0.0015 -0.000323791 0.00641866 0.0015 -0.000328007 0.00641866 0.0016 -0.000328007 0.00639967 0.0016 -0.000330714 0.00639967 0.0015 -0.000330714 0.00638058 0.0016 -0.000332433 0.00638058 0.0015 -0.000332433 0.00636144 0.0015 -0.000333672 0.00636144 0.0016 -0.000333672 0.00634229 0.0016 -0.000334495 0.00634229 0.0015 -0.000334495 0.00632312 0.0016 -0.000334823 0.00632312 0.0015 -0.000334823 0.00630395 0.0016 -0.000334957 0.00630395 0.0015 -0.000334957 0.00564058 0.0016 -0.000334957 0.00630395 0.0015 -0.000334957 0.00630395 0.0016 -0.000334957 0.00564058 0.0015 -0.000334957 0.00564058 0.0016 -0.000524914 0.00564058 0.0015 -0.000334957 0.00564058 0.0016 -0.000334957 0.00564058 0.0015 -0.000524914 0.00627193 0.0016 -0.000524914 0.00564058 0.0015 -0.000524914 0.00564058 0.0016 -0.000524914 0.00627193 0.0015 -0.000524914 0.00654743 0.0015 -0.000486027 0.00658721 0.0016 -0.000461375 0.00658721 0.0015 -0.000461375 0.00650435 0.0015 -0.000504287 0.00654743 0.0016 -0.000486027 0.00650435 0.0016 -0.000504287 0.00645876 0.0015 -0.000514793 0.00641227 0.0015 -0.000520259 0.00645876 0.0016 -0.000514793 0.00636554 0.0015 -0.000522983 0.00641227 0.0016 -0.000520259 0.00636554 0.0016 -0.000522983 0.00631875 0.0015 -0.000524577 0.00627193 0.0015 -0.000524914 0.00631875 0.0016 -0.000524577 0.00627193 0.0016 -0.000524914 0.00662355 0.0016 -0.000431867 0.00665577 0.0016 -0.000397924 0.00662355 0.0015 -0.000431867 0.00668249 0.0016 -0.000359508 0.00665577 0.0015 -0.000397924 0.00668249 0.0015 -0.000359508 0.00670271 0.0016 -0.000317306 0.00671624 0.0016 -0.000272509 0.00670271 0.0015 -0.000317306 0.00672384 0.0016 -0.000226315 0.00671624 0.0015 -0.000272509 0.00672384 0.0015 -0.000226315 0.00672605 0.0016 -0.000179557 0.00672605 0.0015 -0.000179557 0.0065887 0.0015 0.000104494 0.00662456 0.0016 7.44159e-05 0.0065887 0.0016 0.000104494 0.00662456 0.0015 7.44159e-05 0.00665548 0.0016 3.92559e-05 0.00668147 0.0016 2.96274e-07 0.00665548 0.0015 3.92559e-05 0.00668147 0.0015 2.96274e-07 0.00670152 0.0016 -4.20018e-05 0.00670152 0.0015 -4.20018e-05 0.00671571 0.0016 -8.66178e-05 0.00672351 0.0016 -0.000132795 0.00671571 0.0015 -8.66178e-05 0.00672351 0.0015 -0.000132795 0.00672605 0.0016 -0.000179557 0.00672605 0.0015 -0.000179557 0.00654834 0.0016 0.000128201 0.00654834 0.0015 0.000128201 0.00650444 0.0016 0.000144415 0.00650444 0.0015 0.000144415 0.0064587 0.0015 0.000154517 0.0064587 0.0016 0.000154517 0.00641228 0.0016 0.000160793 0.00641228 0.0015 0.000160793 0.00636559 0.0016 0.000164635 0.00636559 0.0015 0.000164635 0.00631878 0.0015 0.000166409 0.00631878 0.0016 0.000166409 0.00627193 0.0015 0.000167073 0.00627193 0.0016 0.000167073 0.00564058 0.0016 0.000167073 0.00627193 0.0015 0.000167073 0.00627193 0.0016 0.000167073 0.00564058 0.0015 0.000167073 0.00604763 0.0016 0.000967607 0.00564058 0.0016 0.000967607 0.00564058 0.0016 0.00115756 0.00623759 0.0016 0.000967607 0.00623759 0.0016 0.000601261 0.00669891 0.0016 0.000601261 0.00669891 0.0016 0.000411303 0.00564058 0.0016 0.000411303 0.00604763 0.0016 0.000601261 0.00564058 0.0016 0.000601261 0.00669891 0.0016 0.00115756 0.00669891 0.0016 0.000967607 0.00564058 0.0016 0.000967607 0.00564058 0.0015 0.00115756 0.00564058 0.0016 0.00115756 0.00564058 0.0015 0.000967607 0.00604763 0.0016 0.000967607 0.00564058 0.0015 0.000967607 0.00564058 0.0016 0.000967607 0.00604763 0.0015 0.000967607 0.00604763 0.0016 0.000601261 0.00604763 0.0015 0.000967607 0.00604763 0.0016 0.000967607 0.00604763 0.0015 0.000601261 0.00564058 0.0016 0.000601261 0.00604763 0.0015 0.000601261 0.00604763 0.0016 0.000601261 0.00564058 0.0015 0.000601261 0.00564058 0.0016 0.000411303 0.00564058 0.0015 0.000601261 0.00564058 0.0016 0.000601261 0.00564058 0.0015 0.000411303 0.00669891 0.0016 0.000411303 0.00564058 0.0015 0.000411303 0.00564058 0.0016 0.000411303 0.00669891 0.0015 0.000411303 0.00669891 0.0016 0.000601261 0.00669891 0.0015 0.000411303 0.00669891 0.0016 0.000411303 0.00669891 0.0015 0.000601261 0.00623759 0.0016 0.000601261 0.00669891 0.0015 0.000601261 0.00669891 0.0016 0.000601261 0.00623759 0.0015 0.000601261 0.00623759 0.0016 0.000967607 0.00623759 0.0015 0.000601261 0.00623759 0.0016 0.000601261 0.00623759 0.0015 0.000967607 0.00669891 0.0016 0.000967607 0.00623759 0.0015 0.000967607 0.00623759 0.0016 0.000967607 0.00669891 0.0015 0.000967607 0.00669891 0.0016 0.00115756 0.00669891 0.0015 0.000967607 0.00669891 0.0016 0.000967607 0.00669891 0.0015 0.00115756 0.00564058 0.0016 0.00115756 0.00669891 0.0015 0.00115756 0.00669891 0.0016 0.00115756 0.00564058 0.0015 0.00115756 0.00589617 0.0016 0.00152803 0.00570903 0.0016 0.00144282 0.00567669 0.0016 0.00148087 0.00583925 0.0016 0.00158068 0.0056497 0.0016 0.00152285 0.00562974 0.0016 0.00156861 0.00585222 0.0016 0.00156622 0.00586615 0.0016 0.00155267 0.00588081 0.0016 0.00153993 0.00561752 0.0016 0.00161704 0.00581769 0.0016 0.00161293 0.00582758 0.0016 0.00159621 0.00580377 0.0016 0.00167765 0.0058034 0.0016 0.00166892 0.00561392 0.0016 0.00166682 0.00580511 0.0016 0.00164957 0.00581003 0.0016 0.00163078 0.0058087 0.0016 0.00170326 0.00561609 0.0016 0.00170974 0.00581198 0.0016 0.00171135 0.00580458 0.0016 0.00168632 0.00562504 0.0016 0.00175178 0.00581608 0.0016 0.00171905 0.005821 0.0016 0.00172626 0.00582668 0.0016 0.00173288 0.00583303 0.0016 0.00173887 0.00564053 0.0016 0.00179187 0.00583993 0.0016 0.00174421 0.00585551 0.0016 0.00175198 0.00566218 0.0016 0.001829 0.00568943 0.0016 0.00186223 0.00584741 0.0016 0.0017487 0.00586403 0.0016 0.0017538 0.00572161 0.0016 0.00189073 0.00587273 0.0016 0.00175461 0.00595925 0.0016 0.00193195 0.00579736 0.0016 0.00193077 0.00583902 0.0016 0.00194131 0.00575789 0.0016 0.00191377 0.00599577 0.0016 0.00191733 0.00588629 0.0016 0.00175335 0.00592105 0.0016 0.0019414 0.00588184 0.0016 0.00194453 0.00661876 0.0016 0.00191984 0.00640041 0.0016 0.00183174 0.00658189 0.0016 0.00194978 0.00592329 0.0016 0.00173684 0.00591192 0.0016 0.00174434 0.00612104 0.0016 0.00182335 0.0062278 0.0016 0.00170781 0.00625328 0.0016 0.00167783 0.00601644 0.0016 0.00164312 0.00650686 0.0016 0.0017445 0.00670011 0.0016 0.00180431 0.00671495 0.0016 0.00175931 0.0064398 0.0016 0.00180757 0.00665143 0.0016 0.0018854 0.00645839 0.0016 0.00179383 0.00652896 0.0016 0.0016127 0.00653222 0.0016 0.00162384 0.0067239 0.0016 0.00162071 0.00653553 0.0016 0.00164673 0.00672605 0.0016 0.00166532 0.00659399 0.0016 0.00139613 0.00645875 0.0016 0.0015405 0.00662891 0.0016 0.00142396 0.00670365 0.0016 0.00153389 0.00649807 0.0016 0.00156428 0.00650601 0.0016 0.00157274 0.00646964 0.0016 0.0015445 0.00647989 0.0016 0.00154997 0.00665925 0.0016 0.00145672 0.0064474 0.0016 0.00153836 0.00648937 0.0016 0.00155663 0.00668445 0.0016 0.00149356 0.00652474 0.0016 0.00160189 0.00671642 0.0016 0.00157668 0.00651951 0.0016 0.00159156 0.00651911 0.0016 0.0017249 0.00653415 0.0016 0.00168136 0.00672345 0.0016 0.00171271 0.00667879 0.0016 0.00184666 0.00647603 0.0016 0.00177888 0.00640005 0.0016 0.00154395 0.00621611 0.0016 0.00142657 0.00638334 0.0016 0.00155127 0.00635323 0.0016 0.00157176 0.00611996 0.0016 0.00152415 0.00633955 0.0016 0.00158382 0.00642037 0.0016 0.00182007 0.00650069 0.0016 0.0019988 0.00654234 0.0016 0.00197603 0.00597093 0.0016 0.00169104 0.00617567 0.0016 0.00176673 0.00620197 0.0016 0.00173748 0.00609248 0.0016 0.0018504 0.00589947 0.0016 0.00174989 0.00614874 0.0016 0.00179542 0.00606247 0.0016 0.00187584 0.00603031 0.0016 0.00189848 0.00630134 0.0016 0.00162296 0.00605993 0.0016 0.00159324 0.00628905 0.0016 0.00163643 0.00631381 0.0016 0.00160965 0.00649233 0.0016 0.00176249 0.00652844 0.0016 0.00170375 0.00632649 0.0016 0.00159655 0.00653609 0.0016 0.00165832 0.00618177 0.0016 0.00145666 0.00629219 0.0016 0.00137652 0.00625268 0.0016 0.0013993 0.00641766 0.0016 0.0015392 0.0065344 0.0016 0.00163521 0.00636774 0.0016 0.00156071 0.00633469 0.0016 0.00136001 0.00643581 0.0016 0.00153748 0.00651322 0.0016 0.00158183 0.00637928 0.0016 0.00135042 0.00642479 0.0016 0.00134752 0.00651317 0.0016 0.00135885 0.00655507 0.0016 0.00137429 0.00646936 0.0016 0.00135016 0.00627696 0.0016 0.00165009 0.00626506 0.0016 0.00166391 0.00580622 0.0016 0.00169489 0.00591195 0.0016 0.0015167 0.00574439 0.0016 0.00140754 0.00578199 0.0016 0.00137466 0.00591195 0.0016 0.0015167 0.00578199 0.0015 0.00137466 0.00578199 0.0016 0.00137466 0.00591195 0.0015 0.0015167 0.00585222 0.0015 0.00156622 0.00585222 0.0016 0.00156622 0.00583925 0.0016 0.00158068 0.00586615 0.0015 0.00155267 0.00586615 0.0016 0.00155267 0.00588081 0.0015 0.00153993 0.00588081 0.0016 0.00153993 0.00589617 0.0016 0.00152803 0.00591195 0.0015 0.0015167 0.00591195 0.0016 0.0015167 0.00589617 0.0015 0.00152803 0.00583925 0.0015 0.00158068 0.00582758 0.0016 0.00159621 0.00582758 0.0015 0.00159621 0.00581769 0.0016 0.00161293 0.00581003 0.0016 0.00163078 0.00581769 0.0015 0.00161293 0.00580511 0.0016 0.00164957 0.00581003 0.0015 0.00163078 0.00580511 0.0015 0.00164957 0.0058034 0.0016 0.00166892 0.0058034 0.0015 0.00166892 0.00581608 0.0016 0.00171905 0.005821 0.0016 0.00172626 0.00581608 0.0015 0.00171905 0.00581198 0.0015 0.00171135 0.0058087 0.0015 0.00170326 0.00581198 0.0016 0.00171135 0.0058087 0.0016 0.00170326 0.00580458 0.0015 0.00168632 0.00580622 0.0016 0.00169489 0.00580621 0.0015 0.00169488 0.00580458 0.0016 0.00168632 0.00580377 0.0015 0.00167765 0.00580377 0.0016 0.00167765 0.0058034 0.0015 0.00166892 0.0058034 0.0016 0.00166892 0.005821 0.0015 0.00172626 0.00582668 0.0016 0.00173288 0.00583303 0.0016 0.00173887 0.00582668 0.0015 0.00173288 0.00583993 0.0016 0.00174421 0.00583303 0.0015 0.00173887 0.00583993 0.0015 0.00174421 0.00584741 0.0016 0.0017487 0.00585551 0.0016 0.00175198 0.00584741 0.0015 0.0017487 0.00586403 0.0016 0.0017538 0.00585551 0.0015 0.00175198 0.00586403 0.0015 0.0017538 0.00587273 0.0016 0.00175461 0.00587273 0.0015 0.00175457 0.00589947 0.0016 0.00174989 0.00591191 0.0015 0.00174434 0.00589947 0.0015 0.00174989 0.00592329 0.0015 0.00173684 0.00591192 0.0016 0.00174434 0.00592329 0.0016 0.00173684 0.00587273 0.0015 0.00175457 0.00587273 0.0016 0.00175461 0.00588629 0.0015 0.00175335 0.00588629 0.0016 0.00175335 0.00597093 0.0016 0.00169104 0.00592329 0.0015 0.00173684 0.00592329 0.0016 0.00173684 0.00597093 0.0015 0.00169104 0.00601644 0.0016 0.00164312 0.00601644 0.0015 0.00164313 0.00605993 0.0016 0.00159324 0.00605993 0.0015 0.00159324 0.00605993 0.0015 0.00159324 0.00611996 0.0016 0.00152415 0.00611996 0.0015 0.00152415 0.00605993 0.0016 0.00159324 0.00618177 0.0016 0.00145666 0.00618177 0.0015 0.00145666 0.00629219 0.0015 0.00137652 0.00625268 0.0015 0.0013993 0.00629219 0.0016 0.00137652 0.00625268 0.0016 0.0013993 0.00621611 0.0015 0.00142657 0.00618177 0.0015 0.00145666 0.00621611 0.0016 0.00142657 0.00618177 0.0016 0.00145666 0.00633469 0.0016 0.00136001 0.00637928 0.0016 0.00135042 0.00633469 0.0015 0.00136001 0.00637928 0.0015 0.00135042 0.00642479 0.0016 0.00134752 0.00642479 0.0015 0.00134752 0.00665925 0.0016 0.00145672 0.00662891 0.0015 0.00142396 0.00662891 0.0016 0.00142396 0.00659399 0.0016 0.00139613 0.00659399 0.0015 0.00139613 0.00655507 0.0015 0.00137429 0.00655507 0.0016 0.00137429 0.00651317 0.0015 0.00135885 0.00651317 0.0016 0.00135885 0.00646936 0.0016 0.00135016 0.00646936 0.0015 0.00135016 0.00642479 0.0015 0.00134752 0.00642479 0.0016 0.00134752 0.00665925 0.0015 0.00145672 0.00668445 0.0016 0.00149356 0.00668445 0.0015 0.00149356 0.00670365 0.0015 0.00153389 0.00670365 0.0016 0.00153389 0.00671642 0.0016 0.00157668 0.00671642 0.0015 0.00157668 0.0067239 0.0016 0.00162071 0.0067239 0.0015 0.00162071 0.00672605 0.0016 0.00166532 0.00672605 0.0015 0.00166532 0.00667879 0.0015 0.00184666 0.00667879 0.0016 0.00184666 0.00665143 0.0015 0.0018854 0.00670011 0.0015 0.00180431 0.00670011 0.0016 0.00180431 0.00671495 0.0016 0.00175931 0.00671495 0.0015 0.00175931 0.00672345 0.0015 0.00171271 0.00672345 0.0016 0.00171271 0.00672605 0.0015 0.00166532 0.00672605 0.0016 0.00166532 0.00661876 0.0015 0.00191984 0.00665143 0.0016 0.0018854 0.00661876 0.0016 0.00191984 0.00658189 0.0015 0.00194978 0.00658189 0.0016 0.00194978 0.00654234 0.0015 0.00197603 0.00650069 0.0015 0.0019988 0.00654234 0.0016 0.00197603 0.00650069 0.0016 0.0019988 0.00640041 0.0016 0.00183174 0.00650069 0.0015 0.0019988 0.00650069 0.0016 0.0019988 0.00640041 0.0015 0.00183174 0.00647603 0.0015 0.00177888 0.00645839 0.0015 0.00179383 0.00647603 0.0016 0.00177888 0.00645839 0.0016 0.00179383 0.00649233 0.0016 0.00176249 0.0064398 0.0016 0.00180757 0.0064398 0.0015 0.00180757 0.00649233 0.0015 0.00176249 0.00642037 0.0015 0.00182007 0.00642037 0.0016 0.00182007 0.00640041 0.0015 0.00183174 0.00640041 0.0016 0.00183174 0.00650686 0.0016 0.0017445 0.00650686 0.0015 0.0017445 0.00651911 0.0016 0.0017249 0.00652844 0.0016 0.00170375 0.00651911 0.0015 0.0017249 0.00653415 0.0016 0.00168136 0.00652844 0.0015 0.00170375 0.00653415 0.0015 0.00168136 0.00653609 0.0016 0.00165832 0.00653609 0.0015 0.00165832 0.00651322 0.0016 0.00158183 0.00651322 0.0015 0.00158183 0.00651951 0.0015 0.00159156 0.00652896 0.0015 0.00161271 0.00653222 0.0015 0.00162384 0.00652896 0.0016 0.0016127 0.00651951 0.0016 0.00159156 0.00652474 0.0016 0.00160189 0.00652474 0.0015 0.0016019 0.00653222 0.0016 0.00162384 0.0065344 0.0015 0.00163522 0.00653553 0.0015 0.00164673 0.00653553 0.0016 0.00164673 0.0065344 0.0016 0.00163521 0.00653609 0.0015 0.00165832 0.00653609 0.0016 0.00165832 0.00650601 0.0016 0.00157274 0.00650601 0.0015 0.00157274 0.00649807 0.0015 0.00156428 0.00649807 0.0016 0.00156428 0.00648937 0.0016 0.00155663 0.00648938 0.0015 0.00155663 0.00647989 0.0016 0.00154997 0.00647989 0.0015 0.00154997 0.00646964 0.0015 0.0015445 0.00646964 0.0016 0.0015445 0.00645875 0.0016 0.0015405 0.00645875 0.0015 0.0015405 0.0064474 0.0016 0.00153836 0.0064474 0.0015 0.00153836 0.00643581 0.0016 0.00153748 0.00643581 0.0015 0.00153748 0.00633955 0.0016 0.00158382 0.00633955 0.0015 0.00158382 0.00635323 0.0015 0.00157176 0.00635323 0.0016 0.00157176 0.00636774 0.0015 0.00156071 0.00636774 0.0016 0.00156071 0.00638334 0.0016 0.00155127 0.00638334 0.0015 0.00155127 0.00640005 0.0015 0.00154395 0.00640005 0.0016 0.00154395 0.00641766 0.0015 0.0015392 0.00643581 0.0015 0.00153748 0.00641766 0.0016 0.0015392 0.00643581 0.0016 0.00153748 0.00632649 0.0016 0.00159655 0.00632649 0.0015 0.00159655 0.00631381 0.0016 0.00160965 0.00631381 0.0015 0.00160965 0.00630134 0.0016 0.00162296 0.00630134 0.0015 0.00162296 0.00628905 0.0015 0.00163643 0.00628905 0.0016 0.00163643 0.00627696 0.0016 0.00165009 0.00627696 0.0015 0.00165009 0.00626506 0.0016 0.00166391 0.00626506 0.0015 0.00166391 0.00625328 0.0016 0.00167783 0.00625328 0.0015 0.00167783 0.00609248 0.0015 0.0018504 0.00612104 0.0015 0.00182335 0.00609248 0.0016 0.0018504 0.00612104 0.0016 0.00182335 0.00614874 0.0015 0.00179542 0.00617567 0.0015 0.00176673 0.00614874 0.0016 0.00179542 0.00620197 0.0015 0.00173748 0.00617567 0.0016 0.00176673 0.00620197 0.0016 0.00173748 0.0062278 0.0015 0.00170781 0.00625328 0.0015 0.00167783 0.0062278 0.0016 0.00170781 0.00625328 0.0016 0.00167783 0.00606247 0.0016 0.00187584 0.00603031 0.0016 0.00189848 0.00606247 0.0015 0.00187584 0.00603031 0.0015 0.00189848 0.00599577 0.0016 0.00191733 0.00595925 0.0016 0.00193195 0.00599577 0.0015 0.00191733 0.00592105 0.0016 0.0019414 0.00595925 0.0015 0.00193195 0.00592105 0.0015 0.0019414 0.00588184 0.0016 0.00194453 0.00588184 0.0015 0.00194453 0.00568943 0.0016 0.00186223 0.00568943 0.0015 0.00186223 0.00572161 0.0015 0.00189073 0.00575789 0.0015 0.00191377 0.00572161 0.0016 0.00189073 0.00579736 0.0015 0.00193077 0.00575789 0.0016 0.00191377 0.00579736 0.0016 0.00193077 0.00583903 0.0015 0.00194131 0.00588184 0.0015 0.00194453 0.00583902 0.0016 0.00194131 0.00588184 0.0016 0.00194453 0.00566218 0.0016 0.001829 0.00566218 0.0015 0.001829 0.00564053 0.0016 0.00179187 0.00562504 0.0016 0.00175178 0.00564053 0.0015 0.00179187 0.00561609 0.0016 0.00170974 0.00562504 0.0015 0.00175178 0.00561609 0.0015 0.00170974 0.00561392 0.0016 0.00166682 0.00561392 0.0015 0.00166682 0.0056497 0.0015 0.00152285 0.0056497 0.0016 0.00152285 0.00567669 0.0016 0.00148087 0.00562974 0.0015 0.00156861 0.00562974 0.0016 0.00156861 0.00561752 0.0016 0.00161704 0.00561752 0.0015 0.00161704 0.00561392 0.0015 0.00166682 0.00561392 0.0016 0.00166682 0.00567669 0.0015 0.00148087 0.00570903 0.0016 0.00144282 0.00570903 0.0015 0.00144282 0.00574439 0.0016 0.00140754 0.00574439 0.0015 0.00140754 0.00578199 0.0016 0.00137466 0.00578199 0.0015 0.00137466 0.00615215 0.0016 0.00263949 0.00598043 0.0016 0.00252755 0.00564058 0.0016 0.00274867 0.00615236 0.0016 0.00241561 0.00669891 0.0016 0.00228374 0.00669891 0.0016 0.00205986 0.00564058 0.0016 0.002306 0.00564058 0.0016 0.00208191 0.00632409 0.0016 0.00252754 0.00669891 0.0016 0.00299608 0.00669891 0.0016 0.00277199 0.00564058 0.0016 0.00297255 0.00564058 0.0016 0.00274867 0.00564058 0.0015 0.00297255 0.00564058 0.0016 0.00297255 0.00564058 0.0015 0.00274867 0.00598043 0.0016 0.00252755 0.00564058 0.0015 0.00274867 0.00564058 0.0016 0.00274867 0.00598043 0.0015 0.00252755 0.00564058 0.0016 0.002306 0.00598043 0.0015 0.00252755 0.00598043 0.0016 0.00252755 0.00564058 0.0015 0.002306 0.00564058 0.0016 0.00208191 0.00564058 0.0015 0.002306 0.00564058 0.0016 0.002306 0.00564058 0.0015 0.00208191 0.00615236 0.0016 0.00241561 0.00564058 0.0015 0.00208191 0.00564058 0.0016 0.00208191 0.00615236 0.0015 0.00241561 0.00669891 0.0016 0.00205986 0.00615236 0.0015 0.00241561 0.00615236 0.0016 0.00241561 0.00669891 0.0015 0.00205986 0.00669891 0.0016 0.00228374 0.00669891 0.0015 0.00205986 0.00669891 0.0016 0.00205986 0.00669891 0.0015 0.00228374 0.00632409 0.0016 0.00252754 0.00669891 0.0015 0.00228374 0.00669891 0.0016 0.00228374 0.00632409 0.0015 0.00252754 0.00669891 0.0016 0.00277199 0.00632409 0.0015 0.00252754 0.00632409 0.0016 0.00252754 0.00669891 0.0015 0.002772 0.00669891 0.0016 0.00299608 0.00669891 0.0015 0.002772 0.00669891 0.0016 0.00277199 0.00669891 0.0015 0.00299608 0.00615215 0.0016 0.00263949 0.00669891 0.0015 0.00299608 0.00669891 0.0016 0.00299608 0.00615215 0.0015 0.00263949 0.00564058 0.0016 0.00297255 0.00615215 0.0015 0.00263949 0.00615215 0.0016 0.00263949 0.00564058 0.0015 0.00297255 0.00330162 0.0016 -0.00101404 0.00418356 0.0016 -0.00101404 0.00418356 0.0016 -0.00120333 0.00312523 0.0016 -0.000909705 0.00312523 0.0016 -0.00120333 0.00330162 0.0016 -0.000796282 0.00312523 0.0016 -0.00120333 0.00312523 0.0015 -0.000909705 0.00312523 0.0016 -0.000909705 0.00312523 0.0015 -0.00120333 0.00418356 0.0016 -0.00120333 0.00312523 0.0015 -0.00120333 0.00312523 0.0016 -0.00120333 0.00418356 0.0015 -0.00120333 0.00418356 0.0016 -0.00101404 0.00418356 0.0015 -0.00120333 0.00418356 0.0016 -0.00120333 0.00418356 0.0015 -0.00101404 0.00330162 0.0016 -0.00101404 0.00418356 0.0015 -0.00101404 0.00418356 0.0016 -0.00101404 0.00330162 0.0015 -0.00101404 0.00330162 0.0016 -0.000796282 0.00330162 0.0015 -0.00101404 0.00330162 0.0016 -0.00101404 0.00330162 0.0015 -0.000796282 0.00312523 0.0016 -0.000909705 0.00330162 0.0015 -0.000796282 0.00330162 0.0016 -0.000796282 0.00312523 0.0015 -0.000909705 0.00365503 0.0015 -0.000416368 0.00360302 0.0015 -0.000413273 0.00355205 0.0015 -0.000403135 0.00402074 0.0015 -5.97736e-05 0.00328805 0.0015 -5.59575e-05 0.00350301 0.0015 -0.000385743 0.00345698 0.0015 -0.000361461 0.00341492 0.0015 -0.000330792 0.00337773 0.0015 -0.000294376 0.00334616 0.0015 -0.000252971 0.0033209 0.0015 -0.000207444 0.00330247 0.0015 -0.000158745 0.00329125 0.0015 -0.000107895 0.00330161 0.0015 4.74481e-05 0.00331963 0.0015 9.64963e-05 0.00334505 0.0015 0.000142116 0.00360434 0.0015 0.000299798 0.00329133 0.0015 -3.80072e-06 0.00337703 0.0015 0.000183427 0.00350346 0.0015 0.000274008 0.00355301 0.0015 0.000290414 0.00345695 0.0015 0.000250314 0.00341455 0.0015 0.000219804 0.00401752 0.0015 -9.66103e-06 0.00365651 0.0015 0.000302756 0.00390294 0.0015 0.000212182 0.00381369 0.0015 0.000271519 0.00386078 0.0015 0.000245572 0.00376305 0.0015 0.000289594 0.00393918 0.0015 0.000172465 0.00371021 0.0015 0.000299605 0.00396821 0.0015 0.000131534 0.00399123 0.0015 8.69408e-05 0.00400777 0.0015 3.95647e-05 0.00396286 0.0015 -0.000255135 0.00393092 0.0015 -0.000295814 0.00401742 0.0015 -0.000111403 0.00400671 0.0015 -0.0001619 0.00398841 0.0015 -0.000210204 0.00389365 0.0015 -0.000331708 0.0037575 0.0015 -0.000403614 0.00385202 0.0015 -0.000362357 0.00380634 0.0015 -0.000386581 0.00370666 0.0015 -0.000413264 0.00393092 0.0016 -0.000295814 0.00389365 0.0016 -0.000331708 0.00393092 0.0015 -0.000295814 0.00398841 0.0015 -0.000210204 0.00396286 0.0016 -0.000255135 0.00396286 0.0015 -0.000255135 0.00400671 0.0015 -0.0001619 0.00398841 0.0016 -0.000210204 0.00400671 0.0016 -0.0001619 0.00401742 0.0015 -0.000111403 0.00402074 0.0015 -5.97736e-05 0.00401742 0.0016 -0.000111403 0.00402027 0.0016 -5.97665e-05 0.00389365 0.0015 -0.000331708 0.00385202 0.0016 -0.000362357 0.00385202 0.0015 -0.000362357 0.00380634 0.0015 -0.000386581 0.00380634 0.0016 -0.000386581 0.0037575 0.0016 -0.000403614 0.0037575 0.0015 -0.000403614 0.00370666 0.0016 -0.000413264 0.00370666 0.0015 -0.000413264 0.00365503 0.0016 -0.000416368 0.00365503 0.0015 -0.000416368 0.00400777 0.0016 3.95647e-05 0.00401752 0.0015 -9.66103e-06 0.00400777 0.0015 3.95647e-05 0.00402074 0.0015 -5.97736e-05 0.00401752 0.0016 -9.66103e-06 0.00402027 0.0016 -5.97665e-05 0.00396821 0.0015 0.000131534 0.00393933 0.0016 0.000172587 0.00396821 0.0016 0.000131534 0.00399123 0.0016 8.69408e-05 0.00399123 0.0015 8.69408e-05 0.00393918 0.0015 0.000172465 0.00376305 0.0016 0.000289595 0.00381369 0.0016 0.00027152 0.00376305 0.0015 0.000289594 0.00381369 0.0015 0.000271519 0.00371021 0.0015 0.000299605 0.00365651 0.0015 0.000302756 0.00371021 0.0016 0.000299605 0.00365651 0.0016 0.000302756 0.00386078 0.0016 0.000245573 0.00390294 0.0016 0.000212184 0.00386078 0.0015 0.000245572 0.00390294 0.0015 0.000212182 0.00393933 0.0016 0.000172587 0.00393918 0.0015 0.000172465 0.00334505 0.0015 0.000142116 0.00337687 0.0016 0.000183322 0.00337703 0.0015 0.000183427 0.00341445 0.0016 0.000219639 0.00334491 0.0016 0.000141995 0.00331957 0.0016 9.63455e-05 0.00331963 0.0015 9.64963e-05 0.00330161 0.0015 4.74481e-05 0.00330167 0.0016 4.73251e-05 0.00329133 0.0015 -3.80072e-06 0.00329133 0.0016 -3.79691e-06 0.00328805 0.0015 -5.59575e-05 0.00328749 0.0016 -5.59575e-05 0.00341455 0.0015 0.000219804 0.00345681 0.0016 0.000250203 0.00345695 0.0015 0.000250314 0.00350346 0.0015 0.000274008 0.00350331 0.0016 0.000274009 0.0035529 0.0016 0.000290484 0.00355301 0.0015 0.000290414 0.00360434 0.0016 0.000299798 0.00360434 0.0015 0.000299798 0.00365651 0.0016 0.000302756 0.00365651 0.0015 0.000302756 0.00330244 0.0016 -0.000158641 0.00329125 0.0015 -0.000107895 0.00330247 0.0015 -0.000158745 0.00328805 0.0015 -5.59575e-05 0.00329125 0.0016 -0.000107895 0.00328749 0.0016 -5.59575e-05 0.00334616 0.0015 -0.000252971 0.00337773 0.0015 -0.000294376 0.00337761 0.0016 -0.00029424 0.00334608 0.0016 -0.000252829 0.00332085 0.0016 -0.000207311 0.0033209 0.0015 -0.000207444 0.00350288 0.0016 -0.00038569 0.00345698 0.0015 -0.000361461 0.00350301 0.0015 -0.000385743 0.00345684 0.0016 -0.000361375 0.00341479 0.0016 -0.000330677 0.00341492 0.0015 -0.000330792 0.00355194 0.0016 -0.000403111 0.00355205 0.0015 -0.000403135 0.00360302 0.0016 -0.000413273 0.00360302 0.0015 -0.000413273 0.00365503 0.0016 -0.000416368 0.00365503 0.0015 -0.000416368 0.00322172 0.0015 -0.000402675 0.00326419 0.0016 -0.000448224 0.00326419 0.0015 -0.000448224 0.00318453 0.0015 -0.000352773 0.00322172 0.0016 -0.000402675 0.00318453 0.0016 -0.000352773 0.00315339 0.0015 -0.000299039 0.0031288 0.0015 -0.000241986 0.00315339 0.0016 -0.000299039 0.00311146 0.0015 -0.00018221 0.0031288 0.0016 -0.000241986 0.00311146 0.0016 -0.00018221 0.00310122 0.0015 -0.00012112 0.00309798 0.0015 -5.89257e-05 0.00310122 0.0016 -0.00012112 0.00309798 0.0016 -5.89257e-05 0.00331079 0.0016 -0.000489219 0.00336155 0.0016 -0.000525054 0.00331079 0.0015 -0.000489219 0.00341616 0.0016 -0.000554905 0.00336155 0.0015 -0.000525054 0.00341616 0.0015 -0.000554905 0.00347385 0.0016 -0.000577973 0.00353383 0.0016 -0.000594117 0.00347385 0.0015 -0.000577973 0.00359539 0.0016 -0.000603408 0.00353383 0.0015 -0.000594117 0.00359539 0.0015 -0.000603408 0.00365757 0.0016 -0.000606325 0.00365757 0.0015 -0.000606325 0.00400198 0.0015 -0.000489704 0.00404823 0.0016 -0.000448678 0.00404823 0.0015 -0.000448678 0.00395164 0.0015 -0.000525451 0.00400198 0.0016 -0.000489704 0.00395164 0.0016 -0.000525451 0.00389745 0.0015 -0.000555165 0.00384 0.0015 -0.000578037 0.00389745 0.0016 -0.000555165 0.00378031 0.0015 -0.000594056 0.00384 0.0016 -0.000578037 0.00378031 0.0016 -0.000594056 0.00371936 0.0015 -0.000603449 0.00365757 0.0015 -0.000606325 0.00371936 0.0016 -0.000603449 0.00365757 0.0016 -0.000606325 0.00409004 0.0016 -0.000403131 0.00412676 0.0016 -0.000353375 0.00409004 0.0015 -0.000403131 0.0041574 0.0016 -0.000299753 0.00412676 0.0015 -0.000353375 0.0041574 0.0015 -0.000299753 0.00418117 0.0016 -0.000242786 0.00419789 0.0016 -0.000183264 0.00418117 0.0015 -0.000242786 0.00420773 0.0016 -0.000122204 0.00419789 0.0015 -0.000183264 0.00420773 0.0015 -0.000122204 0.0042107 0.0016 -6.04097e-05 0.0042107 0.0015 -6.04097e-05 0.00409114 0.0015 0.000286527 0.00404873 0.0016 0.000332384 0.00404873 0.0015 0.000332384 0.00412804 0.0015 0.000236235 0.00409114 0.0016 0.000286527 0.00412804 0.0016 0.000236235 0.00415863 0.0015 0.000181788 0.0041821 0.0015 0.000123893 0.00415863 0.0016 0.000181788 0.00419836 0.0015 6.3601e-05 0.0041821 0.0016 0.000123893 0.00419836 0.0016 6.3601e-05 0.00420782 0.0015 2.01383e-06 0.0042107 0.0015 -6.04097e-05 0.00420782 0.0016 2.01383e-06 0.0042107 0.0016 -6.04097e-05 0.00400172 0.0016 0.000373543 0.00395075 0.0016 0.00040968 0.00400172 0.0015 0.000373543 0.00389608 0.0016 0.00043975 0.00395075 0.0015 0.00040968 0.00389608 0.0015 0.00043975 0.00383832 0.0016 0.000463346 0.00377815 0.0016 0.000480058 0.00383832 0.0015 0.000463346 0.0037164 0.0016 0.000489692 0.00377815 0.0015 0.000480058 0.0037164 0.0015 0.000489692 0.00365397 0.0016 0.000492714 0.00365397 0.0015 0.000492714 0.00328541 0.0015 0.000355515 0.0032856 0.0016 0.000355681 0.00323804 0.0016 0.000308527 0.00333835 0.0015 0.000396611 0.00333847 0.0016 0.000396684 0.0033959 0.0016 0.000430984 0.00339584 0.0015 0.000430945 0.00345698 0.0015 0.000458024 0.0034572 0.0016 0.000458111 0.00352103 0.0015 0.000477528 0.00352129 0.0016 0.000477589 0.00358703 0.0016 0.00048913 0.00358703 0.0015 0.00048913 0.00365397 0.0015 0.000492714 0.00365397 0.0016 0.000492714 0.00323788 0.0015 0.000308333 0.00319653 0.0016 0.000255917 0.00319645 0.0015 0.000255797 0.00316173 0.0016 0.000198705 0.00316169 0.0015 0.00019864 0.00313408 0.0015 0.000137565 0.00313417 0.0016 0.000137778 0.00311415 0.0016 7.38863e-05 0.00311409 0.0015 7.36245e-05 0.00310202 0.0016 7.98644e-06 0.00310202 0.0015 7.98644e-06 0.00309798 0.0016 -5.89257e-05 0.00309798 0.0015 -5.89257e-05 0.00337761 0.0016 -0.00029424 0.00341479 0.0016 -0.000330677 0.00326419 0.0016 -0.000448224 0.00395164 0.0016 -0.000525451 0.00385202 0.0016 -0.000362357 0.00400198 0.0016 -0.000489704 0.00334608 0.0016 -0.000252829 0.00322172 0.0016 -0.000402675 0.00345684 0.0016 -0.000361375 0.00331079 0.0016 -0.000489219 0.00318453 0.0016 -0.000352773 0.00336155 0.0016 -0.000525054 0.00350288 0.0016 -0.00038569 0.00359539 0.0016 -0.000603408 0.00360302 0.0016 -0.000413273 0.00365503 0.0016 -0.000416368 0.00370666 0.0016 -0.000413264 0.00371936 0.0016 -0.000603449 0.00365757 0.0016 -0.000606325 0.00384 0.0016 -0.000578037 0.0037575 0.0016 -0.000403614 0.00380634 0.0016 -0.000386581 0.00378031 0.0016 -0.000594056 0.00389365 0.0016 -0.000331708 0.00393092 0.0016 -0.000295814 0.00404823 0.0016 -0.000448678 0.00418117 0.0016 -0.000242786 0.00398841 0.0016 -0.000210204 0.00400671 0.0016 -0.0001619 0.00412676 0.0016 -0.000353375 0.00396286 0.0016 -0.000255135 0.0041574 0.0016 -0.000299753 0.00409004 0.0016 -0.000403131 0.0042107 0.0016 -6.04097e-05 0.00402027 0.0016 -5.97665e-05 0.00420782 0.0016 2.01383e-06 0.00401742 0.0016 -0.000111403 0.00420773 0.0016 -0.000122204 0.00401752 0.0016 -9.66103e-06 0.00400777 0.0016 3.95647e-05 0.00419836 0.0016 6.3601e-05 0.00399123 0.0016 8.69408e-05 0.0041821 0.0016 0.000123893 0.00419789 0.0016 -0.000183264 0.00353383 0.0016 -0.000594117 0.00355194 0.0016 -0.000403111 0.00389745 0.0016 -0.000555165 0.00396821 0.0016 0.000131534 0.00415863 0.0016 0.000181788 0.00381369 0.0016 0.00027152 0.00395075 0.0016 0.00040968 0.00386078 0.0016 0.000245573 0.00400172 0.0016 0.000373543 0.00390294 0.0016 0.000212184 0.00393933 0.0016 0.000172587 0.00404873 0.0016 0.000332384 0.00409114 0.0016 0.000286527 0.00389608 0.0016 0.00043975 0.00412804 0.0016 0.000236235 0.0037164 0.0016 0.000489692 0.00365651 0.0016 0.000302756 0.00365397 0.0016 0.000492714 0.00383832 0.0016 0.000463346 0.00377815 0.0016 0.000480058 0.00371021 0.0016 0.000299605 0.00376305 0.0016 0.000289595 0.00333847 0.0016 0.000396684 0.00345681 0.0016 0.000250203 0.00341445 0.0016 0.000219639 0.00332085 0.0016 -0.000207311 0.00315339 0.0016 -0.000299039 0.0034572 0.0016 0.000458111 0.00350331 0.0016 0.000274009 0.0033959 0.0016 0.000430984 0.0032856 0.0016 0.000355681 0.00337687 0.0016 0.000183322 0.00319653 0.0016 0.000255917 0.00334491 0.0016 0.000141995 0.0035529 0.0016 0.000290484 0.00352129 0.0016 0.000477589 0.00360434 0.0016 0.000299798 0.00311415 0.0016 7.38863e-05 0.00313417 0.0016 0.000137778 0.00330167 0.0016 4.73251e-05 0.00331957 0.0016 9.63455e-05 0.00316173 0.0016 0.000198705 0.00328749 0.0016 -5.59575e-05 0.00309798 0.0016 -5.89257e-05 0.00310202 0.0016 7.98644e-06 0.00329133 0.0016 -3.79691e-06 0.00311146 0.0016 -0.00018221 0.00329125 0.0016 -0.000107895 0.00330244 0.0016 -0.000158641 0.00310122 0.0016 -0.00012112 0.0031288 0.0016 -0.000241986 0.00358703 0.0016 0.00048913 0.00347385 0.0016 -0.000577973 0.00341616 0.0016 -0.000554905 0.00323804 0.0016 0.000308527 0.00418356 0.0016 0.000872628 0.00418356 0.0016 0.000682671 0.00312523 0.0016 0.000682671 0.00312523 0.0016 0.000872628 0.00312523 0.0016 0.000682671 0.00312523 0.0015 0.000872628 0.00312523 0.0016 0.000872628 0.00312523 0.0015 0.000682671 0.00418356 0.0016 0.000682671 0.00312523 0.0015 0.000682671 0.00312523 0.0016 0.000682671 0.00418356 0.0015 0.000682671 0.00418356 0.0016 0.000872628 0.00418356 0.0015 0.000682671 0.00418356 0.0016 0.000682671 0.00418356 0.0015 0.000872628 0.00312523 0.0016 0.000872628 0.00418356 0.0015 0.000872628 0.00418356 0.0016 0.000872628 0.00312523 0.0015 0.000872628 0.00332196 0.0015 0.00133216 0.00341023 0.0015 0.00123991 0.00332734 0.0015 0.0013099 0.00353228 0.0015 0.00148321 0.00353228 0.0015 0.001416 0.00331518 0.0015 0.00142342 0.00353182 0.0015 0.00138448 0.00353112 0.0015 0.00136874 0.0033165 0.0015 0.00137763 0.0033951 0.0015 0.00124269 0.00338061 0.0015 0.00124784 0.00352995 0.0015 0.00135302 0.00331857 0.0015 0.00135481 0.00348518 0.0015 0.00125646 0.00347159 0.0015 0.0012485 0.00352571 0.0015 0.00132179 0.00352823 0.0015 0.00133736 0.00342564 0.0015 0.00123897 0.0035218 0.0015 0.00130652 0.00351567 0.0015 0.00129201 0.00350757 0.0015 0.00127849 0.0034973 0.0015 0.00126654 0.00345682 0.0015 0.00124299 0.00344137 0.0015 0.00123989 0.00335495 0.0015 0.00126463 0.00334443 0.0015 0.00127585 0.00333617 0.0015 0.0012888 0.00336711 0.0015 0.00125521 0.00331559 0.0015 0.00140052 0.00353215 0.0015 0.00140024 0.00331518 0.0015 0.00148321 0.00331518 0.0016 0.00148321 0.00331518 0.0015 0.00142342 0.00331518 0.0016 0.00142342 0.00331518 0.0015 0.00148321 0.00331857 0.0016 0.00135482 0.00332196 0.0015 0.00133216 0.00332196 0.0016 0.00133216 0.00331857 0.0015 0.00135481 0.00332734 0.0015 0.0013099 0.00333617 0.0015 0.0012888 0.00332734 0.0016 0.0013099 0.00333582 0.0016 0.0012886 0.0033165 0.0016 0.00137763 0.00331559 0.0016 0.00140052 0.0033165 0.0015 0.00137763 0.00331559 0.0015 0.00140052 0.00331518 0.0016 0.00142342 0.00331518 0.0015 0.00142342 0.00335495 0.0016 0.00126463 0.00334443 0.0015 0.00127585 0.00335495 0.0015 0.00126463 0.00333617 0.0015 0.0012888 0.00334443 0.0016 0.00127585 0.00333582 0.0016 0.0012886 0.00338061 0.0015 0.00124784 0.0033951 0.0015 0.00124269 0.0033951 0.0016 0.0012427 0.00338061 0.0016 0.00124784 0.00336711 0.0016 0.00125521 0.00336711 0.0015 0.00125521 0.00341023 0.0015 0.00123991 0.00342562 0.0016 0.00123897 0.00341023 0.0016 0.00123991 0.00342564 0.0015 0.00123897 0.0035218 0.0016 0.00130652 0.00352571 0.0015 0.00132179 0.00352571 0.0016 0.00132179 0.00352995 0.0015 0.00135302 0.00352823 0.0016 0.00133736 0.00352823 0.0015 0.00133736 0.00352995 0.0016 0.00135302 0.0035218 0.0015 0.00130652 0.00353112 0.0015 0.00136874 0.00353182 0.0015 0.00138448 0.00353112 0.0016 0.00136874 0.00353215 0.0015 0.00140024 0.00353182 0.0016 0.00138448 0.00353215 0.0016 0.00140024 0.00353228 0.0015 0.001416 0.00353228 0.0016 0.001416 0.00351567 0.0016 0.00129201 0.00351567 0.0015 0.00129201 0.00350757 0.0015 0.00127849 0.00350757 0.0016 0.00127849 0.0034973 0.0016 0.00126654 0.0034973 0.0015 0.00126654 0.00348518 0.0016 0.00125646 0.00348518 0.0015 0.00125646 0.00347159 0.0015 0.0012485 0.00347159 0.0016 0.0012485 0.00345682 0.0016 0.00124299 0.00345682 0.0015 0.00124299 0.00344137 0.0016 0.00123989 0.00344137 0.0015 0.00123989 0.00342562 0.0016 0.00123897 0.00342564 0.0015 0.00123897 0.00353228 0.0016 0.001416 0.00353228 0.0015 0.00148321 0.00353228 0.0016 0.00148321 0.00353228 0.0015 0.001416 0.00353228 0.0016 0.00148321 0.00331518 0.0015 0.00148321 0.00331518 0.0016 0.00148321 0.00353228 0.0015 0.00148321 0.00312523 0.0016 0.00146116 0.00312523 0.0015 0.00167316 0.00312523 0.0016 0.00167316 0.00312523 0.0015 0.00146116 0.00315662 0.0015 0.00121285 0.00317549 0.0016 0.00117543 0.00317549 0.0015 0.00117543 0.00314383 0.0015 0.00125276 0.00315662 0.0016 0.00121285 0.00314383 0.0016 0.00125276 0.00313579 0.0015 0.00129391 0.00313059 0.0015 0.00133552 0.00313579 0.0016 0.00129391 0.00312735 0.0015 0.00137732 0.00313059 0.0016 0.00133552 0.00312735 0.0016 0.00137732 0.00312566 0.0015 0.00141922 0.00312523 0.0015 0.00146116 0.00312566 0.0016 0.00141922 0.00312523 0.0016 0.00146116 0.0032004 0.0016 0.00114174 0.00323043 0.0016 0.00111253 0.0032004 0.0015 0.00114174 0.00326489 0.0016 0.00108869 0.00323043 0.0015 0.00111253 0.00326489 0.0015 0.00108869 0.00330258 0.0016 0.0010704 0.00334265 0.0016 0.00105809 0.00330258 0.0015 0.0010704 0.00338399 0.0016 0.00105115 0.00334265 0.0015 0.00105809 0.00338399 0.0015 0.00105115 0.00342585 0.0016 0.00104902 0.00342585 0.0015 0.00104902 0.00360527 0.0016 0.00110732 0.00360527 0.0015 0.00110732 0.00357368 0.0015 0.00108534 0.00353897 0.0015 0.00106874 0.00357368 0.0016 0.00108534 0.00350223 0.0015 0.00105735 0.00353897 0.0016 0.00106874 0.00350223 0.0016 0.00105735 0.00346429 0.0015 0.00105088 0.00342585 0.0015 0.00104902 0.00346429 0.0016 0.00105088 0.00342585 0.0016 0.00104902 0.0036335 0.0016 0.00113345 0.0036335 0.0015 0.00113345 0.00365771 0.0016 0.00116337 0.00367787 0.0016 0.00119613 0.00365771 0.0015 0.00116337 0.0036941 0.0016 0.00123103 0.00367787 0.0015 0.00119613 0.0036941 0.0015 0.00123103 0.00370612 0.0016 0.0012676 0.00370612 0.0015 0.0012676 0.00371638 0.0016 0.00133903 0.00372175 0.0016 0.0014109 0.00371638 0.0015 0.00133903 0.00370612 0.0015 0.0012676 0.00370612 0.0016 0.0012676 0.00372175 0.0015 0.0014109 0.00372223 0.0016 0.00148321 0.00372223 0.0015 0.00148321 0.00418356 0.0016 0.00148321 0.00372223 0.0015 0.00148321 0.00372223 0.0016 0.00148321 0.00418356 0.0015 0.00148321 0.00418356 0.0016 0.00167316 0.00418356 0.0015 0.00148321 0.00418356 0.0016 0.00148321 0.00418356 0.0015 0.00167316 0.00312523 0.0016 0.00167316 0.00418356 0.0015 0.00167316 0.00418356 0.0016 0.00167316 0.00312523 0.0015 0.00167316 0.00345682 0.0016 0.00124299 0.00365771 0.0016 0.00116337 0.0036335 0.0016 0.00113345 0.00372223 0.0016 0.00148321 0.00372175 0.0016 0.0014109 0.00353228 0.0016 0.001416 0.00360527 0.0016 0.00110732 0.00347159 0.0016 0.0012485 0.00367787 0.0016 0.00119613 0.00344137 0.0016 0.00123989 0.00348518 0.0016 0.00125646 0.00357368 0.0016 0.00108534 0.0034973 0.0016 0.00126654 0.00353897 0.0016 0.00106874 0.00350223 0.0016 0.00105735 0.0036941 0.0016 0.00123103 0.00315662 0.0016 0.00121285 0.00334443 0.0016 0.00127585 0.00335495 0.0016 0.00126463 0.00351567 0.0016 0.00129201 0.00370612 0.0016 0.0012676 0.00350757 0.0016 0.00127849 0.00352571 0.0016 0.00132179 0.00371638 0.0016 0.00133903 0.00352995 0.0016 0.00135302 0.00353112 0.0016 0.00136874 0.00353182 0.0016 0.00138448 0.00353215 0.0016 0.00140024 0.00336711 0.0016 0.00125521 0.00317549 0.0016 0.00117543 0.00338061 0.0016 0.00124784 0.00353228 0.0016 0.00148321 0.00312523 0.0016 0.00167316 0.00314383 0.0016 0.00125276 0.00333582 0.0016 0.0012886 0.00418356 0.0016 0.00167316 0.00331518 0.0016 0.00142342 0.00312566 0.0016 0.00141922 0.00312523 0.0016 0.00146116 0.00418356 0.0016 0.00148321 0.0033165 0.0016 0.00137763 0.00331857 0.0016 0.00135482 0.00312735 0.0016 0.00137732 0.00332196 0.0016 0.00133216 0.00313579 0.0016 0.00129391 0.00313059 0.0016 0.00133552 0.00352823 0.0016 0.00133736 0.00341023 0.0016 0.00123991 0.00326489 0.0016 0.00108869 0.00323043 0.0016 0.00111253 0.0035218 0.0016 0.00130652 0.00330258 0.0016 0.0010704 0.00334265 0.0016 0.00105809 0.00338399 0.0016 0.00105115 0.00342562 0.0016 0.00123897 0.00342585 0.0016 0.00104902 0.00346429 0.0016 0.00105088 0.0033951 0.0016 0.0012427 0.0032004 0.0016 0.00114174 0.00332734 0.0016 0.0013099 0.00331559 0.0016 0.00140052 0.00331518 0.0016 0.00148321 0.00332559 0.0016 0.00222571 0.00335452 0.0016 0.00217334 0.00317629 0.0016 0.00208121 0.00328805 0.0016 0.00239992 0.00329208 0.0016 0.00234022 0.00310113 0.0016 0.00232846 0.00324981 0.0016 0.00198189 0.00339007 0.0016 0.00212521 0.00343115 0.0016 0.0020817 0.00380336 0.0016 0.00187625 0.00374515 0.0016 0.00186635 0.00383078 0.0016 0.00208848 0.00312598 0.0016 0.00219878 0.00330455 0.0016 0.00228171 0.00383078 0.0016 0.00239229 0.00364082 0.0016 0.00239229 0.0033178 0.0016 0.0025536 0.00330088 0.0016 0.00250391 0.00312243 0.0016 0.00257326 0.00310852 0.0016 0.00251464 0.00329107 0.0016 0.00245239 0.00310064 0.0016 0.00245486 0.00316939 0.0016 0.00268394 0.00334191 0.0016 0.00260023 0.00314266 0.0016 0.00262989 0.00337267 0.0016 0.0026428 0.00324014 0.0016 0.00278104 0.00340911 0.0016 0.00268066 0.00320214 0.0016 0.00273453 0.00345034 0.0016 0.00271319 0.00339248 0.0016 0.00289962 0.0034959 0.0016 0.0027393 0.00333566 0.0016 0.0028646 0.00351692 0.0016 0.00294699 0.00359645 0.0016 0.00276876 0.00354503 0.0016 0.00275793 0.00345322 0.0016 0.00292722 0.00371314 0.0016 0.00295882 0.00369862 0.0016 0.00276927 0.00364888 0.0016 0.0027722 0.00358243 0.0016 0.0029586 0.00383872 0.0016 0.00272053 0.00389714 0.0016 0.00290674 0.00395355 0.0016 0.00287621 0.00377638 0.0016 0.00294843 0.00374747 0.0016 0.00275975 0.00383792 0.0016 0.002931 0.00379452 0.0016 0.00274346 0.00387924 0.0016 0.00269155 0.00405366 0.0016 0.00279694 0.00391569 0.0016 0.00265755 0.00400603 0.0016 0.0028395 0.00394772 0.0016 0.00261939 0.00413171 0.0016 0.00269555 0.00397445 0.0016 0.00257735 0.00409586 0.0016 0.00274864 0.00400972 0.0016 0.00248439 0.00418347 0.0016 0.00257878 0.00419889 0.0016 0.00251659 0.00399533 0.0016 0.00253211 0.00416096 0.0016 0.00263868 0.0042107 0.0016 0.00238932 0.00402074 0.0016 0.0023855 0.00401816 0.0016 0.00243527 0.00420792 0.0016 0.00245337 0.00419995 0.0016 0.00227142 0.00418533 0.0016 0.00221403 0.00401266 0.0016 0.00230244 0.00401884 0.0016 0.00234377 0.00420807 0.0016 0.00233013 0.0040015 0.0016 0.00226219 0.00416394 0.0016 0.00215888 0.00413585 0.0016 0.00210683 0.00410115 0.0016 0.0020588 0.0039625 0.0016 0.00218863 0.00398494 0.0016 0.00222386 0.00406095 0.0016 0.00201534 0.00401594 0.0016 0.00197694 0.00390298 0.0016 0.00213034 0.00393486 0.0016 0.00215732 0.00391493 0.0016 0.00191552 0.00386024 0.0016 0.00189274 0.00386797 0.0016 0.00210753 0.00396701 0.0016 0.00194368 0.00368598 0.0016 0.00186312 0.00364082 0.0016 0.0018646 0.00364909 0.0016 0.00296216 0.00328368 0.0016 0.00282273 0.00309809 0.0016 0.00239462 0.00311038 0.0016 0.00226311 0.00314779 0.0016 0.00213626 0.00321042 0.0016 0.00202973 0.00329397 0.0016 0.00193838 0.00343115 0.0016 0.0020817 0.00329397 0.0015 0.00193838 0.00329397 0.0016 0.00193838 0.00343115 0.0015 0.0020817 0.00332559 0.0016 0.00222571 0.00332559 0.0015 0.00222571 0.00335452 0.0015 0.00217334 0.00335452 0.0016 0.00217334 0.00339007 0.0015 0.00212521 0.00339007 0.0016 0.00212521 0.00343115 0.0015 0.0020817 0.00343115 0.0016 0.0020817 0.00330455 0.0016 0.00228171 0.00329208 0.0016 0.00234022 0.00330455 0.0015 0.00228171 0.00329208 0.0015 0.00234022 0.00328805 0.0016 0.00239992 0.00328805 0.0015 0.00239992 0.00334191 0.0015 0.00260022 0.00337267 0.0016 0.0026428 0.00337267 0.0015 0.0026428 0.0033178 0.0015 0.00255359 0.00334191 0.0016 0.00260023 0.00340911 0.0016 0.00268066 0.0033178 0.0016 0.0025536 0.00330088 0.0015 0.00250391 0.00330088 0.0016 0.00250391 0.00329107 0.0016 0.00245239 0.00329107 0.0015 0.00245238 0.00328805 0.0015 0.00239992 0.00328805 0.0016 0.00239992 0.00340911 0.0015 0.00268066 0.00345034 0.0016 0.00271319 0.00345034 0.0015 0.00271319 0.0034959 0.0015 0.0027393 0.0034959 0.0016 0.0027393 0.00354503 0.0016 0.00275793 0.00354503 0.0015 0.00275793 0.00359645 0.0016 0.00276876 0.00359645 0.0015 0.00276876 0.00364888 0.0016 0.0027722 0.00364888 0.0015 0.0027722 0.00391569 0.0016 0.00265755 0.00387924 0.0015 0.00269155 0.00387924 0.0016 0.00269155 0.00379452 0.0015 0.00274346 0.00383872 0.0016 0.00272053 0.00383872 0.0015 0.00272053 0.00379452 0.0016 0.00274346 0.00374747 0.0015 0.00275975 0.00374747 0.0016 0.00275975 0.00364888 0.0015 0.0027722 0.00369862 0.0016 0.00276927 0.00369862 0.0015 0.00276927 0.00364888 0.0016 0.0027722 0.00391569 0.0015 0.00265755 0.00394772 0.0016 0.00261939 0.00397445 0.0016 0.00257735 0.00394772 0.0015 0.00261939 0.00397445 0.0015 0.00257735 0.00399533 0.0016 0.00253211 0.00400972 0.0016 0.00248439 0.00399533 0.0015 0.00253211 0.00401816 0.0016 0.00243527 0.00400972 0.0015 0.00248439 0.00401816 0.0015 0.00243527 0.00402074 0.0016 0.0023855 0.00402074 0.0015 0.0023855 0.0040015 0.0015 0.00226219 0.00398494 0.0016 0.00222386 0.00398494 0.0015 0.00222386 0.00401266 0.0015 0.00230244 0.0040015 0.0016 0.00226219 0.00401266 0.0016 0.00230244 0.0039625 0.0016 0.00218863 0.00401884 0.0015 0.00234377 0.00402074 0.0015 0.0023855 0.00401884 0.0016 0.00234377 0.00402074 0.0016 0.0023855 0.0039625 0.0015 0.00218863 0.00393486 0.0015 0.00215732 0.00393486 0.0016 0.00215732 0.00390298 0.0016 0.00213034 0.00390298 0.0015 0.00213034 0.00386797 0.0016 0.00210753 0.00386797 0.0015 0.00210753 0.00383078 0.0016 0.00208848 0.00383078 0.0015 0.00208848 0.00383078 0.0016 0.00239229 0.00383078 0.0015 0.00208848 0.00383078 0.0016 0.00208848 0.00383078 0.0015 0.00239229 0.00364082 0.0016 0.00239229 0.00383078 0.0015 0.00239229 0.00383078 0.0016 0.00239229 0.00364082 0.0015 0.00239229 0.00364082 0.0016 0.0018646 0.00364082 0.0015 0.00239229 0.00364082 0.0016 0.00239229 0.00364082 0.0015 0.0018646 0.00368598 0.0016 0.00186312 0.00364082 0.0015 0.0018646 0.00364082 0.0016 0.0018646 0.00368598 0.0015 0.00186312 0.00401594 0.0015 0.00197694 0.00406095 0.0016 0.00201534 0.00406095 0.0015 0.00201534 0.00396701 0.0015 0.00194368 0.00401594 0.0016 0.00197694 0.00396701 0.0016 0.00194368 0.00391493 0.0015 0.00191552 0.00386024 0.0015 0.00189274 0.00391493 0.0016 0.00191552 0.00380336 0.0015 0.00187625 0.00386024 0.0016 0.00189274 0.00380336 0.0016 0.00187625 0.00374515 0.0015 0.00186635 0.00368598 0.0015 0.00186312 0.00374515 0.0016 0.00186635 0.00368598 0.0016 0.00186312 0.00410115 0.0016 0.0020588 0.00413585 0.0016 0.00210683 0.00410115 0.0015 0.0020588 0.00416394 0.0016 0.00215888 0.00413585 0.0015 0.00210683 0.00416394 0.0015 0.00215888 0.00418533 0.0016 0.00221403 0.00419995 0.0016 0.00227142 0.00418533 0.0015 0.00221403 0.00420807 0.0016 0.00233013 0.00419995 0.0015 0.00227142 0.00420807 0.0015 0.00233013 0.0042107 0.0016 0.00238932 0.0042107 0.0015 0.00238932 0.00409586 0.0015 0.00274864 0.00405366 0.0016 0.00279694 0.00405366 0.0015 0.00279694 0.00413171 0.0015 0.00269555 0.00409586 0.0016 0.00274864 0.00413171 0.0016 0.00269555 0.00416096 0.0015 0.00263868 0.00418347 0.0015 0.00257878 0.00416096 0.0016 0.00263868 0.00419889 0.0015 0.00251659 0.00418347 0.0016 0.00257878 0.00419889 0.0016 0.00251659 0.00420792 0.0015 0.00245337 0.0042107 0.0015 0.00238932 0.00420792 0.0016 0.00245337 0.0042107 0.0016 0.00238932 0.00400603 0.0016 0.0028395 0.00395355 0.0016 0.00287621 0.00400603 0.0015 0.0028395 0.00389714 0.0016 0.00290674 0.00395355 0.0015 0.00287621 0.00389714 0.0015 0.00290674 0.00383792 0.0016 0.002931 0.00377638 0.0016 0.00294843 0.00383792 0.0015 0.002931 0.00371314 0.0016 0.00295882 0.00377638 0.0015 0.00294843 0.00371314 0.0015 0.00295882 0.00364909 0.0016 0.00296216 0.00364909 0.0015 0.00296216 0.00345322 0.0015 0.00292722 0.00351692 0.0015 0.00294699 0.00345322 0.0016 0.00292722 0.00351692 0.0016 0.00294699 0.00358243 0.0015 0.0029586 0.00364909 0.0015 0.00296216 0.00358243 0.0016 0.0029586 0.00364909 0.0016 0.00296216 0.00339248 0.0016 0.00289962 0.00333566 0.0016 0.0028646 0.00339248 0.0015 0.00289962 0.00333566 0.0015 0.0028646 0.00328368 0.0016 0.00282273 0.00328368 0.0015 0.00282273 0.00316939 0.0015 0.00268394 0.00314266 0.0016 0.00262989 0.00314266 0.0015 0.00262989 0.00320214 0.0015 0.00273453 0.00316939 0.0016 0.00268394 0.00320214 0.0016 0.00273453 0.00324014 0.0015 0.00278104 0.00328368 0.0015 0.00282273 0.00324014 0.0016 0.00278104 0.00328368 0.0016 0.00282273 0.00312243 0.0016 0.00257326 0.00310852 0.0016 0.00251464 0.00312243 0.0015 0.00257326 0.00310064 0.0016 0.00245486 0.00310852 0.0015 0.00251464 0.00310064 0.0015 0.00245486 0.00309809 0.0016 0.00239462 0.00309809 0.0015 0.00239462 0.00311038 0.0016 0.00226311 0.00311038 0.0015 0.0022631 0.00310113 0.0015 0.00232846 0.00309809 0.0015 0.00239462 0.00310113 0.0016 0.00232846 0.00309809 0.0016 0.00239462 0.00312598 0.0016 0.00219878 0.00312599 0.0015 0.00219878 0.00314779 0.0016 0.00213626 0.00314779 0.0015 0.00213625 0.00321042 0.0016 0.00202973 0.00321042 0.0015 0.00202973 0.00317629 0.0015 0.00208122 0.00314779 0.0015 0.00213625 0.00317629 0.0016 0.00208121 0.00314779 0.0016 0.00213626 0.00324981 0.0016 0.00198189 0.00324981 0.0015 0.0019819 0.00329397 0.0016 0.00193838 0.00329397 0.0015 0.00193838 0.0011586 0.0015 -7.66043e-05 0.000700135 0.0015 0.000121279 0.0011586 0.0015 0.000319163 0.0011586 0.0016 -7.66043e-05 0.0011586 0.0015 0.000319163 0.0011586 0.0016 0.000319163 0.0011586 0.0015 -7.66043e-05 0.0011586 0.0016 0.000319163 0.000700135 0.0015 0.000121279 0.000700135 0.0016 0.000121279 0.0011586 0.0015 0.000319163 0.000700135 0.0016 0.000121279 0.0011586 0.0015 -7.66043e-05 0.0011586 0.0016 -7.66043e-05 0.000700135 0.0015 0.000121279 0.00034529 0.0016 1.10363e-05 0.00034529 0.0015 0.000231257 0.00034529 0.0016 0.000231257 0.00034529 0.0015 1.10363e-05 0.00166821 0.0016 -0.000523219 0.00034529 0.0015 1.10363e-05 0.00034529 0.0016 1.10363e-05 0.00166821 0.0015 -0.000523219 0.00166821 0.0016 -0.000269606 0.00166821 0.0015 -0.000523219 0.00166821 0.0016 -0.000523219 0.00166821 0.0015 -0.000269606 0.00139684 0.0016 -0.000166784 0.00166821 0.0015 -0.000269606 0.00166821 0.0016 -0.000269606 0.00139684 0.0015 -0.000166784 0.00139684 0.0016 0.000409607 0.00139684 0.0015 -0.000166784 0.00139684 0.0016 -0.000166784 0.00139684 0.0015 0.000409607 0.00166821 0.0016 0.00051243 0.00139684 0.0015 0.000409607 0.00139684 0.0016 0.000409607 0.00166821 0.0015 0.00051243 0.00166821 0.0016 0.000765777 0.00166821 0.0015 0.00051243 0.00166821 0.0016 0.00051243 0.00166821 0.0015 0.000765777 0.00034529 0.0016 0.000231257 0.00166821 0.0015 0.000765777 0.00166821 0.0016 0.000765777 0.00034529 0.0015 0.000231257 0.00139684 0.0016 -0.000166784 0.00166821 0.0016 -0.000269606 0.00166821 0.0016 -0.000523219 0.0011586 0.0016 -7.66043e-05 0.000700135 0.0016 0.000121279 0.00034529 0.0016 1.10363e-05 0.00034529 0.0016 0.000231257 0.00166821 0.0016 0.000765777 0.00139684 0.0016 0.000409607 0.0011586 0.0016 0.000319163 0.00166821 0.0016 0.00051243 0.00143076 0.0015 0.00169012 0.000582736 0.0015 0.00159949 0.000582736 0.0015 0.00169012 0.00143076 0.0015 0.0015661 0.000587146 0.0015 0.00150333 0.000583783 0.0015 0.00155135 0.00143023 0.0015 0.00152192 0.000616451 0.0015 0.00136218 0.000602901 0.0015 0.00140839 0.00141766 0.0015 0.0013901 0.000593364 0.0015 0.00145558 0.00142816 0.0015 0.00147779 0.00142414 0.0015 0.0014338 0.000816803 0.0015 0.00115023 0.00091705 0.0015 0.00112159 0.00086614 0.0015 0.00113313 0.00139271 0.0015 0.00130556 0.000658677 0.0015 0.00127585 0.000634909 0.0015 0.00131775 0.00123593 0.0015 0.00115621 0.00119508 0.0015 0.00113942 0.00115261 0.0015 0.00112725 0.00106522 0.0015 0.00111478 0.00127472 0.0015 0.00117732 0.00110915 0.0015 0.00111936 0.00131076 0.0015 0.00120285 0.00102106 0.0015 0.00111347 0.00134319 0.0015 0.00123281 0.000770113 0.0015 0.00117353 0.000727204 0.0015 0.001203 0.000688739 0.0015 0.00123829 0.000968891 0.0015 0.00111528 0.00137087 0.0015 0.00126721 0.00140788 0.0015 0.00134702 0.000602901 0.0015 0.00140839 0.000616451 0.0015 0.00136218 0.0006029 0.0016 0.0014084 0.000616451 0.0016 0.00136219 0.000634909 0.0015 0.00131775 0.000658676 0.0016 0.00127585 0.000634909 0.0016 0.00131775 0.000658677 0.0015 0.00127585 0.000688739 0.0015 0.00123829 0.000688738 0.0016 0.00123829 0.000593363 0.0016 0.00145558 0.000587146 0.0016 0.00150333 0.000593364 0.0015 0.00145558 0.000583783 0.0016 0.00155135 0.000587146 0.0015 0.00150333 0.000583783 0.0015 0.00155135 0.000582736 0.0016 0.00159949 0.000582736 0.0015 0.00159949 0.00086614 0.0015 0.00113313 0.00091705 0.0015 0.00112159 0.000866283 0.0016 0.00113319 0.000917151 0.0016 0.0011217 0.000968891 0.0015 0.00111528 0.00102106 0.0015 0.00111347 0.00102106 0.0016 0.00111347 0.000968891 0.0016 0.00111528 0.000817027 0.0016 0.00115034 0.000816803 0.0015 0.00115023 0.000770263 0.0016 0.00117345 0.000770113 0.0015 0.00117353 0.000727204 0.0016 0.001203 0.000727204 0.0015 0.001203 0.000688738 0.0016 0.00123829 0.000688739 0.0015 0.00123829 0.00137087 0.0015 0.00126721 0.00137087 0.0016 0.00126721 0.00134319 0.0016 0.00123281 0.00139271 0.0015 0.00130556 0.00140788 0.0015 0.00134702 0.00140788 0.0016 0.00134702 0.00139271 0.0016 0.00130556 0.00141766 0.0016 0.0013901 0.00141766 0.0015 0.0013901 0.00142414 0.0015 0.0014338 0.00142816 0.0015 0.00147779 0.00142414 0.0016 0.0014338 0.00143023 0.0015 0.00152192 0.00142816 0.0016 0.00147779 0.00143023 0.0016 0.00152192 0.00143076 0.0015 0.0015661 0.00143076 0.0016 0.0015661 0.00134319 0.0015 0.00123281 0.00131076 0.0016 0.00120285 0.00131076 0.0015 0.00120285 0.00127472 0.0016 0.00117732 0.00123593 0.0016 0.00115621 0.00127472 0.0015 0.00117732 0.00119508 0.0016 0.00113942 0.00123593 0.0015 0.00115621 0.00119508 0.0015 0.00113942 0.00115261 0.0016 0.00112725 0.00110915 0.0016 0.00111936 0.00115261 0.0015 0.00112725 0.00106522 0.0016 0.00111478 0.00110915 0.0015 0.00111936 0.00106522 0.0015 0.00111478 0.00102106 0.0016 0.00111347 0.00102106 0.0015 0.00111347 0.00143076 0.0016 0.0015661 0.00143076 0.0015 0.00169012 0.00143076 0.0016 0.00169012 0.00143076 0.0015 0.0015661 0.00143076 0.0016 0.00169012 0.000582736 0.0015 0.00169012 0.000582736 0.0016 0.00169012 0.00143076 0.0015 0.00169012 0.000582736 0.0016 0.00169012 0.000582736 0.0015 0.00159949 0.000582736 0.0016 0.00159949 0.000582736 0.0015 0.00169012 0.00034529 0.0016 0.00162838 0.00034529 0.0015 0.00192757 0.00034529 0.0016 0.00192757 0.00034529 0.0015 0.00162838 0.000478471 0.0015 0.00110561 0.000478471 0.0016 0.00110561 0.000520414 0.0016 0.00106106 0.000442063 0.0015 0.00115489 0.000442063 0.0016 0.00115489 0.000412447 0.0016 0.00120844 0.000412447 0.0015 0.00120844 0.00038981 0.0015 0.00126521 0.00038981 0.0016 0.00126521 0.000373358 0.0015 0.00132413 0.000373358 0.0016 0.00132413 0.000362048 0.0016 0.0013843 0.000362048 0.0015 0.0013843 0.000354101 0.0015 0.001445 0.000354101 0.0016 0.001445 0.000348925 0.0015 0.001506 0.000348925 0.0016 0.001506 0.000346051 0.0016 0.00156715 0.000346051 0.0015 0.00156715 0.00034529 0.0015 0.00162838 0.00034529 0.0016 0.00162838 0.000520414 0.0015 0.00106106 0.000566945 0.0016 0.00102134 0.000566945 0.0015 0.00102134 0.000617186 0.0016 0.000986306 0.000617186 0.0015 0.000986306 0.000670296 0.0015 0.000955795 0.000670296 0.0016 0.000955795 0.000725849 0.0016 0.000930019 0.000725849 0.0015 0.000930019 0.000783544 0.0016 0.000909663 0.000783544 0.0015 0.000909663 0.000842805 0.0015 0.000894334 0.000842805 0.0016 0.000894334 0.000903129 0.0016 0.000883783 0.000903129 0.0015 0.000883783 0.000964081 0.0016 0.000877765 0.000964081 0.0015 0.000877765 0.0010253 0.0016 0.00087602 0.0010253 0.0015 0.00087602 0.00151522 0.0015 0.00106365 0.00151522 0.0016 0.00106365 0.00155443 0.0016 0.00110885 0.00147123 0.0015 0.00102299 0.00147123 0.0016 0.00102299 0.00142314 0.0016 0.000987342 0.00142314 0.0015 0.000987342 0.00137165 0.0015 0.000956877 0.00137165 0.0016 0.000956877 0.0013175 0.0015 0.000931464 0.0013175 0.0016 0.000931464 0.00126127 0.0016 0.000910901 0.00126127 0.0015 0.000910901 0.00120348 0.0015 0.00089523 0.00120348 0.0016 0.00089523 0.00114461 0.0015 0.000884369 0.00114461 0.0016 0.000884369 0.00108515 0.0016 0.000878014 0.00108515 0.0015 0.000878014 0.0010253 0.0015 0.00087602 0.0010253 0.0016 0.00087602 0.00155443 0.0015 0.00110885 0.00158856 0.0016 0.00115796 0.00158856 0.0015 0.00115796 0.00161661 0.0016 0.00121076 0.00161661 0.0015 0.00121076 0.00163735 0.0015 0.00126693 0.00163735 0.0016 0.00126693 0.0016503 0.0016 0.00132542 0.0016503 0.0015 0.00132542 0.00165849 0.0016 0.00138468 0.00165849 0.0015 0.00138468 0.00166336 0.0015 0.00144437 0.00166336 0.0016 0.00144437 0.00166617 0.0016 0.00150418 0.00166617 0.0015 0.00150418 0.00166772 0.0016 0.00156402 0.00166772 0.0015 0.00156402 0.00166821 0.0016 0.00162387 0.00166821 0.0015 0.00162387 0.00166821 0.0016 0.00192757 0.00166821 0.0015 0.00162387 0.00166821 0.0016 0.00162387 0.00166821 0.0015 0.00192757 0.00034529 0.0016 0.00192757 0.00166821 0.0015 0.00192757 0.00166821 0.0016 0.00192757 0.00034529 0.0015 0.00192757 0.000670296 0.0016 0.000955795 0.000617186 0.0016 0.000986306 0.000817027 0.0016 0.00115034 0.000770263 0.0016 0.00117345 0.000566945 0.0016 0.00102134 0.00166617 0.0016 0.00150418 0.00166336 0.0016 0.00144437 0.00142816 0.0016 0.00147779 0.0010253 0.0016 0.00087602 0.000964081 0.0016 0.000877765 0.00102106 0.0016 0.00111347 0.00126127 0.0016 0.000910901 0.00120348 0.0016 0.00089523 0.00115261 0.0016 0.00112725 0.00106522 0.0016 0.00111478 0.00108515 0.0016 0.000878014 0.00114461 0.0016 0.000884369 0.00165849 0.0016 0.00138468 0.0016503 0.0016 0.00132542 0.00141766 0.0016 0.0013901 0.00110915 0.0016 0.00111936 0.00119508 0.0016 0.00113942 0.00123593 0.0016 0.00115621 0.00137165 0.0016 0.000956877 0.00142314 0.0016 0.000987342 0.00127472 0.0016 0.00117732 0.00140788 0.0016 0.00134702 0.00131076 0.0016 0.00120285 0.00147123 0.0016 0.00102299 0.00163735 0.0016 0.00126693 0.00155443 0.0016 0.00110885 0.00134319 0.0016 0.00123281 0.00158856 0.0016 0.00115796 0.00151522 0.0016 0.00106365 0.00137087 0.0016 0.00126721 0.00139271 0.0016 0.00130556 0.00161661 0.0016 0.00121076 0.00142414 0.0016 0.0014338 0.0013175 0.0016 0.000931464 0.000903129 0.0016 0.000883783 0.000968891 0.0016 0.00111528 0.000783544 0.0016 0.000909663 0.000866283 0.0016 0.00113319 0.000917151 0.0016 0.0011217 0.000842805 0.0016 0.000894334 0.00143023 0.0016 0.00152192 0.000688738 0.0016 0.00123829 0.000727204 0.0016 0.001203 0.000478471 0.0016 0.00110561 0.000520414 0.0016 0.00106106 0.000442063 0.0016 0.00115489 0.000658676 0.0016 0.00127585 0.00166772 0.0016 0.00156402 0.000634909 0.0016 0.00131775 0.000412447 0.0016 0.00120844 0.00143076 0.0016 0.0015661 0.00038981 0.0016 0.00126521 0.00166821 0.0016 0.00162387 0.00143076 0.0016 0.00169012 0.000582736 0.0016 0.00169012 0.00034529 0.0016 0.00192757 0.00166821 0.0016 0.00192757 0.000348925 0.0016 0.001506 0.000583783 0.0016 0.00155135 0.000587146 0.0016 0.00150333 0.0006029 0.0016 0.0014084 0.000373358 0.0016 0.00132413 0.000362048 0.0016 0.0013843 0.000593363 0.0016 0.00145558 0.000725849 0.0016 0.000930019 0.000616451 0.0016 0.00136219 0.000354101 0.0016 0.001445 0.000346051 0.0016 0.00156715 0.00034529 0.0016 0.00162838 0.000582736 0.0016 0.00159949 0.000645581 0.0016 0.00240552 0.000664773 0.0016 0.00239066 0.000404805 0.0016 0.00231329 0.000609841 0.0016 0.00243838 0.000346195 0.0016 0.00240523 0.000593627 0.0016 0.00245646 0.000372459 0.0016 0.00235735 0.000627247 0.0016 0.00242145 0.000566673 0.0016 0.00249677 0.000326965 0.0016 0.00245636 0.000557099 0.0016 0.00251909 0.000579044 0.0016 0.00247588 0.000549279 0.0016 0.00257767 0.000548816 0.0016 0.00256677 0.000311369 0.0016 0.00256411 0.000550947 0.0016 0.00254258 0.000315275 0.0016 0.0025096 0.000555437 0.0016 0.00260969 0.00032328 0.0016 0.00266095 0.00055954 0.0016 0.0026198 0.000550296 0.0016 0.00258851 0.000314195 0.0016 0.00261292 0.000552334 0.0016 0.00259922 0.000564665 0.0016 0.00262942 0.00057082 0.0016 0.00263843 0.000339111 0.0016 0.0027072 0.000577921 0.0016 0.00264671 0.00059448 0.0016 0.00266088 0.000361757 0.0016 0.00275048 0.000585851 0.0016 0.0026542 0.000613958 0.0016 0.00267059 0.000390478 0.0016 0.00278999 0.000424369 0.0016 0.0028252 0.00060383 0.0016 0.00266649 0.0006246 0.0016 0.00267286 0.000462644 0.0016 0.00285561 0.000635474 0.0016 0.00267387 0.000550429 0.0016 0.00289767 0.000598113 0.0016 0.00290793 0.000743624 0.0016 0.00289555 0.00050488 0.0016 0.00288013 0.000789281 0.0016 0.00287728 0.000652432 0.0016 0.0026723 0.000646866 0.0016 0.00291128 0.00132002 0.0016 0.0027557 0.00155469 0.0016 0.00289219 0.00159322 0.0016 0.00285526 0.000698675 0.0016 0.00265166 0.00068446 0.0016 0.00266104 0.000945862 0.0016 0.0027598 0.00107932 0.0016 0.00261537 0.00111116 0.0016 0.0025779 0.000815112 0.0016 0.00253452 0.00140998 0.0016 0.00268373 0.00138961 0.0016 0.00270422 0.00165465 0.0016 0.0027683 0.00127374 0.0016 0.0024197 0.00129463 0.0016 0.00241055 0.0010647 0.0016 0.00226383 0.00170213 0.0016 0.00256226 0.00146398 0.0016 0.00253903 0.00146468 0.0016 0.00255352 0.001368 0.0016 0.00240624 0.00156313 0.0016 0.00224516 0.00135381 0.0016 0.00240357 0.00165897 0.0016 0.00236389 0.00141715 0.0016 0.00243596 0.00142708 0.0016 0.00244653 0.00160038 0.0016 0.00228027 0.00138162 0.0016 0.00241123 0.00163253 0.0016 0.00232009 0.00152125 0.0016 0.00221579 0.00139443 0.0016 0.00241808 0.00140628 0.0016 0.0024264 0.00143609 0.0016 0.0024579 0.00144395 0.0016 0.00247006 0.00167888 0.0016 0.00241106 0.00169991 0.0016 0.00251112 0.00145984 0.0016 0.00251042 0.00146257 0.0016 0.00252463 0.0016921 0.0016 0.00246053 0.00145049 0.0016 0.00248298 0.00145577 0.0016 0.0024965 0.00146226 0.0016 0.00258231 0.00145511 0.0016 0.0026103 0.00169953 0.0016 0.00261563 0.00167615 0.0016 0.00271942 0.00169096 0.0016 0.00266818 0.00142814 0.0016 0.00266124 0.00144345 0.0016 0.00263674 0.00136755 0.0016 0.0027229 0.00162678 0.0016 0.00281387 0.00134432 0.0016 0.00274008 0.000944516 0.0016 0.00238581 0.00121901 0.0016 0.00246039 0.00123611 0.0016 0.00244532 0.00129508 0.0016 0.00277029 0.00146741 0.0016 0.0029537 0.00151232 0.0016 0.00292478 0.000910164 0.0016 0.00279362 0.00142042 0.0016 0.00297912 0.000980494 0.0016 0.00272488 0.000758224 0.0016 0.00259441 0.00104703 0.0016 0.00265246 0.00101415 0.0016 0.00268903 0.000668908 0.0016 0.00266798 0.000872651 0.0016 0.00282541 0.000832453 0.0016 0.00285372 0.00117124 0.0016 0.00250931 0.000869474 0.0016 0.00247216 0.00115587 0.0016 0.00252615 0.00118682 0.0016 0.00249268 0.00120268 0.0016 0.0024763 0.00102178 0.0016 0.00230144 0.0011598 0.0016 0.00220126 0.00111041 0.0016 0.00222974 0.00131664 0.0016 0.00240461 0.00125424 0.0016 0.0024315 0.00133933 0.0016 0.00240246 0.00121293 0.0016 0.00218063 0.00126866 0.0016 0.00216864 0.00132555 0.0016 0.00216502 0.00142697 0.0016 0.00217684 0.00147554 0.0016 0.00219286 0.00137666 0.0016 0.00216775 0.00114077 0.0016 0.00254323 0.00112589 0.0016 0.0025605 0.000695884 0.0016 0.00290737 0.000684499 0.0016 0.00237649 0.000441552 0.0016 0.00227279 0.00052205 0.0016 0.00219894 0.000480774 0.0016 0.00223474 0.000684499 0.0016 0.00237649 0.00052205 0.0015 0.00219894 0.00052205 0.0016 0.00219894 0.000684499 0.0015 0.00237649 0.000609841 0.0016 0.00243838 0.000609841 0.0015 0.00243838 0.000627247 0.0015 0.00242145 0.000593627 0.0016 0.00245646 0.000645581 0.0015 0.00240552 0.000645581 0.0016 0.00240552 0.000627247 0.0016 0.00242145 0.000664773 0.0015 0.00239066 0.000664773 0.0016 0.00239066 0.000684499 0.0015 0.00237649 0.000684499 0.0016 0.00237649 0.000593627 0.0015 0.00245646 0.000579044 0.0016 0.00247588 0.000579044 0.0015 0.00247588 0.000566673 0.0016 0.00249677 0.000557099 0.0016 0.00251909 0.000566673 0.0015 0.00249677 0.000550947 0.0016 0.00254258 0.000557099 0.0015 0.00251909 0.000550947 0.0015 0.00254258 0.000548816 0.0016 0.00256677 0.000548815 0.0015 0.00256677 0.000570819 0.0015 0.00263843 0.000564664 0.0015 0.00262942 0.00057082 0.0016 0.00263843 0.000564665 0.0016 0.00262942 0.000559539 0.0015 0.0026198 0.00055954 0.0016 0.0026198 0.000555437 0.0016 0.00260969 0.000555437 0.0015 0.00260969 0.000552334 0.0015 0.00259922 0.000552334 0.0016 0.00259922 0.000550296 0.0015 0.00258851 0.000549279 0.0015 0.00257767 0.000550296 0.0016 0.00258851 0.000549279 0.0016 0.00257767 0.000548815 0.0015 0.00256677 0.000548816 0.0016 0.00256677 0.000577921 0.0016 0.00264671 0.000585851 0.0016 0.0026542 0.00057792 0.0015 0.00264671 0.00059448 0.0016 0.00266088 0.000585851 0.0015 0.0026542 0.00059448 0.0015 0.00266088 0.00060383 0.0016 0.00266649 0.000613958 0.0016 0.00267059 0.00060383 0.0015 0.00266649 0.0006246 0.0016 0.00267286 0.000613958 0.0015 0.00267059 0.0006246 0.0015 0.00267286 0.000635474 0.0016 0.00267387 0.000635473 0.0015 0.00267383 0.000668908 0.0016 0.00266798 0.000684459 0.0015 0.00266104 0.000668906 0.0015 0.00266798 0.000698674 0.0015 0.00265166 0.00068446 0.0016 0.00266104 0.000698675 0.0016 0.00265166 0.000635473 0.0015 0.00267383 0.000635474 0.0016 0.00267387 0.000652431 0.0015 0.0026723 0.000652432 0.0016 0.0026723 0.000698674 0.0015 0.00265166 0.000758224 0.0016 0.00259441 0.000758224 0.0015 0.00259441 0.000698675 0.0016 0.00265166 0.000815112 0.0016 0.00253452 0.000815112 0.0015 0.00253452 0.000869474 0.0016 0.00247216 0.000869474 0.0015 0.00247216 0.000869474 0.0015 0.00247216 0.000944516 0.0016 0.00238581 0.000944516 0.0015 0.00238581 0.000869474 0.0016 0.00247216 0.00102178 0.0016 0.00230144 0.00102178 0.0015 0.00230144 0.0011598 0.0015 0.00220126 0.00111041 0.0015 0.00222974 0.0011598 0.0016 0.00220126 0.00111041 0.0016 0.00222974 0.0010647 0.0015 0.00226383 0.00102178 0.0015 0.00230144 0.0010647 0.0016 0.00226383 0.00102178 0.0016 0.00230144 0.00121293 0.0016 0.00218063 0.00126866 0.0016 0.00216864 0.00121293 0.0015 0.00218063 0.00126866 0.0015 0.00216864 0.00132555 0.0016 0.00216502 0.00132555 0.0015 0.00216502 0.00160038 0.0015 0.00228027 0.00156313 0.0015 0.00224516 0.00160038 0.0016 0.00228027 0.00156313 0.0016 0.00224516 0.00152125 0.0015 0.00221579 0.00147554 0.0015 0.00219286 0.00152125 0.0016 0.00221579 0.00142697 0.0015 0.00217684 0.00147554 0.0016 0.00219286 0.00142697 0.0016 0.00217684 0.00137666 0.0015 0.00216775 0.00132555 0.0015 0.00216502 0.00137666 0.0016 0.00216775 0.00132555 0.0016 0.00216502 0.00163253 0.0016 0.00232009 0.00165897 0.0016 0.00236389 0.00163253 0.0015 0.00232009 0.00165897 0.0015 0.00236389 0.00167888 0.0016 0.00241106 0.0016921 0.0016 0.00246053 0.00167888 0.0015 0.00241106 0.00169991 0.0016 0.00251112 0.0016921 0.0015 0.00246053 0.00169991 0.0015 0.00251112 0.00170213 0.0016 0.00256226 0.00170213 0.0015 0.00256226 0.00162678 0.0016 0.00281387 0.00162678 0.0015 0.00281387 0.00165465 0.0015 0.0027683 0.00167615 0.0015 0.00271942 0.00165465 0.0016 0.0027683 0.00169096 0.0015 0.00266818 0.00167615 0.0016 0.00271942 0.00169096 0.0016 0.00266818 0.00169953 0.0015 0.00261563 0.00170213 0.0015 0.00256226 0.00169953 0.0016 0.00261563 0.00170213 0.0016 0.00256226 0.00159322 0.0016 0.00285526 0.00159322 0.0015 0.00285526 0.00155469 0.0016 0.00289219 0.00151232 0.0016 0.00292478 0.00155469 0.0015 0.00289219 0.00146741 0.0016 0.0029537 0.00151232 0.0015 0.00292478 0.00146741 0.0015 0.0029537 0.00142042 0.0016 0.00297912 0.00142042 0.0015 0.00297912 0.00129508 0.0016 0.00277029 0.00142042 0.0015 0.00297912 0.00142042 0.0016 0.00297912 0.00129508 0.0015 0.00277029 0.00138961 0.0015 0.00270422 0.00140998 0.0016 0.00268373 0.00140998 0.0015 0.00268373 0.00136755 0.0015 0.0027229 0.00136755 0.0016 0.0027229 0.00138961 0.0016 0.00270422 0.00134432 0.0015 0.00274008 0.00132002 0.0016 0.0027557 0.00134432 0.0016 0.00274008 0.00132002 0.0015 0.0027557 0.00129508 0.0015 0.00277029 0.00129508 0.0016 0.00277029 0.00142814 0.0016 0.00266124 0.00142814 0.0015 0.00266124 0.00144345 0.0016 0.00263674 0.00145511 0.0016 0.0026103 0.00144345 0.0015 0.00263674 0.00146226 0.0016 0.00258231 0.00145511 0.0015 0.0026103 0.00146226 0.0015 0.00258231 0.00146468 0.0016 0.00255352 0.00146468 0.0015 0.00255352 0.00143609 0.0015 0.0024579 0.00144395 0.0015 0.00247006 0.00143609 0.0016 0.0024579 0.00142708 0.0016 0.00244653 0.00144395 0.0016 0.00247006 0.00145049 0.0015 0.00248298 0.00145049 0.0016 0.00248298 0.00145577 0.0016 0.0024965 0.00145577 0.0015 0.0024965 0.00145984 0.0015 0.00251042 0.00145984 0.0016 0.00251042 0.00146257 0.0015 0.00252463 0.00146398 0.0015 0.00253903 0.00146468 0.0015 0.00255352 0.00146398 0.0016 0.00253903 0.00146257 0.0016 0.00252463 0.00146468 0.0016 0.00255352 0.00142708 0.0015 0.00244653 0.00141715 0.0015 0.00243597 0.00141715 0.0016 0.00243596 0.00140628 0.0016 0.0024264 0.00140628 0.0015 0.0024264 0.00139443 0.0016 0.00241808 0.00139443 0.0015 0.00241808 0.00138162 0.0015 0.00241123 0.00138162 0.0016 0.00241123 0.001368 0.0016 0.00240624 0.001368 0.0015 0.00240624 0.00135381 0.0016 0.00240357 0.00135381 0.0015 0.00240357 0.00133933 0.0016 0.00240246 0.00133933 0.0015 0.00240246 0.00121901 0.0016 0.00246039 0.00123611 0.0015 0.00244532 0.00123611 0.0016 0.00244532 0.00125424 0.0015 0.0024315 0.00125424 0.0016 0.0024315 0.00127374 0.0016 0.0024197 0.00127374 0.0015 0.0024197 0.00121901 0.0015 0.00246039 0.00129463 0.0015 0.00241055 0.00131664 0.0015 0.00240461 0.00129463 0.0016 0.00241055 0.00131664 0.0016 0.00240461 0.00133933 0.0015 0.00240246 0.00133933 0.0016 0.00240246 0.00120268 0.0016 0.0024763 0.00120268 0.0015 0.0024763 0.00118682 0.0016 0.00249268 0.00118683 0.0015 0.00249268 0.00117124 0.0016 0.00250931 0.00117124 0.0015 0.00250931 0.00115587 0.0015 0.00252615 0.00115587 0.0016 0.00252615 0.00114077 0.0016 0.00254323 0.00114077 0.0015 0.00254323 0.00112589 0.0016 0.0025605 0.00112589 0.0015 0.0025605 0.00111116 0.0016 0.0025779 0.00111116 0.0015 0.0025779 0.000910164 0.0015 0.00279362 0.000945862 0.0015 0.0027598 0.000910164 0.0016 0.00279362 0.000945862 0.0016 0.0027598 0.000980494 0.0015 0.00272488 0.00101415 0.0015 0.00268903 0.000980494 0.0016 0.00272488 0.00104703 0.0015 0.00265246 0.00101415 0.0016 0.00268903 0.00104703 0.0016 0.00265246 0.00107932 0.0015 0.00261537 0.00111116 0.0015 0.0025779 0.00107932 0.0016 0.00261537 0.00111116 0.0016 0.0025779 0.000872651 0.0016 0.00282541 0.000832453 0.0016 0.00285372 0.000872651 0.0015 0.00282541 0.000832453 0.0015 0.00285372 0.000789281 0.0016 0.00287728 0.000743624 0.0016 0.00289555 0.000789281 0.0015 0.00287728 0.000695884 0.0016 0.00290737 0.000743624 0.0015 0.00289555 0.000695884 0.0015 0.00290737 0.000646866 0.0016 0.00291128 0.000646868 0.0015 0.00291128 0.000390478 0.0016 0.00278999 0.00042437 0.0015 0.0028252 0.000424369 0.0016 0.0028252 0.000462644 0.0016 0.00285561 0.000462645 0.0015 0.00285561 0.000504881 0.0015 0.00288013 0.00050488 0.0016 0.00288013 0.000550431 0.0015 0.00289767 0.000550429 0.0016 0.00289767 0.000598113 0.0016 0.00290793 0.000598115 0.0015 0.00290793 0.000646868 0.0015 0.00291128 0.000646866 0.0016 0.00291128 0.000390479 0.0015 0.00279 0.000361757 0.0016 0.00275048 0.000361758 0.0015 0.00275048 0.000339111 0.0015 0.0027072 0.000339111 0.0016 0.0027072 0.00032328 0.0016 0.00266095 0.00032328 0.0015 0.00266095 0.000314195 0.0016 0.00261292 0.000314195 0.0015 0.00261292 0.000311369 0.0016 0.00256411 0.000311369 0.0015 0.00256412 0.000346194 0.0015 0.00240523 0.000372459 0.0016 0.00235735 0.000372458 0.0015 0.00235735 0.000326965 0.0015 0.00245636 0.000346195 0.0016 0.00240523 0.000326965 0.0016 0.00245636 0.000315275 0.0015 0.0025096 0.000311369 0.0015 0.00256412 0.000315275 0.0016 0.0025096 0.000311369 0.0016 0.00256411 0.000404805 0.0016 0.00231329 0.000441552 0.0016 0.00227279 0.000404804 0.0015 0.00231329 0.000480774 0.0016 0.00223474 0.000441551 0.0015 0.00227279 0.000480774 0.0015 0.00223474 0.00052205 0.0016 0.00219894 0.00052205 0.0015 0.00219894 -0.00108459 0.0016 0.000265443 -0.00217006 0.0016 0.000265443 -0.00217006 0.0016 0.00050289 -0.000847147 0.0016 0.00050289 -0.000847147 0.0016 -0.000107687 -0.00108459 0.0016 -0.000107687 -0.00217006 0.0016 0.000265443 -0.00217006 0.0015 0.00050289 -0.00217006 0.0016 0.00050289 -0.00217006 0.0015 0.000265443 -0.00108459 0.0016 0.000265443 -0.00217006 0.0015 0.000265443 -0.00217006 0.0016 0.000265443 -0.00108459 0.0015 0.000265443 -0.00108459 0.0016 -0.000107687 -0.00108459 0.0015 0.000265443 -0.00108459 0.0016 0.000265443 -0.00108459 0.0015 -0.000107687 -0.000847147 0.0016 -0.000107687 -0.00108459 0.0015 -0.000107687 -0.00108459 0.0016 -0.000107687 -0.000847147 0.0015 -0.000107687 -0.000847147 0.0016 0.00050289 -0.000847147 0.0015 -0.000107687 -0.000847147 0.0016 -0.000107687 -0.000847147 0.0015 0.00050289 -0.00217006 0.0016 0.00050289 -0.000847147 0.0015 0.00050289 -0.000847147 0.0016 0.00050289 -0.00217006 0.0015 0.00050289 -0.00185198 0.0016 0.00099788 -0.0020514 0.0016 0.000856599 -0.00209666 0.0016 0.000922798 -0.000815768 0.0016 0.0013772 -0.00105067 0.0016 0.00130957 -0.00105359 0.0016 0.00136493 -0.00193662 0.0016 0.00114613 -0.00216454 0.0016 0.0010682 -0.00218631 0.0016 0.00114554 -0.00199918 0.0016 0.000795562 -0.00181483 0.0016 0.000954602 -0.00177414 0.0016 0.000914446 -0.00188528 0.0016 0.00104429 -0.0021346 0.0016 0.00099378 -0.00191373 0.0016 0.00109389 -0.00196654 0.0016 0.00131408 -0.00220398 0.0016 0.0013048 -0.00220087 0.0016 0.00137313 -0.00196346 0.0016 0.00125696 -0.00195341 0.0016 0.00120068 -0.00219952 0.0016 0.0012244 -0.00215226 0.0016 0.00157136 -0.00191599 0.0016 0.00152417 -0.00193849 0.0016 0.00147441 -0.0021912 0.0016 0.0014407 -0.00195436 0.0016 0.0014222 -0.0019637 0.0016 0.00136863 -0.00188696 0.0016 0.00157028 -0.00212355 0.0016 0.00163321 -0.00217504 0.0016 0.00150692 -0.00185234 0.0016 0.0016124 -0.00204922 0.0016 0.00174766 -0.0020042 0.0016 0.0017987 -0.00208909 0.0016 0.00169215 -0.00172244 0.0016 0.0017108 -0.00176956 0.0016 0.00168334 -0.00189908 0.0016 0.0018857 -0.00195395 0.0016 0.00184513 -0.00181296 0.0016 0.0016502 -0.00184028 0.0016 0.00192012 -0.00167227 0.0016 0.00173201 -0.0017132 0.0016 0.00196941 -0.00164656 0.0016 0.00198414 -0.00161976 0.0016 0.00174684 -0.00177791 0.0016 0.0019481 -0.00151073 0.0016 0.00199541 -0.00144204 0.0016 0.00199312 -0.00151126 0.0016 0.00175796 -0.00156581 0.0016 0.00175533 -0.00157906 0.0016 0.00199281 -0.00140117 0.0016 0.00174733 -0.00130668 0.0016 0.00197099 -0.00134761 0.0016 0.0017332 -0.00145587 0.0016 0.00175556 -0.00137378 0.0016 0.00198513 -0.00129609 0.0016 0.00171291 -0.00117791 0.0016 0.00192348 -0.00111811 0.0016 0.00188996 -0.00124114 0.0016 0.00195045 -0.00120296 0.0016 0.00165318 -0.00106225 0.0016 0.00185007 -0.00101067 0.0016 0.00180466 -0.00124761 0.0016 0.00168603 -0.00116325 0.0016 0.00161459 -0.000923049 0.0016 0.00169932 -0.0011291 0.0016 0.00157105 -0.000964086 0.0016 0.00175427 -0.00107848 0.0016 0.00147274 -0.000860128 0.0016 0.00157746 -0.000838754 0.0016 0.00151233 -0.00110073 0.0016 0.00152347 -0.000888236 0.0016 0.00164005 -0.00106277 0.0016 0.00141959 -0.00082426 0.0016 0.00144516 -0.000815848 0.0016 0.00123785 -0.000824395 0.0016 0.00116763 -0.00105356 0.0016 0.00125291 -0.000813226 0.0016 0.00130851 -0.00106301 0.0016 0.00119722 -0.000839634 0.0016 0.00109859 -0.00110243 0.0016 0.00109115 -0.00107915 0.0016 0.00114289 -0.00086231 0.0016 0.00103176 -0.00089257 0.0016 0.000967946 -0.0009296 0.0016 0.000907757 -0.00113179 0.0016 0.00104283 -0.000971563 0.0016 0.000850914 -0.00116598 0.0016 0.000997573 -0.00120347 0.0016 0.000955013 -0.00101712 0.0016 0.000796938 -0.00124307 0.0016 0.000914446 -0.00106578 0.0016 0.000745637 -0.0019405 0.0016 0.000740404 -0.00177414 0.0016 0.000914446 -0.0019405 0.0015 0.000740404 -0.0019405 0.0016 0.000740404 -0.00177414 0.0015 0.000914446 -0.00188528 0.0015 0.00104429 -0.00185198 0.0015 0.00099788 -0.00188528 0.0016 0.00104429 -0.00191373 0.0016 0.00109389 -0.00185198 0.0016 0.00099788 -0.00177414 0.0015 0.000914446 -0.00181483 0.0016 0.000954602 -0.00181483 0.0015 0.000954602 -0.00177414 0.0016 0.000914446 -0.00191373 0.0015 0.00109389 -0.00193662 0.0016 0.00114613 -0.00195341 0.0016 0.00120068 -0.00193662 0.0015 0.00114613 -0.00196346 0.0016 0.00125696 -0.00195341 0.0015 0.00120068 -0.00196346 0.0015 0.00125696 -0.00196654 0.0016 0.00131408 -0.00196654 0.0015 0.00131408 -0.00191599 0.0016 0.00152417 -0.00188696 0.0016 0.00157028 -0.00188696 0.0015 0.00157027 -0.00151126 0.0016 0.00175796 -0.00151126 0.0015 0.00175796 -0.00156581 0.0016 0.00175533 -0.00185234 0.0016 0.0016124 -0.00185235 0.0015 0.0016124 -0.00191599 0.0015 0.00152416 -0.00193849 0.0016 0.00147441 -0.00195436 0.0016 0.0014222 -0.00193849 0.0015 0.0014744 -0.00195436 0.0015 0.0014222 -0.0019637 0.0016 0.00136863 -0.0019637 0.0015 0.00136863 -0.00196654 0.0015 0.00131408 -0.00196654 0.0016 0.00131408 -0.00181296 0.0015 0.0016502 -0.00181296 0.0016 0.0016502 -0.00176956 0.0015 0.00168334 -0.00176956 0.0016 0.00168334 -0.00172244 0.0015 0.0017108 -0.00167227 0.0015 0.00173201 -0.00172244 0.0016 0.0017108 -0.00167227 0.0016 0.00173201 -0.00161976 0.0015 0.00174684 -0.00161976 0.0016 0.00174684 -0.00156581 0.0015 0.00175533 -0.00120296 0.0015 0.00165318 -0.00124761 0.0015 0.00168603 -0.00120296 0.0016 0.00165318 -0.00129609 0.0016 0.00171291 -0.00124761 0.0016 0.00168603 -0.00129609 0.0015 0.00171291 -0.00134761 0.0015 0.0017332 -0.00140117 0.0015 0.00174733 -0.00134761 0.0016 0.0017332 -0.00140117 0.0016 0.00174733 -0.00145587 0.0016 0.00175556 -0.00145587 0.0015 0.00175556 -0.00151126 0.0015 0.00175796 -0.00151126 0.0016 0.00175796 -0.00116325 0.0016 0.00161459 -0.00116325 0.0015 0.00161459 -0.0011291 0.0016 0.00157105 -0.0011291 0.0015 0.00157105 -0.00110073 0.0016 0.00152347 -0.00110073 0.0015 0.00152347 -0.00107848 0.0015 0.00147274 -0.00107848 0.0016 0.00147274 -0.00106277 0.0016 0.00141959 -0.00106277 0.0015 0.00141959 -0.00105359 0.0016 0.00136493 -0.00105359 0.0015 0.00136493 -0.00105067 0.0016 0.00130957 -0.00105067 0.0015 0.00130957 -0.00110243 0.0015 0.00109115 -0.00107915 0.0015 0.00114289 -0.00107915 0.0016 0.00114289 -0.00124307 0.0016 0.000914446 -0.00124307 0.0015 0.000914446 -0.00120347 0.0016 0.000955013 -0.00105356 0.0016 0.00125291 -0.00106301 0.0016 0.00119722 -0.00106301 0.0015 0.00119722 -0.00105356 0.0015 0.00125291 -0.00105067 0.0016 0.00130957 -0.00105067 0.0015 0.00130957 -0.00110243 0.0016 0.00109115 -0.00113179 0.0016 0.00104283 -0.00113179 0.0015 0.00104283 -0.00116598 0.0016 0.000997573 -0.00116598 0.0015 0.000997573 -0.00120347 0.0015 0.000955013 -0.00106578 0.0016 0.000745637 -0.00124307 0.0015 0.000914446 -0.00124307 0.0016 0.000914446 -0.00106578 0.0015 0.000745637 -0.00089257 0.0016 0.000967946 -0.00086231 0.0016 0.00103176 -0.00089257 0.0015 0.000967946 -0.0009296 0.0015 0.000907757 -0.0009296 0.0016 0.000907757 -0.000971563 0.0015 0.000850914 -0.000971563 0.0016 0.000850914 -0.00101712 0.0016 0.000796938 -0.00101712 0.0015 0.000796938 -0.00106578 0.0015 0.000745637 -0.00106578 0.0016 0.000745637 -0.00086231 0.0015 0.00103176 -0.000839634 0.0015 0.00109859 -0.000839634 0.0016 0.00109859 -0.000824395 0.0016 0.00116763 -0.000824395 0.0015 0.00116763 -0.000815848 0.0016 0.00123785 -0.000815848 0.0015 0.00123785 -0.000813226 0.0016 0.00130851 -0.000813226 0.0015 0.00130851 -0.00101067 0.0016 0.00180466 -0.00101067 0.0015 0.00180466 -0.000964086 0.0015 0.00175427 -0.000923049 0.0015 0.00169932 -0.000964086 0.0016 0.00175427 -0.000888236 0.0015 0.00164005 -0.000923049 0.0016 0.00169932 -0.000888236 0.0016 0.00164005 -0.000860128 0.0015 0.00157746 -0.000838754 0.0015 0.00151233 -0.000860128 0.0016 0.00157746 -0.00082426 0.0015 0.00144516 -0.000838754 0.0016 0.00151233 -0.00082426 0.0016 0.00144516 -0.000815768 0.0015 0.0013772 -0.000813226 0.0015 0.00130851 -0.000815768 0.0016 0.0013772 -0.000813226 0.0016 0.00130851 -0.00106225 0.0016 0.00185007 -0.00106225 0.0015 0.00185007 -0.00111811 0.0016 0.00188996 -0.00117791 0.0016 0.00192348 -0.00111811 0.0015 0.00188996 -0.00124114 0.0016 0.00195045 -0.00117791 0.0015 0.00192348 -0.00124114 0.0015 0.00195045 -0.00130668 0.0016 0.00197099 -0.00137378 0.0016 0.00198513 -0.00130668 0.0015 0.00197099 -0.00144204 0.0016 0.00199312 -0.00137378 0.0015 0.00198513 -0.00144204 0.0015 0.00199312 -0.00151073 0.0016 0.00199541 -0.00151073 0.0015 0.00199541 -0.0020042 0.0016 0.0017987 -0.0020042 0.0015 0.0017987 -0.00195395 0.0015 0.00184513 -0.00189908 0.0015 0.0018857 -0.00195395 0.0016 0.00184513 -0.00184028 0.0015 0.00192012 -0.00189908 0.0016 0.0018857 -0.00184028 0.0016 0.00192012 -0.00177791 0.0015 0.0019481 -0.0017132 0.0015 0.00196941 -0.00177791 0.0016 0.0019481 -0.00164656 0.0015 0.00198414 -0.0017132 0.0016 0.00196941 -0.00164656 0.0016 0.00198414 -0.00157906 0.0015 0.00199281 -0.00151073 0.0015 0.00199541 -0.00157906 0.0016 0.00199281 -0.00151073 0.0016 0.00199541 -0.00204922 0.0016 0.00174766 -0.00204922 0.0015 0.00174766 -0.00208909 0.0016 0.00169215 -0.00212355 0.0016 0.00163321 -0.00208909 0.0015 0.00169215 -0.00215226 0.0016 0.00157136 -0.00212355 0.0015 0.00163321 -0.00215226 0.0015 0.00157136 -0.00217504 0.0016 0.00150692 -0.0021912 0.0016 0.0014407 -0.00217504 0.0015 0.00150692 -0.00220087 0.0016 0.00137313 -0.0021912 0.0015 0.0014407 -0.00220087 0.0015 0.00137313 -0.00220398 0.0016 0.0013048 -0.00220398 0.0015 0.0013048 -0.00216454 0.0015 0.0010682 -0.0021346 0.0016 0.00099378 -0.0021346 0.0015 0.00099378 -0.00218631 0.0015 0.00114554 -0.00216454 0.0016 0.0010682 -0.00218631 0.0016 0.00114554 -0.00219952 0.0015 0.0012244 -0.00220398 0.0015 0.0013048 -0.00219952 0.0016 0.0012244 -0.00220398 0.0016 0.0013048 -0.00209666 0.0016 0.000922798 -0.0020514 0.0016 0.000856599 -0.00209666 0.0015 0.000922798 -0.00199918 0.0016 0.000795562 -0.0020514 0.0015 0.000856599 -0.00199918 0.0015 0.000795562 -0.0019405 0.0016 0.000740404 -0.0019405 0.0015 0.000740404 -0.00186977 0.0016 0.00240552 -0.00185058 0.0016 0.00239066 -0.00211055 0.0016 0.00231329 -0.00190551 0.0016 0.00243838 -0.00216916 0.0016 0.00240523 -0.00192173 0.0016 0.00245646 -0.00214289 0.0016 0.00235735 -0.00188811 0.0016 0.00242145 -0.00194868 0.0016 0.00249677 -0.00218839 0.0016 0.00245636 -0.00195825 0.0016 0.00251909 -0.00193631 0.0016 0.00247588 -0.00196607 0.0016 0.00257767 -0.00196654 0.0016 0.00256677 -0.00220398 0.0016 0.00256411 -0.00196441 0.0016 0.00254258 -0.00220008 0.0016 0.0025096 -0.00195992 0.0016 0.00260969 -0.00219207 0.0016 0.00266095 -0.00195581 0.0016 0.0026198 -0.00196506 0.0016 0.00258851 -0.00220116 0.0016 0.00261292 -0.00196302 0.0016 0.00259922 -0.00195069 0.0016 0.00262942 -0.00194453 0.0016 0.00263843 -0.00217624 0.0016 0.0027072 -0.00193743 0.0016 0.00264671 -0.00192087 0.0016 0.00266088 -0.0021536 0.0016 0.00275048 -0.0019295 0.0016 0.0026542 -0.0019014 0.0016 0.00267059 -0.00212487 0.0016 0.00278999 -0.00209098 0.0016 0.0028252 -0.00191152 0.0016 0.00266649 -0.00189075 0.0016 0.00267286 -0.00205271 0.0016 0.00285561 -0.00187988 0.0016 0.00267387 -0.00196492 0.0016 0.00289767 -0.00191724 0.0016 0.00290793 -0.00177173 0.0016 0.00289555 -0.00201047 0.0016 0.00288013 -0.00172607 0.0016 0.00287728 -0.00186292 0.0016 0.0026723 -0.00186849 0.0016 0.00291128 -0.00119533 0.0016 0.0027557 -0.000960662 0.0016 0.00289219 -0.000922132 0.0016 0.00285526 -0.00181668 0.0016 0.00265166 -0.00183089 0.0016 0.00266104 -0.00156949 0.0016 0.0027598 -0.00143603 0.0016 0.00261537 -0.00140419 0.0016 0.0025779 -0.00170024 0.0016 0.00253452 -0.00110538 0.0016 0.00268373 -0.00112575 0.0016 0.00270422 -0.0008607 0.0016 0.0027683 -0.00124161 0.0016 0.0024197 -0.00122073 0.0016 0.00241055 -0.00145065 0.0016 0.00226383 -0.000813226 0.0016 0.00256226 -0.00105138 0.0016 0.00253903 -0.00105067 0.0016 0.00255352 -0.00114735 0.0016 0.00240624 -0.000952228 0.0016 0.00224516 -0.00116154 0.0016 0.00240357 -0.000856385 0.0016 0.00236389 -0.0010982 0.0016 0.00243596 -0.00108827 0.0016 0.00244653 -0.000914975 0.0016 0.00228027 -0.00113373 0.0016 0.00241123 -0.000882823 0.0016 0.00232009 -0.000994102 0.0016 0.00221579 -0.00112093 0.0016 0.00241808 -0.00110907 0.0016 0.0024264 -0.00107927 0.0016 0.0024579 -0.0010714 0.0016 0.00247006 -0.000836477 0.0016 0.00241106 -0.000815438 0.0016 0.00251112 -0.00105551 0.0016 0.00251042 -0.00105279 0.0016 0.00252463 -0.00082325 0.0016 0.00246053 -0.00106486 0.0016 0.00248298 -0.00105958 0.0016 0.0024965 -0.0010531 0.0016 0.00258231 -0.00106024 0.0016 0.0026103 -0.000815822 0.0016 0.00261563 -0.000839205 0.0016 0.00271942 -0.00082439 0.0016 0.00266818 -0.00108722 0.0016 0.00266124 -0.00107191 0.0016 0.00263674 -0.0011478 0.0016 0.0027229 -0.000888573 0.0016 0.00281387 -0.00117104 0.0016 0.00274008 -0.00157084 0.0016 0.00238581 -0.00129635 0.0016 0.00246039 -0.00127925 0.0016 0.00244532 -0.00122028 0.0016 0.00277029 -0.00104795 0.0016 0.0029537 -0.00100303 0.0016 0.00292478 -0.00160519 0.0016 0.00279362 -0.00109493 0.0016 0.00297912 -0.00153486 0.0016 0.00272488 -0.00175713 0.0016 0.00259441 -0.00146832 0.0016 0.00265246 -0.0015012 0.0016 0.00268903 -0.00184645 0.0016 0.00266798 -0.0016427 0.0016 0.00282541 -0.0016829 0.0016 0.00285372 -0.00134412 0.0016 0.00250931 -0.00164588 0.0016 0.00247216 -0.00135948 0.0016 0.00252615 -0.00132853 0.0016 0.00249268 -0.00131268 0.0016 0.0024763 -0.00149358 0.0016 0.00230144 -0.00135555 0.0016 0.00220126 -0.00140494 0.0016 0.00222974 -0.00119872 0.0016 0.00240461 -0.00126112 0.0016 0.0024315 -0.00117602 0.0016 0.00240246 -0.00130242 0.0016 0.00218063 -0.00124669 0.0016 0.00216864 -0.0011898 0.0016 0.00216502 -0.00108838 0.0016 0.00217684 -0.00103982 0.0016 0.00219286 -0.0011387 0.0016 0.00216775 -0.00137459 0.0016 0.00254323 -0.00138946 0.0016 0.0025605 -0.00181947 0.0016 0.00290737 -0.00183085 0.0016 0.00237649 -0.0020738 0.0016 0.00227279 -0.0019933 0.0016 0.00219894 -0.00203458 0.0016 0.00223474 -0.00183085 0.0016 0.00237649 -0.0019933 0.0015 0.00219894 -0.0019933 0.0016 0.00219894 -0.00183085 0.0015 0.00237649 -0.00190551 0.0016 0.00243838 -0.00190551 0.0015 0.00243838 -0.00188811 0.0015 0.00242145 -0.00192173 0.0016 0.00245646 -0.00188811 0.0016 0.00242145 -0.00186977 0.0016 0.00240552 -0.00185058 0.0015 0.00239066 -0.00185058 0.0016 0.00239066 -0.00186977 0.0015 0.00240552 -0.00183085 0.0015 0.00237649 -0.00183085 0.0016 0.00237649 -0.00192173 0.0015 0.00245646 -0.00193631 0.0016 0.00247588 -0.00193631 0.0015 0.00247588 -0.00194868 0.0016 0.00249677 -0.00195825 0.0016 0.00251909 -0.00194868 0.0015 0.00249677 -0.00196441 0.0016 0.00254258 -0.00195825 0.0015 0.00251909 -0.00196441 0.0015 0.00254258 -0.00196654 0.0016 0.00256677 -0.00196654 0.0015 0.00256677 -0.00195069 0.0015 0.00262942 -0.00195069 0.0016 0.00262942 -0.00194453 0.0016 0.00263843 -0.00195581 0.0015 0.0026198 -0.00195581 0.0016 0.0026198 -0.00196302 0.0015 0.00259922 -0.00195992 0.0016 0.00260969 -0.00195992 0.0015 0.00260969 -0.00196302 0.0016 0.00259922 -0.00196506 0.0015 0.00258851 -0.00196506 0.0016 0.00258851 -0.00196607 0.0015 0.00257767 -0.00196607 0.0016 0.00257767 -0.00196654 0.0015 0.00256677 -0.00196654 0.0016 0.00256677 -0.00194453 0.0015 0.00263843 -0.00193743 0.0016 0.00264671 -0.0019295 0.0016 0.0026542 -0.00193743 0.0015 0.00264671 -0.00192087 0.0016 0.00266088 -0.0019295 0.0015 0.0026542 -0.00192087 0.0015 0.00266088 -0.00191152 0.0016 0.00266649 -0.0019014 0.0016 0.00267059 -0.00191152 0.0015 0.00266649 -0.00189075 0.0016 0.00267286 -0.0019014 0.0015 0.00267059 -0.00189075 0.0015 0.00267286 -0.00187988 0.0016 0.00267387 -0.00187988 0.0015 0.00267383 -0.00184645 0.0016 0.00266798 -0.00183089 0.0015 0.00266104 -0.00184645 0.0015 0.00266798 -0.00181668 0.0015 0.00265166 -0.00183089 0.0016 0.00266104 -0.00181668 0.0016 0.00265166 -0.00187988 0.0015 0.00267383 -0.00187988 0.0016 0.00267387 -0.00186292 0.0015 0.0026723 -0.00186292 0.0016 0.0026723 -0.00175713 0.0016 0.00259441 -0.00181668 0.0015 0.00265166 -0.00181668 0.0016 0.00265166 -0.00175713 0.0015 0.00259441 -0.00170024 0.0016 0.00253452 -0.00170024 0.0015 0.00253452 -0.00164588 0.0016 0.00247216 -0.00164588 0.0015 0.00247216 -0.00164588 0.0015 0.00247216 -0.00157084 0.0016 0.00238581 -0.00157084 0.0015 0.00238581 -0.00164588 0.0016 0.00247216 -0.00149358 0.0016 0.00230144 -0.00149358 0.0015 0.00230144 -0.00135555 0.0015 0.00220126 -0.00140494 0.0015 0.00222974 -0.00135555 0.0016 0.00220126 -0.00140494 0.0016 0.00222974 -0.00145065 0.0015 0.00226383 -0.00149358 0.0015 0.00230144 -0.00145065 0.0016 0.00226383 -0.00149358 0.0016 0.00230144 -0.00130242 0.0016 0.00218063 -0.00124669 0.0016 0.00216864 -0.00130242 0.0015 0.00218063 -0.00124669 0.0015 0.00216864 -0.0011898 0.0016 0.00216502 -0.0011898 0.0015 0.00216502 -0.000914975 0.0015 0.00228027 -0.000952228 0.0015 0.00224516 -0.000914975 0.0016 0.00228027 -0.000952228 0.0016 0.00224516 -0.000994102 0.0015 0.00221579 -0.00103982 0.0015 0.00219286 -0.000994102 0.0016 0.00221579 -0.00108838 0.0015 0.00217684 -0.00103982 0.0016 0.00219286 -0.00108838 0.0016 0.00217684 -0.0011387 0.0015 0.00216775 -0.0011898 0.0015 0.00216502 -0.0011387 0.0016 0.00216775 -0.0011898 0.0016 0.00216502 -0.000882823 0.0016 0.00232009 -0.000856385 0.0016 0.00236389 -0.000882823 0.0015 0.00232009 -0.000856385 0.0015 0.00236389 -0.000836477 0.0016 0.00241106 -0.00082325 0.0016 0.00246053 -0.000836477 0.0015 0.00241106 -0.000815438 0.0016 0.00251112 -0.00082325 0.0015 0.00246053 -0.000815438 0.0015 0.00251112 -0.000813226 0.0016 0.00256226 -0.000813226 0.0015 0.00256226 -0.000888573 0.0016 0.00281387 -0.000888573 0.0015 0.00281387 -0.0008607 0.0015 0.0027683 -0.000839205 0.0015 0.00271942 -0.0008607 0.0016 0.0027683 -0.00082439 0.0015 0.00266818 -0.000839205 0.0016 0.00271942 -0.00082439 0.0016 0.00266818 -0.000815822 0.0015 0.00261563 -0.000813226 0.0015 0.00256226 -0.000815822 0.0016 0.00261563 -0.000813226 0.0016 0.00256226 -0.000922132 0.0016 0.00285526 -0.000922132 0.0015 0.00285526 -0.000960662 0.0016 0.00289219 -0.00100303 0.0016 0.00292478 -0.000960662 0.0015 0.00289219 -0.00104795 0.0016 0.0029537 -0.00100303 0.0015 0.00292478 -0.00104795 0.0015 0.0029537 -0.00109493 0.0016 0.00297912 -0.00109493 0.0015 0.00297912 -0.00122028 0.0016 0.00277029 -0.00109493 0.0015 0.00297912 -0.00109493 0.0016 0.00297912 -0.00122028 0.0015 0.00277029 -0.00112575 0.0015 0.00270422 -0.0011478 0.0015 0.0027229 -0.00112575 0.0016 0.00270422 -0.0011478 0.0016 0.0027229 -0.00110538 0.0016 0.00268373 -0.00117104 0.0015 0.00274008 -0.00117104 0.0016 0.00274008 -0.00119533 0.0015 0.0027557 -0.00110538 0.0015 0.00268373 -0.00119533 0.0016 0.0027557 -0.00122028 0.0015 0.00277029 -0.00122028 0.0016 0.00277029 -0.00108722 0.0016 0.00266124 -0.00108722 0.0015 0.00266124 -0.00107191 0.0016 0.00263674 -0.00106024 0.0016 0.0026103 -0.00107191 0.0015 0.00263674 -0.0010531 0.0016 0.00258231 -0.00106024 0.0015 0.0026103 -0.0010531 0.0015 0.00258231 -0.00105067 0.0016 0.00255352 -0.00105067 0.0015 0.00255352 -0.00107927 0.0015 0.0024579 -0.0010714 0.0015 0.00247006 -0.00107927 0.0016 0.0024579 -0.0010714 0.0016 0.00247006 -0.00106486 0.0015 0.00248298 -0.00106486 0.0016 0.00248298 -0.00105958 0.0015 0.0024965 -0.00105551 0.0015 0.00251042 -0.00105958 0.0016 0.0024965 -0.00105279 0.0015 0.00252463 -0.00105551 0.0016 0.00251042 -0.00105279 0.0016 0.00252463 -0.00105138 0.0015 0.00253903 -0.00105138 0.0016 0.00253903 -0.00105067 0.0015 0.00255352 -0.00105067 0.0016 0.00255352 -0.00108827 0.0016 0.00244653 -0.00108827 0.0015 0.00244653 -0.0010982 0.0015 0.00243597 -0.0010982 0.0016 0.00243596 -0.00110907 0.0016 0.0024264 -0.00110907 0.0015 0.0024264 -0.00112093 0.0016 0.00241808 -0.00112093 0.0015 0.00241808 -0.00113373 0.0015 0.00241123 -0.00113373 0.0016 0.00241123 -0.00114735 0.0016 0.00240624 -0.00114735 0.0015 0.00240624 -0.00116154 0.0016 0.00240357 -0.00116154 0.0015 0.00240357 -0.00117602 0.0016 0.00240246 -0.00117602 0.0015 0.00240246 -0.00127925 0.0016 0.00244532 -0.00127925 0.0015 0.00244532 -0.00126112 0.0015 0.0024315 -0.00129635 0.0016 0.00246039 -0.00129635 0.0015 0.00246039 -0.00124161 0.0016 0.0024197 -0.00126112 0.0016 0.0024315 -0.00124161 0.0015 0.0024197 -0.00122072 0.0015 0.00241055 -0.00122073 0.0016 0.00241055 -0.00119871 0.0015 0.00240461 -0.00117602 0.0015 0.00240246 -0.00117602 0.0016 0.00240246 -0.00119872 0.0016 0.00240461 -0.00131268 0.0016 0.0024763 -0.00131267 0.0015 0.0024763 -0.00132853 0.0016 0.00249268 -0.00132853 0.0015 0.00249268 -0.00134412 0.0016 0.00250931 -0.00134412 0.0015 0.00250931 -0.00135948 0.0015 0.00252615 -0.00135948 0.0016 0.00252615 -0.00137459 0.0016 0.00254323 -0.00137459 0.0015 0.00254323 -0.00138946 0.0016 0.0025605 -0.00138946 0.0015 0.0025605 -0.00140419 0.0016 0.0025779 -0.00140419 0.0015 0.0025779 -0.00160519 0.0015 0.00279362 -0.00156949 0.0015 0.0027598 -0.00160519 0.0016 0.00279362 -0.00156949 0.0016 0.0027598 -0.00153486 0.0015 0.00272488 -0.0015012 0.0015 0.00268903 -0.00153486 0.0016 0.00272488 -0.00146832 0.0015 0.00265246 -0.0015012 0.0016 0.00268903 -0.00146832 0.0016 0.00265246 -0.00143603 0.0015 0.00261537 -0.00140419 0.0015 0.0025779 -0.00143603 0.0016 0.00261537 -0.00140419 0.0016 0.0025779 -0.0016427 0.0016 0.00282541 -0.0016829 0.0016 0.00285372 -0.0016427 0.0015 0.00282541 -0.0016829 0.0015 0.00285372 -0.00172607 0.0016 0.00287728 -0.00177173 0.0016 0.00289555 -0.00172607 0.0015 0.00287728 -0.00181947 0.0016 0.00290737 -0.00177173 0.0015 0.00289555 -0.00181947 0.0015 0.00290737 -0.00186849 0.0016 0.00291128 -0.00186849 0.0015 0.00291128 -0.00212487 0.0016 0.00278999 -0.00209098 0.0015 0.0028252 -0.00209098 0.0016 0.0028252 -0.00205271 0.0016 0.00285561 -0.00205271 0.0015 0.00285561 -0.00201047 0.0015 0.00288013 -0.00201047 0.0016 0.00288013 -0.00196492 0.0015 0.00289767 -0.00196492 0.0016 0.00289767 -0.00191724 0.0016 0.00290793 -0.00191724 0.0015 0.00290793 -0.00186849 0.0015 0.00291128 -0.00186849 0.0016 0.00291128 -0.00212487 0.0015 0.00279 -0.0021536 0.0016 0.00275048 -0.0021536 0.0015 0.00275048 -0.00217624 0.0015 0.0027072 -0.00217624 0.0016 0.0027072 -0.00219207 0.0016 0.00266095 -0.00219207 0.0015 0.00266095 -0.00220116 0.0016 0.00261292 -0.00220116 0.0015 0.00261292 -0.00220398 0.0016 0.00256411 -0.00220398 0.0015 0.00256412 -0.00216916 0.0015 0.00240523 -0.00214289 0.0016 0.00235735 -0.0021429 0.0015 0.00235735 -0.00218839 0.0015 0.00245636 -0.00216916 0.0016 0.00240523 -0.00218839 0.0016 0.00245636 -0.00220008 0.0015 0.0025096 -0.00220398 0.0015 0.00256412 -0.00220008 0.0016 0.0025096 -0.00220398 0.0016 0.00256411 -0.00211055 0.0016 0.00231329 -0.0020738 0.0016 0.00227279 -0.00211055 0.0015 0.00231329 -0.00203458 0.0016 0.00223474 -0.0020738 0.0015 0.00227279 -0.00203458 0.0015 0.00223474 -0.0019933 0.0016 0.00219894 -0.0019933 0.0015 0.00219894 -0.00355246 0.0015 0.000397735 -0.00423088 0.0015 0.000325229 -0.00423088 0.0015 0.000397735 -0.00355246 0.0015 0.000298516 -0.00422735 0.0015 0.000248301 -0.00423004 0.0015 0.000286718 -0.00355288 0.0015 0.000263175 -0.0042039 0.0015 0.000135385 -0.00421474 0.0015 0.000172352 -0.00356293 0.0015 0.000157713 -0.00422237 0.0015 0.0002101 -0.00355454 0.0015 0.00022787 -0.00355775 0.0015 0.000192675 -0.00410983 0.0015 3.78213e-06 -0.00397707 0.0015 -5.44775e-05 -0.004024 0.0015 -4.15508e-05 -0.0035829 0.0015 9.00869e-05 -0.00417012 0.0015 6.63192e-05 -0.00418914 0.0015 9.98336e-05 -0.00370832 0.0015 -2.93971e-05 -0.003741 0.0015 -4.28238e-05 -0.00377497 0.0015 -5.25603e-05 -0.00384489 0.0015 -6.25357e-05 -0.00367729 0.0015 -1.25061e-05 -0.00380974 0.0015 -5.88749e-05 -0.00364846 0.0015 7.91384e-06 -0.00388022 0.0015 -6.35897e-05 -0.00362251 0.0015 3.18868e-05 -0.00406874 0.0015 -2.23613e-05 -0.00414607 0.0015 3.6265e-05 -0.00392887 0.0015 -6.15385e-05 -0.00360037 0.0015 5.94059e-05 -0.00357076 0.0015 0.000123255 -0.0042039 0.0016 0.000135386 -0.0042039 0.0015 0.000135385 -0.00418914 0.0015 9.98336e-05 -0.00418914 0.0016 9.98349e-05 -0.00421475 0.0016 0.000172353 -0.00417012 0.0015 6.63192e-05 -0.00417012 0.0016 6.63207e-05 -0.00421474 0.0015 0.000172352 -0.00414607 0.0015 3.6265e-05 -0.00414607 0.0016 3.62665e-05 -0.00422237 0.0016 0.0002101 -0.00422735 0.0016 0.000248302 -0.00422237 0.0015 0.0002101 -0.00423004 0.0016 0.000286719 -0.00422735 0.0015 0.000248301 -0.00423004 0.0015 0.000286718 -0.00423088 0.0016 0.000325229 -0.00423088 0.0015 0.000325229 -0.00397707 0.0016 -5.44775e-05 -0.004024 0.0016 -4.15508e-05 -0.00397707 0.0015 -5.44775e-05 -0.004024 0.0015 -4.15508e-05 -0.00392887 0.0015 -6.15385e-05 -0.00388022 0.0015 -6.35897e-05 -0.00392887 0.0016 -6.15385e-05 -0.00388022 0.0016 -6.35897e-05 -0.00406874 0.0016 -2.23613e-05 -0.00410983 0.0016 3.78213e-06 -0.00406874 0.0015 -2.23613e-05 -0.00410983 0.0015 3.78213e-06 -0.00414607 0.0016 3.62665e-05 -0.00414607 0.0015 3.6265e-05 -0.0035829 0.0015 9.00869e-05 -0.00360037 0.0016 5.94059e-05 -0.00360037 0.0015 5.94059e-05 -0.0035829 0.0016 9.00869e-05 -0.00357076 0.0015 0.000123255 -0.00357076 0.0016 0.000123255 -0.00356293 0.0016 0.000157713 -0.00356293 0.0015 0.000157713 -0.00362251 0.0016 3.18868e-05 -0.00355775 0.0015 0.000192675 -0.00355775 0.0016 0.000192675 -0.00355454 0.0015 0.00022787 -0.00355454 0.0016 0.00022787 -0.00355288 0.0015 0.000263175 -0.00355246 0.0015 0.000298516 -0.00355288 0.0016 0.000263175 -0.00355246 0.0016 0.000298516 -0.00362251 0.0015 3.18868e-05 -0.00364846 0.0016 7.91384e-06 -0.00364846 0.0015 7.91384e-06 -0.00367729 0.0016 -1.25061e-05 -0.00370832 0.0016 -2.93971e-05 -0.00367729 0.0015 -1.25061e-05 -0.003741 0.0016 -4.28238e-05 -0.00370832 0.0015 -2.93971e-05 -0.003741 0.0015 -4.28238e-05 -0.00377497 0.0016 -5.25603e-05 -0.00380974 0.0016 -5.88749e-05 -0.00377497 0.0015 -5.25603e-05 -0.00384489 0.0016 -6.25357e-05 -0.00380974 0.0015 -5.88749e-05 -0.00384489 0.0015 -6.25357e-05 -0.00388022 0.0016 -6.35897e-05 -0.00388022 0.0015 -6.35897e-05 -0.00355246 0.0016 0.000298516 -0.00355246 0.0015 0.000397735 -0.00355246 0.0016 0.000397735 -0.00355246 0.0015 0.000298516 -0.00355246 0.0016 0.000397735 -0.00423088 0.0015 0.000397735 -0.00423088 0.0016 0.000397735 -0.00355246 0.0015 0.000397735 -0.00423088 0.0016 0.000397735 -0.00423088 0.0015 0.000325229 -0.00423088 0.0016 0.000325229 -0.00423088 0.0015 0.000397735 -0.00442083 0.0016 0.000348338 -0.00442083 0.0015 0.000587692 -0.00442083 0.0016 0.000587692 -0.00442083 0.0015 0.000348338 -0.00427862 0.0016 -0.000107493 -0.00431612 0.0015 -6.76637e-05 -0.00431612 0.0016 -6.76637e-05 -0.004348 0.0016 -2.31545e-05 -0.004348 0.0015 -2.31545e-05 -0.00437305 0.0015 2.54812e-05 -0.00437305 0.0016 2.54812e-05 -0.00439115 0.0015 7.7086e-05 -0.00439115 0.0016 7.7086e-05 -0.00440349 0.0016 0.000130377 -0.00440349 0.0015 0.000130377 -0.0044118 0.0015 0.000184468 -0.0044118 0.0016 0.000184468 -0.00441714 0.0015 0.00023894 -0.00441714 0.0016 0.00023894 -0.00442004 0.0016 0.000293599 -0.00442004 0.0015 0.000293599 -0.00442083 0.0015 0.000348338 -0.00442083 0.0016 0.000348338 -0.00427862 0.0015 -0.000107493 -0.00423658 0.0016 -0.000142494 -0.00423658 0.0015 -0.000142494 -0.00419105 0.0015 -0.000172883 -0.00419105 0.0016 -0.000172883 -0.00414277 0.0016 -0.000198681 -0.00414277 0.0015 -0.000198681 -0.00409217 0.0016 -0.0002195 -0.00409217 0.0015 -0.0002195 -0.00403966 0.0015 -0.000235011 -0.00403966 0.0016 -0.000235011 -0.00398596 0.0016 -0.000245675 -0.00398596 0.0015 -0.000245675 -0.00393154 0.0016 -0.000251759 -0.00393154 0.0015 -0.000251759 -0.00387683 0.0016 -0.000253547 -0.00387683 0.0015 -0.000253547 -0.00345179 0.0016 -6.50414e-05 -0.00348685 0.0015 -0.000105456 -0.00348685 0.0016 -0.000105456 -0.00352662 0.0016 -0.000141297 -0.00352662 0.0015 -0.000141297 -0.00357039 0.0015 -0.000172098 -0.00357039 0.0016 -0.000172098 -0.00361738 0.0015 -0.000197703 -0.00361738 0.0016 -0.000197703 -0.00366674 0.0016 -0.000218386 -0.00366674 0.0015 -0.000218386 -0.00371786 0.0015 -0.000234192 -0.00371786 0.0016 -0.000234192 -0.00377023 0.0015 -0.000245164 -0.00377023 0.0016 -0.000245164 -0.00382333 0.0016 -0.000251535 -0.00382333 0.0015 -0.000251535 -0.00387683 0.0015 -0.000253547 -0.00387683 0.0016 -0.000253547 -0.00345179 0.0015 -6.50414e-05 -0.00342183 0.0016 -2.07518e-05 -0.00342183 0.0015 -2.07518e-05 -0.00339827 0.0015 2.72244e-05 -0.00339827 0.0016 2.72244e-05 -0.00338221 0.0016 7.82181e-05 -0.00338221 0.0015 7.82181e-05 -0.00337284 0.0016 0.000130971 -0.00337284 0.0015 0.000130971 -0.00336755 0.0015 0.000184275 -0.00336755 0.0016 0.000184275 -0.00336459 0.0016 0.000237721 -0.00336459 0.0015 0.000237721 -0.00336299 0.0016 0.000291218 -0.00336299 0.0015 0.000291218 -0.0033625 0.0016 0.000344734 -0.0033625 0.0015 0.000344734 -0.0033625 0.0016 0.000587692 -0.0033625 0.0015 0.000344734 -0.0033625 0.0016 0.000344734 -0.0033625 0.0015 0.000587692 -0.00442083 0.0016 0.000587692 -0.0033625 0.0015 0.000587692 -0.0033625 0.0016 0.000587692 -0.00442083 0.0015 0.000587692 -0.00414277 0.0016 -0.000198681 -0.00419105 0.0016 -0.000172883 -0.00406874 0.0016 -2.23613e-05 -0.00370832 0.0016 -2.93971e-05 -0.00361738 0.0016 -0.000197703 -0.003741 0.0016 -4.28238e-05 -0.00393154 0.0016 -0.000251759 -0.00398596 0.0016 -0.000245675 -0.00392887 0.0016 -6.15385e-05 -0.00371786 0.0016 -0.000234192 -0.00377023 0.0016 -0.000245164 -0.00380974 0.0016 -5.88749e-05 -0.00388022 0.0016 -6.35897e-05 -0.00384489 0.0016 -6.25357e-05 -0.00387683 0.0016 -0.000253547 -0.00377497 0.0016 -5.25603e-05 -0.00382333 0.0016 -0.000251535 -0.00356293 0.0016 0.000157713 -0.00336755 0.0016 0.000184275 -0.00337284 0.0016 0.000130971 -0.00355775 0.0016 0.000192675 -0.00362251 0.0016 3.18868e-05 -0.00345179 0.0016 -6.50414e-05 -0.00364846 0.0016 7.91384e-06 -0.00367729 0.0016 -1.25061e-05 -0.00352662 0.0016 -0.000141297 -0.00357039 0.0016 -0.000172098 -0.00357076 0.0016 0.000123255 -0.00338221 0.0016 7.82181e-05 -0.00348685 0.0016 -0.000105456 -0.00355454 0.0016 0.00022787 -0.00366674 0.0016 -0.000218386 -0.00336459 0.0016 0.000237721 -0.00355288 0.0016 0.000263175 -0.00423658 0.0016 -0.000142494 -0.00410983 0.0016 3.78213e-06 -0.00397707 0.0016 -5.44775e-05 -0.00403966 0.0016 -0.000235011 -0.00336299 0.0016 0.000291218 -0.00414607 0.0016 3.62665e-05 -0.00427862 0.0016 -0.000107493 -0.00355246 0.0016 0.000298516 -0.004348 0.0016 -2.31545e-05 -0.00431612 0.0016 -6.76637e-05 -0.0033625 0.0016 0.000344734 -0.00417012 0.0016 6.63207e-05 -0.00437305 0.0016 2.54812e-05 -0.00355246 0.0016 0.000397735 -0.00418914 0.0016 9.98349e-05 -0.00442083 0.0016 0.000587692 -0.0033625 0.0016 0.000587692 -0.00423088 0.0016 0.000397735 -0.00441714 0.0016 0.00023894 -0.00423004 0.0016 0.000286719 -0.00422735 0.0016 0.000248302 -0.0042039 0.0016 0.000135386 -0.00440349 0.0016 0.000130377 -0.00421475 0.0016 0.000172353 -0.0044118 0.0016 0.000184468 -0.00339827 0.0016 2.72244e-05 -0.00360037 0.0016 5.94059e-05 -0.0035829 0.0016 9.00869e-05 -0.00342183 0.0016 -2.07518e-05 -0.00409217 0.0016 -0.0002195 -0.004024 0.0016 -4.15508e-05 -0.00439115 0.0016 7.7086e-05 -0.00422237 0.0016 0.0002101 -0.00442004 0.0016 0.000293599 -0.00442083 0.0016 0.000348338 -0.00423088 0.0016 0.000325229 -0.00405682 0.0016 0.00148321 -0.00372439 0.0016 0.00102188 -0.00442083 0.0016 0.00150207 -0.0033625 0.0016 0.00100428 -0.0033625 0.0016 0.000831923 -0.00442083 0.0016 0.000831923 -0.00442083 0.0016 0.00102188 -0.0033625 0.0016 0.00167316 -0.00442083 0.0016 0.00167316 -0.0033625 0.0016 0.00148321 -0.00442083 0.0016 0.00150207 -0.00442083 0.0015 0.00167316 -0.00442083 0.0016 0.00167316 -0.00442083 0.0015 0.00150207 -0.00372439 0.0016 0.00102188 -0.00442083 0.0015 0.00150207 -0.00442083 0.0016 0.00150207 -0.00372439 0.0015 0.00102188 -0.00442083 0.0016 0.00102188 -0.00372439 0.0015 0.00102188 -0.00372439 0.0016 0.00102188 -0.00442083 0.0015 0.00102188 -0.00442083 0.0016 0.000831923 -0.00442083 0.0015 0.00102188 -0.00442083 0.0016 0.00102188 -0.00442083 0.0015 0.000831923 -0.0033625 0.0016 0.000831923 -0.00442083 0.0015 0.000831923 -0.00442083 0.0016 0.000831923 -0.0033625 0.0015 0.000831923 -0.0033625 0.0016 0.00100428 -0.0033625 0.0015 0.000831923 -0.0033625 0.0016 0.000831923 -0.0033625 0.0015 0.00100428 -0.00405682 0.0016 0.00148321 -0.0033625 0.0015 0.00100428 -0.0033625 0.0016 0.00100428 -0.00405682 0.0015 0.00148321 -0.0033625 0.0016 0.00148321 -0.00405682 0.0015 0.00148321 -0.00405682 0.0016 0.00148321 -0.0033625 0.0015 0.00148321 -0.0033625 0.0016 0.00167316 -0.0033625 0.0015 0.00148321 -0.0033625 0.0016 0.00148321 -0.0033625 0.0015 0.00167316 -0.00442083 0.0016 0.00167316 -0.0033625 0.0015 0.00167316 -0.0033625 0.0016 0.00167316 -0.00442083 0.0015 0.00167316 -0.00422047 0.0016 0.00222571 -0.00419154 0.0016 0.00217334 -0.00436977 0.0016 0.00208121 -0.00425801 0.0016 0.00239992 -0.00425398 0.0016 0.00234022 -0.00444493 0.0016 0.00232846 -0.00429625 0.0016 0.00198189 -0.00415599 0.0016 0.00212521 -0.00411491 0.0016 0.0020817 -0.0037427 0.0016 0.00187625 -0.00380091 0.0016 0.00186635 -0.00371528 0.0016 0.00208848 -0.00442008 0.0016 0.00219878 -0.00424151 0.0016 0.00228171 -0.00371528 0.0016 0.00239229 -0.00390523 0.0016 0.00239229 -0.00422826 0.0016 0.0025536 -0.00424518 0.0016 0.00250391 -0.00442363 0.0016 0.00257326 -0.00443754 0.0016 0.00251464 -0.00425499 0.0016 0.00245239 -0.00444542 0.0016 0.00245486 -0.00437667 0.0016 0.00268394 -0.00420415 0.0016 0.00260023 -0.0044034 0.0016 0.00262989 -0.00417339 0.0016 0.0026428 -0.00430592 0.0016 0.00278104 -0.00413695 0.0016 0.00268066 -0.00434392 0.0016 0.00273453 -0.00409572 0.0016 0.00271319 -0.00415358 0.0016 0.00289962 -0.00405016 0.0016 0.0027393 -0.0042104 0.0016 0.0028646 -0.00402914 0.0016 0.00294699 -0.00394961 0.0016 0.00276876 -0.00400103 0.0016 0.00275793 -0.00409284 0.0016 0.00292722 -0.00383292 0.0016 0.00295882 -0.00384744 0.0016 0.00276927 -0.00389718 0.0016 0.0027722 -0.00396363 0.0016 0.0029586 -0.00370734 0.0016 0.00272053 -0.00364892 0.0016 0.00290674 -0.00359251 0.0016 0.00287621 -0.00376968 0.0016 0.00294843 -0.00379859 0.0016 0.00275975 -0.00370814 0.0016 0.002931 -0.00375154 0.0016 0.00274346 -0.00366682 0.0016 0.00269155 -0.0034924 0.0016 0.00279694 -0.00363037 0.0016 0.00265755 -0.00354003 0.0016 0.0028395 -0.00359834 0.0016 0.00261939 -0.00341435 0.0016 0.00269555 -0.00357161 0.0016 0.00257735 -0.0034502 0.0016 0.00274864 -0.00353634 0.0016 0.00248439 -0.00336259 0.0016 0.00257878 -0.00334717 0.0016 0.00251659 -0.00355073 0.0016 0.00253211 -0.0033851 0.0016 0.00263868 -0.00333536 0.0016 0.00238932 -0.00352532 0.0016 0.0023855 -0.0035279 0.0016 0.00243527 -0.00333814 0.0016 0.00245337 -0.00334611 0.0016 0.00227142 -0.00336073 0.0016 0.00221403 -0.0035334 0.0016 0.00230244 -0.00352722 0.0016 0.00234377 -0.00333799 0.0016 0.00233013 -0.00354456 0.0016 0.00226219 -0.00338212 0.0016 0.00215888 -0.00341021 0.0016 0.00210683 -0.00344491 0.0016 0.0020588 -0.00358356 0.0016 0.00218863 -0.00356112 0.0016 0.00222386 -0.00348511 0.0016 0.00201534 -0.00353012 0.0016 0.00197694 -0.00364308 0.0016 0.00213034 -0.0036112 0.0016 0.00215732 -0.00363113 0.0016 0.00191552 -0.00368582 0.0016 0.00189274 -0.00367809 0.0016 0.00210753 -0.00357905 0.0016 0.00194368 -0.00386008 0.0016 0.00186312 -0.00390523 0.0016 0.0018646 -0.00389697 0.0016 0.00296216 -0.00426238 0.0016 0.00282273 -0.00444797 0.0016 0.00239462 -0.00443568 0.0016 0.00226311 -0.00439827 0.0016 0.00213626 -0.00433564 0.0016 0.00202973 -0.00425209 0.0016 0.00193838 -0.00411491 0.0016 0.0020817 -0.00425209 0.0015 0.00193838 -0.00425209 0.0016 0.00193838 -0.00411491 0.0015 0.0020817 -0.00422047 0.0016 0.00222571 -0.00419154 0.0015 0.00217334 -0.00419154 0.0016 0.00217334 -0.00422047 0.0015 0.00222571 -0.00415599 0.0015 0.00212521 -0.00415599 0.0016 0.00212521 -0.00411491 0.0015 0.0020817 -0.00411491 0.0016 0.0020817 -0.00424151 0.0016 0.00228171 -0.00425398 0.0016 0.00234022 -0.00424151 0.0015 0.00228171 -0.00425398 0.0015 0.00234022 -0.00425801 0.0016 0.00239992 -0.00425801 0.0015 0.00239992 -0.00420415 0.0016 0.00260023 -0.00417339 0.0016 0.0026428 -0.00420415 0.0015 0.00260022 -0.00422826 0.0016 0.0025536 -0.00422826 0.0015 0.00255359 -0.00424518 0.0015 0.00250391 -0.00424518 0.0016 0.00250391 -0.00425499 0.0015 0.00245238 -0.00425801 0.0015 0.00239992 -0.00425499 0.0016 0.00245239 -0.00417339 0.0015 0.0026428 -0.00425801 0.0016 0.00239992 -0.00413695 0.0016 0.00268066 -0.00413695 0.0015 0.00268066 -0.00409572 0.0016 0.00271319 -0.00409572 0.0015 0.00271319 -0.00405016 0.0015 0.0027393 -0.00405016 0.0016 0.0027393 -0.00400103 0.0016 0.00275793 -0.00400103 0.0015 0.00275793 -0.00394961 0.0016 0.00276876 -0.00394961 0.0015 0.00276876 -0.00389718 0.0016 0.0027722 -0.00389718 0.0015 0.0027722 -0.00363037 0.0016 0.00265755 -0.00366682 0.0015 0.00269155 -0.00366682 0.0016 0.00269155 -0.00370734 0.0016 0.00272053 -0.00370734 0.0015 0.00272053 -0.00375154 0.0015 0.00274346 -0.00375154 0.0016 0.00274346 -0.00379859 0.0016 0.00275975 -0.00384744 0.0015 0.00276927 -0.00384744 0.0016 0.00276927 -0.00379859 0.0015 0.00275975 -0.00389718 0.0015 0.0027722 -0.00389718 0.0016 0.0027722 -0.00363037 0.0015 0.00265755 -0.00359834 0.0016 0.00261939 -0.00357161 0.0016 0.00257735 -0.00359834 0.0015 0.00261939 -0.00357161 0.0015 0.00257735 -0.00355073 0.0016 0.00253211 -0.00353634 0.0016 0.00248439 -0.00355073 0.0015 0.00253211 -0.0035279 0.0016 0.00243527 -0.00353634 0.0015 0.00248439 -0.0035279 0.0015 0.00243527 -0.00352532 0.0016 0.0023855 -0.00352532 0.0015 0.0023855 -0.00356112 0.0015 0.00222386 -0.00354456 0.0015 0.00226219 -0.00356112 0.0016 0.00222386 -0.00358356 0.0016 0.00218863 -0.00354456 0.0016 0.00226219 -0.0035334 0.0015 0.00230244 -0.0035334 0.0016 0.00230244 -0.00352722 0.0015 0.00234377 -0.00352532 0.0015 0.0023855 -0.00352722 0.0016 0.00234377 -0.00352532 0.0016 0.0023855 -0.00358356 0.0015 0.00218863 -0.0036112 0.0015 0.00215732 -0.0036112 0.0016 0.00215732 -0.00364308 0.0016 0.00213034 -0.00364308 0.0015 0.00213034 -0.00367809 0.0016 0.00210753 -0.00367809 0.0015 0.00210753 -0.00371528 0.0016 0.00208848 -0.00371528 0.0015 0.00208848 -0.00371528 0.0016 0.00239229 -0.00371528 0.0015 0.00208848 -0.00371528 0.0016 0.00208848 -0.00371528 0.0015 0.00239229 -0.00390523 0.0016 0.00239229 -0.00371528 0.0015 0.00239229 -0.00371528 0.0016 0.00239229 -0.00390523 0.0015 0.00239229 -0.00390523 0.0016 0.0018646 -0.00390523 0.0015 0.00239229 -0.00390523 0.0016 0.00239229 -0.00390523 0.0015 0.0018646 -0.00386008 0.0016 0.00186312 -0.00390523 0.0015 0.0018646 -0.00390523 0.0016 0.0018646 -0.00386008 0.0015 0.00186312 -0.00353012 0.0015 0.00197694 -0.00348511 0.0016 0.00201534 -0.00348511 0.0015 0.00201534 -0.00357905 0.0015 0.00194368 -0.00353012 0.0016 0.00197694 -0.00357905 0.0016 0.00194368 -0.00363113 0.0015 0.00191552 -0.00368582 0.0015 0.00189274 -0.00363113 0.0016 0.00191552 -0.0037427 0.0015 0.00187625 -0.00368582 0.0016 0.00189274 -0.0037427 0.0016 0.00187625 -0.00380091 0.0015 0.00186635 -0.00386008 0.0015 0.00186312 -0.00380091 0.0016 0.00186635 -0.00386008 0.0016 0.00186312 -0.00344491 0.0016 0.0020588 -0.00341021 0.0016 0.00210683 -0.00344491 0.0015 0.0020588 -0.00338212 0.0016 0.00215888 -0.00341021 0.0015 0.00210683 -0.00338212 0.0015 0.00215888 -0.00336073 0.0016 0.00221403 -0.00334611 0.0016 0.00227142 -0.00336073 0.0015 0.00221403 -0.00333799 0.0016 0.00233013 -0.00334611 0.0015 0.00227142 -0.00333799 0.0015 0.00233013 -0.00333536 0.0016 0.00238932 -0.00333536 0.0015 0.00238932 -0.0034502 0.0015 0.00274864 -0.0034924 0.0016 0.00279694 -0.0034924 0.0015 0.00279694 -0.00341435 0.0015 0.00269555 -0.0034502 0.0016 0.00274864 -0.00341435 0.0016 0.00269555 -0.0033851 0.0015 0.00263868 -0.00336259 0.0015 0.00257878 -0.0033851 0.0016 0.00263868 -0.00334717 0.0015 0.00251659 -0.00336259 0.0016 0.00257878 -0.00334717 0.0016 0.00251659 -0.00333814 0.0015 0.00245337 -0.00333536 0.0015 0.00238932 -0.00333814 0.0016 0.00245337 -0.00333536 0.0016 0.00238932 -0.00354003 0.0016 0.0028395 -0.00359251 0.0016 0.00287621 -0.00354003 0.0015 0.0028395 -0.00364892 0.0016 0.00290674 -0.00359251 0.0015 0.00287621 -0.00364892 0.0015 0.00290674 -0.00370814 0.0016 0.002931 -0.00376968 0.0016 0.00294843 -0.00370814 0.0015 0.002931 -0.00383292 0.0016 0.00295882 -0.00376968 0.0015 0.00294843 -0.00383292 0.0015 0.00295882 -0.00389697 0.0016 0.00296216 -0.00389697 0.0015 0.00296216 -0.00409305 0.0015 0.00292714 -0.00402934 0.0015 0.00294694 -0.00409284 0.0016 0.00292722 -0.00402914 0.0016 0.00294699 -0.00396363 0.0015 0.0029586 -0.00389697 0.0015 0.00296216 -0.00396363 0.0016 0.0029586 -0.00389697 0.0016 0.00296216 -0.00415358 0.0016 0.00289962 -0.0042104 0.0016 0.0028646 -0.00415376 0.0015 0.00289952 -0.0042104 0.0015 0.0028646 -0.00426238 0.0016 0.00282273 -0.00426238 0.0015 0.00282273 -0.00437676 0.0015 0.0026838 -0.0044034 0.0016 0.00262989 -0.0044034 0.0015 0.00262989 -0.0043441 0.0015 0.00273439 -0.00437667 0.0016 0.00268394 -0.00434392 0.0016 0.00273453 -0.00430592 0.0015 0.00278104 -0.00426238 0.0015 0.00282273 -0.00430592 0.0016 0.00278104 -0.00426238 0.0016 0.00282273 -0.00442363 0.0016 0.00257326 -0.00443754 0.0016 0.00251464 -0.00442361 0.0015 0.00257308 -0.00444542 0.0016 0.00245486 -0.00443737 0.0015 0.00251443 -0.00444542 0.0015 0.00245486 -0.00444797 0.0016 0.00239462 -0.00444797 0.0015 0.00239462 -0.00443568 0.0016 0.00226311 -0.00443568 0.0015 0.0022631 -0.00444493 0.0015 0.00232846 -0.00444797 0.0015 0.00239462 -0.00444493 0.0016 0.00232846 -0.00444797 0.0016 0.00239462 -0.00442008 0.0016 0.00219878 -0.00442007 0.0015 0.00219878 -0.00439827 0.0016 0.00213626 -0.00439827 0.0015 0.00213625 -0.00433564 0.0016 0.00202973 -0.00433564 0.0015 0.00202973 -0.00436977 0.0015 0.00208122 -0.00439827 0.0015 0.00213625 -0.00436977 0.0016 0.00208121 -0.00439827 0.0016 0.00213626 -0.00429625 0.0016 0.00198189 -0.00429625 0.0015 0.0019819 -0.00425209 0.0016 0.00193838 -0.00425209 0.0015 0.00193838 -0.00674575 0.0016 0.000842099 -0.00633022 0.0016 0.000265443 -0.00720077 0.0016 0.000865685 -0.00587785 0.0016 0.000243448 -0.00587785 0.0016 2.79968e-05 -0.00720077 0.0016 2.79968e-05 -0.00720077 0.0016 0.000265443 -0.00587785 0.0016 0.00107955 -0.00720077 0.0016 0.00107955 -0.00587785 0.0016 0.000842099 -0.00720077 0.0016 0.000865685 -0.00720077 0.0015 0.00107955 -0.00720077 0.0016 0.00107955 -0.00720077 0.0015 0.000865685 -0.00633022 0.0016 0.000265443 -0.00720077 0.0015 0.000865685 -0.00720077 0.0016 0.000865685 -0.00633022 0.0015 0.000265443 -0.00720077 0.0015 0.000265443 -0.00633022 0.0016 0.000265443 -0.00720077 0.0016 0.000265443 -0.00633022 0.0015 0.000265443 -0.00720077 0.0016 2.79968e-05 -0.00720077 0.0015 0.000265443 -0.00720077 0.0016 0.000265443 -0.00720077 0.0015 2.79968e-05 -0.00587785 0.0016 2.79968e-05 -0.00720077 0.0015 2.79968e-05 -0.00720077 0.0016 2.79968e-05 -0.00587785 0.0015 2.79968e-05 -0.00587785 0.0016 0.000243448 -0.00587785 0.0015 2.79968e-05 -0.00587785 0.0016 2.79968e-05 -0.00587785 0.0015 0.000243448 -0.00674575 0.0016 0.000842099 -0.00587785 0.0015 0.000243448 -0.00587785 0.0016 0.000243448 -0.00674575 0.0015 0.000842099 -0.00587785 0.0016 0.000842099 -0.00674575 0.0015 0.000842099 -0.00674575 0.0016 0.000842099 -0.00587785 0.0015 0.000842099 -0.00587785 0.0016 0.00107955 -0.00587785 0.0015 0.000842099 -0.00587785 0.0016 0.000842099 -0.00587785 0.0015 0.00107955 -0.00720077 0.0016 0.00107955 -0.00587785 0.0015 0.00107955 -0.00587785 0.0016 0.00107955 -0.00720077 0.0015 0.00107955 -0.00587785 0.0016 0.00162228 -0.00587785 0.0016 0.00138483 -0.00720077 0.0016 0.00138483 -0.00720077 0.0016 0.00162228 -0.00720077 0.0016 0.00138483 -0.00720077 0.0015 0.00162228 -0.00720077 0.0016 0.00162228 -0.00720077 0.0015 0.00138483 -0.00587785 0.0016 0.00138483 -0.00720077 0.0015 0.00138483 -0.00720077 0.0016 0.00138483 -0.00587785 0.0015 0.00138483 -0.00587785 0.0016 0.00162228 -0.00587785 0.0015 0.00138483 -0.00587785 0.0016 0.00138483 -0.00587785 0.0015 0.00162228 -0.00720077 0.0016 0.00162228 -0.00587785 0.0015 0.00162228 -0.00587785 0.0016 0.00162228 -0.00720077 0.0015 0.00162228 -0.00626105 0.0016 0.00239398 -0.00720077 0.0016 0.00273399 -0.00720077 0.0016 0.0029876 -0.00587785 0.0016 0.00250873 -0.00587785 0.0016 0.00228003 -0.00720077 0.0016 0.00180037 -0.00720077 0.0016 0.00205318 -0.00720077 0.0016 0.00273399 -0.00720077 0.0015 0.0029876 -0.00720077 0.0016 0.0029876 -0.00720077 0.0015 0.00273399 -0.00626105 0.0016 0.00239398 -0.00720077 0.0015 0.00273399 -0.00720077 0.0016 0.00273399 -0.00626105 0.0015 0.00239398 -0.00720077 0.0016 0.00205318 -0.00626105 0.0015 0.00239398 -0.00626105 0.0016 0.00239398 -0.00720077 0.0015 0.00205318 -0.00720077 0.0016 0.00180037 -0.00720077 0.0015 0.00205318 -0.00720077 0.0016 0.00205318 -0.00720077 0.0015 0.00180037 -0.00587785 0.0016 0.00228003 -0.00720077 0.0015 0.00180037 -0.00720077 0.0016 0.00180037 -0.00587785 0.0015 0.00228003 -0.00587785 0.0016 0.00250873 -0.00587785 0.0015 0.00228003 -0.00587785 0.0016 0.00228003 -0.00587785 0.0015 0.00250873 -0.00720077 0.0016 0.0029876 -0.00587785 0.0015 0.00250873 -0.00587785 0.0016 0.00250873 -0.00720077 0.0015 0.0029876 0.00676363 0.0016 0.00449669 0.0069629 0.0016 0.00457209 0.0068132 0.0016 0.00443891 0.00689326 0.0016 0.00364954 0.00692325 0.0016 0.00371936 0.00709353 0.0016 0.00360659 0.00694605 0.0016 0.00379198 0.0069613 0.0016 0.00386622 0.00714616 0.0016 0.00376851 0.00705642 0.0016 0.0035296 0.00696257 0.0016 0.0033875 0.00690655 0.0016 0.0033234 0.00676352 0.0016 0.00346321 0.00716135 0.0016 0.00385223 0.00696903 0.0016 0.00394191 0.0071234 0.0016 0.00368618 0.00696903 0.0016 0.00401783 0.00716142 0.0016 0.00410732 0.00716903 0.0016 0.0040224 0.00716903 0.0016 0.00393722 0.00681294 0.0016 0.00352076 0.00685644 0.0016 0.00358322 0.00701282 0.0016 0.00345662 0.00696137 0.0016 0.00409338 0.0071462 0.0016 0.00419123 0.00670841 0.0016 0.00341084 0.00684487 0.0016 0.00326445 0.00677822 0.0016 0.00321133 0.00712357 0.0016 0.00427333 0.00694606 0.0016 0.00416797 0.0067071 0.0016 0.00316439 0.00664827 0.0016 0.00336432 0.00692337 0.0016 0.00424027 0.00658394 0.0016 0.00332422 0.00663196 0.0016 0.00312399 0.00651558 0.0016 0.00329071 0.00709357 0.0016 0.0043533 0.00689341 0.0016 0.00431017 0.00647247 0.0016 0.00306418 0.00644439 0.0016 0.00326437 0.00655369 0.0016 0.00309054 0.00705668 0.0016 0.00442993 0.00685653 0.0016 0.00437662 0.00637086 0.0016 0.00324533 0.00638957 0.0016 0.00304526 0.00629606 0.0016 0.00323388 0.00701286 0.0016 0.00450333 0.00670745 0.0016 0.00479539 0.00658403 0.0016 0.00463572 0.00663236 0.0016 0.00483583 0.00670867 0.0016 0.00454893 0.0067785 0.0016 0.00474848 0.00684523 0.0016 0.00469523 0.00644461 0.0016 0.00469558 0.00637114 0.0016 0.0047146 0.00647295 0.0016 0.00489569 0.00606886 0.0016 0.0032454 0.00605027 0.0016 0.0030453 0.00596705 0.0016 0.00306431 0.00579142 0.0016 0.00336453 0.00573255 0.0016 0.00316461 0.0056615 0.0016 0.00321152 0.00622 0.0016 0.00493 0.00622 0.0016 0.00473 0.00613459 0.0016 0.00492614 0.0056268 0.0016 0.00352109 0.00567637 0.0016 0.00346331 0.0054771 0.0016 0.00338791 0.00588631 0.0016 0.00486946 0.00596753 0.0016 0.00489582 0.00599561 0.0016 0.00469563 0.00534643 0.0016 0.0036067 0.00551663 0.0016 0.00371973 0.00554659 0.0016 0.00364983 0.00585606 0.0016 0.00463578 0.00579173 0.0016 0.00459568 0.0057329 0.0016 0.00479561 0.00527858 0.0016 0.00385268 0.00527097 0.0016 0.0039376 0.00547097 0.0016 0.00394217 0.00567648 0.0016 0.00449679 0.00547743 0.0016 0.0045725 0.00553345 0.0016 0.0046366 0.00529384 0.0016 0.00419149 0.00549395 0.0016 0.00416802 0.0054787 0.0016 0.00409378 0.00551675 0.0016 0.00424064 0.00534646 0.0016 0.00435341 0.00554674 0.0016 0.00431046 0.00527865 0.0016 0.00410777 0.00547097 0.0016 0.00401809 0.00562706 0.0016 0.00443924 0.00542718 0.0016 0.00450338 0.0053166 0.0016 0.00427382 0.00538358 0.0016 0.0044304 0.00547863 0.0016 0.00386662 0.0052938 0.0016 0.00376877 0.00527097 0.0016 0.00402278 0.00531643 0.0016 0.00368667 0.00549394 0.0016 0.00379203 0.00558356 0.0016 0.00437678 0.00573159 0.0016 0.00454916 0.00566178 0.0016 0.00474867 0.00559513 0.0016 0.00469555 0.00558347 0.0016 0.00358338 0.00542714 0.0016 0.00345666 0.00538332 0.0016 0.00353007 0.00592442 0.0016 0.00466929 0.00580804 0.0016 0.00483601 0.00573133 0.0016 0.00341107 0.00559477 0.0016 0.00326477 0.00553329 0.0016 0.00332355 0.00614394 0.0016 0.00472612 0.00605043 0.0016 0.00491474 0.00606915 0.0016 0.00471467 0.00585597 0.0016 0.00332428 0.00592404 0.0016 0.00329088 0.00580764 0.0016 0.00312417 0.00629606 0.0016 0.00472612 0.00638973 0.0016 0.0049147 0.00630541 0.0016 0.00492614 0.00599539 0.0016 0.00326442 0.00588603 0.0016 0.00309066 0.00651596 0.0016 0.00466912 0.00655397 0.0016 0.00486934 0.00614394 0.0016 0.00323388 0.00613459 0.0016 0.00303386 0.00690671 0.0016 0.00463645 0.00664858 0.0016 0.00459547 0.00630541 0.0016 0.00303386 0.00622 0.0016 0.00303 0.00622 0.0016 0.00323 0.00676352 -0.0001 0.00449679 0.00681294 -0.0001 0.00443924 0.00696257 -0.0001 0.0045725 0.00689341 -0.0001 0.00364983 0.00709357 -0.0001 0.0036067 0.00692337 -0.0001 0.00371973 0.00694606 -0.0001 0.00379203 0.0071462 -0.0001 0.00376877 0.00696137 -0.0001 0.00386662 0.00705668 -0.0001 0.00353007 0.0069629 -0.0001 0.00338791 0.00676363 -0.0001 0.00346331 0.00690671 -0.0001 0.00332355 0.00716142 -0.0001 0.00385268 0.00696903 -0.0001 0.00394217 0.00712357 -0.0001 0.00368667 0.00696903 -0.0001 0.00401809 0.00716903 -0.0001 0.00402278 0.00716135 -0.0001 0.00410777 0.00716903 -0.0001 0.0039376 0.0068132 -0.0001 0.00352109 0.00701286 -0.0001 0.00345666 0.00685653 -0.0001 0.00358338 0.00714616 -0.0001 0.00419149 0.0069613 -0.0001 0.00409378 0.00670867 -0.0001 0.00341107 0.0067785 -0.0001 0.00321152 0.00684523 -0.0001 0.00326477 0.0071234 -0.0001 0.00427382 0.00694605 -0.0001 0.00416802 0.00670745 -0.0001 0.00316461 0.00664858 -0.0001 0.00336453 0.00692325 -0.0001 0.00424064 0.00658403 -0.0001 0.00332428 0.00651596 -0.0001 0.00329088 0.00663236 -0.0001 0.00312417 0.00709353 -0.0001 0.00435341 0.00689326 -0.0001 0.00431046 0.00647295 -0.0001 0.00306431 0.00655397 -0.0001 0.00309066 0.00644461 -0.0001 0.00326442 0.00705642 -0.0001 0.0044304 0.00685644 -0.0001 0.00437678 0.00637114 -0.0001 0.0032454 0.00629606 -0.0001 0.00323388 0.00638973 -0.0001 0.0030453 0.00701282 -0.0001 0.00450338 0.0067071 -0.0001 0.00479561 0.00663196 -0.0001 0.00483601 0.00658394 -0.0001 0.00463578 0.00670841 -0.0001 0.00454916 0.00684487 -0.0001 0.00469555 0.00677822 -0.0001 0.00474867 0.00644439 -0.0001 0.00469563 0.00647247 -0.0001 0.00489582 0.00637086 -0.0001 0.00471467 0.00606915 -0.0001 0.00324533 0.00596753 -0.0001 0.00306418 0.00605043 -0.0001 0.00304526 0.00579173 -0.0001 0.00336432 0.00566178 -0.0001 0.00321133 0.0057329 -0.0001 0.00316439 0.00622 -0.0001 0.00493 0.00613459 -0.0001 0.00492614 0.00622 -0.0001 0.00473 0.00562706 -0.0001 0.00352076 0.00547743 -0.0001 0.0033875 0.00567648 -0.0001 0.00346321 0.00588603 -0.0001 0.00486934 0.00599539 -0.0001 0.00469558 0.00596705 -0.0001 0.00489569 0.00534646 -0.0001 0.00360659 0.00554674 -0.0001 0.00364954 0.00551675 -0.0001 0.00371936 0.00585597 -0.0001 0.00463572 0.00573255 -0.0001 0.00479539 0.00579142 -0.0001 0.00459547 0.00527865 -0.0001 0.00385223 0.00547097 -0.0001 0.00394191 0.00527097 -0.0001 0.00393722 0.00567637 -0.0001 0.00449669 0.00553329 -0.0001 0.00463645 0.0054771 -0.0001 0.00457209 0.0052938 -0.0001 0.00419123 0.00547863 -0.0001 0.00409338 0.00549394 -0.0001 0.00416797 0.00551663 -0.0001 0.00424027 0.00554659 -0.0001 0.00431017 0.00534643 -0.0001 0.0043533 0.00527858 -0.0001 0.00410732 0.00547097 -0.0001 0.00401783 0.0056268 -0.0001 0.00443891 0.00542714 -0.0001 0.00450333 0.00531643 -0.0001 0.00427333 0.00538332 -0.0001 0.00442993 0.00529384 -0.0001 0.00376851 0.0054787 -0.0001 0.00386622 0.00527097 -0.0001 0.0040224 0.0053166 -0.0001 0.00368618 0.00549395 -0.0001 0.00379198 0.00558347 -0.0001 0.00437662 0.0056615 -0.0001 0.00474848 0.00573133 -0.0001 0.00454893 0.00559477 -0.0001 0.00469523 0.00558356 -0.0001 0.00358322 0.00542718 -0.0001 0.00345662 0.00538358 -0.0001 0.0035296 0.00592404 -0.0001 0.00466912 0.00580764 -0.0001 0.00483583 0.00573159 -0.0001 0.00341084 0.00559513 -0.0001 0.00326445 0.00553345 -0.0001 0.0033234 0.00614394 -0.0001 0.00472612 0.00605027 -0.0001 0.0049147 0.00606886 -0.0001 0.0047146 0.00585606 -0.0001 0.00332422 0.00580804 -0.0001 0.00312399 0.00592442 -0.0001 0.00329071 0.00638957 -0.0001 0.00491474 0.00629606 -0.0001 0.00472612 0.00630541 -0.0001 0.00492614 0.00599561 -0.0001 0.00326437 0.00588631 -0.0001 0.00309054 0.00651558 -0.0001 0.00466929 0.00655369 -0.0001 0.00486946 0.00613459 -0.0001 0.00303386 0.00614394 -0.0001 0.00323388 0.00690655 -0.0001 0.0046366 0.00664827 -0.0001 0.00459568 0.00630541 -0.0001 0.00303386 0.00622 -0.0001 0.00323 0.00622 -0.0001 0.00303 0.00422363 0.0016 0.00449669 0.0044229 0.0016 0.00457209 0.0042732 0.0016 0.00443891 0.00435326 0.0016 0.00364954 0.00438325 0.0016 0.00371936 0.00455354 0.0016 0.00360659 0.00440605 0.0016 0.00379198 0.0044213 0.0016 0.00386622 0.00460616 0.0016 0.00376851 0.00451642 0.0016 0.0035296 0.00442257 0.0016 0.0033875 0.00436655 0.0016 0.0033234 0.00422352 0.0016 0.00346321 0.00462135 0.0016 0.00385223 0.00442903 0.0016 0.00394191 0.0045834 0.0016 0.00368618 0.00442903 0.0016 0.00401783 0.00462142 0.0016 0.00410732 0.00462903 0.0016 0.0040224 0.00462903 0.0016 0.00393722 0.00427294 0.0016 0.00352076 0.00431644 0.0016 0.00358322 0.00447282 0.0016 0.00345662 0.00442137 0.0016 0.00409338 0.0046062 0.0016 0.00419123 0.00416841 0.0016 0.00341084 0.00430487 0.0016 0.00326445 0.00423822 0.0016 0.00321133 0.00458357 0.0016 0.00427333 0.00440606 0.0016 0.00416797 0.0041671 0.0016 0.00316439 0.00410827 0.0016 0.00336432 0.00438337 0.0016 0.00424027 0.00404394 0.0016 0.00332422 0.00409196 0.0016 0.00312399 0.00397558 0.0016 0.00329071 0.00455357 0.0016 0.0043533 0.00435341 0.0016 0.00431017 0.00393247 0.0016 0.00306418 0.00390438 0.0016 0.00326437 0.00401369 0.0016 0.00309054 0.00451668 0.0016 0.00442993 0.00431653 0.0016 0.00437662 0.00383085 0.0016 0.00324533 0.00384957 0.0016 0.00304526 0.00375606 0.0016 0.00323388 0.00447286 0.0016 0.00450333 0.00416745 0.0016 0.00479539 0.00404403 0.0016 0.00463572 0.00409236 0.0016 0.00483583 0.00416867 0.0016 0.00454893 0.0042385 0.0016 0.00474848 0.00430523 0.0016 0.00469523 0.00390461 0.0016 0.00469558 0.00383114 0.0016 0.0047146 0.00393295 0.0016 0.00489569 0.00352886 0.0016 0.0032454 0.00351027 0.0016 0.0030453 0.00342705 0.0016 0.00306431 0.00325142 0.0016 0.00336453 0.00319255 0.0016 0.00316461 0.0031215 0.0016 0.00321152 0.00368 0.0016 0.00493 0.00368 0.0016 0.00473 0.00359459 0.0016 0.00492614 0.0030868 0.0016 0.00352109 0.00313637 0.0016 0.00346331 0.0029371 0.0016 0.00338791 0.00334631 0.0016 0.00486946 0.00342753 0.0016 0.00489582 0.00345562 0.0016 0.00469563 0.00280643 0.0016 0.0036067 0.00297663 0.0016 0.00371973 0.00300659 0.0016 0.00364983 0.00331606 0.0016 0.00463578 0.00325173 0.0016 0.00459568 0.0031929 0.0016 0.00479561 0.00273858 0.0016 0.00385268 0.00273097 0.0016 0.0039376 0.00293097 0.0016 0.00394217 0.00313648 0.0016 0.00449679 0.00293743 0.0016 0.0045725 0.00299345 0.0016 0.0046366 0.00275384 0.0016 0.00419149 0.00295395 0.0016 0.00416802 0.0029387 0.0016 0.00409378 0.00297675 0.0016 0.00424064 0.00280646 0.0016 0.00435341 0.00300674 0.0016 0.00431046 0.00273865 0.0016 0.00410777 0.00293097 0.0016 0.00401809 0.00308706 0.0016 0.00443924 0.00288718 0.0016 0.00450338 0.0027766 0.0016 0.00427382 0.00284358 0.0016 0.0044304 0.00293863 0.0016 0.00386662 0.0027538 0.0016 0.00376877 0.00273097 0.0016 0.00402278 0.00277643 0.0016 0.00368667 0.00295394 0.0016 0.00379203 0.00304356 0.0016 0.00437678 0.00319159 0.0016 0.00454916 0.00312178 0.0016 0.00474867 0.00305513 0.0016 0.00469555 0.00304347 0.0016 0.00358338 0.00288714 0.0016 0.00345666 0.00284332 0.0016 0.00353007 0.00338442 0.0016 0.00466929 0.00326804 0.0016 0.00483601 0.00319133 0.0016 0.00341107 0.00305477 0.0016 0.00326477 0.00299329 0.0016 0.00332355 0.00360394 0.0016 0.00472612 0.00351043 0.0016 0.00491474 0.00352915 0.0016 0.00471467 0.00331597 0.0016 0.00332428 0.00338404 0.0016 0.00329088 0.00326764 0.0016 0.00312417 0.00375606 0.0016 0.00472612 0.00384973 0.0016 0.0049147 0.00376541 0.0016 0.00492614 0.00345539 0.0016 0.00326442 0.00334603 0.0016 0.00309066 0.00397596 0.0016 0.00466912 0.00401397 0.0016 0.00486934 0.00360394 0.0016 0.00323388 0.00359459 0.0016 0.00303386 0.00436671 0.0016 0.00463645 0.00410858 0.0016 0.00459547 0.00376541 0.0016 0.00303386 0.00368 0.0016 0.00303 0.00368 0.0016 0.00323 0.00422352 -0.0001 0.00449679 0.00427294 -0.0001 0.00443924 0.00442257 -0.0001 0.0045725 0.00435341 -0.0001 0.00364983 0.00455357 -0.0001 0.0036067 0.00438337 -0.0001 0.00371973 0.00440606 -0.0001 0.00379203 0.0046062 -0.0001 0.00376877 0.00442137 -0.0001 0.00386662 0.00451668 -0.0001 0.00353007 0.0044229 -0.0001 0.00338791 0.00422363 -0.0001 0.00346331 0.00436671 -0.0001 0.00332355 0.00462142 -0.0001 0.00385268 0.00442903 -0.0001 0.00394217 0.00458357 -0.0001 0.00368667 0.00442903 -0.0001 0.00401809 0.00462903 -0.0001 0.00402278 0.00462135 -0.0001 0.00410777 0.00462903 -0.0001 0.0039376 0.0042732 -0.0001 0.00352109 0.00447286 -0.0001 0.00345666 0.00431653 -0.0001 0.00358338 0.00460616 -0.0001 0.00419149 0.0044213 -0.0001 0.00409378 0.00416867 -0.0001 0.00341107 0.0042385 -0.0001 0.00321152 0.00430523 -0.0001 0.00326477 0.0045834 -0.0001 0.00427382 0.00440605 -0.0001 0.00416802 0.00416745 -0.0001 0.00316461 0.00410858 -0.0001 0.00336453 0.00438325 -0.0001 0.00424064 0.00404403 -0.0001 0.00332428 0.00397596 -0.0001 0.00329088 0.00409236 -0.0001 0.00312417 0.00455354 -0.0001 0.00435341 0.00435326 -0.0001 0.00431046 0.00393295 -0.0001 0.00306431 0.00401397 -0.0001 0.00309066 0.00390461 -0.0001 0.00326442 0.00451642 -0.0001 0.0044304 0.00431644 -0.0001 0.00437678 0.00383114 -0.0001 0.0032454 0.00375606 -0.0001 0.00323388 0.00384973 -0.0001 0.0030453 0.00447282 -0.0001 0.00450338 0.0041671 -0.0001 0.00479561 0.00409196 -0.0001 0.00483601 0.00404394 -0.0001 0.00463578 0.00416841 -0.0001 0.00454916 0.00430487 -0.0001 0.00469555 0.00423822 -0.0001 0.00474867 0.00390438 -0.0001 0.00469563 0.00393247 -0.0001 0.00489582 0.00383085 -0.0001 0.00471467 0.00352915 -0.0001 0.00324533 0.00342753 -0.0001 0.00306418 0.00351043 -0.0001 0.00304526 0.00325173 -0.0001 0.00336432 0.00312178 -0.0001 0.00321133 0.0031929 -0.0001 0.00316439 0.00368 -0.0001 0.00493 0.00359459 -0.0001 0.00492614 0.00368 -0.0001 0.00473 0.00308706 -0.0001 0.00352076 0.00293743 -0.0001 0.0033875 0.00313648 -0.0001 0.00346321 0.00334603 -0.0001 0.00486934 0.00345539 -0.0001 0.00469558 0.00342705 -0.0001 0.00489569 0.00280646 -0.0001 0.00360659 0.00300674 -0.0001 0.00364954 0.00297675 -0.0001 0.00371936 0.00331597 -0.0001 0.00463572 0.00319255 -0.0001 0.00479539 0.00325142 -0.0001 0.00459547 0.00273865 -0.0001 0.00385223 0.00293097 -0.0001 0.00394191 0.00273097 -0.0001 0.00393722 0.00313637 -0.0001 0.00449669 0.00299329 -0.0001 0.00463645 0.0029371 -0.0001 0.00457209 0.0027538 -0.0001 0.00419123 0.00293863 -0.0001 0.00409338 0.00295394 -0.0001 0.00416797 0.00297663 -0.0001 0.00424027 0.00300659 -0.0001 0.00431017 0.00280643 -0.0001 0.0043533 0.00273858 -0.0001 0.00410732 0.00293097 -0.0001 0.00401783 0.0030868 -0.0001 0.00443891 0.00288714 -0.0001 0.00450333 0.00277643 -0.0001 0.00427333 0.00284332 -0.0001 0.00442993 0.00275384 -0.0001 0.00376851 0.0029387 -0.0001 0.00386622 0.00273097 -0.0001 0.0040224 0.0027766 -0.0001 0.00368618 0.00295395 -0.0001 0.00379198 0.00304347 -0.0001 0.00437662 0.0031215 -0.0001 0.00474848 0.00319133 -0.0001 0.00454893 0.00305477 -0.0001 0.00469523 0.00304356 -0.0001 0.00358322 0.00288718 -0.0001 0.00345662 0.00284358 -0.0001 0.0035296 0.00338404 -0.0001 0.00466912 0.00326764 -0.0001 0.00483583 0.00319159 -0.0001 0.00341084 0.00305513 -0.0001 0.00326445 0.00299345 -0.0001 0.0033234 0.00360394 -0.0001 0.00472612 0.00351027 -0.0001 0.0049147 0.00352886 -0.0001 0.0047146 0.00331606 -0.0001 0.00332422 0.00326804 -0.0001 0.00312399 0.00338442 -0.0001 0.00329071 0.00384957 -0.0001 0.00491474 0.00375606 -0.0001 0.00472612 0.00376541 -0.0001 0.00492614 0.00345562 -0.0001 0.00326437 0.00334631 -0.0001 0.00309054 0.00397558 -0.0001 0.00466929 0.00401369 -0.0001 0.00486946 0.00359459 -0.0001 0.00303386 0.00360394 -0.0001 0.00323388 0.00436655 -0.0001 0.0046366 0.00410827 -0.0001 0.00459568 0.00376541 -0.0001 0.00303386 0.00368 -0.0001 0.00323 0.00368 -0.0001 0.00303 0.00168363 0.0016 0.00449669 0.0018829 0.0016 0.00457209 0.0017332 0.0016 0.00443891 0.00181326 0.0016 0.00364954 0.00184325 0.0016 0.00371936 0.00201354 0.0016 0.00360659 0.00186605 0.0016 0.00379198 0.0018813 0.0016 0.00386622 0.00206616 0.0016 0.00376851 0.00197642 0.0016 0.0035296 0.00188257 0.0016 0.0033875 0.00182655 0.0016 0.0033234 0.00168352 0.0016 0.00346321 0.00208135 0.0016 0.00385223 0.00188903 0.0016 0.00394191 0.0020434 0.0016 0.00368618 0.00188903 0.0016 0.00401783 0.00208142 0.0016 0.00410732 0.00208903 0.0016 0.0040224 0.00208903 0.0016 0.00393722 0.00173294 0.0016 0.00352076 0.00177644 0.0016 0.00358322 0.00193282 0.0016 0.00345662 0.00188137 0.0016 0.00409338 0.0020662 0.0016 0.00419123 0.00162841 0.0016 0.00341084 0.00176487 0.0016 0.00326445 0.00169822 0.0016 0.00321133 0.00204357 0.0016 0.00427333 0.00186606 0.0016 0.00416797 0.0016271 0.0016 0.00316439 0.00156827 0.0016 0.00336432 0.00184337 0.0016 0.00424027 0.00150394 0.0016 0.00332422 0.00155196 0.0016 0.00312399 0.00143558 0.0016 0.00329071 0.00201357 0.0016 0.0043533 0.00181341 0.0016 0.00431017 0.00139247 0.0016 0.00306418 0.00136438 0.0016 0.00326437 0.00147369 0.0016 0.00309054 0.00197668 0.0016 0.00442993 0.00177653 0.0016 0.00437662 0.00129085 0.0016 0.00324533 0.00130957 0.0016 0.00304526 0.00121606 0.0016 0.00323388 0.00193286 0.0016 0.00450333 0.00162745 0.0016 0.00479539 0.00150403 0.0016 0.00463572 0.00155236 0.0016 0.00483583 0.00162867 0.0016 0.00454893 0.0016985 0.0016 0.00474848 0.00176523 0.0016 0.00469523 0.00136461 0.0016 0.00469558 0.00129114 0.0016 0.0047146 0.00139295 0.0016 0.00489569 0.000988859 0.0016 0.0032454 0.000970268 0.0016 0.0030453 0.000887047 0.0016 0.00306431 0.000711419 0.0016 0.00336453 0.000652554 0.0016 0.00316461 0.000581495 0.0016 0.00321152 0.00114 0.0016 0.00493 0.00114 0.0016 0.00473 0.00105459 0.0016 0.00492614 0.0005468 0.0016 0.00352109 0.000596369 0.0016 0.00346331 0.000397104 0.0016 0.00338791 0.000806306 0.0016 0.00486946 0.000887532 0.0016 0.00489582 0.000915615 0.0016 0.00469563 0.000266427 0.0016 0.0036067 0.000436628 0.0016 0.00371973 0.000466591 0.0016 0.00364983 0.000776055 0.0016 0.00463578 0.000711728 0.0016 0.00459568 0.000652896 0.0016 0.00479561 0.000198578 0.0016 0.00385268 0.000190968 0.0016 0.0039376 0.00039097 0.0016 0.00394217 0.000596477 0.0016 0.00449679 0.000397426 0.0016 0.0045725 0.000453449 0.0016 0.0046366 0.000213842 0.0016 0.00419149 0.000413955 0.0016 0.00416802 0.000398697 0.0016 0.00409378 0.000436754 0.0016 0.00424064 0.000266465 0.0016 0.00435341 0.000466745 0.0016 0.00431046 0.000198654 0.0016 0.00410777 0.00039097 0.0016 0.00401809 0.000547059 0.0016 0.00443924 0.000347181 0.0016 0.00450338 0.0002366 0.0016 0.00427382 0.000303577 0.0016 0.0044304 0.000398629 0.0016 0.00386662 0.000213799 0.0016 0.00376877 0.000190968 0.0016 0.00402278 0.000236434 0.0016 0.00368667 0.000413938 0.0016 0.00379203 0.000503556 0.0016 0.00437678 0.000651588 0.0016 0.00454916 0.000581782 0.0016 0.00474867 0.000515127 0.0016 0.00469555 0.000503465 0.0016 0.00358338 0.000347144 0.0016 0.00345666 0.000303323 0.0016 0.00353007 0.000844424 0.0016 0.00466929 0.000728044 0.0016 0.00483601 0.000651332 0.0016 0.00341107 0.000514772 0.0016 0.00326477 0.00045329 0.0016 0.00332355 0.00106394 0.0016 0.00472612 0.000970431 0.0016 0.00491474 0.000989145 0.0016 0.00471467 0.00077597 0.0016 0.00332428 0.000844041 0.0016 0.00329088 0.000727644 0.0016 0.00312417 0.00121606 0.0016 0.00472612 0.00130973 0.0016 0.0049147 0.00122541 0.0016 0.00492614 0.000915394 0.0016 0.00326442 0.000806028 0.0016 0.00309066 0.00143596 0.0016 0.00466912 0.00147397 0.0016 0.00486934 0.00106394 0.0016 0.00323388 0.00105459 0.0016 0.00303386 0.00182671 0.0016 0.00463645 0.00156858 0.0016 0.00459547 0.00122541 0.0016 0.00303386 0.00114 0.0016 0.00303 0.00114 0.0016 0.00323 0.00168352 -0.0001 0.00449679 0.00173294 -0.0001 0.00443924 0.00188257 -0.0001 0.0045725 0.00181341 -0.0001 0.00364983 0.00201357 -0.0001 0.0036067 0.00184337 -0.0001 0.00371973 0.00186606 -0.0001 0.00379203 0.0020662 -0.0001 0.00376877 0.00188137 -0.0001 0.00386662 0.00197668 -0.0001 0.00353007 0.0018829 -0.0001 0.00338791 0.00168363 -0.0001 0.00346331 0.00182671 -0.0001 0.00332355 0.00208142 -0.0001 0.00385268 0.00188903 -0.0001 0.00394217 0.00204357 -0.0001 0.00368667 0.00188903 -0.0001 0.00401809 0.00208903 -0.0001 0.00402278 0.00208135 -0.0001 0.00410777 0.00208903 -0.0001 0.0039376 0.0017332 -0.0001 0.00352109 0.00193286 -0.0001 0.00345666 0.00177653 -0.0001 0.00358338 0.00206616 -0.0001 0.00419149 0.0018813 -0.0001 0.00409378 0.00162867 -0.0001 0.00341107 0.0016985 -0.0001 0.00321152 0.00176523 -0.0001 0.00326477 0.0020434 -0.0001 0.00427382 0.00186605 -0.0001 0.00416802 0.00162745 -0.0001 0.00316461 0.00156858 -0.0001 0.00336453 0.00184325 -0.0001 0.00424064 0.00150403 -0.0001 0.00332428 0.00143596 -0.0001 0.00329088 0.00155236 -0.0001 0.00312417 0.00201354 -0.0001 0.00435341 0.00181326 -0.0001 0.00431046 0.00139295 -0.0001 0.00306431 0.00147397 -0.0001 0.00309066 0.00136461 -0.0001 0.00326442 0.00197642 -0.0001 0.0044304 0.00177644 -0.0001 0.00437678 0.00129114 -0.0001 0.0032454 0.00121606 -0.0001 0.00323388 0.00130973 -0.0001 0.0030453 0.00193282 -0.0001 0.00450338 0.0016271 -0.0001 0.00479561 0.00155196 -0.0001 0.00483601 0.00150394 -0.0001 0.00463578 0.00162841 -0.0001 0.00454916 0.00176487 -0.0001 0.00469555 0.00169822 -0.0001 0.00474867 0.00136438 -0.0001 0.00469563 0.00139247 -0.0001 0.00489582 0.00129085 -0.0001 0.00471467 0.000989145 -0.0001 0.00324533 0.000887532 -0.0001 0.00306418 0.000970431 -0.0001 0.00304526 0.000711728 -0.0001 0.00336432 0.000581782 -0.0001 0.00321133 0.000652896 -0.0001 0.00316439 0.00114 -0.0001 0.00493 0.00105459 -0.0001 0.00492614 0.00114 -0.0001 0.00473 0.000547059 -0.0001 0.00352076 0.000397426 -0.0001 0.0033875 0.000596477 -0.0001 0.00346321 0.000806028 -0.0001 0.00486934 0.000915394 -0.0001 0.00469558 0.000887047 -0.0001 0.00489569 0.000266465 -0.0001 0.00360659 0.000466745 -0.0001 0.00364954 0.000436754 -0.0001 0.00371936 0.00077597 -0.0001 0.00463572 0.000652554 -0.0001 0.00479539 0.000711419 -0.0001 0.00459547 0.000198654 -0.0001 0.00385223 0.00039097 -0.0001 0.00394191 0.000190968 -0.0001 0.00393722 0.000596369 -0.0001 0.00449669 0.00045329 -0.0001 0.00463645 0.000397104 -0.0001 0.00457209 0.000213799 -0.0001 0.00419123 0.000398629 -0.0001 0.00409338 0.000413938 -0.0001 0.00416797 0.000436628 -0.0001 0.00424027 0.000466591 -0.0001 0.00431017 0.000266427 -0.0001 0.0043533 0.000198578 -0.0001 0.00410732 0.00039097 -0.0001 0.00401783 0.0005468 -0.0001 0.00443891 0.000347144 -0.0001 0.00450333 0.000236434 -0.0001 0.00427333 0.000303323 -0.0001 0.00442993 0.000213842 -0.0001 0.00376851 0.000398697 -0.0001 0.00386622 0.000190968 -0.0001 0.0040224 0.0002366 -0.0001 0.00368618 0.000413955 -0.0001 0.00379198 0.000503465 -0.0001 0.00437662 0.000581495 -0.0001 0.00474848 0.000651332 -0.0001 0.00454893 0.000514772 -0.0001 0.00469523 0.000503556 -0.0001 0.00358322 0.000347181 -0.0001 0.00345662 0.000303577 -0.0001 0.0035296 0.000844041 -0.0001 0.00466912 0.000727644 -0.0001 0.00483583 0.000651588 -0.0001 0.00341084 0.000515127 -0.0001 0.00326445 0.000453449 -0.0001 0.0033234 0.00106394 -0.0001 0.00472612 0.000970268 -0.0001 0.0049147 0.000988859 -0.0001 0.0047146 0.000776055 -0.0001 0.00332422 0.000728044 -0.0001 0.00312399 0.000844424 -0.0001 0.00329071 0.00130957 -0.0001 0.00491474 0.00121606 -0.0001 0.00472612 0.00122541 -0.0001 0.00492614 0.000915615 -0.0001 0.00326437 0.000806306 -0.0001 0.00309054 0.00143558 -0.0001 0.00466929 0.00147369 -0.0001 0.00486946 0.00105459 -0.0001 0.00303386 0.00106394 -0.0001 0.00323388 0.00182655 -0.0001 0.0046366 0.00156827 -0.0001 0.00459568 0.00122541 -0.0001 0.00303386 0.00114 -0.0001 0.00323 0.00114 -0.0001 0.00303 -0.000856369 0.0016 0.00449669 -0.000657104 0.0016 0.00457209 -0.0008068 0.0016 0.00443891 -0.000726745 0.0016 0.00364954 -0.000696754 0.0016 0.00371936 -0.000526465 0.0016 0.00360659 -0.000673955 0.0016 0.00379198 -0.000658697 0.0016 0.00386622 -0.000473842 0.0016 0.00376851 -0.000563577 0.0016 0.0035296 -0.000657426 0.0016 0.0033875 -0.000713449 0.0016 0.0033234 -0.000856477 0.0016 0.00346321 -0.000458654 0.0016 0.00385223 -0.00065097 0.0016 0.00394191 -0.0004966 0.0016 0.00368618 -0.00065097 0.0016 0.00401783 -0.000458578 0.0016 0.00410732 -0.000450968 0.0016 0.0040224 -0.000450968 0.0016 0.00393722 -0.00080706 0.0016 0.00352076 -0.000763556 0.0016 0.00358322 -0.000607181 0.0016 0.00345662 -0.000658629 0.0016 0.00409338 -0.000473799 0.0016 0.00419123 -0.000911588 0.0016 0.00341084 -0.000775127 0.0016 0.00326445 -0.000841782 0.0016 0.00321133 -0.000496434 0.0016 0.00427333 -0.000673938 0.0016 0.00416797 -0.000912896 0.0016 0.00316439 -0.000971728 0.0016 0.00336432 -0.000696628 0.0016 0.00424027 -0.00103606 0.0016 0.00332422 -0.000988044 0.0016 0.00312399 -0.00110442 0.0016 0.00329071 -0.000526427 0.0016 0.0043533 -0.000726591 0.0016 0.00431017 -0.00114753 0.0016 0.00306418 -0.00117562 0.0016 0.00326437 -0.00106631 0.0016 0.00309054 -0.000563323 0.0016 0.00442993 -0.000763465 0.0016 0.00437662 -0.00124915 0.0016 0.00324533 -0.00123043 0.0016 0.00304526 -0.00132394 0.0016 0.00323388 -0.000607144 0.0016 0.00450333 -0.000912554 0.0016 0.00479539 -0.00103597 0.0016 0.00463572 -0.000987645 0.0016 0.00483583 -0.000911332 0.0016 0.00454893 -0.000841495 0.0016 0.00474848 -0.000774772 0.0016 0.00469523 -0.00117539 0.0016 0.00469558 -0.00124886 0.0016 0.0047146 -0.00114705 0.0016 0.00489569 -0.00155114 0.0016 0.0032454 -0.00156973 0.0016 0.0030453 -0.00165295 0.0016 0.00306431 -0.00182858 0.0016 0.00336453 -0.00188745 0.0016 0.00316461 -0.00195851 0.0016 0.00321152 -0.0014 0.0016 0.00493 -0.0014 0.0016 0.00473 -0.00148541 0.0016 0.00492614 -0.0019932 0.0016 0.00352109 -0.00194363 0.0016 0.00346331 -0.0021429 0.0016 0.00338791 -0.00173369 0.0016 0.00486946 -0.00165247 0.0016 0.00489582 -0.00162438 0.0016 0.00469563 -0.00227357 0.0016 0.0036067 -0.00210337 0.0016 0.00371973 -0.00207341 0.0016 0.00364983 -0.00176394 0.0016 0.00463578 -0.00182827 0.0016 0.00459568 -0.0018871 0.0016 0.00479561 -0.00234142 0.0016 0.00385268 -0.00234903 0.0016 0.0039376 -0.00214903 0.0016 0.00394217 -0.00194352 0.0016 0.00449679 -0.00214257 0.0016 0.0045725 -0.00208655 0.0016 0.0046366 -0.00232616 0.0016 0.00419149 -0.00212605 0.0016 0.00416802 -0.0021413 0.0016 0.00409378 -0.00210325 0.0016 0.00424064 -0.00227354 0.0016 0.00435341 -0.00207326 0.0016 0.00431046 -0.00234135 0.0016 0.00410777 -0.00214903 0.0016 0.00401809 -0.00199294 0.0016 0.00443924 -0.00219282 0.0016 0.00450338 -0.0023034 0.0016 0.00427382 -0.00223642 0.0016 0.0044304 -0.00214137 0.0016 0.00386662 -0.0023262 0.0016 0.00376877 -0.00234903 0.0016 0.00402278 -0.00230357 0.0016 0.00368667 -0.00212606 0.0016 0.00379203 -0.00203644 0.0016 0.00437678 -0.00188841 0.0016 0.00454916 -0.00195822 0.0016 0.00474867 -0.00202487 0.0016 0.00469555 -0.00203653 0.0016 0.00358338 -0.00219286 0.0016 0.00345666 -0.00223668 0.0016 0.00353007 -0.00169558 0.0016 0.00466929 -0.00181196 0.0016 0.00483601 -0.00188867 0.0016 0.00341107 -0.00202523 0.0016 0.00326477 -0.00208671 0.0016 0.00332355 -0.00147606 0.0016 0.00472612 -0.00156957 0.0016 0.00491474 -0.00155085 0.0016 0.00471467 -0.00176403 0.0016 0.00332428 -0.00169596 0.0016 0.00329088 -0.00181236 0.0016 0.00312417 -0.00132394 0.0016 0.00472612 -0.00123027 0.0016 0.0049147 -0.00131459 0.0016 0.00492614 -0.00162461 0.0016 0.00326442 -0.00173397 0.0016 0.00309066 -0.00110404 0.0016 0.00466912 -0.00106603 0.0016 0.00486934 -0.00147606 0.0016 0.00323388 -0.00148541 0.0016 0.00303386 -0.00071329 0.0016 0.00463645 -0.000971419 0.0016 0.00459547 -0.00131459 0.0016 0.00303386 -0.0014 0.0016 0.00303 -0.0014 0.0016 0.00323 -0.000856477 -0.0001 0.00449679 -0.00080706 -0.0001 0.00443924 -0.000657426 -0.0001 0.0045725 -0.000726591 -0.0001 0.00364983 -0.000526427 -0.0001 0.0036067 -0.000696628 -0.0001 0.00371973 -0.000673938 -0.0001 0.00379203 -0.000473799 -0.0001 0.00376877 -0.000658629 -0.0001 0.00386662 -0.000563323 -0.0001 0.00353007 -0.000657104 -0.0001 0.00338791 -0.000856369 -0.0001 0.00346331 -0.00071329 -0.0001 0.00332355 -0.000458578 -0.0001 0.00385268 -0.00065097 -0.0001 0.00394217 -0.000496434 -0.0001 0.00368667 -0.00065097 -0.0001 0.00401809 -0.000450968 -0.0001 0.00402278 -0.000458654 -0.0001 0.00410777 -0.000450968 -0.0001 0.0039376 -0.0008068 -0.0001 0.00352109 -0.000607144 -0.0001 0.00345666 -0.000763465 -0.0001 0.00358338 -0.000473842 -0.0001 0.00419149 -0.000658697 -0.0001 0.00409378 -0.000911332 -0.0001 0.00341107 -0.000841495 -0.0001 0.00321152 -0.000774772 -0.0001 0.00326477 -0.0004966 -0.0001 0.00427382 -0.000673955 -0.0001 0.00416802 -0.000912554 -0.0001 0.00316461 -0.000971419 -0.0001 0.00336453 -0.000696754 -0.0001 0.00424064 -0.00103597 -0.0001 0.00332428 -0.00110404 -0.0001 0.00329088 -0.000987645 -0.0001 0.00312417 -0.000526465 -0.0001 0.00435341 -0.000726745 -0.0001 0.00431046 -0.00114705 -0.0001 0.00306431 -0.00106603 -0.0001 0.00309066 -0.00117539 -0.0001 0.00326442 -0.000563577 -0.0001 0.0044304 -0.000763556 -0.0001 0.00437678 -0.00124886 -0.0001 0.0032454 -0.00132394 -0.0001 0.00323388 -0.00123027 -0.0001 0.0030453 -0.000607181 -0.0001 0.00450338 -0.000912896 -0.0001 0.00479561 -0.000988044 -0.0001 0.00483601 -0.00103606 -0.0001 0.00463578 -0.000911588 -0.0001 0.00454916 -0.000775127 -0.0001 0.00469555 -0.000841782 -0.0001 0.00474867 -0.00117562 -0.0001 0.00469563 -0.00114753 -0.0001 0.00489582 -0.00124915 -0.0001 0.00471467 -0.00155085 -0.0001 0.00324533 -0.00165247 -0.0001 0.00306418 -0.00156957 -0.0001 0.00304526 -0.00182827 -0.0001 0.00336432 -0.00195822 -0.0001 0.00321133 -0.0018871 -0.0001 0.00316439 -0.0014 -0.0001 0.00493 -0.00148541 -0.0001 0.00492614 -0.0014 -0.0001 0.00473 -0.00199294 -0.0001 0.00352076 -0.00214257 -0.0001 0.0033875 -0.00194352 -0.0001 0.00346321 -0.00173397 -0.0001 0.00486934 -0.00162461 -0.0001 0.00469558 -0.00165295 -0.0001 0.00489569 -0.00227354 -0.0001 0.00360659 -0.00207326 -0.0001 0.00364954 -0.00210325 -0.0001 0.00371936 -0.00176403 -0.0001 0.00463572 -0.00188745 -0.0001 0.00479539 -0.00182858 -0.0001 0.00459547 -0.00234135 -0.0001 0.00385223 -0.00214903 -0.0001 0.00394191 -0.00234903 -0.0001 0.00393722 -0.00194363 -0.0001 0.00449669 -0.00208671 -0.0001 0.00463645 -0.0021429 -0.0001 0.00457209 -0.0023262 -0.0001 0.00419123 -0.00214137 -0.0001 0.00409338 -0.00212606 -0.0001 0.00416797 -0.00210337 -0.0001 0.00424027 -0.00207341 -0.0001 0.00431017 -0.00227357 -0.0001 0.0043533 -0.00234142 -0.0001 0.00410732 -0.00214903 -0.0001 0.00401783 -0.0019932 -0.0001 0.00443891 -0.00219286 -0.0001 0.00450333 -0.00230357 -0.0001 0.00427333 -0.00223668 -0.0001 0.00442993 -0.00232616 -0.0001 0.00376851 -0.0021413 -0.0001 0.00386622 -0.00234903 -0.0001 0.0040224 -0.0023034 -0.0001 0.00368618 -0.00212605 -0.0001 0.00379198 -0.00203653 -0.0001 0.00437662 -0.00195851 -0.0001 0.00474848 -0.00188867 -0.0001 0.00454893 -0.00202523 -0.0001 0.00469523 -0.00203644 -0.0001 0.00358322 -0.00219282 -0.0001 0.00345662 -0.00223642 -0.0001 0.0035296 -0.00169596 -0.0001 0.00466912 -0.00181236 -0.0001 0.00483583 -0.00188841 -0.0001 0.00341084 -0.00202487 -0.0001 0.00326445 -0.00208655 -0.0001 0.0033234 -0.00147606 -0.0001 0.00472612 -0.00156973 -0.0001 0.0049147 -0.00155114 -0.0001 0.0047146 -0.00176394 -0.0001 0.00332422 -0.00181196 -0.0001 0.00312399 -0.00169558 -0.0001 0.00329071 -0.00123043 -0.0001 0.00491474 -0.00132394 -0.0001 0.00472612 -0.00131459 -0.0001 0.00492614 -0.00162438 -0.0001 0.00326437 -0.00173369 -0.0001 0.00309054 -0.00110442 -0.0001 0.00466929 -0.00106631 -0.0001 0.00486946 -0.00148541 -0.0001 0.00303386 -0.00147606 -0.0001 0.00323388 -0.000713449 -0.0001 0.0046366 -0.000971728 -0.0001 0.00459568 -0.00131459 -0.0001 0.00303386 -0.0014 -0.0001 0.00323 -0.0014 -0.0001 0.00303 -0.00339637 0.0016 0.00449669 -0.0031971 0.0016 0.00457209 -0.0033468 0.0016 0.00443891 -0.00326674 0.0016 0.00364954 -0.00323675 0.0016 0.00371936 -0.00306646 0.0016 0.00360659 -0.00321395 0.0016 0.00379198 -0.0031987 0.0016 0.00386622 -0.00301384 0.0016 0.00376851 -0.00310358 0.0016 0.0035296 -0.00319743 0.0016 0.0033875 -0.00325345 0.0016 0.0033234 -0.00339648 0.0016 0.00346321 -0.00299865 0.0016 0.00385223 -0.00319097 0.0016 0.00394191 -0.0030366 0.0016 0.00368618 -0.00319097 0.0016 0.00401783 -0.00299858 0.0016 0.00410732 -0.00299097 0.0016 0.0040224 -0.00299097 0.0016 0.00393722 -0.00334706 0.0016 0.00352076 -0.00330356 0.0016 0.00358322 -0.00314718 0.0016 0.00345662 -0.00319863 0.0016 0.00409338 -0.0030138 0.0016 0.00419123 -0.00345159 0.0016 0.00341084 -0.00331513 0.0016 0.00326445 -0.00338178 0.0016 0.00321133 -0.00303643 0.0016 0.00427333 -0.00321394 0.0016 0.00416797 -0.0034529 0.0016 0.00316439 -0.00351173 0.0016 0.00336432 -0.00323663 0.0016 0.00424027 -0.00357606 0.0016 0.00332422 -0.00352804 0.0016 0.00312399 -0.00364442 0.0016 0.00329071 -0.00306643 0.0016 0.0043533 -0.00326659 0.0016 0.00431017 -0.00368753 0.0016 0.00306418 -0.00371562 0.0016 0.00326437 -0.00360631 0.0016 0.00309054 -0.00310332 0.0016 0.00442993 -0.00330347 0.0016 0.00437662 -0.00378915 0.0016 0.00324533 -0.00377043 0.0016 0.00304526 -0.00386394 0.0016 0.00323388 -0.00314714 0.0016 0.00450333 -0.00345255 0.0016 0.00479539 -0.00357597 0.0016 0.00463572 -0.00352764 0.0016 0.00483583 -0.00345133 0.0016 0.00454893 -0.00338149 0.0016 0.00474848 -0.00331477 0.0016 0.00469523 -0.00371539 0.0016 0.00469558 -0.00378886 0.0016 0.0047146 -0.00368705 0.0016 0.00489569 -0.00409114 0.0016 0.0032454 -0.00410973 0.0016 0.0030453 -0.00419295 0.0016 0.00306431 -0.00436858 0.0016 0.00336453 -0.00442745 0.0016 0.00316461 -0.00449851 0.0016 0.00321152 -0.00394 0.0016 0.00493 -0.00394 0.0016 0.00473 -0.00402541 0.0016 0.00492614 -0.0045332 0.0016 0.00352109 -0.00448363 0.0016 0.00346331 -0.0046829 0.0016 0.00338791 -0.00427369 0.0016 0.00486946 -0.00419247 0.0016 0.00489582 -0.00416438 0.0016 0.00469563 -0.00481357 0.0016 0.0036067 -0.00464337 0.0016 0.00371973 -0.00461341 0.0016 0.00364983 -0.00430394 0.0016 0.00463578 -0.00436827 0.0016 0.00459568 -0.0044271 0.0016 0.00479561 -0.00488142 0.0016 0.00385268 -0.00488903 0.0016 0.0039376 -0.00468903 0.0016 0.00394217 -0.00448352 0.0016 0.00449679 -0.00468257 0.0016 0.0045725 -0.00462655 0.0016 0.0046366 -0.00486616 0.0016 0.00419149 -0.00466605 0.0016 0.00416802 -0.0046813 0.0016 0.00409378 -0.00464325 0.0016 0.00424064 -0.00481354 0.0016 0.00435341 -0.00461326 0.0016 0.00431046 -0.00488135 0.0016 0.00410777 -0.00468903 0.0016 0.00401809 -0.00453294 0.0016 0.00443924 -0.00473282 0.0016 0.00450338 -0.0048434 0.0016 0.00427382 -0.00477642 0.0016 0.0044304 -0.00468137 0.0016 0.00386662 -0.0048662 0.0016 0.00376877 -0.00488903 0.0016 0.00402278 -0.00484357 0.0016 0.00368667 -0.00466606 0.0016 0.00379203 -0.00457644 0.0016 0.00437678 -0.00442841 0.0016 0.00454916 -0.00449822 0.0016 0.00474867 -0.00456487 0.0016 0.00469555 -0.00457653 0.0016 0.00358338 -0.00473286 0.0016 0.00345666 -0.00477668 0.0016 0.00353007 -0.00423558 0.0016 0.00466929 -0.00435196 0.0016 0.00483601 -0.00442867 0.0016 0.00341107 -0.00456523 0.0016 0.00326477 -0.00462671 0.0016 0.00332355 -0.00401606 0.0016 0.00472612 -0.00410957 0.0016 0.00491474 -0.00409085 0.0016 0.00471467 -0.00430403 0.0016 0.00332428 -0.00423596 0.0016 0.00329088 -0.00435236 0.0016 0.00312417 -0.00386394 0.0016 0.00472612 -0.00377027 0.0016 0.0049147 -0.00385459 0.0016 0.00492614 -0.00416461 0.0016 0.00326442 -0.00427397 0.0016 0.00309066 -0.00364404 0.0016 0.00466912 -0.00360603 0.0016 0.00486934 -0.00401606 0.0016 0.00323388 -0.00402541 0.0016 0.00303386 -0.00325329 0.0016 0.00463645 -0.00351142 0.0016 0.00459547 -0.00385459 0.0016 0.00303386 -0.00394 0.0016 0.00303 -0.00394 0.0016 0.00323 -0.00339648 -0.0001 0.00449679 -0.00334706 -0.0001 0.00443924 -0.00319743 -0.0001 0.0045725 -0.00326659 -0.0001 0.00364983 -0.00306643 -0.0001 0.0036067 -0.00323663 -0.0001 0.00371973 -0.00321394 -0.0001 0.00379203 -0.0030138 -0.0001 0.00376877 -0.00319863 -0.0001 0.00386662 -0.00310332 -0.0001 0.00353007 -0.0031971 -0.0001 0.00338791 -0.00339637 -0.0001 0.00346331 -0.00325329 -0.0001 0.00332355 -0.00299858 -0.0001 0.00385268 -0.00319097 -0.0001 0.00394217 -0.00303643 -0.0001 0.00368667 -0.00319097 -0.0001 0.00401809 -0.00299097 -0.0001 0.00402278 -0.00299865 -0.0001 0.00410777 -0.00299097 -0.0001 0.0039376 -0.0033468 -0.0001 0.00352109 -0.00314714 -0.0001 0.00345666 -0.00330347 -0.0001 0.00358338 -0.00301384 -0.0001 0.00419149 -0.0031987 -0.0001 0.00409378 -0.00345133 -0.0001 0.00341107 -0.00338149 -0.0001 0.00321152 -0.00331477 -0.0001 0.00326477 -0.0030366 -0.0001 0.00427382 -0.00321395 -0.0001 0.00416802 -0.00345255 -0.0001 0.00316461 -0.00351142 -0.0001 0.00336453 -0.00323675 -0.0001 0.00424064 -0.00357597 -0.0001 0.00332428 -0.00364404 -0.0001 0.00329088 -0.00352764 -0.0001 0.00312417 -0.00306646 -0.0001 0.00435341 -0.00326674 -0.0001 0.00431046 -0.00368705 -0.0001 0.00306431 -0.00360603 -0.0001 0.00309066 -0.00371539 -0.0001 0.00326442 -0.00310358 -0.0001 0.0044304 -0.00330356 -0.0001 0.00437678 -0.00378886 -0.0001 0.0032454 -0.00386394 -0.0001 0.00323388 -0.00377027 -0.0001 0.0030453 -0.00314718 -0.0001 0.00450338 -0.0034529 -0.0001 0.00479561 -0.00352804 -0.0001 0.00483601 -0.00357606 -0.0001 0.00463578 -0.00345159 -0.0001 0.00454916 -0.00331513 -0.0001 0.00469555 -0.00338178 -0.0001 0.00474867 -0.00371562 -0.0001 0.00469563 -0.00368753 -0.0001 0.00489582 -0.00378915 -0.0001 0.00471467 -0.00409085 -0.0001 0.00324533 -0.00419247 -0.0001 0.00306418 -0.00410957 -0.0001 0.00304526 -0.00436827 -0.0001 0.00336432 -0.00449822 -0.0001 0.00321133 -0.0044271 -0.0001 0.00316439 -0.00394 -0.0001 0.00493 -0.00402541 -0.0001 0.00492614 -0.00394 -0.0001 0.00473 -0.00453294 -0.0001 0.00352076 -0.00468257 -0.0001 0.0033875 -0.00448352 -0.0001 0.00346321 -0.00427397 -0.0001 0.00486934 -0.00416461 -0.0001 0.00469558 -0.00419295 -0.0001 0.00489569 -0.00481354 -0.0001 0.00360659 -0.00461326 -0.0001 0.00364954 -0.00464325 -0.0001 0.00371936 -0.00430403 -0.0001 0.00463572 -0.00442745 -0.0001 0.00479539 -0.00436858 -0.0001 0.00459547 -0.00488135 -0.0001 0.00385223 -0.00468903 -0.0001 0.00394191 -0.00488903 -0.0001 0.00393722 -0.00448363 -0.0001 0.00449669 -0.00462671 -0.0001 0.00463645 -0.0046829 -0.0001 0.00457209 -0.0048662 -0.0001 0.00419123 -0.00468137 -0.0001 0.00409338 -0.00466606 -0.0001 0.00416797 -0.00464337 -0.0001 0.00424027 -0.00461341 -0.0001 0.00431017 -0.00481357 -0.0001 0.0043533 -0.00488142 -0.0001 0.00410732 -0.00468903 -0.0001 0.00401783 -0.0045332 -0.0001 0.00443891 -0.00473286 -0.0001 0.00450333 -0.00484357 -0.0001 0.00427333 -0.00477668 -0.0001 0.00442993 -0.00486616 -0.0001 0.00376851 -0.0046813 -0.0001 0.00386622 -0.00488903 -0.0001 0.0040224 -0.0048434 -0.0001 0.00368618 -0.00466605 -0.0001 0.00379198 -0.00457653 -0.0001 0.00437662 -0.00449851 -0.0001 0.00474848 -0.00442867 -0.0001 0.00454893 -0.00456523 -0.0001 0.00469523 -0.00457644 -0.0001 0.00358322 -0.00473282 -0.0001 0.00345662 -0.00477642 -0.0001 0.0035296 -0.00423596 -0.0001 0.00466912 -0.00435236 -0.0001 0.00483583 -0.00442841 -0.0001 0.00341084 -0.00456487 -0.0001 0.00326445 -0.00462655 -0.0001 0.0033234 -0.00401606 -0.0001 0.00472612 -0.00410973 -0.0001 0.0049147 -0.00409114 -0.0001 0.0047146 -0.00430394 -0.0001 0.00332422 -0.00435196 -0.0001 0.00312399 -0.00423558 -0.0001 0.00329071 -0.00377043 -0.0001 0.00491474 -0.00386394 -0.0001 0.00472612 -0.00385459 -0.0001 0.00492614 -0.00416438 -0.0001 0.00326437 -0.00427369 -0.0001 0.00309054 -0.00364442 -0.0001 0.00466929 -0.00360631 -0.0001 0.00486946 -0.00402541 -0.0001 0.00303386 -0.00401606 -0.0001 0.00323388 -0.00325345 -0.0001 0.0046366 -0.00351173 -0.0001 0.00459568 -0.00385459 -0.0001 0.00303386 -0.00394 -0.0001 0.00323 -0.00394 -0.0001 0.00303 -0.00593637 0.0016 0.00449669 -0.0057371 0.0016 0.00457209 -0.0058868 0.0016 0.00443891 -0.00580674 0.0016 0.00364954 -0.00577675 0.0016 0.00371936 -0.00560647 0.0016 0.00360659 -0.00575395 0.0016 0.00379198 -0.0057387 0.0016 0.00386622 -0.00555384 0.0016 0.00376851 -0.00564358 0.0016 0.0035296 -0.00573743 0.0016 0.0033875 -0.00579345 0.0016 0.0033234 -0.00593648 0.0016 0.00346321 -0.00553865 0.0016 0.00385223 -0.00573097 0.0016 0.00394191 -0.0055766 0.0016 0.00368618 -0.00573097 0.0016 0.00401783 -0.00553858 0.0016 0.00410732 -0.00553097 0.0016 0.0040224 -0.00553097 0.0016 0.00393722 -0.00588706 0.0016 0.00352076 -0.00584356 0.0016 0.00358322 -0.00568718 0.0016 0.00345662 -0.00573863 0.0016 0.00409338 -0.0055538 0.0016 0.00419123 -0.00599159 0.0016 0.00341084 -0.00585513 0.0016 0.00326445 -0.00592178 0.0016 0.00321133 -0.00557643 0.0016 0.00427333 -0.00575394 0.0016 0.00416797 -0.0059929 0.0016 0.00316439 -0.00605173 0.0016 0.00336432 -0.00577663 0.0016 0.00424027 -0.00611606 0.0016 0.00332422 -0.00606804 0.0016 0.00312399 -0.00618442 0.0016 0.00329071 -0.00560643 0.0016 0.0043533 -0.00580659 0.0016 0.00431017 -0.00622753 0.0016 0.00306418 -0.00625562 0.0016 0.00326437 -0.00614631 0.0016 0.00309054 -0.00564332 0.0016 0.00442993 -0.00584347 0.0016 0.00437662 -0.00632914 0.0016 0.00324533 -0.00631043 0.0016 0.00304526 -0.00640394 0.0016 0.00323388 -0.00568714 0.0016 0.00450333 -0.00599255 0.0016 0.00479539 -0.00611597 0.0016 0.00463572 -0.00606764 0.0016 0.00483583 -0.00599133 0.0016 0.00454893 -0.0059215 0.0016 0.00474848 -0.00585477 0.0016 0.00469523 -0.00625539 0.0016 0.00469558 -0.00632886 0.0016 0.0047146 -0.00622705 0.0016 0.00489569 -0.00663114 0.0016 0.0032454 -0.00664973 0.0016 0.0030453 -0.00673295 0.0016 0.00306431 -0.00690858 0.0016 0.00336453 -0.00696745 0.0016 0.00316461 -0.00703851 0.0016 0.00321152 -0.00648 0.0016 0.00493 -0.00648 0.0016 0.00473 -0.00656541 0.0016 0.00492614 -0.0070732 0.0016 0.00352109 -0.00702363 0.0016 0.00346331 -0.0072229 0.0016 0.00338791 -0.00681369 0.0016 0.00486946 -0.00673247 0.0016 0.00489582 -0.00670438 0.0016 0.00469563 -0.00735357 0.0016 0.0036067 -0.00718337 0.0016 0.00371973 -0.00715341 0.0016 0.00364983 -0.00684394 0.0016 0.00463578 -0.00690827 0.0016 0.00459568 -0.0069671 0.0016 0.00479561 -0.00742142 0.0016 0.00385268 -0.00742903 0.0016 0.0039376 -0.00722903 0.0016 0.00394217 -0.00702352 0.0016 0.00449679 -0.00722257 0.0016 0.0045725 -0.00716655 0.0016 0.0046366 -0.00740616 0.0016 0.00419149 -0.00720605 0.0016 0.00416802 -0.0072213 0.0016 0.00409378 -0.00718325 0.0016 0.00424064 -0.00735354 0.0016 0.00435341 -0.00715326 0.0016 0.00431046 -0.00742135 0.0016 0.00410777 -0.00722903 0.0016 0.00401809 -0.00707294 0.0016 0.00443924 -0.00727282 0.0016 0.00450338 -0.0073834 0.0016 0.00427382 -0.00731642 0.0016 0.0044304 -0.00722137 0.0016 0.00386662 -0.0074062 0.0016 0.00376877 -0.00742903 0.0016 0.00402278 -0.00738357 0.0016 0.00368667 -0.00720606 0.0016 0.00379203 -0.00711644 0.0016 0.00437678 -0.00696841 0.0016 0.00454916 -0.00703822 0.0016 0.00474867 -0.00710487 0.0016 0.00469555 -0.00711653 0.0016 0.00358338 -0.00727286 0.0016 0.00345666 -0.00731668 0.0016 0.00353007 -0.00677558 0.0016 0.00466929 -0.00689196 0.0016 0.00483601 -0.00696867 0.0016 0.00341107 -0.00710523 0.0016 0.00326477 -0.00716671 0.0016 0.00332355 -0.00655606 0.0016 0.00472612 -0.00664957 0.0016 0.00491474 -0.00663085 0.0016 0.00471467 -0.00684403 0.0016 0.00332428 -0.00677596 0.0016 0.00329088 -0.00689236 0.0016 0.00312417 -0.00640394 0.0016 0.00472612 -0.00631027 0.0016 0.0049147 -0.00639459 0.0016 0.00492614 -0.00670461 0.0016 0.00326442 -0.00681397 0.0016 0.00309066 -0.00618404 0.0016 0.00466912 -0.00614603 0.0016 0.00486934 -0.00655606 0.0016 0.00323388 -0.00656541 0.0016 0.00303386 -0.00579329 0.0016 0.00463645 -0.00605142 0.0016 0.00459547 -0.00639459 0.0016 0.00303386 -0.00648 0.0016 0.00303 -0.00648 0.0016 0.00323 -0.00593648 -0.0001 0.00449679 -0.00588706 -0.0001 0.00443924 -0.00573743 -0.0001 0.0045725 -0.00580659 -0.0001 0.00364983 -0.00560643 -0.0001 0.0036067 -0.00577663 -0.0001 0.00371973 -0.00575394 -0.0001 0.00379203 -0.0055538 -0.0001 0.00376877 -0.00573863 -0.0001 0.00386662 -0.00564332 -0.0001 0.00353007 -0.0057371 -0.0001 0.00338791 -0.00593637 -0.0001 0.00346331 -0.00579329 -0.0001 0.00332355 -0.00553858 -0.0001 0.00385268 -0.00573097 -0.0001 0.00394217 -0.00557643 -0.0001 0.00368667 -0.00573097 -0.0001 0.00401809 -0.00553097 -0.0001 0.00402278 -0.00553865 -0.0001 0.00410777 -0.00553097 -0.0001 0.0039376 -0.0058868 -0.0001 0.00352109 -0.00568714 -0.0001 0.00345666 -0.00584347 -0.0001 0.00358338 -0.00555384 -0.0001 0.00419149 -0.0057387 -0.0001 0.00409378 -0.00599133 -0.0001 0.00341107 -0.0059215 -0.0001 0.00321152 -0.00585477 -0.0001 0.00326477 -0.0055766 -0.0001 0.00427382 -0.00575395 -0.0001 0.00416802 -0.00599255 -0.0001 0.00316461 -0.00605142 -0.0001 0.00336453 -0.00577675 -0.0001 0.00424064 -0.00611597 -0.0001 0.00332428 -0.00618404 -0.0001 0.00329088 -0.00606764 -0.0001 0.00312417 -0.00560647 -0.0001 0.00435341 -0.00580674 -0.0001 0.00431046 -0.00622705 -0.0001 0.00306431 -0.00614603 -0.0001 0.00309066 -0.00625539 -0.0001 0.00326442 -0.00564358 -0.0001 0.0044304 -0.00584356 -0.0001 0.00437678 -0.00632886 -0.0001 0.0032454 -0.00640394 -0.0001 0.00323388 -0.00631027 -0.0001 0.0030453 -0.00568718 -0.0001 0.00450338 -0.0059929 -0.0001 0.00479561 -0.00606804 -0.0001 0.00483601 -0.00611606 -0.0001 0.00463578 -0.00599159 -0.0001 0.00454916 -0.00585513 -0.0001 0.00469555 -0.00592178 -0.0001 0.00474867 -0.00625562 -0.0001 0.00469563 -0.00622753 -0.0001 0.00489582 -0.00632914 -0.0001 0.00471467 -0.00663085 -0.0001 0.00324533 -0.00673247 -0.0001 0.00306418 -0.00664957 -0.0001 0.00304526 -0.00690827 -0.0001 0.00336432 -0.00703822 -0.0001 0.00321133 -0.0069671 -0.0001 0.00316439 -0.00648 -0.0001 0.00493 -0.00656541 -0.0001 0.00492614 -0.00648 -0.0001 0.00473 -0.00707294 -0.0001 0.00352076 -0.00722257 -0.0001 0.0033875 -0.00702352 -0.0001 0.00346321 -0.00681397 -0.0001 0.00486934 -0.00670461 -0.0001 0.00469558 -0.00673295 -0.0001 0.00489569 -0.00735354 -0.0001 0.00360659 -0.00715326 -0.0001 0.00364954 -0.00718325 -0.0001 0.00371936 -0.00684403 -0.0001 0.00463572 -0.00696745 -0.0001 0.00479539 -0.00690858 -0.0001 0.00459547 -0.00742135 -0.0001 0.00385223 -0.00722903 -0.0001 0.00394191 -0.00742903 -0.0001 0.00393722 -0.00702363 -0.0001 0.00449669 -0.00716671 -0.0001 0.00463645 -0.0072229 -0.0001 0.00457209 -0.0074062 -0.0001 0.00419123 -0.00722137 -0.0001 0.00409338 -0.00720606 -0.0001 0.00416797 -0.00718337 -0.0001 0.00424027 -0.00715341 -0.0001 0.00431017 -0.00735357 -0.0001 0.0043533 -0.00742142 -0.0001 0.00410732 -0.00722903 -0.0001 0.00401783 -0.0070732 -0.0001 0.00443891 -0.00727286 -0.0001 0.00450333 -0.00738357 -0.0001 0.00427333 -0.00731668 -0.0001 0.00442993 -0.00740616 -0.0001 0.00376851 -0.0072213 -0.0001 0.00386622 -0.00742903 -0.0001 0.0040224 -0.0073834 -0.0001 0.00368618 -0.00720605 -0.0001 0.00379198 -0.00711653 -0.0001 0.00437662 -0.00703851 -0.0001 0.00474848 -0.00696867 -0.0001 0.00454893 -0.00710523 -0.0001 0.00469523 -0.00711644 -0.0001 0.00358322 -0.00727282 -0.0001 0.00345662 -0.00731642 -0.0001 0.0035296 -0.00677596 -0.0001 0.00466912 -0.00689236 -0.0001 0.00483583 -0.00696841 -0.0001 0.00341084 -0.00710487 -0.0001 0.00326445 -0.00716655 -0.0001 0.0033234 -0.00655606 -0.0001 0.00472612 -0.00664973 -0.0001 0.0049147 -0.00663114 -0.0001 0.0047146 -0.00684394 -0.0001 0.00332422 -0.00689196 -0.0001 0.00312399 -0.00677558 -0.0001 0.00329071 -0.00631043 -0.0001 0.00491474 -0.00640394 -0.0001 0.00472612 -0.00639459 -0.0001 0.00492614 -0.00670438 -0.0001 0.00326437 -0.00681369 -0.0001 0.00309054 -0.00618442 -0.0001 0.00466929 -0.00614631 -0.0001 0.00486946 -0.00656541 -0.0001 0.00303386 -0.00655606 -0.0001 0.00323388 -0.00579345 -0.0001 0.0046366 -0.00605173 -0.0001 0.00459568 -0.00639459 -0.0001 0.00303386 -0.00648 -0.0001 0.00323 -0.00648 -0.0001 0.00303 -0.0098913 0.0016 -0.00149602 -0.00978391 0.0016 -0.00148435 -0.0097569 0.0016 -0.0018444 -0.0083891 0.0016 -0.000930531 -0.00867493 0.0016 -0.000702954 -0.00833174 0.0016 -0.000823225 -0.00855483 0.0016 -0.000401721 -0.00852951 0.0016 -0.000296051 -0.0082031 0.0016 -0.000481688 -0.00815566 0.0016 -0.000243308 -0.00817548 0.0016 -0.000363322 -0.00862766 0.0016 -0.000605454 -0.00828132 0.0016 -0.000712088 -0.00872895 0.0016 -0.000796491 -0.00845327 0.0016 -0.00103368 -0.00893015 0.0016 -0.00105133 -0.00860144 0.0016 -0.00122677 -0.00868488 0.0016 -0.00131577 -0.00823857 0.0016 -0.000598485 -0.0085875 0.0016 -0.000504786 -0.00813967 0.0016 -5.2382e-07 -0.00814363 0.0016 -0.000121817 -0.00850223 0.0016 -8.13576e-05 -0.00851205 0.0016 -0.000189526 -0.00817533 0.0016 0.000362434 -0.00815552 0.0016 0.000242454 -0.00851973 0.0016 0.000242433 -0.00814363 0.0016 0.000121426 -0.00850025 0.0016 2.67011e-05 -0.00852443 0.0016 -0.00113292 -0.00885684 0.0016 -0.000971174 -0.00878997 0.0016 -0.000886411 -0.00850611 0.0016 0.000134858 -0.008203 0.0016 0.000481385 -0.00857008 0.0016 0.000453144 -0.00823823 0.0016 0.000597496 -0.00900866 0.0016 -0.00112571 -0.00877372 0.0016 -0.00139897 -0.00886758 0.0016 -0.00147598 -0.00918113 0.0016 -0.00125674 -0.00909251 0.0016 -0.0011943 -0.00896691 0.0016 -0.0015471 -0.00854106 0.0016 0.000348393 -0.00860639 0.0016 0.000554777 -0.00907002 0.0016 -0.00161123 -0.00927362 0.0016 -0.00131239 -0.00917759 0.0016 -0.00166866 -0.00928849 0.0016 -0.0017189 -0.0093706 0.0016 -0.00136153 -0.00828117 0.0016 0.000711654 -0.00865017 0.0016 0.000654125 -0.00947018 0.0016 -0.00140331 -0.00940206 0.0016 -0.00176164 -0.00957311 0.0016 -0.00143793 -0.00833135 0.0016 0.000822497 -0.00870079 0.0016 0.000749679 -0.00845312 0.0016 0.00103349 -0.00838866 0.0016 0.000929712 -0.00963731 0.0016 -0.00182466 -0.00967785 0.0016 -0.00146499 -0.00951903 0.0016 -0.00179707 -0.00882231 0.0016 0.000928999 -0.00860112 0.0016 0.00122636 -0.00852379 0.0016 0.0011321 -0.00875828 0.0016 0.000841435 -0.0102161 0.0016 -0.00148435 -0.0101087 0.0016 -0.00149602 -0.0102431 0.0016 -0.0018444 -0.00877301 0.0016 0.00139832 -0.00904939 0.0016 0.00116029 -0.00886744 0.0016 0.00147589 -0.00941955 0.0016 0.00138314 -0.00917691 0.0016 0.00166837 -0.00932108 0.0016 0.00133752 -0.0103229 0.0016 -0.0014648 -0.0103633 0.0016 -0.0018245 -0.010482 0.0016 -0.00179682 -0.0104276 0.0016 -0.00143774 -0.0097569 0.0016 0.0018444 -0.00963669 0.0016 0.0018245 -0.00973022 0.0016 0.00147552 -0.0105302 0.0016 -0.00140315 -0.010598 0.0016 -0.00176162 -0.0101222 0.0016 0.0018563 -0.01 0.0016 0.00186036 -0.0100537 0.0016 0.001499 -0.0107264 0.0016 -0.00131235 -0.0108231 0.0016 -0.00166837 -0.0109305 0.0016 -0.00161091 -0.0103751 0.0016 0.00145234 -0.0104785 0.0016 0.00142159 -0.010481 0.0016 0.00179707 -0.0109918 0.0016 -0.00112523 -0.0111326 0.0016 -0.00147589 -0.011227 0.0016 -0.00139832 -0.0115469 0.0016 -0.00103349 -0.0116113 0.0016 -0.000929712 -0.0112711 0.0016 -0.000796362 -0.0114762 0.0016 -0.0011321 -0.0112106 0.0016 -0.000885677 -0.0111434 0.0016 -0.000970901 -0.0116687 0.0016 -0.000822497 -0.0117188 0.0016 -0.000711654 -0.0113726 0.0016 -0.00060494 -0.01093 0.0016 0.00161123 -0.0107729 0.0016 0.00128548 -0.0110331 0.0016 0.0015471 -0.0114756 0.0016 0.00113292 -0.0111773 0.0016 0.000929411 -0.0112414 0.0016 0.000842006 -0.0114705 0.0016 -0.000295782 -0.011797 0.0016 -0.000481385 -0.0118247 0.0016 -0.000362434 -0.0113986 0.0016 0.00122677 -0.0113151 0.0016 0.00131577 -0.0111072 0.0016 0.00101201 -0.0114588 0.0016 0.000349225 -0.0118245 0.0016 0.000363322 -0.0117969 0.0016 0.000481688 -0.0118564 0.0016 0.000121817 -0.0114939 0.0016 0.000135482 -0.0114997 0.0016 2.75397e-05 -0.0118443 0.0016 0.000243308 -0.0114801 0.0016 0.00024302 -0.0116109 0.0016 0.000930531 -0.0112988 0.0016 0.000750371 -0.0116683 0.0016 0.000823225 -0.0113497 0.0016 0.000654409 -0.0117187 0.0016 0.000712088 -0.0113933 0.0016 0.000555625 -0.0117614 0.0016 0.000598485 -0.0115467 0.0016 0.00103368 -0.0114298 0.0016 0.000453328 -0.0118445 0.0016 -0.000242454 -0.0114881 0.0016 -0.000188619 -0.0114978 0.0016 -8.11245e-05 -0.0118603 0.0016 5.2382e-07 -0.0117618 0.0016 -0.000597496 -0.0114454 0.0016 -0.000400931 -0.0118564 0.0016 -0.000121426 -0.0112263 0.0016 0.00139897 -0.0110315 0.0016 0.00108904 -0.0114127 0.0016 -0.000504166 -0.0111324 0.0016 0.00147598 -0.0109499 0.0016 0.00116086 -0.0113255 0.0016 -0.000702185 -0.0108639 0.0016 0.00122621 -0.0108224 0.0016 0.00166866 -0.0106783 0.0016 0.00133786 -0.01058 0.0016 0.0013833 -0.0105979 0.0016 0.00176164 -0.0107115 0.0016 0.0017189 -0.0113157 0.0016 -0.00131524 -0.0110704 0.0016 -0.00105078 -0.0113989 0.0016 -0.00122636 -0.010162 0.0016 0.00149122 -0.0102689 0.0016 0.00147567 -0.0102431 0.0016 0.0018444 -0.0103627 0.0016 0.00182466 -0.0109079 0.0016 -0.00119401 -0.011034 0.0016 -0.00154654 -0.0098778 0.0016 0.0018563 -0.00994552 0.0016 0.001499 -0.0108196 0.0016 -0.00125624 -0.00983756 0.0016 0.00149115 -0.0107124 0.0016 -0.00171851 -0.0106302 0.0016 -0.00136116 -0.00951804 0.0016 0.00179682 -0.00962485 0.0016 0.00145233 -0.00952061 0.0016 0.0014213 -0.00940198 0.0016 0.00176162 -0.00928759 0.0016 0.00171851 -0.00906953 0.0016 0.00161091 -0.00922638 0.0016 0.0012851 -0.00896604 0.0016 0.00154654 -0.00913577 0.0016 0.00122598 -0.01 0.0016 -0.00186036 -0.0101222 0.0016 -0.0018563 -0.01 0.0016 -0.0015 -0.0098778 0.0016 -0.0018563 -0.00889227 0.0016 0.00101135 -0.0086843 0.0016 0.00131524 -0.00896842 0.0016 0.00108896 -0.0098913 -0.0001 -0.00149602 -0.0097569 -0.0001 -0.0018444 -0.00978391 -0.0001 -0.00148435 -0.00838866 -0.0001 -0.000929712 -0.00833135 -0.0001 -0.000822497 -0.00867455 -0.0001 -0.000702185 -0.00855459 -0.0001 -0.000400931 -0.008203 -0.0001 -0.000481385 -0.00852947 -0.0001 -0.000295782 -0.00815552 -0.0001 -0.000242454 -0.00817533 -0.0001 -0.000362434 -0.00828117 -0.0001 -0.000711654 -0.0086274 -0.0001 -0.00060494 -0.00872886 -0.0001 -0.000796362 -0.00845312 -0.0001 -0.00103349 -0.00892957 -0.0001 -0.00105078 -0.0086843 -0.0001 -0.00131524 -0.00860112 -0.0001 -0.00122636 -0.00858731 -0.0001 -0.000504166 -0.00823823 -0.0001 -0.000597496 -0.00813967 -0.0001 5.2382e-07 -0.0085022 -0.0001 -8.11245e-05 -0.00814363 -0.0001 -0.000121426 -0.00851194 -0.0001 -0.000188619 -0.00817548 -0.0001 0.000363322 -0.00851985 -0.0001 0.00024302 -0.00815566 -0.0001 0.000243308 -0.00814363 -0.0001 0.000121817 -0.00850029 -0.0001 2.75397e-05 -0.00852379 -0.0001 -0.0011321 -0.00878942 -0.0001 -0.000885677 -0.00885664 -0.0001 -0.000970901 -0.00850614 -0.0001 0.000135482 -0.0082031 -0.0001 0.000481688 -0.00823857 -0.0001 0.000598485 -0.00857016 -0.0001 0.000453328 -0.00900816 -0.0001 -0.00112523 -0.00886744 -0.0001 -0.00147589 -0.00877301 -0.0001 -0.00139832 -0.0091804 -0.0001 -0.00125624 -0.00896604 -0.0001 -0.00154654 -0.00909208 -0.0001 -0.00119401 -0.00854124 -0.0001 0.000349225 -0.00860673 -0.0001 0.000555625 -0.00927355 -0.0001 -0.00131235 -0.00906953 -0.0001 -0.00161091 -0.00917691 -0.0001 -0.00166837 -0.00936978 -0.0001 -0.00136116 -0.00928759 -0.0001 -0.00171851 -0.00828132 -0.0001 0.000712088 -0.00865028 -0.0001 0.000654409 -0.00946982 -0.0001 -0.00140315 -0.00957236 -0.0001 -0.00143774 -0.00940198 -0.0001 -0.00176162 -0.00833174 -0.0001 0.000823225 -0.00870122 -0.0001 0.000750371 -0.00845327 -0.0001 0.00103368 -0.0083891 -0.0001 0.000930531 -0.00963669 -0.0001 -0.0018245 -0.00951804 -0.0001 -0.00179682 -0.00967714 -0.0001 -0.0014648 -0.00882268 -0.0001 0.000929411 -0.00852443 -0.0001 0.00113292 -0.00860144 -0.0001 0.00122677 -0.00875863 -0.0001 0.000842006 -0.0102161 -0.0001 -0.00148435 -0.0102431 -0.0001 -0.0018444 -0.0101087 -0.0001 -0.00149602 -0.00877372 -0.0001 0.00139897 -0.00886758 -0.0001 0.00147598 -0.0090501 -0.0001 0.00116086 -0.00942002 -0.0001 0.0013833 -0.0093217 -0.0001 0.00133786 -0.00917759 -0.0001 0.00166866 -0.0103221 -0.0001 -0.00146499 -0.0103627 -0.0001 -0.00182466 -0.0104269 -0.0001 -0.00143793 -0.010481 -0.0001 -0.00179707 -0.0097569 -0.0001 0.0018444 -0.00973111 -0.0001 0.00147567 -0.00963731 -0.0001 0.00182466 -0.0105298 -0.0001 -0.00140331 -0.0105979 -0.0001 -0.00176164 -0.0101222 -0.0001 0.0018563 -0.0100545 -0.0001 0.001499 -0.01 -0.0001 0.00186036 -0.0107264 -0.0001 -0.00131239 -0.01093 -0.0001 -0.00161123 -0.0108224 -0.0001 -0.00166866 -0.0103751 -0.0001 0.00145233 -0.010482 -0.0001 0.00179682 -0.0104794 -0.0001 0.0014213 -0.0109913 -0.0001 -0.00112571 -0.0112263 -0.0001 -0.00139897 -0.0111324 -0.0001 -0.00147598 -0.0115467 -0.0001 -0.00103368 -0.011271 -0.0001 -0.000796491 -0.0116109 -0.0001 -0.000930531 -0.0114756 -0.0001 -0.00113292 -0.0111432 -0.0001 -0.000971174 -0.01121 -0.0001 -0.000886411 -0.0116683 -0.0001 -0.000823225 -0.0113723 -0.0001 -0.000605454 -0.0117187 -0.0001 -0.000712088 -0.0109305 -0.0001 0.00161091 -0.011034 -0.0001 0.00154654 -0.0107736 -0.0001 0.0012851 -0.0114762 -0.0001 0.0011321 -0.0112417 -0.0001 0.000841435 -0.0111777 -0.0001 0.000928999 -0.0114705 -0.0001 -0.000296051 -0.0118245 -0.0001 -0.000363322 -0.0117969 -0.0001 -0.000481688 -0.0113989 -0.0001 0.00122636 -0.0111077 -0.0001 0.00101135 -0.0113157 -0.0001 0.00131524 -0.0114589 -0.0001 0.000348393 -0.011797 -0.0001 0.000481385 -0.0118247 -0.0001 0.000362434 -0.0118564 -0.0001 0.000121426 -0.0114997 -0.0001 2.67011e-05 -0.0114939 -0.0001 0.000134858 -0.0118445 -0.0001 0.000242454 -0.0114803 -0.0001 0.000242433 -0.0116113 -0.0001 0.000929712 -0.0116687 -0.0001 0.000822497 -0.0112992 -0.0001 0.000749679 -0.0113498 -0.0001 0.000654125 -0.0117188 -0.0001 0.000711654 -0.0117618 -0.0001 0.000597496 -0.0113936 -0.0001 0.000554777 -0.0115469 -0.0001 0.00103349 -0.0114299 -0.0001 0.000453144 -0.0114879 -0.0001 -0.000189526 -0.0118443 -0.0001 -0.000243308 -0.0118603 -0.0001 -5.2382e-07 -0.0114978 -0.0001 -8.13576e-05 -0.0117614 -0.0001 -0.000598485 -0.0114452 -0.0001 -0.000401721 -0.0118564 -0.0001 -0.000121817 -0.011227 -0.0001 0.00139832 -0.0110316 -0.0001 0.00108896 -0.0114125 -0.0001 -0.000504786 -0.0109506 -0.0001 0.00116029 -0.0111326 -0.0001 0.00147589 -0.0113251 -0.0001 -0.000702954 -0.0108642 -0.0001 0.00122598 -0.0106789 -0.0001 0.00133752 -0.0108231 -0.0001 0.00166837 -0.010598 -0.0001 0.00176162 -0.0105805 -0.0001 0.00138314 -0.0107124 -0.0001 0.00171851 -0.0110699 -0.0001 -0.00105133 -0.0113151 -0.0001 -0.00131577 -0.0113986 -0.0001 -0.00122677 -0.0101624 -0.0001 0.00149115 -0.0102431 -0.0001 0.0018444 -0.0102698 -0.0001 0.00147552 -0.0103633 -0.0001 0.0018245 -0.0110331 -0.0001 -0.0015471 -0.0109075 -0.0001 -0.0011943 -0.00994627 -0.0001 0.001499 -0.0098778 -0.0001 0.0018563 -0.0108189 -0.0001 -0.00125674 -0.00983799 -0.0001 0.00149122 -0.0107115 -0.0001 -0.0017189 -0.0106294 -0.0001 -0.00136153 -0.00962489 -0.0001 0.00145234 -0.00951903 -0.0001 0.00179707 -0.00952145 -0.0001 0.00142159 -0.00940206 -0.0001 0.00176164 -0.00928849 -0.0001 0.0017189 -0.00907002 -0.0001 0.00161123 -0.00922707 -0.0001 0.00128548 -0.00896691 -0.0001 0.0015471 -0.00913606 -0.0001 0.00122621 -0.01 -0.0001 -0.00186036 -0.01 -0.0001 -0.0015 -0.0101222 -0.0001 -0.0018563 -0.0098778 -0.0001 -0.0018563 -0.00889285 -0.0001 0.00101201 -0.00868488 -0.0001 0.00131577 -0.00896852 -0.0001 0.00108904 0.0101087 0.0016 -0.00149602 0.0102161 0.0016 -0.00148435 0.0102431 0.0016 -0.0018444 0.0116109 0.0016 -0.000930531 0.0113251 0.0016 -0.000702954 0.0116683 0.0016 -0.000823225 0.0114452 0.0016 -0.000401721 0.0114705 0.0016 -0.000296051 0.0117969 0.0016 -0.000481688 0.0118443 0.0016 -0.000243308 0.0118245 0.0016 -0.000363322 0.0113723 0.0016 -0.000605454 0.0117187 0.0016 -0.000712088 0.011271 0.0016 -0.000796491 0.0115467 0.0016 -0.00103368 0.0110699 0.0016 -0.00105133 0.0113986 0.0016 -0.00122677 0.0113151 0.0016 -0.00131577 0.0117614 0.0016 -0.000598485 0.0114125 0.0016 -0.000504786 0.0118603 0.0016 -5.2382e-07 0.0118564 0.0016 -0.000121817 0.0114978 0.0016 -8.13576e-05 0.0114879 0.0016 -0.000189526 0.0118247 0.0016 0.000362434 0.0118445 0.0016 0.000242454 0.0114803 0.0016 0.000242433 0.0118564 0.0016 0.000121426 0.0114997 0.0016 2.67011e-05 0.0114756 0.0016 -0.00113292 0.0111432 0.0016 -0.000971174 0.01121 0.0016 -0.000886411 0.0114939 0.0016 0.000134858 0.011797 0.0016 0.000481385 0.0114299 0.0016 0.000453144 0.0117618 0.0016 0.000597496 0.0109913 0.0016 -0.00112571 0.0112263 0.0016 -0.00139897 0.0111324 0.0016 -0.00147598 0.0108189 0.0016 -0.00125674 0.0109075 0.0016 -0.0011943 0.0110331 0.0016 -0.0015471 0.0114589 0.0016 0.000348393 0.0113936 0.0016 0.000554777 0.01093 0.0016 -0.00161123 0.0107264 0.0016 -0.00131239 0.0108224 0.0016 -0.00166866 0.0107115 0.0016 -0.0017189 0.0106294 0.0016 -0.00136153 0.0117188 0.0016 0.000711654 0.0113498 0.0016 0.000654125 0.0105298 0.0016 -0.00140331 0.0105979 0.0016 -0.00176164 0.0104269 0.0016 -0.00143793 0.0116687 0.0016 0.000822497 0.0112992 0.0016 0.000749679 0.0115469 0.0016 0.00103349 0.0116113 0.0016 0.000929712 0.0103627 0.0016 -0.00182466 0.0103221 0.0016 -0.00146499 0.010481 0.0016 -0.00179707 0.0111777 0.0016 0.000928999 0.0113989 0.0016 0.00122636 0.0114762 0.0016 0.0011321 0.0112417 0.0016 0.000841435 0.00978391 0.0016 -0.00148435 0.0098913 0.0016 -0.00149602 0.0097569 0.0016 -0.0018444 0.011227 0.0016 0.00139832 0.0109506 0.0016 0.00116029 0.0111326 0.0016 0.00147589 0.0105805 0.0016 0.00138314 0.0108231 0.0016 0.00166837 0.0106789 0.0016 0.00133752 0.00967714 0.0016 -0.0014648 0.00963669 0.0016 -0.0018245 0.00951804 0.0016 -0.00179682 0.00957236 0.0016 -0.00143774 0.0102431 0.0016 0.0018444 0.0103633 0.0016 0.0018245 0.0102698 0.0016 0.00147552 0.00946982 0.0016 -0.00140315 0.00940198 0.0016 -0.00176162 0.0098778 0.0016 0.0018563 0.01 0.0016 0.00186036 0.00994627 0.0016 0.001499 0.00927355 0.0016 -0.00131235 0.00917691 0.0016 -0.00166837 0.00906953 0.0016 -0.00161091 0.00962489 0.0016 0.00145234 0.00952145 0.0016 0.00142159 0.00951903 0.0016 0.00179707 0.00900816 0.0016 -0.00112523 0.00886744 0.0016 -0.00147589 0.00877301 0.0016 -0.00139832 0.00845312 0.0016 -0.00103349 0.00838866 0.0016 -0.000929712 0.00872886 0.0016 -0.000796362 0.00852379 0.0016 -0.0011321 0.00878942 0.0016 -0.000885677 0.00885664 0.0016 -0.000970901 0.00833135 0.0016 -0.000822497 0.00828117 0.0016 -0.000711654 0.0086274 0.0016 -0.00060494 0.00907002 0.0016 0.00161123 0.00922707 0.0016 0.00128548 0.00896691 0.0016 0.0015471 0.00852443 0.0016 0.00113292 0.00882268 0.0016 0.000929411 0.00875863 0.0016 0.000842006 0.00852947 0.0016 -0.000295782 0.008203 0.0016 -0.000481385 0.00817533 0.0016 -0.000362434 0.00860144 0.0016 0.00122677 0.00868488 0.0016 0.00131577 0.00889285 0.0016 0.00101201 0.00854124 0.0016 0.000349225 0.00817548 0.0016 0.000363322 0.0082031 0.0016 0.000481688 0.00814363 0.0016 0.000121817 0.00850614 0.0016 0.000135482 0.00850029 0.0016 2.75397e-05 0.00815566 0.0016 0.000243308 0.00851985 0.0016 0.00024302 0.0083891 0.0016 0.000930531 0.00870122 0.0016 0.000750371 0.00833174 0.0016 0.000823225 0.00865028 0.0016 0.000654409 0.00828132 0.0016 0.000712088 0.00860673 0.0016 0.000555625 0.00823857 0.0016 0.000598485 0.00845327 0.0016 0.00103368 0.00857016 0.0016 0.000453328 0.00815552 0.0016 -0.000242454 0.00851194 0.0016 -0.000188619 0.0085022 0.0016 -8.11245e-05 0.00813967 0.0016 5.2382e-07 0.00823823 0.0016 -0.000597496 0.00855459 0.0016 -0.000400931 0.00814363 0.0016 -0.000121426 0.00877372 0.0016 0.00139897 0.00896852 0.0016 0.00108904 0.00858731 0.0016 -0.000504166 0.00886758 0.0016 0.00147598 0.0090501 0.0016 0.00116086 0.00867455 0.0016 -0.000702185 0.00913606 0.0016 0.00122621 0.00917759 0.0016 0.00166866 0.0093217 0.0016 0.00133786 0.00942002 0.0016 0.0013833 0.00940206 0.0016 0.00176164 0.00928849 0.0016 0.0017189 0.0086843 0.0016 -0.00131524 0.00892957 0.0016 -0.00105078 0.00860112 0.0016 -0.00122636 0.00983799 0.0016 0.00149122 0.00973111 0.0016 0.00147567 0.0097569 0.0016 0.0018444 0.00963731 0.0016 0.00182466 0.00909208 0.0016 -0.00119401 0.00896604 0.0016 -0.00154654 0.0101222 0.0016 0.0018563 0.0100545 0.0016 0.001499 0.0091804 0.0016 -0.00125624 0.0101624 0.0016 0.00149115 0.00928759 0.0016 -0.00171851 0.00936978 0.0016 -0.00136116 0.010482 0.0016 0.00179682 0.0103751 0.0016 0.00145233 0.0104794 0.0016 0.0014213 0.010598 0.0016 0.00176162 0.0107124 0.0016 0.00171851 0.0109305 0.0016 0.00161091 0.0107736 0.0016 0.0012851 0.011034 0.0016 0.00154654 0.0108642 0.0016 0.00122598 0.01 0.0016 -0.00186036 0.0098778 0.0016 -0.0018563 0.01 0.0016 -0.0015 0.0101222 0.0016 -0.0018563 0.0111077 0.0016 0.00101135 0.0113157 0.0016 0.00131524 0.0110316 0.0016 0.00108896 0.0101087 -0.0001 -0.00149602 0.0102431 -0.0001 -0.0018444 0.0102161 -0.0001 -0.00148435 0.0116113 -0.0001 -0.000929712 0.0116687 -0.0001 -0.000822497 0.0113255 -0.0001 -0.000702185 0.0114454 -0.0001 -0.000400931 0.011797 -0.0001 -0.000481385 0.0114705 -0.0001 -0.000295782 0.0118445 -0.0001 -0.000242454 0.0118247 -0.0001 -0.000362434 0.0117188 -0.0001 -0.000711654 0.0113726 -0.0001 -0.00060494 0.0112711 -0.0001 -0.000796362 0.0115469 -0.0001 -0.00103349 0.0110704 -0.0001 -0.00105078 0.0113157 -0.0001 -0.00131524 0.0113989 -0.0001 -0.00122636 0.0114127 -0.0001 -0.000504166 0.0117618 -0.0001 -0.000597496 0.0118603 -0.0001 5.2382e-07 0.0114978 -0.0001 -8.11245e-05 0.0118564 -0.0001 -0.000121426 0.0114881 -0.0001 -0.000188619 0.0118245 -0.0001 0.000363322 0.0114801 -0.0001 0.00024302 0.0118443 -0.0001 0.000243308 0.0118564 -0.0001 0.000121817 0.0114997 -0.0001 2.75397e-05 0.0114762 -0.0001 -0.0011321 0.0112106 -0.0001 -0.000885677 0.0111434 -0.0001 -0.000970901 0.0114939 -0.0001 0.000135482 0.0117969 -0.0001 0.000481688 0.0117614 -0.0001 0.000598485 0.0114298 -0.0001 0.000453328 0.0109918 -0.0001 -0.00112523 0.0111326 -0.0001 -0.00147589 0.011227 -0.0001 -0.00139832 0.0108196 -0.0001 -0.00125624 0.011034 -0.0001 -0.00154654 0.0109079 -0.0001 -0.00119401 0.0114588 -0.0001 0.000349225 0.0113933 -0.0001 0.000555625 0.0107264 -0.0001 -0.00131235 0.0109305 -0.0001 -0.00161091 0.0108231 -0.0001 -0.00166837 0.0106302 -0.0001 -0.00136116 0.0107124 -0.0001 -0.00171851 0.0117187 -0.0001 0.000712088 0.0113497 -0.0001 0.000654409 0.0105302 -0.0001 -0.00140315 0.0104276 -0.0001 -0.00143774 0.010598 -0.0001 -0.00176162 0.0116683 -0.0001 0.000823225 0.0112988 -0.0001 0.000750371 0.0115467 -0.0001 0.00103368 0.0116109 -0.0001 0.000930531 0.0103633 -0.0001 -0.0018245 0.010482 -0.0001 -0.00179682 0.0103229 -0.0001 -0.0014648 0.0111773 -0.0001 0.000929411 0.0114756 -0.0001 0.00113292 0.0113986 -0.0001 0.00122677 0.0112414 -0.0001 0.000842006 0.00978391 -0.0001 -0.00148435 0.0097569 -0.0001 -0.0018444 0.0098913 -0.0001 -0.00149602 0.0112263 -0.0001 0.00139897 0.0111324 -0.0001 0.00147598 0.0109499 -0.0001 0.00116086 0.01058 -0.0001 0.0013833 0.0106783 -0.0001 0.00133786 0.0108224 -0.0001 0.00166866 0.00967785 -0.0001 -0.00146499 0.00963731 -0.0001 -0.00182466 0.00957311 -0.0001 -0.00143793 0.00951903 -0.0001 -0.00179707 0.0102431 -0.0001 0.0018444 0.0102689 -0.0001 0.00147567 0.0103627 -0.0001 0.00182466 0.00947018 -0.0001 -0.00140331 0.00940206 -0.0001 -0.00176164 0.0098778 -0.0001 0.0018563 0.00994552 -0.0001 0.001499 0.01 -0.0001 0.00186036 0.00927362 -0.0001 -0.00131239 0.00907002 -0.0001 -0.00161123 0.00917759 -0.0001 -0.00166866 0.00962485 -0.0001 0.00145233 0.00951804 -0.0001 0.00179682 0.00952061 -0.0001 0.0014213 0.00900866 -0.0001 -0.00112571 0.00877372 -0.0001 -0.00139897 0.00886758 -0.0001 -0.00147598 0.00845327 -0.0001 -0.00103368 0.00872895 -0.0001 -0.000796491 0.0083891 -0.0001 -0.000930531 0.00852443 -0.0001 -0.00113292 0.00885684 -0.0001 -0.000971174 0.00878997 -0.0001 -0.000886411 0.00833174 -0.0001 -0.000823225 0.00862766 -0.0001 -0.000605454 0.00828132 -0.0001 -0.000712088 0.00906953 -0.0001 0.00161091 0.00896604 -0.0001 0.00154654 0.00922638 -0.0001 0.0012851 0.00852379 -0.0001 0.0011321 0.00875828 -0.0001 0.000841435 0.00882231 -0.0001 0.000928999 0.00852951 -0.0001 -0.000296051 0.00817548 -0.0001 -0.000363322 0.0082031 -0.0001 -0.000481688 0.00860112 -0.0001 0.00122636 0.00889227 -0.0001 0.00101135 0.0086843 -0.0001 0.00131524 0.00854106 -0.0001 0.000348393 0.008203 -0.0001 0.000481385 0.00817533 -0.0001 0.000362434 0.00814363 -0.0001 0.000121426 0.00850025 -0.0001 2.67011e-05 0.00850611 -0.0001 0.000134858 0.00815552 -0.0001 0.000242454 0.00851973 -0.0001 0.000242433 0.00838866 -0.0001 0.000929712 0.00833135 -0.0001 0.000822497 0.00870079 -0.0001 0.000749679 0.00865017 -0.0001 0.000654125 0.00828117 -0.0001 0.000711654 0.00823823 -0.0001 0.000597496 0.00860639 -0.0001 0.000554777 0.00845312 -0.0001 0.00103349 0.00857008 -0.0001 0.000453144 0.00851205 -0.0001 -0.000189526 0.00815566 -0.0001 -0.000243308 0.00813967 -0.0001 -5.2382e-07 0.00850223 -0.0001 -8.13576e-05 0.00823857 -0.0001 -0.000598485 0.00855483 -0.0001 -0.000401721 0.00814363 -0.0001 -0.000121817 0.00877301 -0.0001 0.00139832 0.00896842 -0.0001 0.00108896 0.0085875 -0.0001 -0.000504786 0.00904939 -0.0001 0.00116029 0.00886744 -0.0001 0.00147589 0.00867493 -0.0001 -0.000702954 0.00913577 -0.0001 0.00122598 0.00932108 -0.0001 0.00133752 0.00917691 -0.0001 0.00166837 0.00940198 -0.0001 0.00176162 0.00941955 -0.0001 0.00138314 0.00928759 -0.0001 0.00171851 0.00893015 -0.0001 -0.00105133 0.00868488 -0.0001 -0.00131577 0.00860144 -0.0001 -0.00122677 0.00983756 -0.0001 0.00149115 0.0097569 -0.0001 0.0018444 0.00973022 -0.0001 0.00147552 0.00963669 -0.0001 0.0018245 0.00896691 -0.0001 -0.0015471 0.00909251 -0.0001 -0.0011943 0.0100537 -0.0001 0.001499 0.0101222 -0.0001 0.0018563 0.00918113 -0.0001 -0.00125674 0.010162 -0.0001 0.00149122 0.00928849 -0.0001 -0.0017189 0.0093706 -0.0001 -0.00136153 0.0103751 -0.0001 0.00145234 0.010481 -0.0001 0.00179707 0.0104785 -0.0001 0.00142159 0.0105979 -0.0001 0.00176164 0.0107115 -0.0001 0.0017189 0.01093 -0.0001 0.00161123 0.0107729 -0.0001 0.00128548 0.0110331 -0.0001 0.0015471 0.0108639 -0.0001 0.00122621 0.01 -0.0001 -0.00186036 0.01 -0.0001 -0.0015 0.0098778 -0.0001 -0.0018563 0.0101222 -0.0001 -0.0018563 0.0111072 -0.0001 0.00101201 0.0113151 -0.0001 0.00131577 0.0110315 -0.0001 0.00108904 -0.000547953 0.0029 -0.00298596 -0.00221567 0.0029 -0.00298596 -0.00221567 0.0029 -0.00101404 -0.000547953 0.0029 -0.00101404 -0.000547953 0.003 -0.00298596 -0.00221567 0.003 -0.00298596 -0.00221567 0.0029 -0.00298596 -0.000547953 0.0029 -0.00298596 -0.00221567 0.003 -0.00298596 -0.00221567 0.003 -0.00101404 -0.00221567 0.0029 -0.00101404 -0.00221567 0.0029 -0.00298596 -0.00221567 0.003 -0.00101404 -0.000547953 0.003 -0.00101404 -0.000547953 0.0029 -0.00101404 -0.00221567 0.0029 -0.00101404 -0.000547953 0.003 -0.00101404 -0.000547953 0.003 -0.00298596 -0.000547953 0.0029 -0.00298596 -0.000547953 0.0029 -0.00101404 0.00221567 0.0029 -0.00298596 0.000547953 0.0029 -0.00298596 0.000547953 0.0029 -0.00101404 0.00221567 0.0029 -0.00101404 0.00221567 0.003 -0.00298596 0.000547953 0.003 -0.00298596 0.000547953 0.0029 -0.00298596 0.00221567 0.0029 -0.00298596 0.000547953 0.003 -0.00298596 0.000547953 0.003 -0.00101404 0.000547953 0.0029 -0.00101404 0.000547953 0.0029 -0.00298596 0.000547953 0.003 -0.00101404 0.00221567 0.003 -0.00101404 0.00221567 0.0029 -0.00101404 0.000547953 0.0029 -0.00101404 0.00221567 0.003 -0.00101404 0.00221567 0.003 -0.00298596 0.00221567 0.0029 -0.00298596 0.00221567 0.0029 -0.00101404 -0.000547953 0.003 -0.00298596 0.000547953 0.003 -0.00101404 0.000547953 0.003 -0.00298596 -0.0025 0.003 -0.00325 0.0025 0.003 -0.00325 -0.00221567 0.003 -0.00298596 -0.00221567 0.003 -0.00101404 -0.0025 0.003 -0.00075 -0.000547953 0.003 -0.00101404 0.0025 0.003 -0.00075 0.00221567 0.003 -0.00101404 0.00221567 0.003 -0.00298596 -0.0025 0.0015 -0.00075 0.0025 0.003 -0.00075 -0.0025 0.003 -0.00075 0.0025 0.0015 -0.00075 -0.0025 0.0015 -0.00325 -0.0025 0.003 -0.00075 -0.0025 0.003 -0.00325 -0.0025 0.0015 -0.00075 0.0025 0.0015 -0.00325 -0.0025 0.003 -0.00325 0.0025 0.003 -0.00325 -0.0025 0.0015 -0.00325 0.0025 0.0015 -0.00075 0.0025 0.003 -0.00325 0.0025 0.003 -0.00075 0.0025 0.0015 -0.00325 0.01 0 -0.0025 0.00775 0.0015 -0.0025 0.01 0.0015 -0.0025 0.00775 0 -0.0025 0.012496 0 -0.00013971 0.0125 0.0015 7.03922e-07 0.0125 0 7.03922e-07 0.0124843 0 -0.000279587 0.012496 0.0015 -0.00013971 0.0124843 0.0015 -0.000279587 0.0124648 0 -0.000418057 0.0124374 0 -0.000555878 0.0124648 0.0015 -0.000418057 0.0124024 0 -0.000691745 0.0124374 0.0015 -0.000555878 0.0124024 0.0015 -0.000691745 0.0123599 0 -0.000825005 0.0123098 0 -0.000956338 0.0123599 0.0015 -0.000825005 0.0122526 0 -0.00108436 0.0123098 0.0015 -0.000956338 0.0122526 0.0015 -0.00108436 0.0121884 0 -0.00120864 0.012117 0 -0.00132977 0.0121884 0.0015 -0.00120864 0.0120391 0 -0.00144633 0.012117 0.0015 -0.00132977 0.0120391 0.0015 -0.00144633 0.011955 0 -0.00155813 0.0118643 0 -0.00166563 0.011955 0.0015 -0.00155813 0.0117681 0 -0.00176745 0.0118643 0.0015 -0.00166563 0.0117681 0.0015 -0.00176745 0.0116664 0 -0.00186359 0.0115589 0 -0.00195441 0.0116664 0.0015 -0.00186359 0.011447 0 -0.00203862 0.0115589 0.0015 -0.00195441 0.011447 0.0015 -0.00203862 0.0113307 0 -0.00211638 0.0112094 0 -0.00218795 0.0113307 0.0015 -0.00211638 0.0110851 0 -0.00225219 0.0112094 0.0015 -0.00218795 0.0110851 0.0015 -0.00225219 0.0109573 0 -0.00230937 0.0108258 0 -0.00235965 0.0109573 0.0015 -0.00230937 0.0106926 0 -0.00240213 0.0108258 0.0015 -0.00235965 0.0106926 0.0015 -0.00240213 0.010557 0 -0.00243711 0.0104188 0 -0.00246466 0.010557 0.0015 -0.00243711 0.0102804 0 -0.0024842 0.0104188 0.0015 -0.00246466 0.0102804 0.0015 -0.0024842 0.0101409 0 -0.00249597 0.01 0 -0.0025 0.0101409 0.0015 -0.00249597 0.01 0.0015 -0.0025 0.012496 0.0015 0.00014047 0.0124842 0.0015 0.000280402 0.012496 0 0.00014047 0.0124645 0.0015 0.000419444 0.0124842 0 0.000280402 0.0124645 0 0.000419444 0.0124373 0.0015 0.000556558 0.0124021 0.0015 0.000692586 0.0124373 0 0.000556558 0.0123594 0.0015 0.00082633 0.0124021 0 0.000692586 0.0123594 0 0.00082633 0.0123096 0.0015 0.000956921 0.0122521 0.0015 0.00108519 0.0123096 0 0.000956921 0.0121877 0.0015 0.00120987 0.0122521 0 0.00108519 0.0121877 0 0.00120987 0.0121167 0.0015 0.00133025 0.0120385 0.0015 0.00144713 0.0121167 0 0.00133025 0.0119541 0.0015 0.00155922 0.0120385 0 0.00144713 0.0119541 0 0.00155922 0.011864 0.0015 0.00166599 0.0117673 0.0015 0.00176816 0.011864 0 0.00166599 0.0116654 0.0015 0.00186451 0.0117673 0 0.00176816 0.0116654 0 0.00186451 0.0115586 0.0015 0.00195466 0.0114461 0.0015 0.00203922 0.0115586 0 0.00195466 0.0113295 0.0015 0.00211712 0.0114461 0 0.00203922 0.0113295 0 0.00211712 0.0112092 0.0015 0.00218811 0.0110841 0.0015 0.00225265 0.0112092 0 0.00218811 0.0109561 0.0015 0.0023099 0.0110841 0 0.00225265 0.0109561 0 0.0023099 0.0108256 0.0015 0.00235973 0.0106914 0.0015 0.00240242 0.0108256 0 0.00235973 0.0105557 0.0015 0.00243742 0.0106914 0 0.00240242 0.0105557 0 0.00243742 0.0104187 0.0015 0.00246468 0.0102804 0.0015 0.0024842 0.0104187 0 0.00246468 0.0101409 0.0015 0.00249597 0.0102804 0 0.0024842 0.0101409 0 0.00249597 0.01 0.0015 0.0025 0.01 0 0.0025 0.00775 0 0.0025 0.01 0.0015 0.0025 0.00775 0.0015 0.0025 0.01 0 0.0025 0.00775 0 0.00525 0.00775 0.0015 0.0025 0.00775 0.0015 0.00525 0.00775 0 0.0025 -0.00775 0 0.00525 0.00775 0.0015 0.00525 -0.00775 0.0015 0.00525 0.00775 0 0.00525 -0.00775 0 0.0025 -0.00775 0.0015 0.00525 -0.00775 0.0015 0.0025 -0.00775 0 0.00525 -0.01 0 0.0025 -0.00775 0.0015 0.0025 -0.01 0.0015 0.0025 -0.00775 0 0.0025 -0.012496 0 0.00013971 -0.0125 0.0015 -7.03922e-07 -0.0125 0 -7.03922e-07 -0.0124843 0 0.000279587 -0.012496 0.0015 0.00013971 -0.0124843 0.0015 0.000279587 -0.0124648 0 0.000418057 -0.0124374 0 0.000555878 -0.0124648 0.0015 0.000418057 -0.0124024 0 0.000691745 -0.0124374 0.0015 0.000555878 -0.0124024 0.0015 0.000691745 -0.0123599 0 0.000825005 -0.0123098 0 0.000956338 -0.0123599 0.0015 0.000825005 -0.0122526 0 0.00108436 -0.0123098 0.0015 0.000956338 -0.0122526 0.0015 0.00108436 -0.0121884 0 0.00120864 -0.012117 0 0.00132977 -0.0121884 0.0015 0.00120864 -0.0120391 0 0.00144633 -0.012117 0.0015 0.00132977 -0.0120391 0.0015 0.00144633 -0.011955 0 0.00155813 -0.0118643 0 0.00166563 -0.011955 0.0015 0.00155813 -0.0117681 0 0.00176745 -0.0118643 0.0015 0.00166563 -0.0117681 0.0015 0.00176745 -0.0116664 0 0.00186359 -0.0115589 0 0.00195441 -0.0116664 0.0015 0.00186359 -0.011447 0 0.00203862 -0.0115589 0.0015 0.00195441 -0.011447 0.0015 0.00203862 -0.0113307 0 0.00211638 -0.0112094 0 0.00218795 -0.0113307 0.0015 0.00211638 -0.0110851 0 0.00225219 -0.0112094 0.0015 0.00218795 -0.0110851 0.0015 0.00225219 -0.0109573 0 0.00230937 -0.0108258 0 0.00235965 -0.0109573 0.0015 0.00230937 -0.0106926 0 0.00240213 -0.0108258 0.0015 0.00235965 -0.0106926 0.0015 0.00240213 -0.010557 0 0.00243711 -0.0104188 0 0.00246466 -0.010557 0.0015 0.00243711 -0.0102804 0 0.0024842 -0.0104188 0.0015 0.00246466 -0.0102804 0.0015 0.0024842 -0.0101409 0 0.00249597 -0.01 0 0.0025 -0.0101409 0.0015 0.00249597 -0.01 0.0015 0.0025 -0.012496 0.0015 -0.00014047 -0.0124842 0.0015 -0.000280402 -0.012496 0 -0.00014047 -0.0124645 0.0015 -0.000419444 -0.0124842 0 -0.000280402 -0.0124645 0 -0.000419444 -0.0124373 0.0015 -0.000556558 -0.0124021 0.0015 -0.000692586 -0.0124373 0 -0.000556558 -0.0123594 0.0015 -0.00082633 -0.0124021 0 -0.000692586 -0.0123594 0 -0.00082633 -0.0123096 0.0015 -0.000956921 -0.0122521 0.0015 -0.00108519 -0.0123096 0 -0.000956921 -0.0121877 0.0015 -0.00120987 -0.0122521 0 -0.00108519 -0.0121877 0 -0.00120987 -0.0121167 0.0015 -0.00133025 -0.0120385 0.0015 -0.00144713 -0.0121167 0 -0.00133025 -0.0119541 0.0015 -0.00155922 -0.0120385 0 -0.00144713 -0.0119541 0 -0.00155922 -0.011864 0.0015 -0.00166599 -0.0117673 0.0015 -0.00176816 -0.011864 0 -0.00166599 -0.0116654 0.0015 -0.00186451 -0.0117673 0 -0.00176816 -0.0116654 0 -0.00186451 -0.0115586 0.0015 -0.00195466 -0.0114461 0.0015 -0.00203922 -0.0115586 0 -0.00195466 -0.0113295 0.0015 -0.00211712 -0.0114461 0 -0.00203922 -0.0113295 0 -0.00211712 -0.0112092 0.0015 -0.00218811 -0.0110841 0.0015 -0.00225265 -0.0112092 0 -0.00218811 -0.0109561 0.0015 -0.0023099 -0.0110841 0 -0.00225265 -0.0109561 0 -0.0023099 -0.0108256 0.0015 -0.00235973 -0.0106914 0.0015 -0.00240242 -0.0108256 0 -0.00235973 -0.0105557 0.0015 -0.00243742 -0.0106914 0 -0.00240242 -0.0105557 0 -0.00243742 -0.0104187 0.0015 -0.00246468 -0.0102804 0.0015 -0.0024842 -0.0104187 0 -0.00246468 -0.0101409 0.0015 -0.00249597 -0.0102804 0 -0.0024842 -0.0101409 0 -0.00249597 -0.01 0.0015 -0.0025 -0.01 0 -0.0025 -0.00775 0 -0.0025 -0.01 0.0015 -0.0025 -0.00775 0.0015 -0.0025 -0.01 0 -0.0025 -0.00775 0 -0.00525 -0.00775 0.0015 -0.0025 -0.00775 0.0015 -0.00525 -0.00775 0 -0.0025 0.00775 0 -0.00525 -0.00775 0.0015 -0.00525 0.00775 0.0015 -0.00525 -0.00775 0 -0.00525 0.00775 0 -0.0025 0.00775 0.0015 -0.00525 0.00775 0.0015 -0.0025 0.00775 0 -0.00525 -0.0115586 0.0015 -0.00195466 -0.0107603 0.0015 -0.00169791 -0.0106483 0.0015 -0.0017437 0.01 0.0015 0.00186036 0.0101409 0.0015 0.00249597 0.0102804 0.0015 0.0024842 0.00400826 0.0015 -0.00434658 0.0040459 0.0015 -0.00435226 0.00402689 0.0015 -0.00435064 -0.0101804 0.0015 -0.0018516 -0.0109561 0.0015 -0.0023099 -0.0102994 0.0015 -0.00183608 -0.0108256 0.0015 -0.00235973 -0.0106914 0.0015 -0.00240242 -0.0110841 0.0015 -0.00225265 -0.0112092 0.0015 -0.00218811 -0.0104178 0.0015 -0.0018128 -0.0114461 0.0015 -0.00203922 -0.0105343 0.0015 -0.00178197 -0.0113295 0.0015 -0.00211712 -0.0109729 0.0015 -0.00158565 -0.0108682 0.0015 -0.00164531 -0.0117673 0.0015 -0.00176816 -0.0116654 0.0015 -0.00186451 -0.0119541 0.0015 -0.00155922 -0.0111695 0.0015 -0.00144673 -0.011864 0.0015 -0.00166599 -0.0110738 0.0015 -0.00151921 -0.0113468 0.0015 -0.0012834 -0.0112609 0.0015 -0.00136781 -0.0120385 0.0015 -0.00144713 -0.0121167 0.0015 -0.00133025 -0.0114269 0.0015 -0.00119366 -0.0122521 0.0015 -0.00108519 -0.0115692 0.0015 -0.000999288 -0.0115015 0.0015 -0.0010984 -0.0121877 0.0015 -0.00120987 -0.0123594 0.0015 -0.00082633 -0.0117326 0.0015 -0.000677521 -0.0116852 0.0015 -0.00078797 -0.0123096 0.0015 -0.000956921 -0.0124373 0.0015 -0.000556558 -0.0117729 0.0015 -0.000563566 -0.0124021 0.0015 -0.000692586 -0.0117904 0.0015 0.00050523 -0.0124374 0.0015 0.000555878 -0.0117539 0.0015 0.000620048 -0.0124648 0.0015 0.000418057 -0.0118193 0.0015 0.000388725 -0.0118407 0.0015 0.000269598 -0.0123599 0.0015 0.000825005 -0.0116592 0.0015 0.000841374 -0.0117101 0.0015 0.000732567 -0.00437305 0.0015 2.54812e-05 -0.00587785 0.0015 2.79968e-05 -0.00439115 0.0015 7.7086e-05 -0.00440349 0.0015 0.000130377 -0.00587785 0.0015 0.000243448 -0.0044118 0.0015 0.000184468 -0.0115365 0.0015 0.00104884 -0.0122526 0.0015 0.00108436 -0.0121884 0.0015 0.00120864 -0.0114655 0.0015 0.00114594 -0.012117 0.0015 0.00132977 -0.0113879 0.0015 0.0012388 -0.0011291 0.0015 0.00157105 -0.00188696 0.0015 0.00157027 -0.00185235 0.0015 0.0016124 -0.00336299 0.0015 0.000291218 -0.00217006 0.0015 0.000265443 -0.00336459 0.0015 0.000237721 -0.0033625 0.0015 0.00148321 -0.0021912 0.0015 0.0014407 -0.00220087 0.0015 0.00137313 -0.0120391 0.0015 0.00144633 -0.00720077 0.0015 0.00273399 -0.00626105 0.0015 0.00239398 -0.00775 0.0015 0.0025 -0.011447 0.0015 0.00203862 -0.0113307 0.0015 0.00211638 -0.0105922 0.0015 0.00176359 -0.010121 0.0015 0.00185638 -0.0102407 0.0015 0.00184472 -0.0108258 0.0015 0.00235965 -0.0103596 0.0015 0.00182524 -0.0109573 0.0015 0.00230937 -0.0101409 0.0015 0.00249597 -0.01 0.0015 0.00186036 -0.0102804 0.0015 0.0024842 -0.0104188 0.0015 0.00246466 -0.010557 0.0015 0.00243711 -0.01 0.0015 0.0025 -0.0106926 0.0015 0.00240213 -0.0110851 0.0015 0.00225219 -0.00929541 0.0015 0.00172176 -0.00720077 0.0015 0.00205318 -0.00918559 0.0015 0.00167258 -0.00720077 0.0015 0.000865685 -0.00829018 0.0015 0.000733037 -0.00834132 0.0015 0.000842386 -0.00720077 0.0015 0.00180037 -0.00897631 0.0015 0.00155335 -0.0090786 0.0015 0.00161616 -0.0107054 0.0015 0.00172137 -0.0115589 0.0015 0.00195441 -0.0104772 0.0015 0.00179809 -0.0112094 0.0015 0.00218795 -0.0117681 0.0015 0.00176745 -0.0109216 0.0015 0.00161603 -0.0110246 0.0015 0.00155273 -0.00442083 0.0015 0.00102188 -0.00442083 0.0015 0.000831923 -0.00587785 0.0015 0.000842099 -0.0111227 0.0015 0.00148336 -0.0112165 0.0015 0.00140745 -0.011955 0.0015 0.00155813 -0.00353634 0.0015 0.00248439 -0.0035279 0.0015 0.00243527 -0.00371528 0.0015 0.00239229 -0.00441714 0.0015 0.00023894 0.0025 0.0015 -0.00325 0.00312523 0.0015 -0.00120333 0.00418356 0.0015 -0.00120333 0.00322396 0.0015 -0.00345643 0.00368232 0.0015 -0.00345643 0.010121 0.0015 0.00185638 0.0106914 0.0015 0.00240242 0.0108256 0.0015 0.00235973 0.0104187 0.0015 0.00246468 0.0105557 0.0015 0.00243742 0.0109561 0.0015 0.0023099 0.010359 0.0015 0.00182538 0.0102407 0.0015 0.00184472 0.0113295 0.0015 0.00211712 0.0104761 0.0015 0.00179837 0.0112092 0.0015 0.00218811 0.0110841 0.0015 0.00225265 0.0108144 0.0015 0.00167258 0.0107046 0.0015 0.00172176 0.0115586 0.0015 0.00195466 0.0105918 0.0015 0.00176369 0.0114461 0.0015 0.00203922 0.00665925 0.0015 0.00145672 0.00669891 0.0015 0.00115756 0.00662891 0.0015 0.00142396 0.0116654 0.0015 0.00186451 0.0109214 0.0015 0.00161616 0.00907841 0.0015 0.00161603 0.00897539 0.0015 0.00155273 0.00670011 0.0015 0.00180431 0.00869486 0.0015 0.00132569 0.00670365 0.0015 0.00153389 0.00671642 0.0015 0.00157668 0.0116009 0.0015 0.000947652 0.0123096 0.0015 0.000956921 0.0116587 0.0015 0.000842386 0.0121167 0.0015 0.00133025 0.0113878 0.0015 0.00123892 0.0113043 0.0015 0.00132646 0.0087835 0.0015 0.00140745 0.00672605 0.0015 0.00166532 0.00887726 0.0015 0.00148336 0.00671495 0.0015 0.00175931 0.00672345 0.0015 0.00171271 0.00654834 0.0015 0.000128201 0.00669891 0.0015 0.000411303 0.0065887 0.0015 0.000104494 0.00669891 0.0015 0.000967607 0.00839891 0.0015 0.000947277 0.00834081 0.0015 0.000841374 0.00669891 0.0015 0.000601261 0.00824606 0.0015 0.000620048 0.00820958 0.0015 0.00050523 0.00828995 0.0015 0.000732567 0.00814572 0.0015 0.000150141 0.00662456 0.0015 7.44159e-05 0.00815932 0.0015 0.000269598 0.00818071 0.0015 0.000388725 0.0064081 0.0015 -2.70935e-05 0.0064276 0.0015 -3.03631e-05 0.00646498 0.0015 -4.28994e-05 0.00644674 0.0015 -3.52784e-05 0.00822707 0.0015 -0.000563566 0.00658721 0.0015 -0.000461375 0.00662355 0.0015 -0.000431867 0.00665548 0.0015 3.92559e-05 0.0125 0.0015 7.03922e-07 0.012496 0.0015 -0.00013971 0.0118582 0.0015 -8.97643e-05 0.00671624 0.0015 -0.000272509 0.00672384 0.0015 -0.000226315 0.00815159 0.0015 -0.000210556 0.0110741 0.0015 -0.0015189 0.0117681 0.0015 -0.00176745 0.0109736 0.0015 -0.00158523 0.00670271 0.0015 -0.000317306 0.00816922 0.0015 -0.000330161 0.00668249 0.0015 -0.000359508 0.00583054 0.0015 -0.00104051 0.00669891 0.0015 -0.00104051 0.00583054 0.0015 -0.00123047 0.00665577 0.0015 -0.000397924 0.0110851 0.0015 -0.00225219 0.0109573 0.0015 -0.00230937 0.0103005 0.0015 -0.00183589 0.0124024 0.0015 -0.000691745 0.011733 0.0015 -0.000676482 0.011773 0.0015 -0.000563322 0.00831476 0.0015 -0.00078797 0.00669891 0.0015 -0.000850556 0.00826744 0.0015 -0.000677521 0.00564058 0.0015 -0.00123047 0.00775 0.0015 -0.0025 0.0108258 0.0015 -0.00235965 0.0101807 0.0015 -0.00185155 0.00883048 0.0015 -0.00144673 0.00892625 0.0015 -0.00151921 0.010557 0.0015 -0.00243711 0.0104188 0.0015 -0.00246466 0.0100607 0.0015 -0.00185936 0.00935171 0.0015 -0.0017437 0.00946568 0.0015 -0.00178197 0.00923971 0.0015 -0.00169791 0.00958222 0.0015 -0.0018128 0.00902713 0.0015 -0.00158565 0.00913178 0.0015 -0.00164531 0.0106926 0.0015 -0.00240213 0.0102804 0.0015 -0.0024842 0.0101409 0.0015 -0.00249597 0.00422957 0.0015 -0.00449434 0.00426577 0.0015 -0.00446685 0.00775 0.0015 -0.00525 0.00360769 0.0015 -0.00451477 0.00375061 0.0015 -0.00434829 0.00377347 0.0015 -0.00439046 0.00370946 0.0015 -0.00416199 0.0040218 0.0015 -0.00391434 0.00404753 0.0015 -0.00394288 0.00410998 0.0015 -0.0043377 0.00408952 0.0015 -0.00434605 0.00399048 0.0015 -0.0043397 0.00415963 0.0015 -0.00429465 0.00414552 0.0015 -0.00431166 0.00394609 0.0015 -0.00430421 0.00412882 0.0015 -0.00432614 0.00397407 0.0015 -0.00433001 0.00395929 0.0015 -0.00431796 0.00391698 0.0015 -0.00425524 0.00417869 0.0015 -0.00425493 0.00392483 0.0015 -0.00427262 0.00393456 0.0015 -0.00428902 0.00417079 0.0015 -0.00427557 0.00418312 0.0015 -0.00423328 0.00391066 0.0015 -0.00423725 0.00390599 0.0015 -0.00421876 0.00390268 0.0015 -0.00419997 0.00418078 0.0015 -0.00417294 0.00418435 0.0015 -0.00421117 0.00389941 0.0015 -0.00416199 0.00417098 0.0015 -0.00413577 0.00390048 0.0015 -0.00418103 0.00409627 0.0015 -0.00400229 0.00411899 0.0015 -0.00403327 0.00415692 0.0015 -0.0041 0.00429724 0.0015 -0.00443407 0.000312061 0.0015 -0.00326648 0.000168109 0.0015 -0.00326648 0.00373321 0.0015 -0.00430358 0.00372106 0.0015 -0.00425716 0.00134856 0.0015 -0.00345643 0.0011586 0.0015 -0.00345643 0.00380206 0.0015 -0.00442898 0.00387398 0.0015 -0.00449208 0.0039164 0.0015 -0.00451448 0.0028608 0.0015 -0.00451477 0.00265791 0.0015 -0.00451477 0.00400883 0.0015 -0.00453923 0.00405672 0.0015 -0.0045419 0.00414669 0.0015 -0.0045308 0.00410212 0.0015 -0.00453934 0.00418956 0.0015 -0.00451583 0.00432341 0.0015 -0.00439686 0.00434469 0.0015 -0.00435667 0.00436081 0.0015 -0.00431418 0.00437102 0.0015 -0.00426986 0.00437431 0.0015 -0.00422453 0.00436966 0.0015 -0.00416565 0.00435751 0.0015 -0.00410812 0.00433851 0.0015 -0.00405215 0.00438787 0.0015 -0.00363282 0.00413948 0.0015 -0.00406578 0.00399566 0.0015 -0.00388617 0.00431432 0.0015 -0.00399827 0.00407245 0.0015 -0.00397213 0.00428539 0.0015 -0.00394684 0.00425291 0.0015 -0.00389755 0.00421772 0.0015 -0.00385012 0.00418063 0.0015 -0.00380417 0.0018915 0.0015 -0.00345643 0.00166741 0.0015 -0.00345643 0.00414216 0.0015 -0.00375939 0.0040317 0.0015 -0.00363282 0.00438787 0.0015 -0.00345643 -0.00414277 0.0015 -0.000198681 -0.00409217 0.0015 -0.0002195 0.00371318 0.0015 -0.00420983 -0.0025 0.0015 -0.00325 0.00406796 0.0015 -0.00435094 0.00368232 0.0015 -0.00355268 0.00383576 0.0015 -0.00446312 0.0031328 0.0015 -0.00376299 0.00340544 0.0015 -0.00451477 0.00396168 0.0015 -0.00453026 0.00418356 0.0015 -0.00101404 0.00330162 0.0015 -0.00101404 0.00330162 0.0015 -0.000796282 0.00224789 0.0015 -0.00400298 0.00258158 0.0015 -0.00451477 0.00235749 0.0015 -0.00451477 0.00191483 0.0015 -0.00451477 0.00213595 0.0015 -0.00417492 0.003041 0.0015 -0.00345643 0.00260363 0.0015 -0.00345643 0.00202401 0.0015 -0.0040032 0.00169095 0.0015 -0.00451477 0.00134856 0.0015 -0.00451477 0.00237975 0.0015 -0.00345643 0.00213595 0.0015 -0.00383126 0.00395164 0.0015 -0.000525451 0.00389745 0.0015 -0.000555165 0.000799038 0.0015 -0.0045419 0.000655086 0.0015 -0.0045419 -9.66914e-05 0.0015 -0.00449403 -5.89409e-05 0.0015 -0.00446604 0.00655507 0.0015 0.00137429 0.00659399 0.0015 0.00139613 0.0011586 0.0015 -0.00433838 0.000941506 0.0015 -0.00433838 0.0124021 0.0015 0.000692586 0.0117537 0.0015 0.000620856 0.0117098 0.0015 0.000733037 7.04673e-05 0.0015 -0.0037657 6.17208e-05 0.0015 -0.00372251 0.00105493 0.0015 -0.00451477 -0.000545503 0.0015 -0.00439795 -0.000517857 0.0015 -0.00443425 -0.00101234 0.0015 -0.00451477 -0.00154994 0.0015 -0.00347773 -0.00159585 0.0015 -0.00345562 -0.0012023 0.0015 -0.00345643 -0.00022909 0.0015 -0.00453923 -0.000276061 0.0015 -0.00454136 -0.00166352 0.0015 -0.00417017 -0.00165228 0.0015 -0.00418119 -0.00185333 0.0015 -0.00425697 -0.000321568 0.0015 -0.0045394 -0.00168756 0.0015 -0.00453966 -0.000366274 0.0015 -0.00453068 -0.00172851 0.0015 -0.00454146 -0.00775 0.0015 -0.00525 -0.000138353 0.0015 -0.00451575 -0.000182888 0.0015 -0.00453071 8.42113e-05 0.0015 -0.00407922 8.61619e-05 0.0015 -0.00403221 1.59894e-06 0.0015 -0.00439441 -2.60394e-05 0.0015 -0.00443249 4.28046e-05 0.0015 -0.00430994 2.43766e-05 0.0015 -0.00435323 6.76606e-05 0.0015 -0.00421927 5.71442e-05 0.0015 -0.00426514 8.08311e-05 0.0015 -0.00412614 7.54329e-05 0.0015 -0.00417287 8.66987e-05 0.0015 -0.00398518 8.62274e-05 0.0015 -0.00394111 8.4612e-05 0.0015 -0.00389707 8.15197e-05 0.0015 -0.00385311 7.69889e-05 0.0015 -0.00380928 -0.000270531 0.0015 -0.0034293 -0.000316944 0.0015 -0.00343159 3.45814e-05 0.0015 -0.00363876 4.99817e-05 0.0015 -0.00368004 -6.7284e-06 0.0015 -0.00356103 1.57166e-05 0.0015 -0.00359894 -6.5145e-05 0.0015 -0.00349541 -3.35729e-05 0.0015 -0.0035261 -0.000140871 0.0015 -0.00345113 -0.000101096 0.0015 -0.00347 -0.000226521 0.0015 -0.00343136 -0.000183047 0.0015 -0.00343848 -0.000713583 0.0015 -0.00345643 -0.000362731 0.0015 -0.00343949 -0.000407026 0.0015 -0.00345345 -0.000518929 0.0015 -0.00353437 -0.000546673 0.0015 -0.00357163 -0.00048614 0.0015 -0.00350147 -0.00101234 0.0015 -0.00364639 -0.000713583 0.0015 -0.00364639 -0.000613595 0.0015 -0.00374391 -0.000602922 0.0015 -0.00369868 -0.000626437 0.0015 -0.00383595 -0.000621112 0.0015 -0.00378978 -0.000631891 0.0015 -0.00392873 -0.000630001 0.0015 -0.00388229 -0.00166733 0.0015 -0.00433539 -0.00168171 0.0015 -0.0043432 -0.00177071 0.0015 -0.00434485 -0.000632425 0.0015 -0.00397521 -0.000627879 0.0015 -0.00409999 -0.000631476 0.0015 -0.00403765 -0.000611415 0.0015 -0.00422378 -0.00062145 0.0015 -0.00416211 -0.000596508 0.0015 -0.00428449 -0.00057495 0.0015 -0.00434291 -0.000569635 0.0015 -0.00361202 -0.00048583 0.0015 -0.00446664 -0.000449334 0.0015 -0.00449389 -0.000409183 0.0015 -0.0045154 -0.000588425 0.0015 -0.00365452 -0.000448628 0.0015 -0.00347409 -0.0017898 0.0015 -0.0043364 -0.00180729 0.0015 -0.00432502 -0.00165443 0.0015 -0.00432532 -0.0012023 0.0015 -0.00451477 -0.00182276 0.0015 -0.004311 -0.0018358 0.0015 -0.0042947 -0.00163447 0.0015 -0.00429952 -0.00199388 0.0015 -0.00440265 -0.00223349 0.0015 -0.00433838 -0.00201799 0.0015 -0.00435694 -0.00162412 0.0015 -0.00423661 -0.00162804 0.0015 -0.00422137 -0.00184607 0.0015 -0.00427654 -0.001624 0.0015 -0.00426862 -0.00162795 0.0015 -0.0042845 -0.00150804 0.0015 -0.00444967 -0.00148192 0.0015 -0.00441808 -0.00163423 0.0015 -0.0042069 -0.00164241 0.0015 -0.00419345 -0.00171333 0.0015 -0.00435123 -0.00169719 0.0015 -0.00434853 -0.00181076 0.0015 -0.00412265 -0.00182644 0.0015 -0.00412128 -0.0020824 0.0015 -0.00368214 -0.00223245 0.0015 -0.00369514 -0.00224904 0.0015 -0.00364622 -0.00196276 0.0015 -0.00444391 -0.00223349 0.0015 -0.00451477 -0.00192371 0.0015 -0.00447865 -0.00187968 0.0015 -0.0045067 -0.00257381 0.0015 -0.00414569 -0.00256486 0.0015 -0.00433838 -0.00260615 0.0015 -0.00413808 -0.00178064 0.0015 -0.00453857 -0.00271538 0.0015 -0.00451477 -0.00160833 0.0015 -0.00451938 -0.00164727 0.0015 -0.00453217 -0.00153809 0.0015 -0.00447754 -0.00157166 0.0015 -0.00450104 -0.0017297 0.0015 -0.00435122 -0.00175052 0.0015 -0.00435015 -0.00162292 0.0015 -0.0042523 -0.00143583 0.0015 -0.00430526 -0.00143296 0.0015 -0.00426439 -0.00144498 0.0015 -0.00434522 -0.00146051 0.0015 -0.00438314 -0.00143602 0.0015 -0.00422489 -0.00146117 0.0015 -0.00415006 -0.00143033 0.0015 -0.00394086 -0.00144545 0.0015 -0.0041864 -0.00173313 0.0015 -0.00413492 -0.00168932 0.0015 -0.00415221 -0.00174844 0.0015 -0.00413128 -0.00145953 0.0015 -0.00397496 -0.0014828 0.0015 -0.00411686 -0.00149396 0.0015 -0.00400376 -0.00153268 0.0015 -0.00402649 -0.00150962 0.0015 -0.00408771 -0.00154058 0.0015 -0.00406298 -0.00190785 0.0015 -0.00378207 -0.00166987 0.0015 -0.0039149 -0.00169109 0.0015 -0.00392361 -0.00139066 0.0015 -0.00386067 -0.00138128 0.0015 -0.00381677 -0.00157458 0.0015 -0.00404263 -0.00157609 0.0015 -0.0038189 -0.00158537 0.0015 -0.00383986 -0.00140716 0.0015 -0.00390241 -0.00161346 0.0015 -0.00387594 -0.00163078 0.0015 -0.003891 -0.00156864 0.0015 -0.00377381 -0.00157046 0.0015 -0.00379666 -0.00137927 0.0015 -0.00377192 -0.00179622 0.0015 -0.00343207 -0.00184601 0.0015 -0.00344122 -0.00139303 0.0015 -0.00367128 -0.00138206 0.0015 -0.00372103 -0.00189691 0.0015 -0.00373569 -0.00188816 0.0015 -0.00371351 -0.00157513 0.0015 -0.00372829 -0.00159572 0.0015 -0.00368722 -0.00158374 0.0015 -0.0037069 -0.0018772 0.0015 -0.00369234 -0.00143768 0.0015 -0.00358003 -0.00141172 0.0015 -0.00362389 -0.00186304 0.0015 -0.00367317 -0.00180536 0.0015 -0.00363184 -0.00166753 0.0015 -0.00363125 -0.00164673 0.0015 -0.00364119 -0.00150773 0.0015 -0.00350629 -0.00147023 0.0015 -0.0035408 -0.0017591 0.0015 -0.00362069 -0.00178263 0.0015 -0.00362454 -0.00164452 0.0015 -0.0034405 -0.00169476 0.0015 -0.00343184 -0.00174567 0.0015 -0.0034293 -0.0024233 0.0015 -0.00346221 -0.00247159 0.0015 -0.00344365 -0.00189396 0.0015 -0.00345738 -0.00201446 0.0015 -0.00354755 -0.00233835 0.0015 -0.00352064 -0.00197931 0.0015 -0.00351115 -0.00237863 0.0015 -0.00348823 -0.0019389 0.0015 -0.00348068 -0.00227267 0.0015 -0.00360024 -0.0020437 0.0015 -0.00358885 -0.00206631 0.0015 -0.00363414 -0.00230275 0.0015 -0.00355817 -0.0018267 0.0015 -0.00364251 -0.00209275 0.0015 -0.0037317 -0.00222289 0.0015 -0.00374589 -0.00161043 0.0015 -0.00366948 -0.00222234 0.0015 -0.00384586 -0.00221993 0.0015 -0.00379755 -0.00209781 0.0015 -0.00378207 -0.00226368 0.0015 -0.00398406 -0.00224374 0.0015 -0.00394001 -0.00182644 0.0015 -0.00394489 -0.00157016 0.0015 -0.00375081 -0.00190328 0.0015 -0.00375867 -0.00173528 0.0015 -0.00361925 -0.00168954 0.0015 -0.0036244 -0.00162768 0.0015 -0.00365418 -0.00184614 0.0015 -0.00365635 -0.00171225 0.0015 -0.00362039 -0.00159807 0.0015 -0.00385896 -0.0016497 0.0015 -0.00390395 -0.00175785 0.0015 -0.0039398 -0.00171291 0.0015 -0.00393069 -0.00173523 0.0015 -0.00393599 -0.00178063 0.0015 -0.00394256 -0.00180351 0.0015 -0.00394423 -0.00223009 0.0015 -0.00389361 -0.00244517 0.0015 -0.00413505 -0.00204289 0.0015 -0.00425697 -0.0017951 0.0015 -0.00412418 -0.00177947 0.0015 -0.00412604 -0.00176391 0.0015 -0.00412837 -0.00171803 0.0015 -0.0041394 -0.00170336 0.0015 -0.0041451 -0.00167595 0.0015 -0.00416052 -0.00164338 0.0015 -0.00431325 -0.00235887 0.0015 -0.00409218 -0.00292548 0.0015 -0.00371423 -0.00283983 0.0015 -0.00392751 -0.00329183 0.0015 -0.00364639 -0.00183152 0.0015 -0.00452687 -0.00203447 0.0015 -0.00430795 -0.00254069 0.0015 -0.00414838 -0.00249243 0.0015 -0.00414529 -0.00240022 0.0015 -0.00411725 -0.002322 0.0015 -0.00406091 -0.00229004 0.0015 -0.0040246 -0.00261534 0.0015 -0.00394318 -0.00263327 0.0015 -0.00393244 -0.00248297 0.0015 -0.00393775 -0.00245398 0.0015 -0.00391325 -0.00246765 0.0015 -0.00392648 -0.00265007 0.0015 -0.00392001 -0.00242339 0.0015 -0.00386541 -0.00243158 0.0015 -0.00388258 -0.00267998 0.0015 -0.00389083 -0.00241292 0.0015 -0.00382888 -0.0024172 0.0015 -0.00384742 -0.00270777 0.0015 -0.00371423 -0.00241059 0.0015 -0.00380999 -0.00241929 0.0015 -0.00372773 -0.00241386 0.0015 -0.00374843 0.00323788 0.0015 0.000308333 0.00312523 0.0015 0.000682671 0.00328541 0.0015 0.000355515 -0.00266023 0.0015 -0.00365264 -0.00246538 0.0015 -0.00365675 -0.00267943 0.0015 -0.00367043 -0.00263835 0.0015 -0.00363828 -0.00250073 0.0015 -0.00363284 -0.00248219 0.0015 -0.00364351 -0.0026144 0.0015 -0.00362772 -0.00258903 0.0015 -0.00362128 -0.00252068 0.0015 -0.00362513 -0.00257376 0.0015 -0.0034293 -0.00252213 0.0015 -0.00343263 -0.000923049 0.0015 0.00169932 0.00034529 0.0015 0.00192757 0.00034529 0.0015 0.00162838 -0.00267126 0.0015 -0.0034409 -0.00299332 0.0015 -0.00345643 -0.0124024 0.0015 0.000691745 -0.00348178 0.0015 -0.00345643 -0.00271797 0.0015 -0.00345626 -0.00283821 0.0015 -0.00354011 -0.00286883 0.0015 -0.00357864 -0.00280229 0.0015 -0.00350647 -0.0025416 0.0015 -0.0036207 -0.0123098 0.0015 0.000956338 -0.0116011 0.0015 0.000947277 -0.00299332 0.0015 -0.00364639 -0.00720077 0.0015 0.000265443 -0.00633022 0.0015 0.000265443 -0.00245046 0.0015 -0.00367208 -0.00256295 0.0015 -0.00361912 -0.00243768 0.0015 -0.00368923 -0.00269542 0.0015 -0.00369115 -0.00242701 0.0015 -0.00370778 -0.00241075 0.0015 -0.0037696 -0.00240988 0.0015 -0.00379098 -0.00244181 0.0015 -0.00389862 -0.00266552 0.0015 -0.00390593 -0.00259614 0.0015 -0.00395143 -0.00253612 0.0015 -0.00395733 -0.00257592 0.0015 -0.00395671 -0.00249959 0.0015 -0.00394701 -0.0025175 0.0015 -0.00395342 -0.00255511 0.0015 -0.00395846 -0.00289342 0.0015 -0.00362129 -0.00329183 0.0015 -0.00451477 -0.00348178 0.0015 -0.00451477 -0.00291222 0.0015 -0.00366681 -0.00276196 0.0015 -0.00347826 -0.00365139 0.0015 -0.00451477 -0.00775 0.0015 -0.0025 -0.00421808 0.0015 -0.00345643 -0.00460118 0.0015 -0.00451477 -0.00439829 0.0015 -0.00451477 -0.00385364 0.0015 -0.00451477 -0.00412628 0.0015 -0.00376299 -0.00403512 0.0015 -0.00345643 -0.00419105 0.0015 -0.000172883 0.00561609 0.0015 0.00170974 0.00561392 0.0015 0.00166682 0.00418356 0.0015 0.00167316 0.0113307 0.0015 -0.00211638 0.0112094 0.0015 -0.00218795 0.0104184 0.0015 -0.0018127 0.0115589 0.0015 -0.00195441 0.011447 0.0015 -0.00203862 0.0106493 0.0015 -0.00174334 0.00819437 0.0015 -0.000447881 0.00583054 0.0015 -0.000660598 0.00583054 0.0015 -0.000850556 0.00668147 0.0015 2.96274e-07 0.00813992 0.0015 2.97609e-05 0.00670152 0.0015 -4.20018e-05 0.00365397 0.0015 0.000492714 0.00418356 0.0015 0.000682671 0.0037164 0.0015 0.000489692 0.00564058 0.0015 -0.000524914 0.00412676 0.0015 -0.000353375 0.00564058 0.0015 -0.000334957 0.00318453 0.0015 -0.000352773 0.00322172 0.0015 -0.000402675 0.0025 0.0015 -0.00075 0.00634229 0.0015 -0.000334495 0.0065004 0.0015 -0.000282268 0.00636144 0.0015 -0.000333672 0.00648169 0.0015 -5.34603e-05 0.00650904 0.0015 -8.18585e-05 0.00651936 0.0015 -9.87442e-05 0.00632917 0.0015 -2.28846e-05 0.00671571 0.0015 -8.66178e-05 0.00814189 0.0015 -9.08921e-05 0.0118542 0.0015 0.000150931 0.0124842 0.0015 0.000280402 0.012496 0.0015 0.00014047 0.00638844 0.0015 -2.49977e-05 0.0063687 0.0015 -2.38528e-05 0.00672605 0.0015 -0.000179557 0.00672351 0.0015 -0.000132795 0.00634895 0.0015 -2.30559e-05 0.00649648 0.0015 -6.66036e-05 0.00653232 0.0015 -0.000136013 0.00652712 0.0015 -0.000116911 0.00653609 0.0015 -0.000175317 0.00653525 0.0015 -0.000155552 0.00654743 0.0015 -0.000486027 0.00652785 0.0015 -0.000232053 0.00630395 0.0015 -0.000334957 0.00653264 0.0015 -0.000213468 0.00648726 0.0015 -0.000296242 0.00651162 0.0015 -0.000266713 0.00632312 0.0015 -0.000334823 0.00639967 0.0015 -0.000330714 0.00638058 0.0015 -0.000332433 0.00647217 0.0015 -0.000308061 0.00650435 0.0015 -0.000504287 0.00645543 0.0015 -0.000317436 0.00643736 0.0015 -0.000323791 0.00641866 0.0015 -0.000328007 0.00641227 0.0015 -0.000520259 0.00645876 0.0015 -0.000514793 0.00631875 0.0015 -0.000524577 0.00636554 0.0015 -0.000522983 0.00652088 0.0015 -0.000249914 0.00653523 0.0015 -0.000194482 0.00564058 0.0015 -2.28846e-05 0.00564058 0.0015 -0.000660598 0.00627193 0.0015 -0.000524914 0.0084635 0.0015 0.00104884 0.00853453 0.0015 0.00114594 0.00861208 0.0015 0.0012388 0.00668445 0.0015 0.00149356 0.00650444 0.0015 0.000144415 0.0123594 0.0015 0.00082633 0.0114649 0.0015 0.00114675 0.0121877 0.0015 0.00120987 0.011536 0.0015 0.00104957 0.0122521 0.0015 0.00108519 0.0064587 0.0015 0.000154517 0.00641228 0.0015 0.000160793 0.00636559 0.0015 0.000164635 0.00631878 0.0015 0.000166409 0.00564058 0.0015 0.000411303 0.00627193 0.0015 0.000167073 0.00395075 0.0015 0.00040968 0.00389608 0.0015 0.00043975 0.00412804 0.0015 0.000236235 0.00564058 0.0015 0.000167073 0.00564058 0.0015 0.000967607 0.00604763 0.0015 0.000967607 0.00604763 0.0015 0.000601261 0.00564058 0.0015 0.000601261 0.00419836 0.0015 6.3601e-05 0.00420782 0.0015 2.01383e-06 0.0041574 0.0015 -0.000299753 0.0118193 0.0015 0.000388771 0.0117901 0.0015 0.000506243 0.0124645 0.0015 0.000419444 0.00623759 0.0015 0.000601261 0.00623759 0.0015 0.000967607 0.0124373 0.0015 0.000556558 0.00592329 0.0015 0.00173684 0.005821 0.0015 0.00172626 0.00582668 0.0015 0.00173288 0.00418356 0.0015 0.00148321 0.0056497 0.0015 0.00152285 0.00567669 0.0015 0.00148087 0.00564058 0.0015 0.00115756 0.00418356 0.0015 0.000872628 0.00570903 0.0015 0.00144282 0.0036335 0.0015 0.00113345 0.00365771 0.0015 0.00116337 0.00574439 0.0015 0.00140754 0.00578199 0.0015 0.00137466 0.00621611 0.0015 0.00142657 0.00625268 0.0015 0.0013993 0.00591195 0.0015 0.0015167 0.00611996 0.0015 0.00152415 0.00618177 0.0015 0.00145666 0.00589947 0.0015 0.00174989 0.00583993 0.0015 0.00174421 0.00584741 0.0015 0.0017487 0.00586403 0.0015 0.0017538 0.00588629 0.0015 0.00175335 0.00585551 0.0015 0.00175198 0.00591191 0.0015 0.00174434 0.00583303 0.0015 0.00173887 0.00587273 0.0015 0.00175457 0.00581608 0.0015 0.00171905 0.00597093 0.0015 0.00169104 0.00581198 0.0015 0.00171135 0.00580621 0.0015 0.00169488 0.0058087 0.0015 0.00170326 0.00580458 0.0015 0.00168632 0.00580377 0.0015 0.00167765 0.00603031 0.0015 0.00189848 0.00650069 0.0015 0.0019988 0.00606247 0.0015 0.00187584 0.00580511 0.0015 0.00164957 0.0058034 0.0015 0.00166892 0.00601644 0.0015 0.00164313 0.00581003 0.0015 0.00163078 0.00654234 0.0015 0.00197603 0.00669891 0.0015 0.00205986 0.00658189 0.0015 0.00194978 0.00581769 0.0015 0.00161293 0.00615236 0.0015 0.00241561 0.00582758 0.0015 0.00159621 0.00583925 0.0015 0.00158068 0.00605993 0.0015 0.00159324 0.00667879 0.0015 0.00184666 0.00987901 0.0015 0.00185638 0.00975933 0.0015 0.00184472 0.01 0.0015 0.0025 0.00585222 0.0015 0.00156622 0.00586615 0.0015 0.00155267 0.0062278 0.0015 0.00170781 0.00620197 0.0015 0.00173748 0.00649233 0.0015 0.00176249 0.00637928 0.0015 0.00135042 0.00633469 0.0015 0.00136001 0.00588081 0.0015 0.00153993 0.00775 0.0015 0.0025 0.00645839 0.0015 0.00179383 0.00647603 0.0015 0.00177888 0.00589617 0.0015 0.00152803 0.00651911 0.0015 0.0017249 0.00625328 0.0015 0.00167783 0.00653553 0.0015 0.00164673 0.0065344 0.0015 0.00163522 0.00630134 0.0015 0.00162296 0.00635323 0.0015 0.00157176 0.00633955 0.0015 0.00158382 0.00651322 0.0015 0.00158183 0.00629219 0.0015 0.00137652 0.00641766 0.0015 0.0015392 0.0064474 0.0015 0.00153836 0.00643581 0.0015 0.00153748 0.00646936 0.0015 0.00135016 0.00642479 0.0015 0.00134752 0.00651317 0.0015 0.00135885 0.011216 0.0015 0.00140794 0.0119541 0.0015 0.00155922 0.0120385 0.0015 0.00144713 0.0111222 0.0015 0.00148375 0.011864 0.0015 0.00166599 0.00952283 0.0015 0.00179809 0.00940782 0.0015 0.00176359 0.00929456 0.0015 0.00172137 0.00631381 0.0015 0.00160965 0.00653222 0.0015 0.00162384 0.00964042 0.0015 0.00182524 0.00626506 0.0015 0.00166391 0.00652844 0.0015 0.00170375 0.00653415 0.0015 0.00168136 0.00640041 0.0015 0.00183174 0.00617567 0.0015 0.00176673 0.00614874 0.0015 0.00179542 0.00612104 0.0015 0.00182335 0.00642037 0.0015 0.00182007 0.0064398 0.0015 0.00180757 0.00665143 0.0015 0.0018854 0.00661876 0.0015 0.00191984 0.00599577 0.0015 0.00191733 0.00609248 0.0015 0.0018504 0.00650686 0.0015 0.0017445 0.00627696 0.0015 0.00165009 0.00653609 0.0015 0.00165832 0.00628905 0.0015 0.00163643 0.00652896 0.0015 0.00161271 0.00632649 0.0015 0.00159655 0.00652474 0.0015 0.0016019 0.00650601 0.0015 0.00157274 0.00636774 0.0015 0.00156071 0.00651951 0.0015 0.00159156 0.00638334 0.0015 0.00155127 0.00648938 0.0015 0.00155663 0.00649807 0.0015 0.00156428 0.00640005 0.0015 0.00154395 0.00646964 0.0015 0.0015445 0.00647989 0.0015 0.00154997 0.00645875 0.0015 0.0015405 0.00600578 0.0015 0.00305449 0.00564058 0.0015 0.00297255 0.00592256 0.0015 0.00307778 0.00595925 0.0015 0.00193195 0.00592105 0.0015 0.0019414 0.00564058 0.0015 0.00208191 0.00588184 0.0015 0.00194453 0.00583903 0.0015 0.00194131 0.00579736 0.0015 0.00193077 0.00575789 0.0015 0.00191377 0.0033178 0.0015 0.00255359 0.00334191 0.0015 0.00260022 0.00397445 0.0015 0.00257735 0.00572161 0.0015 0.00189073 0.00568943 0.0015 0.00186223 0.00566218 0.0015 0.001829 0.00142042 0.0015 0.00297912 0.00143795 0.0015 0.00307796 0.00146741 0.0015 0.0029537 0.00352103 0.0015 0.000477528 0.00358703 0.0015 0.00048913 0.00345698 0.0015 0.000458024 0.00562974 0.0015 0.00156861 0.00669891 0.0015 0.002772 0.00669891 0.0015 0.00299608 0.00340911 0.0015 0.00268066 0.00391569 0.0015 0.00265755 0.00337267 0.0015 0.0026428 0.00564058 0.0015 0.002306 0.00564058 0.0015 0.00274867 0.00598043 0.0015 0.00252755 0.00339584 0.0015 0.000430945 0.00632409 0.0015 0.00252754 0.00669891 0.0015 0.00228374 0.00561752 0.0015 0.00161704 0.00401594 0.0015 0.00197694 0.00406095 0.0015 0.00201534 0.00564053 0.0015 0.00179187 0.00562504 0.0015 0.00175178 0.00918468 0.0015 0.00167216 0.00659854 0.0015 0.00310868 0.0066764 0.0015 0.00314684 0.00377638 0.0015 0.00294843 0.00372341 0.0015 0.003031 0.00380963 0.0015 0.00303891 0.00378031 0.0015 -0.000594056 0.00384 0.0015 -0.000578037 0.00166821 0.0015 0.00051243 0.00313408 0.0015 0.000137565 0.00139684 0.0015 0.000409607 -0.0125 0.0015 -7.03922e-07 -0.012496 0.0015 0.00013971 -0.0118601 0.0015 2.97609e-05 0.0031288 0.0015 -0.000241986 0.00315339 0.0015 -0.000299039 0.00166821 0.0015 -0.000269606 0.00391493 0.0015 0.00191552 0.00396701 0.0015 0.00194368 0.00330088 0.0015 0.00250391 0.00364082 0.0015 0.00239229 0.00335452 0.0015 0.00217334 0.00332559 0.0015 0.00222571 0.00319645 0.0015 0.000255797 0.00316169 0.0015 0.00019864 0.00333835 0.0015 0.000396611 0.00311409 0.0015 7.36245e-05 0.000566673 0.0015 0.00249677 0.000557099 0.0015 0.00251909 0.000815112 0.0015 0.00253452 0.00310122 0.0015 -0.00012112 0.00311146 0.0015 -0.00018221 0.00309798 0.0015 -5.89257e-05 0.00404823 0.0015 -0.000448678 0.00409004 0.0015 -0.000403131 -0.000869953 0.0015 0.00319162 -0.000960662 0.0015 0.00289219 -0.000943601 0.0015 0.00314684 0.00400198 0.0015 -0.000489704 0.00166821 0.0015 -0.000523219 0.00341616 0.0015 -0.000554905 0.00347385 0.0015 -0.000577973 0.00326419 0.0015 -0.000448224 0.00331079 0.0015 -0.000489219 0.00336155 0.0015 -0.000525054 0.00312523 0.0015 -0.000909705 0.00353383 0.0015 -0.000594117 0.00359539 0.0015 -0.000603408 0.00371936 0.0015 -0.000603449 0.00365757 0.0015 -0.000606325 0.00418117 0.0015 -0.000242786 0.00419789 0.0015 -0.000183264 0.00420773 0.0015 -0.000122204 0.0042107 0.0015 -6.04097e-05 0.0041821 0.0015 0.000123893 0.00415863 0.0015 0.000181788 0.00409114 0.0015 0.000286527 0.00404873 0.0015 0.000332384 0.00400172 0.0015 0.000373543 0.00383832 0.0015 0.000463346 0.00377815 0.0015 0.000480058 0.00372175 0.0015 0.0014109 0.00372223 0.0015 0.00148321 0.00310202 0.0015 7.98644e-06 0.00139684 0.0015 -0.000166784 0.00312523 0.0015 0.000872628 0.00166821 0.0015 0.000765777 0.00317629 0.0015 0.00208122 0.00321042 0.0015 0.00202973 0.00166821 0.0015 0.00192757 0.00342585 0.0015 0.00104902 0.00338399 0.0015 0.00105115 0.00314383 0.0015 0.00125276 0.00315662 0.0015 0.00121285 0.00163735 0.0015 0.00126693 0.00158856 0.0015 0.00115796 0.00317549 0.0015 0.00117543 0.0032004 0.0015 0.00114174 0.00155443 0.0015 0.00110885 0.00367787 0.0015 0.00119613 0.0036941 0.0015 0.00123103 0.0013175 0.0015 0.000931464 0.00126127 0.0015 0.000910901 0.00120348 0.0015 0.00089523 0.00142314 0.0015 0.000987342 0.00147123 0.0015 0.00102299 0.00137165 0.0015 0.000956877 0.00323043 0.0015 0.00111253 0.00151522 0.0015 0.00106365 0.00330258 0.0015 0.0010704 0.00326489 0.0015 0.00108869 0.00334265 0.0015 0.00105809 0.00346429 0.0015 0.00105088 0.00353897 0.0015 0.00106874 0.00350223 0.0015 0.00105735 0.00360527 0.0015 0.00110732 0.00357368 0.0015 0.00108534 0.00370612 0.0015 0.0012676 0.00371638 0.0015 0.00133903 0.00312599 0.0015 0.00219878 0.00314779 0.0015 0.00213625 0.00312523 0.0015 0.00167316 0.00324981 0.0015 0.0019819 0.00329397 0.0015 0.00193838 0.00364082 0.0015 0.0018646 0.00419995 0.0015 0.00227142 0.00420807 0.0015 0.00233013 0.00383078 0.0015 0.00239229 0.00399533 0.0015 0.00253211 0.00400972 0.0015 0.00248439 0.00401816 0.0015 0.00243527 0.00387924 0.0015 0.00269155 0.00345034 0.0015 0.00271319 0.00383872 0.0015 0.00272053 0.00394772 0.0015 0.00261939 0.0034959 0.0015 0.0027393 0.00379452 0.0015 0.00274346 0.00374747 0.0015 0.00275975 0.00364888 0.0015 0.0027722 0.00369862 0.0015 0.00276927 0.00354503 0.0015 0.00275793 0.000652431 0.0015 0.0026723 0.0006246 0.0015 0.00267286 0.000635473 0.0015 0.00267383 0.00359645 0.0015 0.00276876 0.000698674 0.0015 0.00265166 0.000564664 0.0015 0.00262942 0.000570819 0.0015 0.00263843 0.000548815 0.0015 0.00256677 0.000549279 0.0015 0.00257767 0.000758224 0.0015 0.00259441 -0.000491403 0.0015 0.00425734 0.000231233 0.0015 0.00425678 0.000209865 0.0015 0.00417322 0.00355085 0.0015 0.00303883 0.003637 0.0015 0.003031 0.00358243 0.0015 0.0029586 0.00534025 0.0015 0.00433853 0.00531123 0.0015 0.00425678 0.00455972 0.0015 0.00433859 0.0041364 0.0015 0.00314684 0.00400603 0.0015 0.0028395 0.00405854 0.0015 0.00310868 0.00418347 0.0015 0.00257878 0.00416096 0.0015 0.00263868 0.00389714 0.0015 0.00290674 0.00397795 0.0015 0.00307796 0.00395355 0.0015 0.00287621 0.0042107 0.0015 0.00238932 0.00409586 0.0015 0.00274864 0.00413171 0.0015 0.00269555 0.00329107 0.0015 0.00245238 0.00401266 0.0015 0.00230244 0.00401884 0.0015 0.00234377 0.00328805 0.0015 0.00239992 0.00419889 0.0015 0.00251659 0.00410115 0.0015 0.0020588 0.00413585 0.0015 0.00210683 0.00330455 0.0015 0.00228171 0.00329208 0.0015 0.00234022 0.0040015 0.0015 0.00226219 0.00386024 0.0015 0.00189274 0.00398494 0.0015 0.00222386 0.0039625 0.0015 0.00218863 0.00418533 0.0015 0.00221403 0.00393486 0.0015 0.00215732 0.00416394 0.0015 0.00215888 0.00390298 0.0015 0.00213034 0.00386797 0.0015 0.00210753 0.00339007 0.0015 0.00212521 0.00383078 0.0015 0.00208848 0.00343115 0.0015 0.0020817 0.00374515 0.0015 0.00186635 0.00380336 0.0015 0.00187625 0.00402074 0.0015 0.0023855 0.00368598 0.0015 0.00186312 0.00420792 0.0015 0.00245337 0.00405366 0.0015 0.00279694 0.00383792 0.0015 0.002931 0.0045886 0.0015 0.00425734 0.00528987 0.0015 0.00417322 0.00440325 0.0015 0.00336406 0.0044562 0.0015 0.0034323 0.00549712 0.0015 0.00336364 0.00461012 0.0015 0.00417332 0.00527613 0.0015 0.00408763 0.0046238 0.0015 0.00408819 0.00165897 0.0015 0.00236389 0.00167888 0.0015 0.00241106 0.00310113 0.0015 0.00232846 0.000550947 0.0015 0.00254258 0.000555437 0.0015 0.00260969 0.000559539 0.0015 0.0026198 0.00060383 0.0015 0.00266649 0.000668906 0.0015 0.00266798 0.000684459 0.0015 0.00266104 0.00059448 0.0015 0.00266088 -0.00145587 0.0015 0.00175556 -0.00140117 0.0015 0.00174733 -0.00151126 0.0015 0.00175796 0.000613958 0.0015 0.00267059 0.00169953 0.0015 0.00261563 0.00314266 0.0015 0.00262989 0.00312243 0.0015 0.00257326 0.000550296 0.0015 0.00258851 0.000552334 0.0015 0.00259922 0.00121293 0.0015 0.00218063 0.00126866 0.0015 0.00216864 0.00169991 0.0015 0.00251112 0.00310064 0.0015 0.00245486 0.0016921 0.0015 0.00246053 0.00142697 0.0015 0.00217684 0.00147554 0.0015 0.00219286 0.00165849 0.0015 0.00138468 0.00312566 0.0015 0.00141922 0.00312735 0.0015 0.00137732 -0.00108459 0.0015 0.000265443 -0.00108459 0.0015 -0.000107687 -0.00181296 0.0015 0.0016502 -0.00120296 0.0015 0.00165318 -0.00116325 0.0015 0.00161459 -0.00191599 0.0015 0.00152416 -0.00107848 0.0015 0.00147274 -0.00193849 0.0015 0.0014744 -0.00106277 0.0015 0.00141959 -0.00105356 0.0015 0.00125291 -0.00196346 0.0015 0.00125696 -0.00105067 0.0015 0.00130957 -0.00196654 0.0015 0.00131408 -0.00195341 0.0015 0.00120068 0.000964081 0.0015 0.000877765 0.0010253 0.0015 0.00087602 0.00034529 0.0015 0.000231257 -0.000971563 0.0015 0.000850914 0.000617186 0.0015 0.000986306 0.000670296 0.0015 0.000955795 -0.00101712 0.0015 0.000796938 -0.000847147 0.0015 0.00050289 -0.00106578 0.0015 0.000745637 0.000725849 0.0015 0.000930019 0.000783544 0.0015 0.000909663 0.000903129 0.0015 0.000883783 0.000842805 0.0015 0.000894334 0.00108515 0.0015 0.000878014 0.00114461 0.0015 0.000884369 0.00161661 0.0015 0.00121076 0.00313579 0.0015 0.00129391 0.00313059 0.0015 0.00133552 0.0016503 0.0015 0.00132542 0.00166336 0.0015 0.00144437 0.00312523 0.0015 0.00146116 0.00166617 0.0015 0.00150418 0.00166772 0.0015 0.00156402 0.00166821 0.0015 0.00162387 -0.00172244 0.0015 0.0017108 -0.00167227 0.0015 0.00173201 -0.00134761 0.0015 0.0017332 -0.00161976 0.0015 0.00174684 -0.00156581 0.0015 0.00175533 0.000480774 0.0015 0.00223474 0.000441551 0.0015 0.00227279 -0.00106225 0.0015 0.00185007 -0.00101067 0.0015 0.00180466 0.00052205 0.0015 0.00219894 0.0010647 0.0015 0.00226383 0.00111041 0.0015 0.00222974 0.00156313 0.0015 0.00224516 0.00152125 0.0015 0.00221579 0.00102178 0.0015 0.00230144 0.000684499 0.0015 0.00237649 0.000944516 0.0015 0.00238581 0.000585851 0.0015 0.0026542 0.00057792 0.0015 0.00264671 -0.000813226 0.0015 0.00256226 0.000311369 0.0015 0.00256412 0.000315275 0.0015 0.0025096 0.000579044 0.0015 0.00247588 0.000869474 0.0015 0.00247216 0.00309809 0.0015 0.00239462 0.00163253 0.0015 0.00232009 0.00311038 0.0015 0.0022631 0.00170213 0.0015 0.00256226 0.00310852 0.0015 0.00251464 0.00169096 0.0015 0.00266818 0.00167615 0.0015 0.00271942 0.00316939 0.0015 0.00268394 0.000872651 0.0015 0.00282541 0.00129508 0.0015 0.00277029 0.000910164 0.0015 0.00279362 0.00165465 0.0015 0.0027683 0.00320214 0.0015 0.00273453 0.00151854 0.0015 0.00310868 0.00151232 0.0015 0.00292478 0.00162678 0.0015 0.00281387 0.00159322 0.0015 0.00285526 0.00328368 0.0015 0.00282273 0.00324014 0.0015 0.00278104 0.0015964 0.0015 0.00314684 0.00104703 0.0015 0.00265246 0.00140998 0.0015 0.00268373 0.00107932 0.0015 0.00261537 0.000593627 0.0015 0.00245646 0.000609841 0.0015 0.00243838 0.00160038 0.0015 0.00228027 0.000645581 0.0015 0.00240552 0.000627247 0.0015 0.00242145 0.000664773 0.0015 0.00239066 0.00146398 0.0015 0.00253903 0.00146257 0.0015 0.00252463 0.00117124 0.0015 0.00250931 0.00143609 0.0015 0.0024579 0.00123611 0.0015 0.00244532 0.00121901 0.0015 0.00246039 0.0011598 0.0015 0.00220126 0.00135381 0.0015 0.00240357 0.00133933 0.0015 0.00240246 0.00131664 0.0015 0.00240461 0.00137666 0.0015 0.00216775 0.00132555 0.0015 0.00216502 0.00144345 0.0015 0.00263674 0.00111116 0.0015 0.0025779 0.00138961 0.0015 0.00270422 0.00136755 0.0015 0.0027229 0.00127374 0.0015 0.0024197 0.00125424 0.0015 0.0024315 0.00140628 0.0015 0.0024264 0.00145049 0.0015 0.00248298 0.00120268 0.0015 0.0024763 0.00146468 0.0015 0.00255352 0.00115587 0.0015 0.00252615 0.00101415 0.0015 0.00268903 0.000980494 0.0015 0.00272488 0.00112589 0.0015 0.0025605 0.00145511 0.0015 0.0026103 0.00146226 0.0015 0.00258231 0.000945862 0.0015 0.0027598 0.00135452 0.0015 0.00305454 0.00454258 0.0015 0.00358199 0.00539744 0.0015 0.00350476 0.00450283 0.0015 0.0035052 0.00118341 0.0015 0.003031 0.00126963 0.0015 0.00303891 0.00134432 0.0015 0.00274008 0.00132002 0.0015 0.0027557 -0.00109493 0.0015 0.00297912 -0.00102146 0.0015 0.00310868 -0.00104795 0.0015 0.0029537 0.00186325 0.0015 0.00336406 0.0019162 0.0015 0.0034323 0.00295712 0.0015 0.00336364 0.00417347 0.0015 0.00479178 0.00565449 0.0015 0.00474334 0.00424516 0.0015 0.00474358 0.0020838 0.0015 0.00408819 0.00207012 0.0015 0.00417332 0.00273613 0.0015 0.00408763 0.0043123 0.0015 0.00468901 0.00552562 0.0015 0.00462833 0.00437414 0.0015 0.00462856 0.00142814 0.0015 0.00266124 0.00114077 0.0015 0.00254323 0.00145984 0.0015 0.00251042 0.00118683 0.0015 0.00249268 0.00145577 0.0015 0.0024965 0.00142708 0.0015 0.00244653 0.00144395 0.0015 0.00247006 0.00141715 0.0015 0.00243597 0.00129463 0.0015 0.00241055 0.00138162 0.0015 0.00241123 0.00139443 0.0015 0.00241808 0.001368 0.0015 0.00240624 0.000832453 0.0015 0.00285372 0.000789281 0.0015 0.00287728 0.001097 0.0015 0.003031 0.000695884 0.0015 0.00290737 0.000842564 0.0015 0.00307778 0.000925784 0.0015 0.00305449 0.000743624 0.0015 0.00289555 0.00101085 0.0015 0.00303883 0.000761631 0.0015 0.00310862 0.000646868 0.0015 0.00291128 0.000598115 0.0015 0.00290793 -0.00196607 0.0015 0.00257767 -0.00196506 0.0015 0.00258851 -0.00175713 0.0015 0.00259441 -0.00196441 0.0015 0.00254258 -0.00196654 0.0015 0.00256677 -0.00193743 0.0015 0.00264671 -0.0019295 0.0015 0.0026542 -0.00181668 0.0015 0.00265166 -0.00170024 0.0015 0.00253452 -0.00195825 0.0015 0.00251909 -0.00149358 0.0015 0.00230144 -0.0019933 0.0015 0.00219894 -0.00183085 0.0015 0.00237649 -0.00157084 0.0015 0.00238581 -0.00137378 0.0015 0.00198513 -0.0011898 0.0015 0.00216502 -0.00130668 0.0015 0.00197099 -0.00124114 0.0015 0.00195045 -0.0011387 0.0015 0.00216775 -0.00124761 0.0015 0.00168603 -0.00129609 0.0015 0.00171291 -0.00176956 0.0015 0.00168334 -0.000847147 0.0015 -0.000107687 0.00034529 0.0015 1.10363e-05 -0.0025 0.0015 -0.00075 -0.00219952 0.0015 0.0012244 -0.00218631 0.0015 0.00114554 -0.0033625 0.0015 0.00100428 -0.0021346 0.0015 0.00099378 -0.0033625 0.0015 0.000831923 -0.0020514 0.0015 0.000856599 -0.00199918 0.0015 0.000795562 -0.00209666 0.0015 0.000922798 -0.0033625 0.0015 0.000587692 -0.00217006 0.0015 0.00050289 -0.0019405 0.0015 0.000740404 -0.0009296 0.0015 0.000907757 0.000566945 0.0015 0.00102134 -0.00120347 0.0015 0.000955013 -0.00124307 0.0015 0.000914446 -0.00181483 0.0015 0.000954602 -0.0019637 0.0015 0.00136863 -0.00105359 0.0015 0.00136493 -0.00195436 0.0015 0.0014222 -0.00110073 0.0015 0.00152347 -0.0033625 0.0015 0.00167316 -0.00357905 0.0015 0.00194368 -0.00353012 0.0015 0.00197694 -0.00124669 0.0015 0.00216864 -0.00144204 0.0015 0.00199312 -0.00130242 0.0015 0.00218063 -0.00164588 0.0015 0.00247216 -0.00185058 0.0015 0.00239066 -0.00145065 0.0015 0.00226383 -0.00140494 0.0015 0.00222974 -0.00157906 0.0015 0.00199281 -0.00164656 0.0015 0.00198414 0.00032328 0.0015 0.00266095 0.000314195 0.0015 0.00261292 -0.00082439 0.0015 0.00266818 -0.00135555 0.0015 0.00220126 -0.00151073 0.0015 0.00199541 -0.000964086 0.0015 0.00175427 -0.00082426 0.0015 0.00144516 -0.000838754 0.0015 0.00151233 0.000348925 0.0015 0.001506 -0.000815768 0.0015 0.0013772 0.000354101 0.0015 0.001445 0.000404804 0.0015 0.00231329 -0.000882823 0.0015 0.00232009 0.000372458 0.0015 0.00235735 0.000346051 0.0015 0.00156715 -0.000860128 0.0015 0.00157746 0.000362048 0.0015 0.0013843 0.000373358 0.0015 0.00132413 -0.000813226 0.0015 0.00130851 -0.00111811 0.0015 0.00188996 -0.00117791 0.0015 0.00192348 -0.00108838 0.0015 0.00217684 -0.000815848 0.0015 0.00123785 0.00038981 0.0015 0.00126521 -0.000824395 0.0015 0.00116763 0.000412447 0.0015 0.00120844 -0.000888236 0.0015 0.00164005 0.000442063 0.0015 0.00115489 -0.000839634 0.0015 0.00109859 -0.00106301 0.0015 0.00119722 -0.00086231 0.0015 0.00103176 0.000478471 0.0015 0.00110561 -0.00107915 0.0015 0.00114289 -0.00193662 0.0015 0.00114613 -0.00089257 0.0015 0.000967946 0.000520414 0.0015 0.00106106 -0.00110243 0.0015 0.00109115 -0.00191373 0.0015 0.00109389 -0.00113179 0.0015 0.00104283 -0.00116598 0.0015 0.000997573 -0.00188528 0.0015 0.00104429 -0.00185198 0.0015 0.00099788 -0.00177414 0.0015 0.000914446 -0.00184645 0.0015 0.00266798 -0.00192087 0.0015 0.00266088 -0.00191152 0.0015 0.00266649 -0.00194453 0.0015 0.00263843 -0.00189075 0.0015 0.00267286 -0.00186292 0.0015 0.0026723 -0.0019014 0.0015 0.00267059 -0.00340995 0.0015 0.00319162 -0.00334026 0.0015 0.00324327 -0.00205271 0.0015 0.00285561 -0.00195581 0.0015 0.0026198 -0.00189908 0.0015 0.0018857 -0.00184028 0.0015 0.00192012 -0.0020042 0.0015 0.0017987 -0.00348511 0.0015 0.00201534 -0.00344491 0.0015 0.0020588 -0.0035334 0.0015 0.00230244 -0.00354456 0.0015 0.00226219 -0.00356112 0.0015 0.00222386 -0.00422826 0.0015 0.00255359 -0.00390523 0.0015 0.00239229 -0.00424518 0.0015 0.00250391 -0.00425499 0.0015 0.00245238 -0.00212355 0.0015 0.00163321 -0.00215226 0.0015 0.00157136 -0.00208909 0.0015 0.00169215 -0.00220398 0.0015 0.0013048 -0.00217504 0.0015 0.00150692 -0.00196302 0.0015 0.00259922 -0.00195992 0.0015 0.00260969 -0.0017132 0.0015 0.00196941 -0.00433564 0.0015 0.00202973 -0.00587785 0.0015 0.00162228 -0.00587785 0.0015 0.00228003 -0.00422047 0.0015 0.00222571 -0.00419154 0.0015 0.00217334 -0.00204922 0.0015 0.00174766 -0.00195395 0.0015 0.00184513 -0.00368582 0.0015 0.00189274 -0.00363113 0.0015 0.00191552 -0.00177791 0.0015 0.0019481 -0.000815438 0.0015 0.00251112 -0.00183089 0.0015 0.00266104 -0.00187988 0.0015 0.00267383 -0.00195069 0.0015 0.00262942 -0.00216916 0.0015 0.00240523 -0.00333799 0.0015 0.00233013 -0.00333536 0.0015 0.00238932 -0.00194868 0.0015 0.00249677 -0.00193631 0.0015 0.00247588 -0.000856385 0.0015 0.00236389 0.000346194 0.0015 0.00240523 -0.00082325 0.0015 0.00246053 0.000326965 0.0015 0.00245636 -0.000836477 0.0015 0.00241106 -0.000815822 0.0015 0.00261563 0.000361758 0.0015 0.00275048 0.000339111 0.0015 0.0027072 -0.000839205 0.0015 0.00271942 -0.0008607 0.0015 0.0027683 0.000390479 0.0015 0.00279 -0.0016427 0.0015 0.00282541 -0.00122028 0.0015 0.00277029 -0.00160519 0.0015 0.00279362 -0.000922132 0.0015 0.00285526 0.000462645 0.0015 0.00285561 0.00042437 0.0015 0.0028252 -0.000888573 0.0015 0.00281387 -0.00143603 0.0015 0.00261537 -0.00146832 0.0015 0.00265246 -0.00110538 0.0015 0.00268373 -0.00192173 0.0015 0.00245646 -0.00190551 0.0015 0.00243838 -0.0015012 0.0015 0.00268903 -0.00153486 0.0015 0.00272488 -0.000914975 0.0015 0.00228027 -0.00186977 0.0015 0.00240552 -0.00188811 0.0015 0.00242145 -0.000952228 0.0015 0.00224516 -0.000994102 0.0015 0.00221579 -0.00129635 0.0015 0.00246039 -0.00107927 0.0015 0.0024579 -0.00127925 0.0015 0.00244532 -0.00116154 0.0015 0.00240357 -0.00117602 0.0015 0.00240246 -0.00119871 0.0015 0.00240461 -0.00103982 0.0015 0.00219286 -0.00105279 0.0015 0.00252463 -0.00134412 0.0015 0.00250931 -0.00105138 0.0015 0.00253903 -0.00140419 0.0015 0.0025779 -0.00107191 0.0015 0.00263674 -0.00112575 0.0015 0.00270422 -0.00110907 0.0015 0.0024264 -0.00124161 0.0015 0.0024197 -0.00126112 0.0015 0.0024315 -0.0011478 0.0015 0.0027229 -0.00131267 0.0015 0.0024763 -0.00106486 0.0015 0.00248298 -0.00135948 0.0015 0.00252615 -0.00105067 0.0015 0.00255352 -0.00138946 0.0015 0.0025605 -0.00106024 0.0015 0.0026103 -0.0010531 0.0015 0.00258231 -0.00156949 0.0015 0.0027598 -0.00100303 0.0015 0.00292478 -0.00119533 0.0015 0.0027557 -0.00117104 0.0015 0.00274008 0.00208778 0.0015 0.00391546 0.00274209 0.0015 0.00382904 0.00207798 0.0015 0.00382939 -0.00110205 0.0015 0.00307796 0.00622 0.0015 0.00493 0.00613333 0.0015 0.00492602 0.00775 0.0015 0.00525 0.00189022 0.0015 0.00456279 0.00292946 0.0015 0.00456236 0.00287971 0.0015 0.00449189 0.00177229 0.0015 0.00468901 0.00170516 0.0015 0.00474358 0.00304736 0.0015 0.00468868 -0.00108722 0.0015 0.00266124 -0.00137459 0.0015 0.00254323 -0.00105551 0.0015 0.00251042 -0.00132853 0.0015 0.00249268 -0.00105958 0.0015 0.0024965 -0.00108827 0.0015 0.00244653 -0.0010714 0.0015 0.00247006 -0.0010982 0.0015 0.00243597 -0.00122072 0.0015 0.00241055 -0.00113373 0.0015 0.00241123 -0.00112093 0.0015 0.00241808 -0.00114735 0.0015 0.00240624 -0.001443 0.0015 0.003031 -0.0016829 0.0015 0.00285372 -0.00135659 0.0015 0.003031 -0.00181947 0.0015 0.00290737 -0.00169744 0.0015 0.00307778 -0.00161422 0.0015 0.00305449 -0.00177173 0.0015 0.00289555 -0.00152915 0.0015 0.00303883 -0.00172607 0.0015 0.00287728 -0.00177837 0.0015 0.00310862 -0.00186849 0.0015 0.00291128 -0.00191724 0.0015 0.00290793 -0.000520281 0.0015 0.00433859 0.000260251 0.0015 0.00433853 -0.00341435 0.0015 0.00269555 -0.0034502 0.0015 0.00274864 -0.0021536 0.0015 0.00275048 -0.00389718 0.0015 0.0027722 -0.00379859 0.0015 0.00275975 -0.00394961 0.0015 0.00276876 -0.00370734 0.0015 0.00272053 -0.00409572 0.0015 0.00271319 -0.00405016 0.0015 0.0027393 -0.00400103 0.0015 0.00275793 -0.00375154 0.0015 0.00274346 -0.00417339 0.0015 0.0026428 -0.00363037 0.0015 0.00265755 -0.00359834 0.0015 0.00261939 -0.00413695 0.0015 0.00268066 -0.00366682 0.0015 0.00269155 -0.00355073 0.0015 0.00253211 -0.00420415 0.0015 0.00260022 -0.00357161 0.0015 0.00257735 -0.00425801 0.0015 0.00239992 -0.0113051 0.0015 0.00132569 -0.00357039 0.0015 -0.000172098 -0.00352662 0.0015 -0.000141297 -0.00442004 0.0015 0.000293599 -0.004348 0.0015 -2.31545e-05 -0.0118543 0.0015 0.000150141 -0.0124843 0.0015 0.000279587 -0.00431612 0.0015 -6.76637e-05 -0.0118308 0.0015 -0.000330161 -0.0124645 0.0015 -0.000419444 -0.0124842 0.0015 -0.000280402 -0.012496 0.0015 -0.00014047 -0.0118484 0.0015 -0.000210556 -0.0118056 0.0015 -0.000447881 -0.00902637 0.0015 -0.00158523 -0.00892587 0.0015 -0.0015189 -0.00865264 0.0015 -0.00128273 -0.00857245 0.0015 -0.00119288 -0.00913086 0.0015 -0.0016448 -0.00398596 0.0015 -0.000245675 -0.00393154 0.0015 -0.000251759 -0.00387683 0.0015 -0.000253547 -0.00382333 0.0015 -0.000251535 -0.00377023 0.0015 -0.000245164 -0.00262293 0.0015 -0.003432 -0.00371786 0.0015 -0.000234192 -0.00366674 0.0015 -0.000218386 -0.00361738 0.0015 -0.000197703 -0.00348685 0.0015 -0.000105456 -0.00345179 0.0015 -6.50414e-05 -0.00339827 0.0015 2.72244e-05 -0.00342183 0.0015 -2.07518e-05 -0.00337284 0.0015 0.000130971 -0.00338221 0.0015 7.82181e-05 -0.00336755 0.0015 0.000184275 -0.0033625 0.0015 0.000344734 -0.00442083 0.0015 0.00150207 -0.00587785 0.0015 0.00138483 -0.00587785 0.0015 0.00107955 -0.00372439 0.0015 0.00102188 -0.00216454 0.0015 0.0010682 -0.00442083 0.0015 0.000587692 -0.0116664 0.0015 0.00186359 -0.0108153 0.0015 0.00167216 -0.00442083 0.0015 0.000348338 -0.00405682 0.0015 0.00148321 -0.00436977 0.0015 0.00208122 -0.00429625 0.0015 0.0019819 -0.00442083 0.0015 0.00167316 -0.00425209 0.0015 0.00193838 -0.00390523 0.0015 0.0018646 -0.00587785 0.0015 0.00250873 -0.00437676 0.0015 0.0026838 -0.0044034 0.0015 0.00262989 -0.000705859 0.0015 0.00462856 -0.000767705 0.0015 0.00468901 0.000445619 0.0015 0.00462833 -0.00384744 0.0015 0.00276927 -0.00218839 0.0015 0.00245636 -0.00333814 0.0015 0.00245337 -0.00635037 0.0015 0.00303891 -0.00626548 0.0015 0.00305454 -0.00220398 0.0015 0.00256412 -0.00334717 0.0015 0.00251659 -0.00336259 0.0015 0.00257878 -0.00220008 0.0015 0.0025096 -0.00217624 0.0015 0.0027072 -0.00219207 0.0015 0.00266095 -0.0033851 0.0015 0.00263868 -0.00212487 0.0015 0.00279 -0.0034924 0.0015 0.00279694 -0.00209098 0.0015 0.0028252 -0.00222256 0.0015 0.00350476 -0.00217606 0.0015 0.00343207 -0.00311717 0.0015 0.0035052 -0.00356146 0.0015 0.00310868 -0.00359251 0.0015 0.00287621 -0.00364892 0.0015 0.00290674 -0.00354003 0.0015 0.0028395 -0.0034836 0.0015 0.00314684 -0.00370814 0.0015 0.002931 -0.00364205 0.0015 0.00307796 -0.00220116 0.0015 0.00261292 -0.00334611 0.0015 0.00227142 -0.0021429 0.0015 0.00235735 -0.00211055 0.0015 0.00231329 -0.00336073 0.0015 0.00221403 -0.00203458 0.0015 0.00223474 -0.0020738 0.0015 0.00227279 -0.00352722 0.0015 0.00234377 -0.00338212 0.0015 0.00215888 -0.00341021 0.0015 0.00210683 -0.00425398 0.0015 0.00234022 -0.00424151 0.0015 0.00228171 -0.00358356 0.0015 0.00218863 -0.0036112 0.0015 0.00215732 -0.00364308 0.0015 0.00213034 -0.00367809 0.0015 0.00210753 -0.00415599 0.0015 0.00212521 -0.00371528 0.0015 0.00208848 -0.00411491 0.0015 0.0020817 -0.00380091 0.0015 0.00186635 -0.0037427 0.0015 0.00187625 -0.00352532 0.0015 0.0023855 -0.00386008 0.0015 0.00186312 -0.00381037 0.0015 0.00303891 -0.00383292 0.0015 0.00295882 -0.00389659 0.0015 0.003031 -0.00372548 0.0015 0.00305454 -0.00376968 0.0015 0.00294843 -0.00389697 0.0015 0.00296216 -0.003983 0.0015 0.003031 -0.00233014 0.0015 0.00417322 -0.0030314 0.0015 0.00425734 -0.00230877 0.0015 0.00425678 -0.00122799 0.0015 0.0049143 -0.00131333 0.0015 0.00492602 0.000967844 0.0015 0.00491426 -0.00309665 0.0015 0.0044173 -0.00224361 0.0015 0.00441679 -0.00227975 0.0015 0.00433853 -0.00554202 0.0015 0.00382939 -0.00487791 0.0015 0.00382904 -0.00486031 0.0015 0.00374439 -0.00471606 0.0015 0.00343207 -0.00565717 0.0015 0.0035052 -0.00476256 0.0015 0.00350476 -0.00581589 0.0015 0.00330071 -0.00460403 0.0015 0.00330061 -0.00453929 0.0015 0.0032429 -0.00707929 0.0015 0.0032429 -0.00720077 0.0015 0.0029876 -0.00714403 0.0015 0.00330061 -0.0043441 0.0015 0.00273439 -0.00299025 0.0015 0.00400171 -0.0029962 0.0015 0.00408819 -0.00234974 0.0015 0.00400148 -0.00442361 0.0015 0.00257308 -0.00444542 0.0015 0.00245486 -0.00444797 0.0015 0.00239462 -0.00443568 0.0015 0.0022631 -0.00444493 0.0015 0.00232846 -0.00439827 0.0015 0.00213625 -0.00442007 0.0015 0.00219878 -0.0118643 0.0015 0.00166563 -0.00427862 0.0015 -0.000107493 -0.0118581 0.0015 -9.08921e-05 -0.00423658 0.0015 -0.000142494 -0.0116306 0.0015 -0.000895547 -0.00674575 0.0015 0.000842099 -0.00820989 0.0015 0.000506243 -0.00818071 0.0015 0.000388771 -0.00720077 0.0015 0.00107955 -0.00720077 0.0015 0.00138483 -0.00443737 0.0015 0.00251443 -0.00775 0.0015 0.00525 -0.00717438 0.0015 0.00462833 -0.00723054 0.0015 0.00456236 -0.00887782 0.0015 0.00148375 -0.00720077 0.0015 0.00162228 -0.00861221 0.0015 0.00123892 -0.00869566 0.0015 0.00132646 0.00651795 0.0015 0.00307796 0.00714041 0.0015 0.00374485 0.00715798 0.0015 0.00382939 0.00604784 0.0015 0.00491426 0.00376667 0.0015 0.00492602 0.00385201 0.0015 0.0049143 0.00114 0.0015 0.00493 0.00368 0.0015 0.00493 0.00359333 0.0015 0.00492602 0.00393602 0.0015 0.00489483 0.00596345 0.0015 0.00489469 0.00588141 0.0015 0.00486759 0.00558736 0.0015 0.00468868 0.00546946 0.0015 0.00456236 0.00541971 0.0015 0.00449189 0.00443022 0.0015 0.00456279 0.00452335 0.0015 0.0044173 0.00537639 0.0015 0.00441679 0.00448017 0.0015 0.00449206 0.00462975 0.0015 0.00400171 0.00527224 0.0015 0.00391493 0.00462778 0.0015 0.00391546 0.00527026 0.0015 0.00400148 0.00532496 0.0015 0.00366163 0.00460041 0.0015 0.00374485 0.00529969 0.0015 0.00374439 0.00528209 0.0015 0.00382904 0.00461798 0.0015 0.00382939 0.00457521 0.0015 0.00366204 0.00535756 0.0015 0.00358165 0.00338256 0.0015 0.00307778 0.00339248 0.0015 0.00289962 0.00330163 0.0015 0.00310862 0.00346578 0.0015 0.00305449 0.00345322 0.0015 0.00292722 0.00544394 0.0015 0.00343207 0.00434411 0.0015 0.00330071 0.00555597 0.0015 0.00330061 0.00562071 0.0015 0.0032429 0.00427974 0.0015 0.00324327 0.00351692 0.0015 0.00294699 0.00371314 0.0015 0.00295882 0.00364909 0.0015 0.00296216 0.00634963 0.0015 0.00303891 0.00643452 0.0015 0.00305454 0.00389452 0.0015 0.00305454 0.00626341 0.0015 0.003031 0.00615215 0.0015 0.00263949 0.0057641 0.0015 0.00314656 0.00568998 0.0015 0.0031916 0.00584163 0.0015 0.00310862 0.00609085 0.0015 0.00303883 0.006177 0.0015 0.003031 0.00675005 0.0015 0.00319162 0.00681974 0.0015 0.00324327 0.00694325 0.0015 0.00336406 0.00688411 0.0015 0.00330071 0.00704283 0.0015 0.0035052 0.0069962 0.0015 0.0034323 0.0071152 0.0015 0.00366204 0.00708258 0.0015 0.00358199 0.00716778 0.0015 0.00391546 0.0071638 0.0015 0.00408819 0.00716975 0.0015 0.00400171 0.0071286 0.0015 0.00425734 0.00715012 0.0015 0.00417332 0.00706335 0.0015 0.0044173 0.00709972 0.0015 0.00433859 0.00697022 0.0015 0.00456279 0.00702017 0.0015 0.00449206 0.00685229 0.0015 0.00468901 0.00691414 0.0015 0.00462856 0.00671347 0.0015 0.00479178 0.00678516 0.0015 0.00474358 0.00655833 0.0015 0.00486771 0.00663748 0.0015 0.00483332 0.00639201 0.0015 0.0049143 0.00647602 0.0015 0.00489483 0.00630667 0.0015 0.00492602 0.00401833 0.0015 0.00486771 0.00580206 0.0015 0.00483312 0.00409748 0.0015 0.00483332 0.00572621 0.0015 0.00479156 0.00334141 0.0015 0.00486759 0.00139602 0.0015 0.00489483 0.00342345 0.0015 0.00489469 0.00131201 0.0015 0.0049143 0.00122667 0.0015 0.00492602 0.00350784 0.0015 0.00491426 0.00147833 0.0015 0.00486771 0.00326206 0.0015 0.00483312 0.00155748 0.0015 0.00483332 0.00198335 0.0015 0.0044173 0.00283639 0.0015 0.00441679 0.00280025 0.0015 0.00433853 0.00298562 0.0015 0.00462833 0.00183414 0.0015 0.00462856 0.00194017 0.0015 0.00449206 0.0020486 0.0015 0.00425734 0.00277123 0.0015 0.00425678 0.00274986 0.0015 0.00417322 0.00201972 0.0015 0.00433859 0.00208975 0.0015 0.00400171 0.00273224 0.0015 0.00391493 0.00273026 0.0015 0.00400148 0.00278496 0.0015 0.00366163 0.00206041 0.0015 0.00374485 0.00275969 0.0015 0.00374439 0.00333566 0.0015 0.0028646 0.0032241 0.0015 0.00314656 -0.000456203 0.0015 0.00408819 0.00019026 0.0015 0.00400148 -0.000450249 0.0015 0.00400171 0.00196283 0.0015 0.0035052 0.00285744 0.0015 0.00350476 0.00290394 0.0015 0.00343207 0.00281756 0.0015 0.00358165 0.00200258 0.0015 0.00358199 0.0020352 0.0015 0.00366204 0.00180411 0.0015 0.00330071 0.00301597 0.0015 0.00330061 0.00308071 0.0015 0.0032429 0.000504881 0.0015 0.00288013 0.000540706 0.0015 0.0032429 0.000609982 0.0015 0.0031916 0.00314998 0.0015 0.0031916 0.00155469 0.0015 0.00289219 0.00167005 0.0015 0.00319162 0.00421005 0.0015 0.00319162 0.00318621 0.0015 0.00479156 0.00163347 0.0015 0.00479178 0.00311449 0.0015 0.00474334 -0.0014 0.0015 0.00493 0.00105333 0.0015 0.00492602 -0.000982516 0.0015 0.00483332 -0.00106167 0.0015 0.00486771 0.000722057 0.0015 0.00483312 -0.00114398 0.0015 0.00489483 0.00088345 0.0015 0.00489469 0.000801412 0.0015 0.00486759 0.000646208 0.0015 0.00479156 -0.000906534 0.0015 0.00479178 0.000296391 0.0015 0.00441679 -0.000599832 0.0015 0.00449206 0.000339707 0.0015 0.00449189 -0.000649776 0.0015 0.00456279 0.000389458 0.0015 0.00456236 -0.000556648 0.0015 0.0044173 -0.00306028 0.0015 0.00433859 0.000196131 0.0015 0.00408763 -0.000469877 0.0015 0.00417332 0.000202093 0.0015 0.00382904 0.000219687 0.0015 0.00374439 -0.000462018 0.0015 0.00382939 -0.000452219 0.0015 0.00391546 0.000192241 0.0015 0.00391493 0.000244962 0.0015 0.00366163 -0.000479589 0.0015 0.00374485 -0.00300988 0.0015 0.00417332 -0.00234387 0.0015 0.00408763 -0.000537417 0.0015 0.00358199 -0.000504795 0.0015 0.00366204 0.000277557 0.0015 0.00358165 -0.00232031 0.0015 0.00374439 -0.00300202 0.0015 0.00382939 -0.00233791 0.0015 0.00382904 -0.00057717 0.0015 0.0035052 0.00031744 0.0015 0.00350476 0.000363937 0.0015 0.00343207 0.000417122 0.0015 0.00336364 -0.000676753 0.0015 0.00336406 -0.000623799 0.0015 0.0034323 -0.00201047 0.0015 0.00288013 -0.00193002 0.0015 0.0031916 -0.00196492 0.0015 0.00289767 -0.00127037 0.0015 0.00303891 -0.000735887 0.0015 0.00330071 0.00047597 0.0015 0.00330061 -0.00118548 0.0015 0.00305454 0.000684102 0.0015 0.00314656 0.000550431 0.0015 0.00289767 0.00173974 0.0015 0.00324327 0.000574488 0.0015 0.00474334 -0.000834845 0.0015 0.00474358 0.000507361 0.0015 0.00468868 -0.00157216 0.0015 0.00491426 -0.00376799 0.0015 0.0049143 -0.00385333 0.0015 0.00492602 -0.00148667 0.0015 0.00492602 -0.00394 0.0015 0.00493 -0.00352252 0.0015 0.00483332 -0.00360167 0.0015 0.00486771 -0.00181794 0.0015 0.00483312 -0.00368398 0.0015 0.00489483 -0.00165655 0.0015 0.00489469 -0.00173859 0.0015 0.00486759 -0.00337484 0.0015 0.00474358 -0.00344653 0.0015 0.00479178 -0.00196551 0.0015 0.00474334 -0.00189379 0.0015 0.00479156 -0.00318978 0.0015 0.00456279 -0.00215054 0.0015 0.00456236 -0.00220029 0.0015 0.00449189 -0.00313983 0.0015 0.00449206 -0.00234776 0.0015 0.00391493 -0.00299222 0.0015 0.00391546 -0.00578586 0.0015 0.00462856 -0.00584771 0.0015 0.00468901 -0.00463438 0.0015 0.00462833 -0.00423744 0.0015 0.00307778 -0.00415422 0.0015 0.00305449 -0.00415376 0.0015 0.00289952 -0.00301959 0.0015 0.00374485 -0.00229504 0.0015 0.00366163 -0.00409305 0.0015 0.00292714 -0.00406915 0.0015 0.00303883 -0.0030448 0.0015 0.00366204 -0.00226244 0.0015 0.00358165 -0.00307742 0.0015 0.00358199 -0.00199929 0.0015 0.0032429 -0.00327589 0.0015 0.00330071 -0.00206403 0.0015 0.00330061 -0.00321675 0.0015 0.00336406 -0.0031638 0.0015 0.0034323 -0.00212288 0.0015 0.00336364 -0.00402934 0.0015 0.00294694 -0.00396363 0.0015 0.0029586 -0.0018559 0.0015 0.00314656 -0.000800256 0.0015 0.00324327 -0.00203264 0.0015 0.00468868 -0.00330771 0.0015 0.00468901 -0.00209438 0.0015 0.00462833 -0.00324586 0.0015 0.00462856 -0.00639333 0.0015 0.00492602 -0.00411216 0.0015 0.00491426 -0.00630799 0.0015 0.0049143 -0.00402667 0.0015 0.00492602 -0.00606252 0.0015 0.00483332 -0.00614167 0.0015 0.00486771 -0.00435794 0.0015 0.00483312 -0.00622398 0.0015 0.00489483 -0.00419655 0.0015 0.00489469 -0.00427859 0.0015 0.00486759 -0.00591484 0.0015 0.00474358 -0.00598653 0.0015 0.00479178 -0.00450551 0.0015 0.00474334 -0.00443379 0.0015 0.00479156 -0.00457264 0.0015 0.00468868 -0.0042104 0.0015 0.0028646 -0.00431837 0.0015 0.00310862 -0.00474029 0.0015 0.00449189 -0.00478361 0.0015 0.00441679 -0.00567983 0.0015 0.00449206 -0.00572978 0.0015 0.00456279 -0.00469054 0.0015 0.00456236 -0.00481975 0.0015 0.00433853 -0.00563665 0.0015 0.0044173 -0.00488974 0.0015 0.00400148 -0.00553025 0.0015 0.00400171 -0.0055362 0.0015 0.00408819 -0.00554988 0.0015 0.00417332 -0.00488387 0.0015 0.00408763 -0.00426238 0.0015 0.00282273 -0.0043959 0.0015 0.00314656 -0.00488776 0.0015 0.00391493 -0.00553222 0.0015 0.00391546 -0.00555959 0.0015 0.00374485 -0.00483504 0.0015 0.00366163 -0.00643659 0.0015 0.003031 -0.0055848 0.0015 0.00366204 -0.00480244 0.0015 0.00358165 -0.00561742 0.0015 0.00358199 -0.00588026 0.0015 0.00324327 -0.00575675 0.0015 0.00336406 -0.0057038 0.0015 0.0034323 -0.00466288 0.0015 0.00336364 -0.00685837 0.0015 0.00310862 -0.00677744 0.0015 0.00307778 -0.00737504 0.0015 0.00366163 -0.00734244 0.0015 0.00358165 -0.006523 0.0015 0.003031 -0.00430592 0.0015 0.00278104 -0.0060236 0.0015 0.00314684 -0.00610146 0.0015 0.00310868 -0.00484877 0.0015 0.00425678 -0.00560028 0.0015 0.00433859 -0.00487014 0.0015 0.00417322 -0.0055714 0.0015 0.00425734 -0.00665216 0.0015 0.00491426 -0.00656667 0.0015 0.00492602 -0.00648 0.0015 0.00493 -0.00681859 0.0015 0.00486759 -0.00673655 0.0015 0.00489469 -0.00697379 0.0015 0.00479156 -0.00689794 0.0015 0.00483312 -0.00711264 0.0015 0.00468868 -0.00704551 0.0015 0.00474334 -0.00742387 0.0015 0.00408763 -0.00742974 0.0015 0.00400148 -0.00732361 0.0015 0.00441679 -0.00728029 0.0015 0.00449189 -0.00738877 0.0015 0.00425678 -0.00735975 0.0015 0.00433853 -0.00741014 0.0015 0.00417322 -0.00742776 0.0015 0.00391493 -0.00740031 0.0015 0.00374439 -0.00741791 0.0015 0.00382904 -0.00730256 0.0015 0.00350476 -0.00725606 0.0015 0.00343207 -0.00447002 0.0015 0.0031916 -0.00594995 0.0015 0.00319162 -0.00720288 0.0015 0.00336364 -0.0069359 0.0015 0.00314656 -0.00701002 0.0015 0.0031916 -0.00669422 0.0015 0.00305449 -0.00660915 0.0015 0.00303883 -0.00618205 0.0015 0.00307796 -0.00846404 0.0015 0.00104957 -0.00853514 0.0015 0.00114675 -0.00814184 0.0015 -8.97643e-05 -0.00813989 0.0015 3.03537e-05 -0.00720077 0.0015 2.79968e-05 -0.00814582 0.0015 0.000150931 -0.00815946 0.0015 0.000270671 -0.00822698 0.0015 -0.000563322 -0.00819417 0.0015 -0.000446916 -0.00815158 0.0015 -0.000210213 -0.00816902 0.0015 -0.000329231 -0.00826702 0.0015 -0.000676482 -0.00836904 0.0015 -0.000894914 -0.00831452 0.0015 -0.000787362 -0.00403966 0.0015 -0.000235011 -0.00849844 0.0015 -0.00109828 -0.00843026 0.0015 -0.000998352 -0.0101409 0.0015 -0.00249597 -0.0102804 0.0015 -0.0024842 -0.0100597 0.0015 -0.00185936 -0.0105557 0.0015 -0.00243742 -0.0104187 0.0015 -0.00246468 -0.01 0.0015 -0.0025 -0.00993934 0.0015 -0.00185936 -0.00981934 0.0015 -0.00185155 -0.00969949 0.0015 -0.00183589 -0.0095816 0.0015 -0.0018127 -0.00935068 0.0015 -0.00174334 -0.00946495 0.0015 -0.00178171 -0.00873872 0.0015 -0.00136752 -0.0088296 0.0015 -0.00144602 -0.00923963 0.0015 -0.00169787 -0.00824631 0.0015 0.000620856 -0.0083991 0.0015 0.000947652 -0.00878401 0.0015 0.00140794 -0.00940819 0.0015 0.00176369 -0.00952392 0.0015 0.00179837 -0.00964097 0.0015 0.00182538 -0.00987901 0.0015 0.00185638 -0.00975933 0.0015 0.00184472 0.0117673 0.0015 0.00176816 0.0110237 0.0015 0.00155335 0.0067239 0.0015 0.00162071 0.0118405 0.0015 0.000270671 0.0118601 0.0015 3.03537e-05 0.0118484 0.0015 -0.000210213 0.011831 0.0015 -0.000329231 0.0124843 0.0015 -0.000279587 0.0124648 0.0015 -0.000418057 0.0118058 0.0015 -0.000446916 0.0124374 0.0015 -0.000555878 0.0123599 0.0015 -0.000825005 0.0116855 0.0015 -0.000787362 0.0123098 0.0015 -0.000956338 0.0122526 0.0015 -0.00108436 0.0115697 0.0015 -0.000998352 0.0121884 0.0015 -0.00120864 0.0115016 0.0015 -0.00109828 0.012117 0.0015 -0.00132977 0.0113474 0.0015 -0.00128273 0.0114276 0.0015 -0.00119288 0.0112613 0.0015 -0.00136752 0.0120391 0.0015 -0.00144633 0.011955 0.0015 -0.00155813 0.0111704 0.0015 -0.00144602 0.0118643 0.0015 -0.00166563 0.0116664 0.0015 -0.00186359 0.0108691 0.0015 -0.0016448 0.0107604 0.0015 -0.00169787 0.0105351 0.0015 -0.00178171 0.00836942 0.0015 -0.000895547 0.00843084 0.0015 -0.000999288 0.00849851 0.0015 -0.0010984 0.00857313 0.0015 -0.00119366 0.00865323 0.0015 -0.0012834 0.00873908 0.0015 -0.00136781 0.0099403 0.0015 -0.00185936 0.01 0.0015 -0.0025 0.00981964 0.0015 -0.0018516 0.00970059 0.0015 -0.00183608 0.011631 0.0015 -0.000894914 -0.0115016 0 -0.00109828 -0.0121877 0 -0.00120987 -0.0114276 0 -0.00119288 -0.0108256 0 -0.00235973 -0.0106914 0 -0.00240242 -0.0101807 0 -0.00185155 -0.00271358 0 -0.0032806 -0.00527409 0 -0.000170462 -0.00775 0 -0.0025 -0.0109561 0 -0.0023099 -0.0103005 0 -0.00183589 -0.0110841 0 -0.00225265 -0.0112092 0 -0.00218811 -0.0104184 0 -0.0018127 -0.0114461 0 -0.00203922 -0.0105351 0 -0.00178171 -0.0106493 0 -0.00174334 -0.0113295 0 -0.00211712 -0.0116654 0 -0.00186451 -0.0107604 0 -0.00169787 -0.0108691 0 -0.0016448 -0.0115586 0 -0.00195466 -0.0117673 0 -0.00176816 -0.0110741 0 -0.0015189 -0.011864 0 -0.00166599 -0.0109736 0 -0.00158523 -0.0111704 0 -0.00144602 -0.0119541 0 -0.00155922 -0.0113474 0 -0.00128273 -0.0121167 0 -0.00133025 -0.0120385 0 -0.00144713 -0.0112613 0 -0.00136752 -0.0122521 0 -0.00108519 -0.0123096 0 -0.000956921 -0.011631 0 -0.000894914 -0.0123594 0 -0.00082633 -0.0115697 0 -0.000998352 -0.011733 0 -0.000676482 -0.011773 0 -0.000563322 -0.0124021 0 -0.000692586 -0.0116855 0 -0.000787362 -0.0124842 0 -0.000280402 -0.0124645 0 -0.000419444 -0.011831 0 -0.000329231 -0.0124373 0 -0.000556558 -0.0125 0 -7.03922e-07 -0.012496 0 -0.00014047 -0.0118582 0 -8.97643e-05 -0.0118484 0 -0.000210213 -0.0118405 0 0.000270671 -0.0124843 0 0.000279587 -0.0118542 0 0.000150931 -0.0118601 0 3.03537e-05 -0.012496 0 0.00013971 -0.0124374 0 0.000555878 -0.0124648 0 0.000418057 -0.0117901 0 0.000506243 -0.0118193 0 0.000388771 -0.0123098 0 0.000956338 -0.0116009 0 0.000947652 -0.0122526 0 0.00108436 -0.0123599 0 0.000825005 -0.0117098 0 0.000733037 -0.0116587 0 0.000842386 -0.0121884 0 0.00120864 -0.0114649 0 0.00114675 -0.012117 0 0.00132977 -0.0108144 0 0.00167258 -0.0116664 0 0.00186359 -0.0109214 0 0.00161616 -0.0113043 0 0.00132646 -0.011216 0 0.00140794 -0.0120391 0 0.00144633 -0.00627409 0 0.00102414 -0.00775 0 0.0025 -0.00673356 0 0.00102414 -0.0105918 0 0.00176369 -0.0113307 0 0.00211638 -0.011447 0 0.00203862 -0.010121 0 0.00185638 -0.0108258 0 0.00235965 -0.0102407 0 0.00184472 -0.010359 0 0.00182538 -0.0109573 0 0.00230937 -0.0110851 0 0.00225219 -0.0101409 0 0.00249597 -0.0102804 0 0.0024842 -0.01 0 0.00186036 -0.0104188 0 0.00246466 -0.010557 0 0.00243711 -0.01 0 0.0025 -0.0106926 0 0.00240213 -0.00918468 0 0.00167216 -0.00907841 0 0.00161603 -0.0112094 0 0.00218795 -0.0104761 0 0.00179837 -0.00839891 0 0.000947277 -0.00834081 0 0.000841374 -0.0115589 0 0.00195441 -0.0107046 0 0.00172176 -0.0117681 0 0.00176745 -0.0110237 0 0.00155335 -0.0113878 0 0.00123892 -0.0118643 0 0.00166563 -0.0111222 0 0.00148375 -0.0117537 0 0.000620856 -0.0124024 0 0.000691745 0.00207014 0 0.00417322 0.00208387 0 0.00408763 0.0027362 0 0.00408819 0.00462387 0 0.00408763 0.0052762 0 0.00408819 0.00461014 0 0.00417322 0.0053248 0 0.00366204 0.00529959 0 0.00374485 0.00460031 0 0.00374439 0.00897631 0 0.00155335 0.0090786 0 0.00161616 0.00775 0 0.0025 0.0105557 0 0.00243742 0.0104187 0 0.00246468 0.010121 0 0.00185638 0.0102804 0 0.0024842 0.0101409 0 0.00249597 0.01 0 0.00186036 0.0102407 0 0.00184472 0.0108256 0 0.00235973 0.0106914 0 0.00240242 0.0110841 0 0.00225265 0.0103596 0 0.00182524 0.0112092 0 0.00218811 0.0109561 0 0.0023099 0.0113295 0 0.00211712 0.0105922 0 0.00176359 0.0114461 0 0.00203922 0.0104772 0 0.00179809 0.0116654 0 0.00186451 0.0108153 0 0.00167216 0.0109216 0 0.00161603 0.0115586 0 0.00195466 0.0107054 0 0.00172137 0.0119541 0 0.00155922 0.011864 0 0.00166599 0.0111227 0 0.00148336 0.0110246 0 0.00155273 0.0117673 0 0.00176816 0.0112165 0 0.00140745 0.0120385 0 0.00144713 0.01 0 0.0025 0.0121167 0 0.00133025 0.0114655 0 0.00114594 0.0121877 0 0.00120987 0.0113879 0 0.0012388 0.0113051 0 0.00132569 0.00987901 0 0.00185638 0.0122521 0 0.00108519 0.0115365 0 0.00104884 0.0117539 0 0.000620048 0.0117904 0 0.00050523 0.0124373 0 0.000556558 0.0124021 0 0.000692586 0.0117101 0 0.000732567 0.0118407 0 0.000269598 0.0124842 0 0.000280402 0.0118193 0 0.000388725 0.0124645 0 0.000419444 0.0118581 0 -9.08921e-05 0.0125 0 7.03922e-07 0.0118601 0 2.97609e-05 0.012496 0 0.00014047 0.0118543 0 0.000150141 0.00952392 0 0.00179837 0.00940819 0 0.00176369 0.012496 0 -0.00013971 0.0118484 0 -0.000210556 0.0116011 0 0.000947277 0.0123096 0 0.000956921 0.00878401 0 0.00140794 0.00887782 0 0.00148375 0.0110738 0 -0.00151921 0.0109729 0 -0.00158565 0.0117681 0 -0.00176745 0.00861221 0 0.00123892 0.00869566 0 0.00132646 0.011447 0 -0.00203862 0.0115589 0 -0.00195441 0.0106483 0 -0.0017437 0.0100597 0 -0.00185936 0.0101409 0 -0.00249597 0.0102804 0 -0.0024842 0.0108258 0 -0.00235965 0.0109573 0 -0.00230937 0.0101804 0 -0.0018516 0.00935068 0 -0.00174334 0.00775 0 -0.0025 0.00946495 0 -0.00178171 0.00913086 0 -0.0016448 0.00902637 0 -0.00158523 0.00923963 0 -0.00169787 0.0095816 0 -0.0018127 0.00892587 0 -0.0015189 0.0088296 0 -0.00144602 0.010557 0 -0.00243711 0.0106926 0 -0.00240213 0.0104188 0 -0.00246466 0.0112094 0 -0.00218795 0.0104178 0 -0.0018128 0.0110851 0 -0.00225219 0.0102994 0 -0.00183608 0.00814184 0 -8.97643e-05 0.00813989 0 3.03537e-05 0.00392862 0 0.000769524 0.0124843 0 -0.000279587 0.0116664 0 -0.00186359 0.0108682 0 -0.00164531 0.0107603 0 -0.00169791 0.011955 0 -0.00155813 0.0120391 0 -0.00144633 0.0112609 0 -0.00136781 0.0118643 0 -0.00166563 0.0111695 0 -0.00144673 0.0114269 0 -0.00119366 0.0113468 0 -0.0012834 0.012117 0 -0.00132977 -0.00222757 0 -0.0032806 0.00613333 0 0.00492602 0.00622 0 0.00493 0.00775 0 0.00525 0.00715791 0 0.00382904 0.00714031 0 0.00374439 -0.0118058 0 -0.000446916 -0.011955 0 0.00155813 -0.00923971 0 -0.00169791 -0.00913178 0 -0.00164531 -0.00627409 0 -0.000170462 -0.00573356 0 -0.000170462 -0.000227568 0 -0.00433363 0.00775 0 -0.00525 0.00392862 0 -0.00206556 -0.000227568 0 -0.0032806 0.00263258 0 -0.00206556 -0.000713583 0 -0.0032806 -0.00849851 0 -0.0010984 -0.00775 0 -0.00525 -0.00122757 0 -0.00433363 -0.00171358 0 -0.00433363 -0.000713583 0 -0.00433363 0.0083991 0 0.000947652 0.00846404 0 0.00104957 -0.00573356 0 0.00102414 -0.00171358 0 -0.0032806 -0.00122757 0 -0.0032806 0.00363659 0 0.003031 0.003723 0 0.003031 0.00114 0 0.00493 0.00359333 0 0.00492602 0.00368 0 0.00493 0.00376667 0 0.00492602 0.00604799 0 0.0049143 0.00385216 0 0.00491426 0.00393655 0 0.00489469 0.00588167 0 0.00486771 0.00596398 0 0.00489483 0.00424551 0 0.00474334 0.00431264 0 0.00468868 0.0055877 0 0.00468901 0.00565484 0 0.00474358 0.00417379 0 0.00479156 0.00546978 0 0.00456279 0.00443054 0 0.00456236 0.00541983 0 0.00449206 0.00552586 0 0.00462856 0.00437438 0 0.00462833 0.00537665 0 0.0044173 0.00452361 0 0.00441679 0.00534028 0 0.00433859 0.00448029 0 0.00449189 0.00528988 0 0.00417332 0.0053114 0 0.00425734 0.00458877 0 0.00425678 0.00455975 0 0.00433853 0.00527222 0 0.00391546 0.00462974 0 0.00400148 0.00462776 0 0.00391493 0.00527025 0 0.00400171 0.00535742 0 0.00358199 0.00457504 0 0.00366163 0.00454244 0 0.00358165 0.00528202 0 0.00382939 0.00461791 0 0.00382904 0.00539717 0 0.0035052 0.00450256 0 0.00350476 0.0054438 0 0.0034323 0.00555589 0 0.00330071 0.00434403 0 0.00330061 0.00562026 0 0.00324327 0.00549675 0 0.00336406 0.00445606 0 0.00343207 0.00440288 0 0.00336364 0.00326252 0 0.00483332 0.00147859 0 0.00486759 0.00155794 0 0.00483312 0.00427929 0 0.0032429 0.00421002 0 0.0031916 0.0057636 0 0.00314684 0.00568995 0 0.00319162 0.00584146 0 0.00310868 0.0041359 0 0.00314656 0.00405837 0 0.00310862 0.00186288 0 0.00336364 0.00295675 0 0.00336406 0.00191606 0 0.00343207 0.00397744 0 0.00307778 0.00592205 0 0.00307796 0.000209877 0 0.00417332 0.000231403 0 0.00425734 -0.000491233 0 0.00425678 -0.000906208 0 0.00479156 0.000646534 0 0.00479178 -0.000982057 0 0.00483312 0.000260281 0 0.00433859 -0.000520251 0 0.00433853 0.00617659 0 0.003031 0.00609037 0 0.00303891 0.00634915 0 0.00303883 0.006263 0 0.003031 0.00651744 0 0.00307778 0.00643422 0 0.00305449 0.0066759 0 0.00314656 0.00659837 0 0.00310862 0.00681929 0 0.0032429 0.00675002 0 0.0031916 0.00694288 0 0.00336364 0.00688403 0 0.00330061 0.00704256 0 0.00350476 0.00699606 0 0.00343207 0.00711504 0 0.00366163 0.00708244 0 0.00358165 0.00716776 0 0.00391493 0.00716387 0 0.00408763 0.00716974 0 0.00400148 0.00712877 0 0.00425678 0.00715014 0 0.00417322 0.00706361 0 0.00441679 0.00709975 0 0.00433853 0.00697054 0 0.00456236 0.00702029 0 0.00449189 0.00685264 0 0.00468868 0.00691438 0 0.00462833 0.00671379 0 0.00479156 0.00678551 0 0.00474334 0.00655859 0 0.00486759 0.00663794 0 0.00483312 0.00639216 0 0.00491426 0.00647655 0 0.00489469 0.00630667 0 0.00492602 0.00401859 0 0.00486759 0.00409794 0 0.00483312 0.00580252 0 0.00483332 0.00572653 0 0.00479178 0.00139655 0 0.00489469 0.00334167 0 0.00486771 0.00342398 0 0.00489483 0.00131216 0 0.00491426 0.00350799 0 0.0049143 0.00122667 0 0.00492602 0.00170551 0 0.00474334 0.00177264 0 0.00468868 0.00304771 0 0.00468901 -0.00775 0 0.00525 0.00292978 0 0.00456279 0.00189054 0 0.00456236 0.00287983 0 0.00449206 0.00298586 0 0.00462856 0.00183438 0 0.00462833 0.00283665 0 0.0044173 0.00198361 0 0.00441679 0.00280028 0 0.00433859 0.00194029 0 0.00449189 0.0027714 0 0.00425734 0.00204877 0 0.00425678 0.00274988 0 0.00417332 0.00201975 0 0.00433853 0.00208974 0 0.00400148 0.00273025 0 0.00400171 0.00274202 0 0.00382939 0.00207791 0 0.00382904 0.00275959 0 0.00374485 0.00208776 0 0.00391493 0.00273222 0 0.00391546 0.00200244 0 0.00358165 0.00281742 0 0.00358199 0.00203504 0 0.00366163 0.00206031 0 0.00374439 0.0027848 0 0.00366204 0.00285717 0 0.0035052 0.00196256 0 0.00350476 0.0029038 0 0.0034323 0.00600548 0 0.00305454 0.00308026 0 0.00324327 0.00301589 0 0.00330071 0.00180403 0 0.00330061 0.000339833 0 0.00449206 -0.000599707 0 0.00449189 0.000296648 0 0.0044173 0.00389422 0 0.00305449 0.00143744 0 0.00307778 0.00346548 0 0.00305454 0.00338205 0 0.00307796 0.000244795 0 0.00366204 0.000219589 0 0.00374485 -0.000479687 0 0.00374439 0.00355037 0 0.00303891 0.00135422 0 0.00305449 0.00380915 0 0.00303883 -0.0022952 0 0.00366204 -0.00232041 0 0.00374485 -0.00301969 0 0.00374439 0.00263258 0 0.000769524 0.00126915 0 0.00303883 0.001183 0 0.003031 0.00163379 0 0.00479156 0.00318653 0 0.00479178 0.00311484 0 0.00474358 0.000967995 0 0.0049143 -0.00131333 0 0.00492602 -0.00122784 0 0.00491426 -0.0014 0 0.00493 0.00105333 0 0.00492602 -0.00106141 0 0.00486759 0.000722516 0 0.00483332 -0.00114345 0 0.00489469 0.000801674 0 0.00486771 0.000883984 0 0.00489483 0.00173929 0 0.0032429 -0.000767361 0 0.00468868 -0.000705619 0 0.00462833 0.000445859 0 0.00462856 0.00167002 0 0.0031916 0.00314995 0 0.00319162 0.000389776 0 0.00456279 -0.000649458 0 0.00456236 0.0032236 0 0.00314684 -0.000556391 0 0.00441679 0.000196203 0 0.00408819 -0.000469865 0 0.00417322 -0.000456131 0 0.00408763 0.0015959 0 0.00314656 0.00330146 0 0.00310868 0.000192219 0 0.00391546 -0.00045026 0 0.00400148 -0.000452241 0 0.00391493 0.000190249 0 0.00400171 0.00151837 0 0.00310862 0.000202018 0 0.00382939 -0.000462093 0 0.00382904 -0.000504962 0 0.00366163 -0.000537557 0 0.00358165 0.000277417 0 0.00358199 -0.000677122 0 0.00336364 0.000416753 0 0.00336406 -0.000623937 0 0.00343207 0.00031717 0 0.0035052 -0.00057744 0 0.00350476 0.000363799 0 0.0034323 -0.00344621 0 0.00479156 -0.00337449 0 0.00474334 -0.00196516 0 0.00474358 -0.00300209 0 0.00382904 -0.00233798 0 0.00382939 -0.00734258 0 0.00358199 -0.0073752 0 0.00366204 0.00109659 0 0.003031 0.00101037 0 0.00303891 -0.000834488 0 0.00474334 0.000574845 0 0.00474358 0.000507705 0 0.00468901 -0.00157201 0 0.0049143 -0.00385333 0 0.00492602 -0.00376784 0 0.00491426 -0.00394 0 0.00493 -0.00148667 0 0.00492602 -0.00352206 0 0.00483312 -0.00181748 0 0.00483332 -0.00360141 0 0.00486759 -0.00368345 0 0.00489469 -0.00173833 0 0.00486771 -0.00165602 0 0.00489483 -0.00189347 0 0.00479178 0.000540256 0 0.00324327 0.000475887 0 0.00330071 -0.00073597 0 0.00330061 -0.00215022 0 0.00456279 -0.00318946 0 0.00456236 -0.00220017 0 0.00449206 -0.000800706 0 0.0032429 -0.00224335 0 0.0044173 -0.00309639 0 0.00441679 -0.00227972 0 0.00433859 -0.00313971 0 0.00449189 -0.000869982 0 0.0031916 0.000609953 0 0.00319162 -0.0023086 0 0.00425734 -0.00303123 0 0.00425678 -0.00233012 0 0.00417332 -0.00306025 0 0.00433853 0.000683601 0 0.00314684 -0.00234975 0 0.00400171 -0.00299613 0 0.00408763 -0.00299026 0 0.00400148 -0.00300986 0 0.00417322 -0.0023438 0 0.00408819 -0.000944102 0 0.00314656 0.000761458 0 0.00310868 -0.00102163 0 0.00310862 -0.00234778 0 0.00391546 -0.00299224 0 0.00391493 -0.00304496 0 0.00366163 -0.00307756 0 0.00358165 -0.00226258 0 0.00358199 -0.00110256 0 0.00307778 0.000842051 0 0.00307796 -0.00311744 0 0.00350476 -0.0021762 0 0.0034323 -0.00222283 0 0.0035052 0.000925477 0 0.00305454 -0.00469022 0 0.00456279 -0.00572946 0 0.00456236 -0.00474017 0 0.00449206 -0.00212325 0 0.00336406 -0.00316394 0 0.00343207 -0.00321712 0 0.00336364 -0.00118578 0 0.00305449 -0.0048838 0 0.00408819 -0.00554986 0 0.00417322 -0.00553613 0 0.00408763 -0.00127085 0 0.00303883 -0.00575712 0 0.00336364 -0.00466325 0 0.00336406 -0.00570394 0 0.00343207 -0.00742778 0 0.00391546 -0.00742975 0 0.00400171 -0.0074238 0 0.00408819 -0.00527409 0 0.00102414 -0.00144341 0 0.003031 -0.00152963 0 0.00303891 -0.001357 0 0.003031 -0.00330736 0 0.00468868 -0.00203229 0 0.00468901 -0.00209414 0 0.00462856 -0.00324562 0 0.00462833 -0.00639333 0 0.00492602 -0.00630784 0 0.00491426 -0.00411201 0 0.0049143 -0.00402667 0 0.00492602 -0.00606206 0 0.00483312 -0.00435748 0 0.00483332 -0.00614141 0 0.00486759 -0.00622345 0 0.00489469 -0.00427833 0 0.00486771 -0.00419602 0 0.00489483 -0.00591449 0 0.00474334 -0.00450516 0 0.00474358 -0.00598621 0 0.00479156 -0.00443347 0 0.00479178 -0.00584736 0 0.00468868 -0.00578562 0 0.00462833 -0.00463414 0 0.00462856 -0.00457229 0 0.00468901 -0.00199974 0 0.00324327 -0.00206411 0 0.00330071 -0.00327597 0 0.00330061 -0.00478335 0 0.0044173 -0.00563639 0 0.00441679 -0.00481972 0 0.00433859 -0.00567971 0 0.00449189 -0.00334071 0 0.0032429 -0.00340998 0 0.0031916 -0.00193005 0 0.00319162 -0.00553026 0 0.00400148 -0.00553224 0 0.00391493 -0.00488778 0 0.00391546 -0.00488975 0 0.00400171 -0.0018564 0 0.00314684 -0.00486041 0 0.00374485 -0.00555969 0 0.00374439 -0.00483521 0 0.00366204 -0.00487798 0 0.00382939 -0.00554209 0 0.00382904 -0.0034841 0 0.00314656 -0.00177854 0 0.00310868 -0.00356163 0 0.00310862 -0.00561756 0 0.00358165 -0.00480258 0 0.00358199 -0.00558496 0 0.00366163 -0.00364256 0 0.00307778 -0.00169795 0 0.00307796 -0.00565744 0 0.00350476 -0.0047162 0 0.0034323 -0.00476283 0 0.0035052 -0.00161452 0 0.00305454 -0.00581597 0 0.00330061 -0.00588071 0 0.0032429 -0.00453974 0 0.00324327 -0.00460411 0 0.00330071 -0.00372578 0 0.00305449 -0.00740041 0 0.00374485 -0.00741798 0 0.00382939 -0.0072562 0 0.0034323 -0.00730283 0 0.0035052 -0.00381085 0 0.00303883 -0.00685854 0 0.00310868 -0.0069364 0 0.00314684 -0.00406963 0 0.00303891 -0.00415452 0 0.00305454 -0.006437 0 0.003031 -0.00652341 0 0.003031 -0.003897 0 0.003031 -0.00398341 0 0.003031 -0.00560025 0 0.00433853 -0.0048486 0 0.00425734 -0.00487012 0 0.00417332 -0.00557123 0 0.00425678 -0.00665201 0 0.0049143 -0.00656667 0 0.00492602 -0.00648 0 0.00493 -0.00681833 0 0.00486771 -0.00673602 0 0.00489483 -0.00697347 0 0.00479178 -0.00689748 0 0.00483332 -0.00711229 0 0.00468901 -0.00704516 0 0.00474358 -0.00723022 0 0.00456279 -0.00717414 0 0.00462856 -0.00732335 0 0.0044173 -0.00728017 0 0.00449206 -0.0073886 0 0.00425734 -0.00735972 0 0.00433859 -0.00741012 0 0.00417332 -0.00447005 0 0.00319162 -0.00594998 0 0.0031916 -0.0043964 0 0.00314684 -0.00431854 0 0.00310868 -0.0060241 0 0.00314656 -0.00610163 0 0.00310862 -0.00618256 0 0.00307778 -0.00423795 0 0.00307796 -0.00714411 0 0.00330071 -0.00720325 0 0.00336406 -0.00701005 0 0.00319162 -0.00707974 0 0.00324327 -0.00626578 0 0.00305449 -0.00669452 0 0.00305454 -0.00677795 0 0.00307796 -0.00635085 0 0.00303883 -0.00660963 0 0.00303891 -0.011536 0 0.00104957 -0.00819437 0 -0.000447881 -0.00822707 0 -0.000563566 -0.00673356 0 -0.000170462 -0.00814572 0 0.000150141 -0.00813992 0 2.97609e-05 -0.00814189 0 -9.08921e-05 -0.00815159 0 -0.000210556 -0.00816922 0 -0.000330161 -0.00826744 0 -0.000677521 -0.00831476 0 -0.00078797 -0.00843084 0 -0.000999288 -0.00836942 0 -0.000895547 -0.00857313 0 -0.00119366 -0.00865323 0 -0.0012834 -0.0102804 0 -0.0024842 -0.0101409 0 -0.00249597 -0.0100607 0 -0.00185936 -0.00873908 0 -0.00136781 -0.00883048 0 -0.00144673 -0.0105557 0 -0.00243742 -0.0104187 0 -0.00246468 -0.01 0 -0.0025 -0.0099403 0 -0.00185936 -0.00970059 0 -0.00183608 -0.00981964 0 -0.0018516 -0.00958222 0 -0.0018128 -0.00935171 0 -0.0017437 -0.00946568 0 -0.00178197 -0.00892625 0 -0.00151921 -0.00902713 0 -0.00158565 -0.00818071 0 0.000388725 -0.00815932 0 0.000269598 -0.00820958 0 0.00050523 -0.00828995 0 0.000732567 -0.00824606 0 0.000620048 -0.0084635 0 0.00104884 -0.00861208 0 0.0012388 -0.00853453 0 0.00114594 -0.0087835 0 0.00140745 -0.00869486 0 0.00132569 -0.00887726 0 0.00148336 -0.00897539 0 0.00155273 -0.00929456 0 0.00172137 -0.00952283 0 0.00179809 -0.00940782 0 0.00176359 -0.00964042 0 0.00182524 -0.00987901 0 0.00185638 -0.00975933 0 0.00184472 0.0116592 0 0.000841374 0.0123594 0 0.00082633 0.00964097 0 0.00182538 0.00975933 0 0.00184472 0.0118308 0 -0.000330161 0.00918559 0 0.00167258 0.00929541 0 0.00172176 0.0118056 0 -0.000447881 0.0124648 0 -0.000418057 0.0124374 0 -0.000555878 0.0117729 0 -0.000563566 0.0124024 0 -0.000691745 0.0117326 0 -0.000677521 0.0123599 0 -0.000825005 0.0116852 0 -0.00078797 0.0123098 0 -0.000956338 0.0122526 0 -0.00108436 0.0115692 0 -0.000999288 0.0121884 0 -0.00120864 0.0115015 0 -0.0010984 0.00853514 0 0.00114675 0.00834132 0 0.000842386 0.00824631 0 0.000620856 0.00829018 0 0.000733037 0.00818071 0 0.000388771 0.00820989 0 0.000506243 0.00814582 0 0.000150931 0.00815946 0 0.000270671 0.0105343 0 -0.00178197 0.0113307 0 -0.00211638 0.00815158 0 -0.000210213 0.00816902 0 -0.000329231 0.00819417 0 -0.000446916 0.00826702 0 -0.000676482 0.00822698 0 -0.000563322 0.00836904 0 -0.000894914 0.00831452 0 -0.000787362 0.00849844 0 -0.00109828 0.00843026 0 -0.000998352 0.00865264 0 -0.00128273 0.00857245 0 -0.00119288 0.00873872 0 -0.00136752 0.00993934 0 -0.00185936 0.01 0 -0.0025 0.00981934 0 -0.00185155 0.00969949 0 -0.00183589 0.0116306 0 -0.000895547 -0.00222757 0 -0.00433363 -0.00271358 0 -0.00433363 -0.00527409 -0.0005 -0.000170462 -0.00573356 0 -0.000170462 -0.00527409 0 -0.000170462 -0.00573356 -0.0005 -0.000170462 -0.00573356 -0.0005 -0.000170462 -0.00573356 0 0.00102414 -0.00573356 0 -0.000170462 -0.00573356 -0.0005 0.00102414 -0.00573356 -0.0005 0.00102414 -0.00527409 0 0.00102414 -0.00573356 0 0.00102414 -0.00527409 -0.0005 0.00102414 -0.00527409 -0.0005 0.00102414 -0.00527409 0 -0.000170462 -0.00527409 0 0.00102414 -0.00527409 -0.0005 -0.000170462 -0.00627409 -0.0005 -0.000170462 -0.00673356 0 -0.000170462 -0.00627409 0 -0.000170462 -0.00673356 -0.0005 -0.000170462 -0.00673356 -0.0005 -0.000170462 -0.00673356 0 0.00102414 -0.00673356 0 -0.000170462 -0.00673356 -0.0005 0.00102414 -0.00673356 -0.0005 0.00102414 -0.00627409 0 0.00102414 -0.00673356 0 0.00102414 -0.00627409 -0.0005 0.00102414 -0.00627409 -0.0005 0.00102414 -0.00627409 0 -0.000170462 -0.00627409 0 0.00102414 -0.00627409 -0.0005 -0.000170462 -0.000227568 -0.0005 -0.00433363 -0.000713583 0 -0.00433363 -0.000227568 0 -0.00433363 -0.000713583 -0.0005 -0.00433363 -0.000713583 -0.0005 -0.00433363 -0.000713583 0 -0.0032806 -0.000713583 0 -0.00433363 -0.000713583 -0.0005 -0.0032806 -0.000713583 -0.0005 -0.0032806 -0.000227568 0 -0.0032806 -0.000713583 0 -0.0032806 -0.000227568 -0.0005 -0.0032806 -0.000227568 -0.0005 -0.0032806 -0.000227568 0 -0.00433363 -0.000227568 0 -0.0032806 -0.000227568 -0.0005 -0.00433363 -0.00122757 -0.0005 -0.00433363 -0.00171358 0 -0.00433363 -0.00122757 0 -0.00433363 -0.00171358 -0.0005 -0.00433363 -0.00171358 -0.0005 -0.00433363 -0.00171358 0 -0.0032806 -0.00171358 0 -0.00433363 -0.00171358 -0.0005 -0.0032806 -0.00171358 -0.0005 -0.0032806 -0.00122757 0 -0.0032806 -0.00171358 0 -0.0032806 -0.00122757 -0.0005 -0.0032806 -0.00122757 -0.0005 -0.0032806 -0.00122757 0 -0.00433363 -0.00122757 0 -0.0032806 -0.00122757 -0.0005 -0.00433363 -0.00222757 -0.0005 -0.00433363 -0.00271358 0 -0.00433363 -0.00222757 0 -0.00433363 -0.00271358 -0.0005 -0.00433363 -0.00271358 -0.0005 -0.00433363 -0.00271358 0 -0.0032806 -0.00271358 0 -0.00433363 -0.00271358 -0.0005 -0.0032806 -0.00271358 -0.0005 -0.0032806 -0.00222757 0 -0.0032806 -0.00271358 0 -0.0032806 -0.00222757 -0.0005 -0.0032806 -0.00222757 -0.0005 -0.0032806 -0.00222757 0 -0.00433363 -0.00222757 0 -0.0032806 -0.00222757 -0.0005 -0.00433363 0.00993934 0 -0.00185936 0.0100597 0 -0.00185936 0.01 -0.0001 -0.00186036 0.0101222 -0.0001 -0.0018563 0.0101804 0 -0.0018516 0.0102994 0 -0.00183608 0.0102431 -0.0001 -0.0018444 0.0104178 0 -0.0018128 0.0103633 -0.0001 -0.0018245 0.010482 -0.0001 -0.00179682 0.0105343 0 -0.00178197 0.0106483 0 -0.0017437 0.010598 -0.0001 -0.00176162 0.0107603 0 -0.00169791 0.0107124 -0.0001 -0.00171851 0.0108231 -0.0001 -0.00166837 0.0108682 0 -0.00164531 0.0109729 0 -0.00158565 0.0109305 -0.0001 -0.00161091 0.0110738 0 -0.00151921 0.011034 -0.0001 -0.00154654 0.0111326 -0.0001 -0.00147589 0.0111695 0 -0.00144673 0.0112609 0 -0.00136781 0.011227 -0.0001 -0.00139832 0.0113468 0 -0.0012834 0.0113157 -0.0001 -0.00131524 0.0113989 -0.0001 -0.00122636 0.0114269 0 -0.00119366 0.0115015 0 -0.0010984 0.0114762 -0.0001 -0.0011321 0.0115692 0 -0.000999288 0.0115469 -0.0001 -0.00103349 0.0116113 -0.0001 -0.000929712 0.0116306 0 -0.000895547 0.0116852 0 -0.00078797 0.0116687 -0.0001 -0.000822497 0.0117326 0 -0.000677521 0.0117188 -0.0001 -0.000711654 0.0117618 -0.0001 -0.000597496 0.0117729 0 -0.000563566 0.0118056 0 -0.000447881 0.011797 -0.0001 -0.000481385 0.0118308 0 -0.000330161 0.0118247 -0.0001 -0.000362434 0.0118445 -0.0001 -0.000242454 0.0118484 0 -0.000210556 0.0118581 0 -9.08921e-05 0.0118564 -0.0001 -0.000121426 0.0118601 0 2.97609e-05 0.0118603 -0.0001 5.2382e-07 0.0118564 -0.0001 0.000121817 0.0118543 0 0.000150141 0.0118407 0 0.000269598 0.0118443 -0.0001 0.000243308 0.0118193 0 0.000388725 0.0118245 -0.0001 0.000363322 0.0117969 -0.0001 0.000481688 0.0117904 0 0.00050523 0.0117539 0 0.000620048 0.0117614 -0.0001 0.000598485 0.0117101 0 0.000732567 0.0117187 -0.0001 0.000712088 0.0116683 -0.0001 0.000823225 0.0116592 0 0.000841374 0.0116011 0 0.000947277 0.0116109 -0.0001 0.000930531 0.0115365 0 0.00104884 0.0115467 -0.0001 0.00103368 0.0114756 -0.0001 0.00113292 0.0114655 0 0.00114594 0.0113879 0 0.0012388 0.0113986 -0.0001 0.00122677 0.0113051 0 0.00132569 0.0113151 -0.0001 0.00131577 0.0112263 -0.0001 0.00139897 0.0112165 0 0.00140745 0.0111227 0 0.00148336 0.0111324 -0.0001 0.00147598 0.0110246 0 0.00155273 0.0110331 -0.0001 0.0015471 0.01093 -0.0001 0.00161123 0.0109216 0 0.00161603 0.0108153 0 0.00167216 0.0108224 -0.0001 0.00166866 0.0107054 0 0.00172137 0.0107115 -0.0001 0.0017189 0.0105979 -0.0001 0.00176164 0.0105922 0 0.00176359 0.0104772 0 0.00179809 0.010481 -0.0001 0.00179707 0.0103596 0 0.00182524 0.0103627 -0.0001 0.00182466 0.0102431 -0.0001 0.0018444 0.0102407 0 0.00184472 0.010121 0 0.00185638 0.0101222 -0.0001 0.0018563 0.01 0 0.00186036 0.01 -0.0001 0.00186036 0.0098778 -0.0001 -0.0018563 0.0097569 -0.0001 -0.0018444 0.00981934 0 -0.00185155 0.00969949 0 -0.00183589 0.00963731 -0.0001 -0.00182466 0.00951903 -0.0001 -0.00179707 0.0095816 0 -0.0018127 0.00940206 -0.0001 -0.00176164 0.00946495 0 -0.00178171 0.00935068 0 -0.00174334 0.00928849 -0.0001 -0.0017189 0.00917759 -0.0001 -0.00166866 0.00923963 0 -0.00169787 0.00907002 -0.0001 -0.00161123 0.00913086 0 -0.0016448 0.00902637 0 -0.00158523 0.00896691 -0.0001 -0.0015471 0.00886758 -0.0001 -0.00147598 0.00892587 0 -0.0015189 0.00877372 -0.0001 -0.00139897 0.0088296 0 -0.00144602 0.00873872 0 -0.00136752 0.00868488 -0.0001 -0.00131577 0.00860144 -0.0001 -0.00122677 0.00865264 0 -0.00128273 0.00852443 -0.0001 -0.00113292 0.00857245 0 -0.00119288 0.00849844 0 -0.00109828 0.00845327 -0.0001 -0.00103368 0.0083891 -0.0001 -0.000930531 0.00843026 0 -0.000998352 0.00833174 -0.0001 -0.000823225 0.00836904 0 -0.000894914 0.00831452 0 -0.000787362 0.00828132 -0.0001 -0.000712088 0.00823857 -0.0001 -0.000598485 0.00826702 0 -0.000676482 0.0082031 -0.0001 -0.000481688 0.00822698 0 -0.000563322 0.00819417 0 -0.000446916 0.00817548 -0.0001 -0.000363322 0.00815566 -0.0001 -0.000243308 0.00816902 0 -0.000329231 0.00814363 -0.0001 -0.000121817 0.00815158 0 -0.000210213 0.00814184 0 -8.97643e-05 0.00813967 -0.0001 -5.2382e-07 0.00814363 -0.0001 0.000121426 0.00813989 0 3.03537e-05 0.00815552 -0.0001 0.000242454 0.00814582 0 0.000150931 0.00815946 0 0.000270671 0.00817533 -0.0001 0.000362434 0.008203 -0.0001 0.000481385 0.00818071 0 0.000388771 0.00823823 -0.0001 0.000597496 0.00820989 0 0.000506243 0.00824631 0 0.000620856 0.00828117 -0.0001 0.000711654 0.00833135 -0.0001 0.000822497 0.00829018 0 0.000733037 0.00838866 -0.0001 0.000929712 0.00834132 0 0.000842386 0.0083991 0 0.000947652 0.00845312 -0.0001 0.00103349 0.00852379 -0.0001 0.0011321 0.00846404 0 0.00104957 0.00860112 -0.0001 0.00122636 0.00853514 0 0.00114675 0.00861221 0 0.00123892 0.0086843 -0.0001 0.00131524 0.00877301 -0.0001 0.00139832 0.00869566 0 0.00132646 0.00886744 -0.0001 0.00147589 0.00878401 0 0.00140794 0.00887782 0 0.00148375 0.00896604 -0.0001 0.00154654 0.00906953 -0.0001 0.00161091 0.00897631 0 0.00155335 0.00917691 -0.0001 0.00166837 0.0090786 0 0.00161616 0.00918559 0 0.00167258 0.00928759 -0.0001 0.00171851 0.00940198 -0.0001 0.00176162 0.00929541 0 0.00172176 0.00951804 -0.0001 0.00179682 0.00940819 0 0.00176369 0.00952392 0 0.00179837 0.00963669 -0.0001 0.0018245 0.0097569 -0.0001 0.0018444 0.00964097 0 0.00182538 0.0098778 -0.0001 0.0018563 0.00975933 0 0.00184472 0.00987901 0 0.00185638 0.0101087 0.0016 -0.00149602 0.01 0.0016 -0.0015 0.01 -0.0001 -0.0015 0.0104269 0.0016 -0.00143793 0.0103221 0.0016 -0.00146499 0.0103229 -0.0001 -0.0014648 0.0102161 0.0016 -0.00148435 0.0101087 -0.0001 -0.00149602 0.0102161 -0.0001 -0.00148435 0.0106302 -0.0001 -0.00136116 0.0107264 0.0016 -0.00131239 0.0106294 0.0016 -0.00136153 0.0104276 -0.0001 -0.00143774 0.0105302 -0.0001 -0.00140315 0.0105298 0.0016 -0.00140331 0.0109075 0.0016 -0.0011943 0.0109079 -0.0001 -0.00119401 0.0109913 0.0016 -0.00112571 0.0108189 0.0016 -0.00125674 0.0107264 -0.0001 -0.00131235 0.0108196 -0.0001 -0.00125624 0.01121 0.0016 -0.000886411 0.0111432 0.0016 -0.000971174 0.0111434 -0.0001 -0.000970901 0.0110704 -0.0001 -0.00105078 0.0110699 0.0016 -0.00105133 0.0109918 -0.0001 -0.00112523 0.0113255 -0.0001 -0.000702185 0.0113723 0.0016 -0.000605454 0.0113251 0.0016 -0.000702954 0.0112106 -0.0001 -0.000885677 0.0112711 -0.0001 -0.000796362 0.011271 0.0016 -0.000796491 0.0114452 0.0016 -0.000401721 0.0114454 -0.0001 -0.000400931 0.0114705 0.0016 -0.000296051 0.0114125 0.0016 -0.000504786 0.0113726 -0.0001 -0.00060494 0.0114127 -0.0001 -0.000504166 0.0114997 0.0016 2.67011e-05 0.0114978 0.0016 -8.13576e-05 0.0114978 -0.0001 -8.11245e-05 0.0114881 -0.0001 -0.000188619 0.0114879 0.0016 -0.000189526 0.0114705 -0.0001 -0.000295782 0.0114801 -0.0001 0.00024302 0.0114589 0.0016 0.000348393 0.0114803 0.0016 0.000242433 0.0114997 -0.0001 2.75397e-05 0.0114939 -0.0001 0.000135482 0.0114939 0.0016 0.000134858 0.0113936 0.0016 0.000554777 0.0113933 -0.0001 0.000555625 0.0113498 0.0016 0.000654125 0.0114299 0.0016 0.000453144 0.0114588 -0.0001 0.000349225 0.0114298 -0.0001 0.000453328 0.0111777 0.0016 0.000928999 0.0112417 0.0016 0.000841435 0.0112414 -0.0001 0.000842006 0.0112988 -0.0001 0.000750371 0.0112992 0.0016 0.000749679 0.0113497 -0.0001 0.000654409 0.0110315 -0.0001 0.00108904 0.0109506 0.0016 0.00116029 0.0110316 0.0016 0.00108896 0.0111773 -0.0001 0.000929411 0.0111072 -0.0001 0.00101201 0.0111077 0.0016 0.00101135 0.0107736 0.0016 0.0012851 0.0107729 -0.0001 0.00128548 0.0106789 0.0016 0.00133752 0.0108642 0.0016 0.00122598 0.0109499 -0.0001 0.00116086 0.0108639 -0.0001 0.00122621 0.0103751 0.0016 0.00145233 0.0104794 0.0016 0.0014213 0.0104785 -0.0001 0.00142159 0.01058 -0.0001 0.0013833 0.0105805 0.0016 0.00138314 0.0106783 -0.0001 0.00133786 0.010162 -0.0001 0.00149122 0.0100545 0.0016 0.001499 0.0101624 0.0016 0.00149115 0.0103751 -0.0001 0.00145234 0.0102689 -0.0001 0.00147567 0.0102698 0.0016 0.00147552 0.00983799 0.0016 0.00149122 0.00983756 -0.0001 0.00149115 0.00973111 0.0016 0.00147567 0.00994627 0.0016 0.001499 0.0100537 -0.0001 0.001499 0.00994552 -0.0001 0.001499 0.00942002 0.0016 0.0013833 0.00952145 0.0016 0.00142159 0.00952061 -0.0001 0.0014213 0.00962485 -0.0001 0.00145233 0.00962489 0.0016 0.00145234 0.00973022 -0.0001 0.00147552 0.00922638 -0.0001 0.0012851 0.00913606 0.0016 0.00122621 0.00922707 0.0016 0.00128548 0.00941955 -0.0001 0.00138314 0.00932108 -0.0001 0.00133752 0.0093217 0.0016 0.00133786 0.00896852 0.0016 0.00108904 0.00896842 -0.0001 0.00108896 0.00889285 0.0016 0.00101201 0.0090501 0.0016 0.00116086 0.00913577 -0.0001 0.00122598 0.00904939 -0.0001 0.00116029 0.00870122 0.0016 0.000750371 0.00875863 0.0016 0.000842006 0.00875828 -0.0001 0.000841435 0.00882231 -0.0001 0.000928999 0.00882268 0.0016 0.000929411 0.00889227 -0.0001 0.00101135 0.00860639 -0.0001 0.000554777 0.00857016 0.0016 0.000453328 0.00860673 0.0016 0.000555625 0.00870079 -0.0001 0.000749679 0.00865017 -0.0001 0.000654125 0.00865028 0.0016 0.000654409 0.00851985 0.0016 0.00024302 0.00851973 -0.0001 0.000242433 0.00850614 0.0016 0.000135482 0.00854124 0.0016 0.000349225 0.00857008 -0.0001 0.000453144 0.00854106 -0.0001 0.000348393 0.0085022 0.0016 -8.11245e-05 0.00850025 -0.0001 2.67011e-05 0.00850223 -0.0001 -8.13576e-05 0.00850029 0.0016 2.75397e-05 0.00850611 -0.0001 0.000134858 0.00851205 -0.0001 -0.000189526 0.00851194 0.0016 -0.000188619 0.00852951 -0.0001 -0.000296051 0.00852947 0.0016 -0.000295782 0.00855459 0.0016 -0.000400931 0.00855483 -0.0001 -0.000401721 0.0085875 -0.0001 -0.000504786 0.00858731 0.0016 -0.000504166 0.00862766 -0.0001 -0.000605454 0.0086274 0.0016 -0.00060494 0.00867455 0.0016 -0.000702185 0.00867493 -0.0001 -0.000702954 0.00872895 -0.0001 -0.000796491 0.00872886 0.0016 -0.000796362 0.00878997 -0.0001 -0.000886411 0.00878942 0.0016 -0.000885677 0.00885664 0.0016 -0.000970901 0.00885684 -0.0001 -0.000971174 0.00893015 -0.0001 -0.00105133 0.00892957 0.0016 -0.00105078 0.00900866 -0.0001 -0.00112571 0.00900816 0.0016 -0.00112523 0.00909208 0.0016 -0.00119401 0.00909251 -0.0001 -0.0011943 0.00918113 -0.0001 -0.00125674 0.0091804 0.0016 -0.00125624 0.00927362 -0.0001 -0.00131239 0.00927355 0.0016 -0.00131235 0.00936978 0.0016 -0.00136116 0.0093706 -0.0001 -0.00136153 0.00947018 -0.0001 -0.00140331 0.00946982 0.0016 -0.00140315 0.00957311 -0.0001 -0.00143793 0.00957236 0.0016 -0.00143774 0.00967714 0.0016 -0.0014648 0.00967785 -0.0001 -0.00146499 0.00978391 -0.0001 -0.00148435 0.00978391 0.0016 -0.00148435 0.0098913 -0.0001 -0.00149602 0.0098913 0.0016 -0.00149602 0.0118603 0.0016 -5.2382e-07 0.0118564 0.0016 0.000121426 0.0118601 0.0015 3.03537e-05 0.0099403 0.0015 -0.00185936 0.00981964 0.0015 -0.0018516 0.0098778 0.0016 -0.0018563 0.0118542 0.0015 0.000150931 0.0118445 0.0016 0.000242454 0.0118247 0.0016 0.000362434 0.0118405 0.0015 0.000270671 0.011797 0.0016 0.000481385 0.0118193 0.0015 0.000388771 0.0117901 0.0015 0.000506243 0.0117618 0.0016 0.000597496 0.0117188 0.0016 0.000711654 0.0117537 0.0015 0.000620856 0.0116687 0.0016 0.000822497 0.0117098 0.0015 0.000733037 0.0116587 0.0015 0.000842386 0.0116113 0.0016 0.000929712 0.0115469 0.0016 0.00103349 0.0116009 0.0015 0.000947652 0.0114762 0.0016 0.0011321 0.011536 0.0015 0.00104957 0.0114649 0.0015 0.00114675 0.0113989 0.0016 0.00122636 0.0113157 0.0016 0.00131524 0.0113878 0.0015 0.00123892 0.011227 0.0016 0.00139832 0.0113043 0.0015 0.00132646 0.011216 0.0015 0.00140794 0.0111326 0.0016 0.00147589 0.011034 0.0016 0.00154654 0.0111222 0.0015 0.00148375 0.0109305 0.0016 0.00161091 0.0110237 0.0015 0.00155335 0.0109214 0.0015 0.00161616 0.0108231 0.0016 0.00166837 0.0107124 0.0016 0.00171851 0.0108144 0.0015 0.00167258 0.010598 0.0016 0.00176162 0.0107046 0.0015 0.00172176 0.0105918 0.0015 0.00176369 0.010482 0.0016 0.00179682 0.0103633 0.0016 0.0018245 0.0104761 0.0015 0.00179837 0.0102431 0.0016 0.0018444 0.010359 0.0015 0.00182538 0.0102407 0.0015 0.00184472 0.0101222 0.0016 0.0018563 0.01 0.0016 0.00186036 0.010121 0.0015 0.00185638 0.01 0.0015 0.00186036 0.0118582 0.0015 -8.97643e-05 0.0118484 0.0015 -0.000210213 0.0118564 0.0016 -0.000121817 0.0118443 0.0016 -0.000243308 0.011831 0.0015 -0.000329231 0.0118058 0.0015 -0.000446916 0.0118245 0.0016 -0.000363322 0.011773 0.0015 -0.000563322 0.0117969 0.0016 -0.000481688 0.0117614 0.0016 -0.000598485 0.011733 0.0015 -0.000676482 0.0116855 0.0015 -0.000787362 0.0117187 0.0016 -0.000712088 0.011631 0.0015 -0.000894914 0.0116683 0.0016 -0.000823225 0.0116109 0.0016 -0.000930531 0.0115697 0.0015 -0.000998352 0.0115016 0.0015 -0.00109828 0.0115467 0.0016 -0.00103368 0.0114276 0.0015 -0.00119288 0.0114756 0.0016 -0.00113292 0.0113986 0.0016 -0.00122677 0.0113474 0.0015 -0.00128273 0.0112613 0.0015 -0.00136752 0.0113151 0.0016 -0.00131577 0.0111704 0.0015 -0.00144602 0.0112263 0.0016 -0.00139897 0.0111324 0.0016 -0.00147598 0.0110741 0.0015 -0.0015189 0.0109736 0.0015 -0.00158523 0.0110331 0.0016 -0.0015471 0.0108691 0.0015 -0.0016448 0.01093 0.0016 -0.00161123 0.0108224 0.0016 -0.00166866 0.0107604 0.0015 -0.00169787 0.0106493 0.0015 -0.00174334 0.0107115 0.0016 -0.0017189 0.0105351 0.0015 -0.00178171 0.0105979 0.0016 -0.00176164 0.010481 0.0016 -0.00179707 0.0104184 0.0015 -0.0018127 0.0103005 0.0015 -0.00183589 0.0103627 0.0016 -0.00182466 0.0101807 0.0015 -0.00185155 0.0102431 0.0016 -0.0018444 0.0101222 0.0016 -0.0018563 0.0100607 0.0015 -0.00185936 0.01 0.0016 -0.00186036 0.00963669 0.0016 -0.0018245 0.0097569 0.0016 -0.0018444 0.00970059 0.0015 -0.00183608 0.00928759 0.0016 -0.00171851 0.00940198 0.0016 -0.00176162 0.00935171 0.0015 -0.0017437 0.00951804 0.0016 -0.00179682 0.00958222 0.0015 -0.0018128 0.00946568 0.0015 -0.00178197 0.00906953 0.0016 -0.00161091 0.00902713 0.0015 -0.00158565 0.00896604 0.0016 -0.00154654 0.00923971 0.0015 -0.00169791 0.00913178 0.0015 -0.00164531 0.00917691 0.0016 -0.00166837 0.00873908 0.0015 -0.00136781 0.0086843 0.0016 -0.00131524 0.00877301 0.0016 -0.00139832 0.00883048 0.0015 -0.00144673 0.00886744 0.0016 -0.00147589 0.00892625 0.0015 -0.00151921 0.00845312 0.0016 -0.00103349 0.00852379 0.0016 -0.0011321 0.00849851 0.0015 -0.0010984 0.00860112 0.0016 -0.00122636 0.00865323 0.0015 -0.0012834 0.00857313 0.0015 -0.00119366 0.00833135 0.0016 -0.000822497 0.00831476 0.0015 -0.00078797 0.00828117 0.0016 -0.000711654 0.00843084 0.0015 -0.000999288 0.00836942 0.0015 -0.000895547 0.00838866 0.0016 -0.000929712 0.00819437 0.0015 -0.000447881 0.00817533 0.0016 -0.000362434 0.008203 0.0016 -0.000481385 0.00822707 0.0015 -0.000563566 0.00823823 0.0016 -0.000597496 0.00826744 0.0015 -0.000677521 0.00813967 0.0016 5.2382e-07 0.00814363 0.0016 -0.000121426 0.00814189 0.0015 -9.08921e-05 0.00815552 0.0016 -0.000242454 0.00816922 0.0015 -0.000330161 0.00815159 0.0015 -0.000210556 0.00815566 0.0016 0.000243308 0.00815932 0.0015 0.000269598 0.00817548 0.0016 0.000363322 0.00813992 0.0015 2.97609e-05 0.00814572 0.0015 0.000150141 0.00814363 0.0016 0.000121817 0.00824606 0.0015 0.000620048 0.00828132 0.0016 0.000712088 0.00823857 0.0016 0.000598485 0.00820958 0.0015 0.00050523 0.0082031 0.0016 0.000481688 0.00818071 0.0015 0.000388725 0.00845327 0.0016 0.00103368 0.0083891 0.0016 0.000930531 0.00839891 0.0015 0.000947277 0.00833174 0.0016 0.000823225 0.00828995 0.0015 0.000732567 0.00834081 0.0015 0.000841374 0.00860144 0.0016 0.00122677 0.00861208 0.0015 0.0012388 0.00868488 0.0016 0.00131577 0.0084635 0.0015 0.00104884 0.00853453 0.0015 0.00114594 0.00852443 0.0016 0.00113292 0.00877372 0.0016 0.00139897 0.00869486 0.0015 0.00132569 0.0087835 0.0015 0.00140745 0.00887726 0.0015 0.00148336 0.00886758 0.0016 0.00147598 0.00897539 0.0015 0.00155273 0.00896691 0.0016 0.0015471 0.00907002 0.0016 0.00161123 0.00907841 0.0015 0.00161603 0.00918468 0.0015 0.00167216 0.00917759 0.0016 0.00166866 0.00929456 0.0015 0.00172137 0.00928849 0.0016 0.0017189 0.00940206 0.0016 0.00176164 0.00940782 0.0015 0.00176359 0.00952283 0.0015 0.00179809 0.00951903 0.0016 0.00179707 0.00964042 0.0015 0.00182524 0.00963731 0.0016 0.00182466 0.0097569 0.0016 0.0018444 0.00975933 0.0015 0.00184472 0.00987901 0.0015 0.00185638 0.0098778 0.0016 0.0018563 -0.0100607 0 -0.00185936 -0.0099403 0 -0.00185936 -0.01 -0.0001 -0.00186036 -0.0098778 -0.0001 -0.0018563 -0.00981964 0 -0.0018516 -0.00970059 0 -0.00183608 -0.0097569 -0.0001 -0.0018444 -0.00958222 0 -0.0018128 -0.00963669 -0.0001 -0.0018245 -0.00951804 -0.0001 -0.00179682 -0.00946568 0 -0.00178197 -0.00935171 0 -0.0017437 -0.00940198 -0.0001 -0.00176162 -0.00923971 0 -0.00169791 -0.00928759 -0.0001 -0.00171851 -0.00917691 -0.0001 -0.00166837 -0.00913178 0 -0.00164531 -0.00902713 0 -0.00158565 -0.00906953 -0.0001 -0.00161091 -0.00892625 0 -0.00151921 -0.00896604 -0.0001 -0.00154654 -0.00886744 -0.0001 -0.00147589 -0.00883048 0 -0.00144673 -0.00873908 0 -0.00136781 -0.00877301 -0.0001 -0.00139832 -0.00865323 0 -0.0012834 -0.0086843 -0.0001 -0.00131524 -0.00860112 -0.0001 -0.00122636 -0.00857313 0 -0.00119366 -0.00849851 0 -0.0010984 -0.00852379 -0.0001 -0.0011321 -0.00843084 0 -0.000999288 -0.00845312 -0.0001 -0.00103349 -0.00838866 -0.0001 -0.000929712 -0.00836942 0 -0.000895547 -0.00831476 0 -0.00078797 -0.00833135 -0.0001 -0.000822497 -0.00826744 0 -0.000677521 -0.00828117 -0.0001 -0.000711654 -0.00823823 -0.0001 -0.000597496 -0.00822707 0 -0.000563566 -0.00819437 0 -0.000447881 -0.008203 -0.0001 -0.000481385 -0.00816922 0 -0.000330161 -0.00817533 -0.0001 -0.000362434 -0.00815552 -0.0001 -0.000242454 -0.00815159 0 -0.000210556 -0.00814189 0 -9.08921e-05 -0.00814363 -0.0001 -0.000121426 -0.00813992 0 2.97609e-05 -0.00813967 -0.0001 5.2382e-07 -0.00814363 -0.0001 0.000121817 -0.00814572 0 0.000150141 -0.00815932 0 0.000269598 -0.00815566 -0.0001 0.000243308 -0.00818071 0 0.000388725 -0.00817548 -0.0001 0.000363322 -0.0082031 -0.0001 0.000481688 -0.00820958 0 0.00050523 -0.00824606 0 0.000620048 -0.00823857 -0.0001 0.000598485 -0.00828995 0 0.000732567 -0.00828132 -0.0001 0.000712088 -0.00833174 -0.0001 0.000823225 -0.00834081 0 0.000841374 -0.00839891 0 0.000947277 -0.0083891 -0.0001 0.000930531 -0.0084635 0 0.00104884 -0.00845327 -0.0001 0.00103368 -0.00852443 -0.0001 0.00113292 -0.00853453 0 0.00114594 -0.00861208 0 0.0012388 -0.00860144 -0.0001 0.00122677 -0.00869486 0 0.00132569 -0.00868488 -0.0001 0.00131577 -0.00877372 -0.0001 0.00139897 -0.0087835 0 0.00140745 -0.00887726 0 0.00148336 -0.00886758 -0.0001 0.00147598 -0.00897539 0 0.00155273 -0.00896691 -0.0001 0.0015471 -0.00907002 -0.0001 0.00161123 -0.00907841 0 0.00161603 -0.00918468 0 0.00167216 -0.00917759 -0.0001 0.00166866 -0.00929456 0 0.00172137 -0.00928849 -0.0001 0.0017189 -0.00940206 -0.0001 0.00176164 -0.00940782 0 0.00176359 -0.00952283 0 0.00179809 -0.00951903 -0.0001 0.00179707 -0.00964042 0 0.00182524 -0.00963731 -0.0001 0.00182466 -0.0097569 -0.0001 0.0018444 -0.00975933 0 0.00184472 -0.00987901 0 0.00185638 -0.0098778 -0.0001 0.0018563 -0.01 0 0.00186036 -0.01 -0.0001 0.00186036 -0.0101222 -0.0001 -0.0018563 -0.0102431 -0.0001 -0.0018444 -0.0101807 0 -0.00185155 -0.0103005 0 -0.00183589 -0.0103627 -0.0001 -0.00182466 -0.010481 -0.0001 -0.00179707 -0.0104184 0 -0.0018127 -0.0105979 -0.0001 -0.00176164 -0.0105351 0 -0.00178171 -0.0106493 0 -0.00174334 -0.0107115 -0.0001 -0.0017189 -0.0108224 -0.0001 -0.00166866 -0.0107604 0 -0.00169787 -0.01093 -0.0001 -0.00161123 -0.0108691 0 -0.0016448 -0.0109736 0 -0.00158523 -0.0110331 -0.0001 -0.0015471 -0.0111324 -0.0001 -0.00147598 -0.0110741 0 -0.0015189 -0.0112263 -0.0001 -0.00139897 -0.0111704 0 -0.00144602 -0.0112613 0 -0.00136752 -0.0113151 -0.0001 -0.00131577 -0.0113986 -0.0001 -0.00122677 -0.0113474 0 -0.00128273 -0.0114756 -0.0001 -0.00113292 -0.0114276 0 -0.00119288 -0.0115016 0 -0.00109828 -0.0115467 -0.0001 -0.00103368 -0.0116109 -0.0001 -0.000930531 -0.0115697 0 -0.000998352 -0.0116683 -0.0001 -0.000823225 -0.011631 0 -0.000894914 -0.0116855 0 -0.000787362 -0.0117187 -0.0001 -0.000712088 -0.0117614 -0.0001 -0.000598485 -0.011733 0 -0.000676482 -0.0117969 -0.0001 -0.000481688 -0.011773 0 -0.000563322 -0.0118058 0 -0.000446916 -0.0118245 -0.0001 -0.000363322 -0.0118443 -0.0001 -0.000243308 -0.011831 0 -0.000329231 -0.0118564 -0.0001 -0.000121817 -0.0118484 0 -0.000210213 -0.0118582 0 -8.97643e-05 -0.0118603 -0.0001 -5.2382e-07 -0.0118564 -0.0001 0.000121426 -0.0118601 0 3.03537e-05 -0.0118445 -0.0001 0.000242454 -0.0118542 0 0.000150931 -0.0118405 0 0.000270671 -0.0118247 -0.0001 0.000362434 -0.011797 -0.0001 0.000481385 -0.0118193 0 0.000388771 -0.0117618 -0.0001 0.000597496 -0.0117901 0 0.000506243 -0.0117537 0 0.000620856 -0.0117188 -0.0001 0.000711654 -0.0116687 -0.0001 0.000822497 -0.0117098 0 0.000733037 -0.0116113 -0.0001 0.000929712 -0.0116587 0 0.000842386 -0.0116009 0 0.000947652 -0.0115469 -0.0001 0.00103349 -0.0114762 -0.0001 0.0011321 -0.011536 0 0.00104957 -0.0113989 -0.0001 0.00122636 -0.0114649 0 0.00114675 -0.0113878 0 0.00123892 -0.0113157 -0.0001 0.00131524 -0.011227 -0.0001 0.00139832 -0.0113043 0 0.00132646 -0.0111326 -0.0001 0.00147589 -0.011216 0 0.00140794 -0.0111222 0 0.00148375 -0.011034 -0.0001 0.00154654 -0.0109305 -0.0001 0.00161091 -0.0110237 0 0.00155335 -0.0108231 -0.0001 0.00166837 -0.0109214 0 0.00161616 -0.0108144 0 0.00167258 -0.0107124 -0.0001 0.00171851 -0.010598 -0.0001 0.00176162 -0.0107046 0 0.00172176 -0.010482 -0.0001 0.00179682 -0.0105918 0 0.00176369 -0.0104761 0 0.00179837 -0.0103633 -0.0001 0.0018245 -0.0102431 -0.0001 0.0018444 -0.010359 0 0.00182538 -0.0101222 -0.0001 0.0018563 -0.0102407 0 0.00184472 -0.010121 0 0.00185638 -0.0098913 0.0016 -0.00149602 -0.01 0.0016 -0.0015 -0.01 -0.0001 -0.0015 -0.00957311 0.0016 -0.00143793 -0.00967785 0.0016 -0.00146499 -0.00967714 -0.0001 -0.0014648 -0.00978391 0.0016 -0.00148435 -0.0098913 -0.0001 -0.00149602 -0.00978391 -0.0001 -0.00148435 -0.00936978 -0.0001 -0.00136116 -0.00927362 0.0016 -0.00131239 -0.0093706 0.0016 -0.00136153 -0.00957236 -0.0001 -0.00143774 -0.00946982 -0.0001 -0.00140315 -0.00947018 0.0016 -0.00140331 -0.00909251 0.0016 -0.0011943 -0.00909208 -0.0001 -0.00119401 -0.00900866 0.0016 -0.00112571 -0.00918113 0.0016 -0.00125674 -0.00927355 -0.0001 -0.00131235 -0.0091804 -0.0001 -0.00125624 -0.00878997 0.0016 -0.000886411 -0.00885684 0.0016 -0.000971174 -0.00885664 -0.0001 -0.000970901 -0.00892957 -0.0001 -0.00105078 -0.00893015 0.0016 -0.00105133 -0.00900816 -0.0001 -0.00112523 -0.00867455 -0.0001 -0.000702185 -0.00862766 0.0016 -0.000605454 -0.00867493 0.0016 -0.000702954 -0.00878942 -0.0001 -0.000885677 -0.00872886 -0.0001 -0.000796362 -0.00872895 0.0016 -0.000796491 -0.00855483 0.0016 -0.000401721 -0.00855459 -0.0001 -0.000400931 -0.00852951 0.0016 -0.000296051 -0.0085875 0.0016 -0.000504786 -0.0086274 -0.0001 -0.00060494 -0.00858731 -0.0001 -0.000504166 -0.00850025 0.0016 2.67011e-05 -0.00850223 0.0016 -8.13576e-05 -0.0085022 -0.0001 -8.11245e-05 -0.00851194 -0.0001 -0.000188619 -0.00851205 0.0016 -0.000189526 -0.00852947 -0.0001 -0.000295782 -0.00851985 -0.0001 0.00024302 -0.00854106 0.0016 0.000348393 -0.00851973 0.0016 0.000242433 -0.00850029 -0.0001 2.75397e-05 -0.00850614 -0.0001 0.000135482 -0.00850611 0.0016 0.000134858 -0.00860639 0.0016 0.000554777 -0.00860673 -0.0001 0.000555625 -0.00865017 0.0016 0.000654125 -0.00857008 0.0016 0.000453144 -0.00854124 -0.0001 0.000349225 -0.00857016 -0.0001 0.000453328 -0.00882231 0.0016 0.000928999 -0.00875828 0.0016 0.000841435 -0.00875863 -0.0001 0.000842006 -0.00870122 -0.0001 0.000750371 -0.00870079 0.0016 0.000749679 -0.00865028 -0.0001 0.000654409 -0.00896852 -0.0001 0.00108904 -0.00904939 0.0016 0.00116029 -0.00896842 0.0016 0.00108896 -0.00882268 -0.0001 0.000929411 -0.00889285 -0.0001 0.00101201 -0.00889227 0.0016 0.00101135 -0.00922638 0.0016 0.0012851 -0.00922707 -0.0001 0.00128548 -0.00932108 0.0016 0.00133752 -0.00913577 0.0016 0.00122598 -0.0090501 -0.0001 0.00116086 -0.00913606 -0.0001 0.00122621 -0.00962485 0.0016 0.00145233 -0.00952061 0.0016 0.0014213 -0.00952145 -0.0001 0.00142159 -0.00942002 -0.0001 0.0013833 -0.00941955 0.0016 0.00138314 -0.0093217 -0.0001 0.00133786 -0.00983799 -0.0001 0.00149122 -0.00994552 0.0016 0.001499 -0.00983756 0.0016 0.00149115 -0.00962489 -0.0001 0.00145234 -0.00973111 -0.0001 0.00147567 -0.00973022 0.0016 0.00147552 -0.010162 0.0016 0.00149122 -0.0101624 -0.0001 0.00149115 -0.0102689 0.0016 0.00147567 -0.0100537 0.0016 0.001499 -0.00994627 -0.0001 0.001499 -0.0100545 -0.0001 0.001499 -0.01058 0.0016 0.0013833 -0.0104785 0.0016 0.00142159 -0.0104794 -0.0001 0.0014213 -0.0103751 -0.0001 0.00145233 -0.0103751 0.0016 0.00145234 -0.0102698 -0.0001 0.00147552 -0.0107736 -0.0001 0.0012851 -0.0108639 0.0016 0.00122621 -0.0107729 0.0016 0.00128548 -0.0105805 -0.0001 0.00138314 -0.0106789 -0.0001 0.00133752 -0.0106783 0.0016 0.00133786 -0.0110315 0.0016 0.00108904 -0.0110316 -0.0001 0.00108896 -0.0111072 0.0016 0.00101201 -0.0109499 0.0016 0.00116086 -0.0108642 -0.0001 0.00122598 -0.0109506 -0.0001 0.00116029 -0.0112988 0.0016 0.000750371 -0.0112414 0.0016 0.000842006 -0.0112417 -0.0001 0.000841435 -0.0111777 -0.0001 0.000928999 -0.0111773 0.0016 0.000929411 -0.0111077 -0.0001 0.00101135 -0.0113936 -0.0001 0.000554777 -0.0114298 0.0016 0.000453328 -0.0113933 0.0016 0.000555625 -0.0112992 -0.0001 0.000749679 -0.0113498 -0.0001 0.000654125 -0.0113497 0.0016 0.000654409 -0.0114801 0.0016 0.00024302 -0.0114803 -0.0001 0.000242433 -0.0114939 0.0016 0.000135482 -0.0114588 0.0016 0.000349225 -0.0114299 -0.0001 0.000453144 -0.0114589 -0.0001 0.000348393 -0.0114978 0.0016 -8.11245e-05 -0.0114997 -0.0001 2.67011e-05 -0.0114978 -0.0001 -8.13576e-05 -0.0114997 0.0016 2.75397e-05 -0.0114939 -0.0001 0.000134858 -0.0114879 -0.0001 -0.000189526 -0.0114881 0.0016 -0.000188619 -0.0114705 -0.0001 -0.000296051 -0.0114705 0.0016 -0.000295782 -0.0114454 0.0016 -0.000400931 -0.0114452 -0.0001 -0.000401721 -0.0114125 -0.0001 -0.000504786 -0.0114127 0.0016 -0.000504166 -0.0113723 -0.0001 -0.000605454 -0.0113726 0.0016 -0.00060494 -0.0113255 0.0016 -0.000702185 -0.0113251 -0.0001 -0.000702954 -0.011271 -0.0001 -0.000796491 -0.0112711 0.0016 -0.000796362 -0.01121 -0.0001 -0.000886411 -0.0112106 0.0016 -0.000885677 -0.0111434 0.0016 -0.000970901 -0.0111432 -0.0001 -0.000971174 -0.0110699 -0.0001 -0.00105133 -0.0110704 0.0016 -0.00105078 -0.0109913 -0.0001 -0.00112571 -0.0109918 0.0016 -0.00112523 -0.0109079 0.0016 -0.00119401 -0.0109075 -0.0001 -0.0011943 -0.0108189 -0.0001 -0.00125674 -0.0108196 0.0016 -0.00125624 -0.0107264 -0.0001 -0.00131239 -0.0107264 0.0016 -0.00131235 -0.0106302 0.0016 -0.00136116 -0.0106294 -0.0001 -0.00136153 -0.0105298 -0.0001 -0.00140331 -0.0105302 0.0016 -0.00140315 -0.0104269 -0.0001 -0.00143793 -0.0104276 0.0016 -0.00143774 -0.0103229 0.0016 -0.0014648 -0.0103221 -0.0001 -0.00146499 -0.0102161 -0.0001 -0.00148435 -0.0102161 0.0016 -0.00148435 -0.0101087 -0.0001 -0.00149602 -0.0101087 0.0016 -0.00149602 -0.00813967 0.0016 -5.2382e-07 -0.00814363 0.0016 0.000121426 -0.00813989 0.0015 3.03537e-05 -0.0100597 0.0015 -0.00185936 -0.0101804 0.0015 -0.0018516 -0.0101222 0.0016 -0.0018563 -0.00814582 0.0015 0.000150931 -0.00815552 0.0016 0.000242454 -0.00817533 0.0016 0.000362434 -0.00815946 0.0015 0.000270671 -0.008203 0.0016 0.000481385 -0.00818071 0.0015 0.000388771 -0.00820989 0.0015 0.000506243 -0.00823823 0.0016 0.000597496 -0.00828117 0.0016 0.000711654 -0.00824631 0.0015 0.000620856 -0.00833135 0.0016 0.000822497 -0.00829018 0.0015 0.000733037 -0.00834132 0.0015 0.000842386 -0.00838866 0.0016 0.000929712 -0.00845312 0.0016 0.00103349 -0.0083991 0.0015 0.000947652 -0.00852379 0.0016 0.0011321 -0.00846404 0.0015 0.00104957 -0.00853514 0.0015 0.00114675 -0.00860112 0.0016 0.00122636 -0.0086843 0.0016 0.00131524 -0.00861221 0.0015 0.00123892 -0.00877301 0.0016 0.00139832 -0.00869566 0.0015 0.00132646 -0.00878401 0.0015 0.00140794 -0.00886744 0.0016 0.00147589 -0.00896604 0.0016 0.00154654 -0.00887782 0.0015 0.00148375 -0.00906953 0.0016 0.00161091 -0.00897631 0.0015 0.00155335 -0.0090786 0.0015 0.00161616 -0.00917691 0.0016 0.00166837 -0.00928759 0.0016 0.00171851 -0.00918559 0.0015 0.00167258 -0.00940198 0.0016 0.00176162 -0.00929541 0.0015 0.00172176 -0.00940819 0.0015 0.00176369 -0.00951804 0.0016 0.00179682 -0.00963669 0.0016 0.0018245 -0.00952392 0.0015 0.00179837 -0.0097569 0.0016 0.0018444 -0.00964097 0.0015 0.00182538 -0.00975933 0.0015 0.00184472 -0.0098778 0.0016 0.0018563 -0.01 0.0016 0.00186036 -0.00987901 0.0015 0.00185638 -0.01 0.0015 0.00186036 -0.00814184 0.0015 -8.97643e-05 -0.00815158 0.0015 -0.000210213 -0.00814363 0.0016 -0.000121817 -0.00815566 0.0016 -0.000243308 -0.00816902 0.0015 -0.000329231 -0.00819417 0.0015 -0.000446916 -0.00817548 0.0016 -0.000363322 -0.00822698 0.0015 -0.000563322 -0.0082031 0.0016 -0.000481688 -0.00823857 0.0016 -0.000598485 -0.00826702 0.0015 -0.000676482 -0.00831452 0.0015 -0.000787362 -0.00828132 0.0016 -0.000712088 -0.00836904 0.0015 -0.000894914 -0.00833174 0.0016 -0.000823225 -0.0083891 0.0016 -0.000930531 -0.00843026 0.0015 -0.000998352 -0.00849844 0.0015 -0.00109828 -0.00845327 0.0016 -0.00103368 -0.00857245 0.0015 -0.00119288 -0.00852443 0.0016 -0.00113292 -0.00860144 0.0016 -0.00122677 -0.00865264 0.0015 -0.00128273 -0.00873872 0.0015 -0.00136752 -0.00868488 0.0016 -0.00131577 -0.0088296 0.0015 -0.00144602 -0.00877372 0.0016 -0.00139897 -0.00886758 0.0016 -0.00147598 -0.00892587 0.0015 -0.0015189 -0.00902637 0.0015 -0.00158523 -0.00896691 0.0016 -0.0015471 -0.00913086 0.0015 -0.0016448 -0.00907002 0.0016 -0.00161123 -0.00917759 0.0016 -0.00166866 -0.00923963 0.0015 -0.00169787 -0.00935068 0.0015 -0.00174334 -0.00928849 0.0016 -0.0017189 -0.00946495 0.0015 -0.00178171 -0.00940206 0.0016 -0.00176164 -0.00951903 0.0016 -0.00179707 -0.0095816 0.0015 -0.0018127 -0.00969949 0.0015 -0.00183589 -0.00963731 0.0016 -0.00182466 -0.00981934 0.0015 -0.00185155 -0.0097569 0.0016 -0.0018444 -0.0098778 0.0016 -0.0018563 -0.00993934 0.0015 -0.00185936 -0.01 0.0016 -0.00186036 -0.0103633 0.0016 -0.0018245 -0.0102431 0.0016 -0.0018444 -0.0102994 0.0015 -0.00183608 -0.0107124 0.0016 -0.00171851 -0.010598 0.0016 -0.00176162 -0.0106483 0.0015 -0.0017437 -0.010482 0.0016 -0.00179682 -0.0104178 0.0015 -0.0018128 -0.0105343 0.0015 -0.00178197 -0.0109305 0.0016 -0.00161091 -0.0109729 0.0015 -0.00158565 -0.011034 0.0016 -0.00154654 -0.0107603 0.0015 -0.00169791 -0.0108682 0.0015 -0.00164531 -0.0108231 0.0016 -0.00166837 -0.0112609 0.0015 -0.00136781 -0.0113157 0.0016 -0.00131524 -0.011227 0.0016 -0.00139832 -0.0111695 0.0015 -0.00144673 -0.0111326 0.0016 -0.00147589 -0.0110738 0.0015 -0.00151921 -0.0115469 0.0016 -0.00103349 -0.0114762 0.0016 -0.0011321 -0.0115015 0.0015 -0.0010984 -0.0113989 0.0016 -0.00122636 -0.0113468 0.0015 -0.0012834 -0.0114269 0.0015 -0.00119366 -0.0116687 0.0016 -0.000822497 -0.0116852 0.0015 -0.00078797 -0.0117188 0.0016 -0.000711654 -0.0115692 0.0015 -0.000999288 -0.0116306 0.0015 -0.000895547 -0.0116113 0.0016 -0.000929712 -0.0118056 0.0015 -0.000447881 -0.0118247 0.0016 -0.000362434 -0.011797 0.0016 -0.000481385 -0.0117729 0.0015 -0.000563566 -0.0117618 0.0016 -0.000597496 -0.0117326 0.0015 -0.000677521 -0.0118603 0.0016 5.2382e-07 -0.0118564 0.0016 -0.000121426 -0.0118581 0.0015 -9.08921e-05 -0.0118445 0.0016 -0.000242454 -0.0118308 0.0015 -0.000330161 -0.0118484 0.0015 -0.000210556 -0.0118443 0.0016 0.000243308 -0.0118407 0.0015 0.000269598 -0.0118245 0.0016 0.000363322 -0.0118601 0.0015 2.97609e-05 -0.0118543 0.0015 0.000150141 -0.0118564 0.0016 0.000121817 -0.0117539 0.0015 0.000620048 -0.0117187 0.0016 0.000712088 -0.0117614 0.0016 0.000598485 -0.0117904 0.0015 0.00050523 -0.0117969 0.0016 0.000481688 -0.0118193 0.0015 0.000388725 -0.0115467 0.0016 0.00103368 -0.0116109 0.0016 0.000930531 -0.0116011 0.0015 0.000947277 -0.0116683 0.0016 0.000823225 -0.0117101 0.0015 0.000732567 -0.0116592 0.0015 0.000841374 -0.0113986 0.0016 0.00122677 -0.0113879 0.0015 0.0012388 -0.0113151 0.0016 0.00131577 -0.0115365 0.0015 0.00104884 -0.0114655 0.0015 0.00114594 -0.0114756 0.0016 0.00113292 -0.0112263 0.0016 0.00139897 -0.0113051 0.0015 0.00132569 -0.0112165 0.0015 0.00140745 -0.0111227 0.0015 0.00148336 -0.0111324 0.0016 0.00147598 -0.0110246 0.0015 0.00155273 -0.0110331 0.0016 0.0015471 -0.01093 0.0016 0.00161123 -0.0109216 0.0015 0.00161603 -0.0108153 0.0015 0.00167216 -0.0108224 0.0016 0.00166866 -0.0107054 0.0015 0.00172137 -0.0107115 0.0016 0.0017189 -0.0105979 0.0016 0.00176164 -0.0105922 0.0015 0.00176359 -0.0104772 0.0015 0.00179809 -0.010481 0.0016 0.00179707 -0.0103596 0.0015 0.00182524 -0.0103627 0.0016 0.00182466 -0.0102431 0.0016 0.0018444 -0.0102407 0.0015 0.00184472 -0.010121 0.0015 0.00185638 -0.0101222 0.0016 0.0018563 -0.00639459 -0.0001 0.00303386 -0.00648 -0.0001 0.00303 -0.006437 0 0.003031 -0.00635085 0 0.00303883 -0.00631027 -0.0001 0.0030453 -0.00626578 0 0.00305449 -0.00622705 -0.0001 0.00306431 -0.00614603 -0.0001 0.00309066 -0.00618256 0 0.00307778 -0.00610163 0 0.00310862 -0.00606764 -0.0001 0.00312417 -0.0060241 0 0.00314656 -0.00599255 -0.0001 0.00316461 -0.0059215 -0.0001 0.00321152 -0.00594998 0 0.0031916 -0.00588071 0 0.0032429 -0.00585477 -0.0001 0.00326477 -0.00581597 0 0.00330061 -0.00579329 -0.0001 0.00332355 -0.0057371 -0.0001 0.00338791 -0.00575712 0 0.00336364 -0.00570394 0 0.00343207 -0.00568714 -0.0001 0.00345666 -0.00565744 0 0.00350476 -0.00564332 -0.0001 0.00353007 -0.00560643 -0.0001 0.0036067 -0.00561756 0 0.00358165 -0.00558496 0 0.00366163 -0.00557643 -0.0001 0.00368667 -0.00555969 0 0.00374439 -0.0055538 -0.0001 0.00376877 -0.00553858 -0.0001 0.00385268 -0.00554209 0 0.00382904 -0.00553224 0 0.00391493 -0.00553097 -0.0001 0.0039376 -0.00553026 0 0.00400148 -0.00553097 -0.0001 0.00402278 -0.00553865 -0.0001 0.00410777 -0.00553613 0 0.00408763 -0.00554986 0 0.00417322 -0.00555384 -0.0001 0.00419149 -0.00557123 0 0.00425678 -0.0055766 -0.0001 0.00427382 -0.00560647 -0.0001 0.00435341 -0.00560025 0 0.00433853 -0.00563639 0 0.00441679 -0.00564358 -0.0001 0.0044304 -0.00567971 0 0.00449189 -0.00568718 -0.0001 0.00450338 -0.00573743 -0.0001 0.0045725 -0.00572946 0 0.00456236 -0.00578562 0 0.00462833 -0.00579345 -0.0001 0.0046366 -0.00584736 0 0.00468868 -0.00585513 -0.0001 0.00469555 -0.00592178 -0.0001 0.00474867 -0.00591449 0 0.00474334 -0.00598621 0 0.00479156 -0.0059929 -0.0001 0.00479561 -0.00606206 0 0.00483312 -0.00606804 -0.0001 0.00483601 -0.00614631 -0.0001 0.00486946 -0.00614141 0 0.00486759 -0.00622345 0 0.00489469 -0.00622753 -0.0001 0.00489582 -0.00630784 0 0.00491426 -0.00631043 -0.0001 0.00491474 -0.00639459 -0.0001 0.00492614 -0.00639333 0 0.00492602 -0.00648 0 0.00493 -0.00648 -0.0001 0.00493 -0.00652341 0 0.003031 -0.00660963 0 0.00303891 -0.00656541 -0.0001 0.00303386 -0.00664957 -0.0001 0.00304526 -0.00669452 0 0.00305454 -0.00673247 -0.0001 0.00306418 -0.00677795 0 0.00307796 -0.00685854 0 0.00310868 -0.00681369 -0.0001 0.00309054 -0.00689196 -0.0001 0.00312399 -0.0069364 0 0.00314684 -0.0069671 -0.0001 0.00316439 -0.00701005 0 0.00319162 -0.00707974 0 0.00324327 -0.00703822 -0.0001 0.00321133 -0.00710487 -0.0001 0.00326445 -0.00714411 0 0.00330071 -0.00716655 -0.0001 0.0033234 -0.00720325 0 0.00336406 -0.0072562 0 0.0034323 -0.00722257 -0.0001 0.0033875 -0.00727282 -0.0001 0.00345662 -0.00730283 0 0.0035052 -0.00731642 -0.0001 0.0035296 -0.00734258 0 0.00358199 -0.0073752 0 0.00366204 -0.00735354 -0.0001 0.00360659 -0.0073834 -0.0001 0.00368618 -0.00740041 0 0.00374485 -0.00740616 -0.0001 0.00376851 -0.00741798 0 0.00382939 -0.00742778 0 0.00391546 -0.00742135 -0.0001 0.00385223 -0.00742903 -0.0001 0.00393722 -0.00742903 -0.0001 0.0040224 -0.00742975 0 0.00400171 -0.0074238 0 0.00408819 -0.00742142 -0.0001 0.00410732 -0.0074062 -0.0001 0.00419123 -0.00741012 0 0.00417332 -0.00738357 -0.0001 0.00427333 -0.0073886 0 0.00425734 -0.00735972 0 0.00433859 -0.00735357 -0.0001 0.0043533 -0.00731668 -0.0001 0.00442993 -0.00732335 0 0.0044173 -0.00727286 -0.0001 0.00450333 -0.00728017 0 0.00449206 -0.00723022 0 0.00456279 -0.0072229 -0.0001 0.00457209 -0.00716671 -0.0001 0.00463645 -0.00717414 0 0.00462856 -0.00710523 -0.0001 0.00469523 -0.00711229 0 0.00468901 -0.00704516 0 0.00474358 -0.00703851 -0.0001 0.00474848 -0.00696745 -0.0001 0.00479539 -0.00697347 0 0.00479178 -0.00689236 -0.0001 0.00483583 -0.00689748 0 0.00483332 -0.00681833 0 0.00486771 -0.00681397 -0.0001 0.00486934 -0.00673295 -0.0001 0.00489569 -0.00673602 0 0.00489483 -0.00664973 -0.0001 0.0049147 -0.00665201 0 0.0049143 -0.00656667 0 0.00492602 -0.00656541 -0.0001 0.00492614 -0.00573097 0.0016 0.00401783 -0.00573097 -0.0001 0.00394217 -0.00573097 -0.0001 0.00401809 -0.00655606 -0.0001 0.00323388 -0.00648 -0.0001 0.00323 -0.00648 0.0016 0.00323 -0.0057387 -0.0001 0.00409378 -0.00573863 0.0016 0.00409338 -0.00575395 -0.0001 0.00416802 -0.00575394 0.0016 0.00416797 -0.00577663 0.0016 0.00424027 -0.00577675 -0.0001 0.00424064 -0.00580674 -0.0001 0.00431046 -0.00580659 0.0016 0.00431017 -0.00584356 -0.0001 0.00437678 -0.00584347 0.0016 0.00437662 -0.0058868 0.0016 0.00443891 -0.00588706 -0.0001 0.00443924 -0.00593648 -0.0001 0.00449679 -0.00593637 0.0016 0.00449669 -0.00599159 -0.0001 0.00454916 -0.00599133 0.0016 0.00454893 -0.00605142 0.0016 0.00459547 -0.00605173 -0.0001 0.00459568 -0.00611606 -0.0001 0.00463578 -0.00611597 0.0016 0.00463572 -0.00618442 -0.0001 0.00466929 -0.00618404 0.0016 0.00466912 -0.00625539 0.0016 0.00469558 -0.00625562 -0.0001 0.00469563 -0.00632914 -0.0001 0.00471467 -0.00632886 0.0016 0.0047146 -0.00640394 -0.0001 0.00472612 -0.00640394 0.0016 0.00472612 -0.00648 0.0016 0.00473 -0.00648 -0.0001 0.00473 -0.00573097 0.0016 0.00394191 -0.00573863 -0.0001 0.00386662 -0.0057387 0.0016 0.00386622 -0.00575395 0.0016 0.00379198 -0.00575394 -0.0001 0.00379203 -0.00577675 0.0016 0.00371936 -0.00577663 -0.0001 0.00371973 -0.00580659 -0.0001 0.00364983 -0.00580674 0.0016 0.00364954 -0.00584356 0.0016 0.00358322 -0.00584347 -0.0001 0.00358338 -0.00588706 0.0016 0.00352076 -0.0058868 -0.0001 0.00352109 -0.00593637 -0.0001 0.00346331 -0.00593648 0.0016 0.00346321 -0.00599159 0.0016 0.00341084 -0.00599133 -0.0001 0.00341107 -0.00605173 0.0016 0.00336432 -0.00605142 -0.0001 0.00336453 -0.00611597 -0.0001 0.00332428 -0.00611606 0.0016 0.00332422 -0.00618442 0.0016 0.00329071 -0.00618404 -0.0001 0.00329088 -0.00625562 0.0016 0.00326437 -0.00625539 -0.0001 0.00326442 -0.00632886 -0.0001 0.0032454 -0.00632914 0.0016 0.00324533 -0.00640394 0.0016 0.00323388 -0.00640394 -0.0001 0.00323388 -0.00677558 -0.0001 0.00329071 -0.00670438 -0.0001 0.00326437 -0.00670461 0.0016 0.00326442 -0.00663085 -0.0001 0.00324533 -0.00655606 0.0016 0.00323388 -0.00663114 0.0016 0.0032454 -0.00690858 0.0016 0.00336453 -0.00696841 -0.0001 0.00341084 -0.00690827 -0.0001 0.00336432 -0.00677596 0.0016 0.00329088 -0.00684403 0.0016 0.00332428 -0.00684394 -0.0001 0.00332422 -0.00707294 -0.0001 0.00352076 -0.0070732 0.0016 0.00352109 -0.00711644 -0.0001 0.00358322 -0.00702352 -0.0001 0.00346321 -0.00696867 0.0016 0.00341107 -0.00702363 0.0016 0.00346331 -0.00720605 -0.0001 0.00379198 -0.00718325 -0.0001 0.00371936 -0.00718337 0.0016 0.00371973 -0.00715341 0.0016 0.00364983 -0.00715326 -0.0001 0.00364954 -0.00711653 0.0016 0.00358338 -0.00722903 0.0016 0.00394217 -0.00722903 -0.0001 0.00401783 -0.00722903 -0.0001 0.00394191 -0.00720606 0.0016 0.00379203 -0.00722137 0.0016 0.00386662 -0.0072213 -0.0001 0.00386622 -0.00720606 -0.0001 0.00416797 -0.00720605 0.0016 0.00416802 -0.00718337 -0.0001 0.00424027 -0.00722137 -0.0001 0.00409338 -0.00722903 0.0016 0.00401809 -0.0072213 0.0016 0.00409378 -0.0070732 -0.0001 0.00443891 -0.00711653 -0.0001 0.00437662 -0.00711644 0.0016 0.00437678 -0.00715326 0.0016 0.00431046 -0.00715341 -0.0001 0.00431017 -0.00718325 0.0016 0.00424064 -0.00696841 0.0016 0.00454916 -0.00696867 -0.0001 0.00454893 -0.00702352 0.0016 0.00449679 -0.00707294 0.0016 0.00443924 -0.00702363 -0.0001 0.00449669 -0.00690858 -0.0001 0.00459547 -0.00690827 0.0016 0.00459568 -0.00684394 0.0016 0.00463578 -0.00684403 -0.0001 0.00463572 -0.00677558 0.0016 0.00466929 -0.00677596 -0.0001 0.00466912 -0.00670461 -0.0001 0.00469558 -0.00670438 0.0016 0.00469563 -0.00663085 0.0016 0.00471467 -0.00663114 -0.0001 0.0047146 -0.00655606 0.0016 0.00472612 -0.00655606 -0.0001 0.00472612 -0.00553025 0.0015 0.00400171 -0.00553097 0.0016 0.00393722 -0.00553097 0.0016 0.0040224 -0.006523 0.0015 0.003031 -0.00648 0.0016 0.00303 -0.00643659 0.0015 0.003031 -0.00553858 0.0016 0.00410732 -0.0055362 0.0015 0.00408819 -0.0055538 0.0016 0.00419123 -0.00554988 0.0015 0.00417332 -0.0055714 0.0015 0.00425734 -0.00557643 0.0016 0.00427333 -0.00560643 0.0016 0.0043533 -0.00560028 0.0015 0.00433859 -0.00564332 0.0016 0.00442993 -0.00563665 0.0015 0.0044173 -0.00567983 0.0015 0.00449206 -0.00568714 0.0016 0.00450333 -0.0057371 0.0016 0.00457209 -0.00572978 0.0015 0.00456279 -0.00579329 0.0016 0.00463645 -0.00578586 0.0015 0.00462856 -0.00584771 0.0015 0.00468901 -0.00585477 0.0016 0.00469523 -0.0059215 0.0016 0.00474848 -0.00591484 0.0015 0.00474358 -0.00599255 0.0016 0.00479539 -0.00598653 0.0015 0.00479178 -0.00606252 0.0015 0.00483332 -0.00606764 0.0016 0.00483583 -0.00614603 0.0016 0.00486934 -0.00614167 0.0015 0.00486771 -0.00622705 0.0016 0.00489569 -0.00622398 0.0015 0.00489483 -0.00630799 0.0015 0.0049143 -0.00631027 0.0016 0.0049147 -0.00639459 0.0016 0.00492614 -0.00639333 0.0015 0.00492602 -0.00648 0.0016 0.00493 -0.00648 0.0015 0.00493 -0.00553222 0.0015 0.00391546 -0.00553865 0.0016 0.00385223 -0.00554202 0.0015 0.00382939 -0.00555959 0.0015 0.00374485 -0.00555384 0.0016 0.00376851 -0.0055848 0.0015 0.00366204 -0.0055766 0.0016 0.00368618 -0.00560647 0.0016 0.00360659 -0.00561742 0.0015 0.00358199 -0.00565717 0.0015 0.0035052 -0.00564358 0.0016 0.0035296 -0.0057038 0.0015 0.0034323 -0.00568718 0.0016 0.00345662 -0.00573743 0.0016 0.0033875 -0.00575675 0.0015 0.00336406 -0.00581589 0.0015 0.00330071 -0.00579345 0.0016 0.0033234 -0.00588026 0.0015 0.00324327 -0.00585513 0.0016 0.00326445 -0.00592178 0.0016 0.00321133 -0.00594995 0.0015 0.00319162 -0.0060236 0.0015 0.00314684 -0.0059929 0.0016 0.00316439 -0.00610146 0.0015 0.00310868 -0.00606804 0.0016 0.00312399 -0.00614631 0.0016 0.00309054 -0.00618205 0.0015 0.00307796 -0.00626548 0.0015 0.00305454 -0.00622753 0.0016 0.00306418 -0.00635037 0.0015 0.00303891 -0.00631043 0.0016 0.00304526 -0.00639459 0.0016 0.00303386 -0.00677744 0.0015 0.00307778 -0.00673295 0.0016 0.00306431 -0.00669422 0.0015 0.00305449 -0.00660915 0.0015 0.00303883 -0.00664973 0.0016 0.0030453 -0.00656541 0.0016 0.00303386 -0.00696745 0.0016 0.00316461 -0.0069359 0.0015 0.00314656 -0.00701002 0.0015 0.0031916 -0.00681397 0.0016 0.00309066 -0.00685837 0.0015 0.00310862 -0.00689236 0.0016 0.00312417 -0.00714403 0.0015 0.00330061 -0.00720288 0.0015 0.00336364 -0.00716671 0.0016 0.00332355 -0.00707929 0.0015 0.0032429 -0.00710523 0.0016 0.00326477 -0.00703851 0.0016 0.00321152 -0.00734244 0.0015 0.00358165 -0.00731668 0.0016 0.00353007 -0.00730256 0.0015 0.00350476 -0.00727286 0.0016 0.00345666 -0.0072229 0.0016 0.00338791 -0.00725606 0.0015 0.00343207 -0.0074062 0.0016 0.00376877 -0.00740031 0.0015 0.00374439 -0.00741791 0.0015 0.00382904 -0.00735357 0.0016 0.0036067 -0.00737504 0.0015 0.00366163 -0.00738357 0.0016 0.00368667 -0.00742974 0.0015 0.00400148 -0.00742387 0.0015 0.00408763 -0.00742903 0.0016 0.00402278 -0.00742776 0.0015 0.00391493 -0.00742903 0.0016 0.0039376 -0.00742142 0.0016 0.00385268 -0.00735975 0.0015 0.00433853 -0.0073834 0.0016 0.00427382 -0.00738877 0.0015 0.00425678 -0.00740616 0.0016 0.00419149 -0.00742135 0.0016 0.00410777 -0.00741014 0.0015 0.00417322 -0.00727282 0.0016 0.00450338 -0.00728029 0.0015 0.00449189 -0.00723054 0.0015 0.00456236 -0.00735354 0.0016 0.00435341 -0.00732361 0.0015 0.00441679 -0.00731642 0.0016 0.0044304 -0.00716655 0.0016 0.0046366 -0.00711264 0.0015 0.00468868 -0.00710487 0.0016 0.00469555 -0.00717438 0.0015 0.00462833 -0.00722257 0.0016 0.0045725 -0.00703822 0.0016 0.00474867 -0.00704551 0.0015 0.00474334 -0.00697379 0.0015 0.00479156 -0.0069671 0.0016 0.00479561 -0.00689794 0.0015 0.00483312 -0.00689196 0.0016 0.00483601 -0.00681369 0.0016 0.00486946 -0.00681859 0.0015 0.00486759 -0.00673655 0.0015 0.00489469 -0.00673247 0.0016 0.00489582 -0.00665216 0.0015 0.00491426 -0.00664957 0.0016 0.00491474 -0.00656541 0.0016 0.00492614 -0.00656667 0.0015 0.00492602 -0.00385459 -0.0001 0.00303386 -0.00394 -0.0001 0.00303 -0.003897 0 0.003031 -0.00381085 0 0.00303883 -0.00377027 -0.0001 0.0030453 -0.00372578 0 0.00305449 -0.00368705 -0.0001 0.00306431 -0.00360603 -0.0001 0.00309066 -0.00364256 0 0.00307778 -0.00356163 0 0.00310862 -0.00352764 -0.0001 0.00312417 -0.0034841 0 0.00314656 -0.00345255 -0.0001 0.00316461 -0.00338149 -0.0001 0.00321152 -0.00340998 0 0.0031916 -0.00334071 0 0.0032429 -0.00331477 -0.0001 0.00326477 -0.00327597 0 0.00330061 -0.00325329 -0.0001 0.00332355 -0.0031971 -0.0001 0.00338791 -0.00321712 0 0.00336364 -0.00316394 0 0.00343207 -0.00314714 -0.0001 0.00345666 -0.00311744 0 0.00350476 -0.00310332 -0.0001 0.00353007 -0.00306643 -0.0001 0.0036067 -0.00307756 0 0.00358165 -0.00304496 0 0.00366163 -0.00303643 -0.0001 0.00368667 -0.00301969 0 0.00374439 -0.0030138 -0.0001 0.00376877 -0.00299858 -0.0001 0.00385268 -0.00300209 0 0.00382904 -0.00299224 0 0.00391493 -0.00299097 -0.0001 0.0039376 -0.00299026 0 0.00400148 -0.00299097 -0.0001 0.00402278 -0.00299865 -0.0001 0.00410777 -0.00299613 0 0.00408763 -0.00300986 0 0.00417322 -0.00301384 -0.0001 0.00419149 -0.00303123 0 0.00425678 -0.0030366 -0.0001 0.00427382 -0.00306646 -0.0001 0.00435341 -0.00306025 0 0.00433853 -0.00309639 0 0.00441679 -0.00310358 -0.0001 0.0044304 -0.00313971 0 0.00449189 -0.00314718 -0.0001 0.00450338 -0.00319743 -0.0001 0.0045725 -0.00318946 0 0.00456236 -0.00324562 0 0.00462833 -0.00325345 -0.0001 0.0046366 -0.00330736 0 0.00468868 -0.00331513 -0.0001 0.00469555 -0.00338178 -0.0001 0.00474867 -0.00337449 0 0.00474334 -0.00344621 0 0.00479156 -0.0034529 -0.0001 0.00479561 -0.00352206 0 0.00483312 -0.00352804 -0.0001 0.00483601 -0.00360631 -0.0001 0.00486946 -0.00360141 0 0.00486759 -0.00368345 0 0.00489469 -0.00368753 -0.0001 0.00489582 -0.00376784 0 0.00491426 -0.00377043 -0.0001 0.00491474 -0.00385459 -0.0001 0.00492614 -0.00385333 0 0.00492602 -0.00394 0 0.00493 -0.00394 -0.0001 0.00493 -0.00398341 0 0.003031 -0.00406963 0 0.00303891 -0.00402541 -0.0001 0.00303386 -0.00410957 -0.0001 0.00304526 -0.00415452 0 0.00305454 -0.00419247 -0.0001 0.00306418 -0.00423795 0 0.00307796 -0.00431854 0 0.00310868 -0.00427369 -0.0001 0.00309054 -0.00435196 -0.0001 0.00312399 -0.0043964 0 0.00314684 -0.0044271 -0.0001 0.00316439 -0.00447005 0 0.00319162 -0.00453974 0 0.00324327 -0.00449822 -0.0001 0.00321133 -0.00456487 -0.0001 0.00326445 -0.00460411 0 0.00330071 -0.00462655 -0.0001 0.0033234 -0.00466325 0 0.00336406 -0.0047162 0 0.0034323 -0.00468257 -0.0001 0.0033875 -0.00473282 -0.0001 0.00345662 -0.00476283 0 0.0035052 -0.00477642 -0.0001 0.0035296 -0.00480258 0 0.00358199 -0.00483521 0 0.00366204 -0.00481354 -0.0001 0.00360659 -0.0048434 -0.0001 0.00368618 -0.00486041 0 0.00374485 -0.00486616 -0.0001 0.00376851 -0.00487798 0 0.00382939 -0.00488778 0 0.00391546 -0.00488135 -0.0001 0.00385223 -0.00488903 -0.0001 0.00393722 -0.00488903 -0.0001 0.0040224 -0.00488975 0 0.00400171 -0.0048838 0 0.00408819 -0.00488142 -0.0001 0.00410732 -0.0048662 -0.0001 0.00419123 -0.00487012 0 0.00417332 -0.00484357 -0.0001 0.00427333 -0.0048486 0 0.00425734 -0.00481972 0 0.00433859 -0.00481357 -0.0001 0.0043533 -0.00477668 -0.0001 0.00442993 -0.00478335 0 0.0044173 -0.00473286 -0.0001 0.00450333 -0.00474017 0 0.00449206 -0.00469022 0 0.00456279 -0.0046829 -0.0001 0.00457209 -0.00462671 -0.0001 0.00463645 -0.00463414 0 0.00462856 -0.00456523 -0.0001 0.00469523 -0.00457229 0 0.00468901 -0.00450516 0 0.00474358 -0.00449851 -0.0001 0.00474848 -0.00442745 -0.0001 0.00479539 -0.00443347 0 0.00479178 -0.00435236 -0.0001 0.00483583 -0.00435748 0 0.00483332 -0.00427833 0 0.00486771 -0.00427397 -0.0001 0.00486934 -0.00419295 -0.0001 0.00489569 -0.00419602 0 0.00489483 -0.00410973 -0.0001 0.0049147 -0.00411201 0 0.0049143 -0.00402667 0 0.00492602 -0.00402541 -0.0001 0.00492614 -0.00319097 0.0016 0.00401783 -0.00319097 -0.0001 0.00394217 -0.00319097 -0.0001 0.00401809 -0.00401606 -0.0001 0.00323388 -0.00394 -0.0001 0.00323 -0.00394 0.0016 0.00323 -0.0031987 -0.0001 0.00409378 -0.00319863 0.0016 0.00409338 -0.00321395 -0.0001 0.00416802 -0.00321394 0.0016 0.00416797 -0.00323663 0.0016 0.00424027 -0.00323675 -0.0001 0.00424064 -0.00326674 -0.0001 0.00431046 -0.00326659 0.0016 0.00431017 -0.00330356 -0.0001 0.00437678 -0.00330347 0.0016 0.00437662 -0.0033468 0.0016 0.00443891 -0.00334706 -0.0001 0.00443924 -0.00339648 -0.0001 0.00449679 -0.00339637 0.0016 0.00449669 -0.00345159 -0.0001 0.00454916 -0.00345133 0.0016 0.00454893 -0.00351142 0.0016 0.00459547 -0.00351173 -0.0001 0.00459568 -0.00357606 -0.0001 0.00463578 -0.00357597 0.0016 0.00463572 -0.00364442 -0.0001 0.00466929 -0.00364404 0.0016 0.00466912 -0.00371539 0.0016 0.00469558 -0.00371562 -0.0001 0.00469563 -0.00378915 -0.0001 0.00471467 -0.00378886 0.0016 0.0047146 -0.00386394 -0.0001 0.00472612 -0.00386394 0.0016 0.00472612 -0.00394 0.0016 0.00473 -0.00394 -0.0001 0.00473 -0.00319097 0.0016 0.00394191 -0.00319863 -0.0001 0.00386662 -0.0031987 0.0016 0.00386622 -0.00321395 0.0016 0.00379198 -0.00321394 -0.0001 0.00379203 -0.00323675 0.0016 0.00371936 -0.00323663 -0.0001 0.00371973 -0.00326659 -0.0001 0.00364983 -0.00326674 0.0016 0.00364954 -0.00330356 0.0016 0.00358322 -0.00330347 -0.0001 0.00358338 -0.00334706 0.0016 0.00352076 -0.0033468 -0.0001 0.00352109 -0.00339637 -0.0001 0.00346331 -0.00339648 0.0016 0.00346321 -0.00345159 0.0016 0.00341084 -0.00345133 -0.0001 0.00341107 -0.00351173 0.0016 0.00336432 -0.00351142 -0.0001 0.00336453 -0.00357597 -0.0001 0.00332428 -0.00357606 0.0016 0.00332422 -0.00364442 0.0016 0.00329071 -0.00364404 -0.0001 0.00329088 -0.00371562 0.0016 0.00326437 -0.00371539 -0.0001 0.00326442 -0.00378886 -0.0001 0.0032454 -0.00378915 0.0016 0.00324533 -0.00386394 0.0016 0.00323388 -0.00386394 -0.0001 0.00323388 -0.00423558 -0.0001 0.00329071 -0.00416438 -0.0001 0.00326437 -0.00416461 0.0016 0.00326442 -0.00409085 -0.0001 0.00324533 -0.00401606 0.0016 0.00323388 -0.00409114 0.0016 0.0032454 -0.00436858 0.0016 0.00336453 -0.00442841 -0.0001 0.00341084 -0.00436827 -0.0001 0.00336432 -0.00423596 0.0016 0.00329088 -0.00430403 0.0016 0.00332428 -0.00430394 -0.0001 0.00332422 -0.00453294 -0.0001 0.00352076 -0.0045332 0.0016 0.00352109 -0.00457644 -0.0001 0.00358322 -0.00448352 -0.0001 0.00346321 -0.00442867 0.0016 0.00341107 -0.00448363 0.0016 0.00346331 -0.00466605 -0.0001 0.00379198 -0.00464325 -0.0001 0.00371936 -0.00464337 0.0016 0.00371973 -0.00461341 0.0016 0.00364983 -0.00461326 -0.0001 0.00364954 -0.00457653 0.0016 0.00358338 -0.00468903 0.0016 0.00394217 -0.00468903 -0.0001 0.00401783 -0.00468903 -0.0001 0.00394191 -0.00466606 0.0016 0.00379203 -0.00468137 0.0016 0.00386662 -0.0046813 -0.0001 0.00386622 -0.00466606 -0.0001 0.00416797 -0.00466605 0.0016 0.00416802 -0.00464337 -0.0001 0.00424027 -0.00468137 -0.0001 0.00409338 -0.00468903 0.0016 0.00401809 -0.0046813 0.0016 0.00409378 -0.0045332 -0.0001 0.00443891 -0.00457653 -0.0001 0.00437662 -0.00457644 0.0016 0.00437678 -0.00461326 0.0016 0.00431046 -0.00461341 -0.0001 0.00431017 -0.00464325 0.0016 0.00424064 -0.00442841 0.0016 0.00454916 -0.00442867 -0.0001 0.00454893 -0.00448352 0.0016 0.00449679 -0.00453294 0.0016 0.00443924 -0.00448363 -0.0001 0.00449669 -0.00436858 -0.0001 0.00459547 -0.00436827 0.0016 0.00459568 -0.00430394 0.0016 0.00463578 -0.00430403 -0.0001 0.00463572 -0.00423558 0.0016 0.00466929 -0.00423596 -0.0001 0.00466912 -0.00416461 -0.0001 0.00469558 -0.00416438 0.0016 0.00469563 -0.00409085 0.0016 0.00471467 -0.00409114 -0.0001 0.0047146 -0.00401606 0.0016 0.00472612 -0.00401606 -0.0001 0.00472612 -0.00299025 0.0015 0.00400171 -0.00299097 0.0016 0.00393722 -0.00299097 0.0016 0.0040224 -0.003983 0.0015 0.003031 -0.00394 0.0016 0.00303 -0.00389659 0.0015 0.003031 -0.00299858 0.0016 0.00410732 -0.0029962 0.0015 0.00408819 -0.0030138 0.0016 0.00419123 -0.00300988 0.0015 0.00417332 -0.0030314 0.0015 0.00425734 -0.00303643 0.0016 0.00427333 -0.00306643 0.0016 0.0043533 -0.00306028 0.0015 0.00433859 -0.00310332 0.0016 0.00442993 -0.00309665 0.0015 0.0044173 -0.00313983 0.0015 0.00449206 -0.00314714 0.0016 0.00450333 -0.0031971 0.0016 0.00457209 -0.00318978 0.0015 0.00456279 -0.00325329 0.0016 0.00463645 -0.00324586 0.0015 0.00462856 -0.00330771 0.0015 0.00468901 -0.00331477 0.0016 0.00469523 -0.00338149 0.0016 0.00474848 -0.00337484 0.0015 0.00474358 -0.00345255 0.0016 0.00479539 -0.00344653 0.0015 0.00479178 -0.00352252 0.0015 0.00483332 -0.00352764 0.0016 0.00483583 -0.00360603 0.0016 0.00486934 -0.00360167 0.0015 0.00486771 -0.00368705 0.0016 0.00489569 -0.00368398 0.0015 0.00489483 -0.00376799 0.0015 0.0049143 -0.00377027 0.0016 0.0049147 -0.00385459 0.0016 0.00492614 -0.00385333 0.0015 0.00492602 -0.00394 0.0016 0.00493 -0.00394 0.0015 0.00493 -0.00299222 0.0015 0.00391546 -0.00299865 0.0016 0.00385223 -0.00300202 0.0015 0.00382939 -0.00301959 0.0015 0.00374485 -0.00301384 0.0016 0.00376851 -0.0030448 0.0015 0.00366204 -0.0030366 0.0016 0.00368618 -0.00306646 0.0016 0.00360659 -0.00307742 0.0015 0.00358199 -0.00311717 0.0015 0.0035052 -0.00310358 0.0016 0.0035296 -0.0031638 0.0015 0.0034323 -0.00314718 0.0016 0.00345662 -0.00319743 0.0016 0.0033875 -0.00321675 0.0015 0.00336406 -0.00327589 0.0015 0.00330071 -0.00325345 0.0016 0.0033234 -0.00334026 0.0015 0.00324327 -0.00331513 0.0016 0.00326445 -0.00338178 0.0016 0.00321133 -0.00340995 0.0015 0.00319162 -0.0034836 0.0015 0.00314684 -0.0034529 0.0016 0.00316439 -0.00356146 0.0015 0.00310868 -0.00352804 0.0016 0.00312399 -0.00360631 0.0016 0.00309054 -0.00364205 0.0015 0.00307796 -0.00372548 0.0015 0.00305454 -0.00368753 0.0016 0.00306418 -0.00381037 0.0015 0.00303891 -0.00377043 0.0016 0.00304526 -0.00385459 0.0016 0.00303386 -0.00423744 0.0015 0.00307778 -0.00419295 0.0016 0.00306431 -0.00415422 0.0015 0.00305449 -0.00406915 0.0015 0.00303883 -0.00410973 0.0016 0.0030453 -0.00402541 0.0016 0.00303386 -0.00442745 0.0016 0.00316461 -0.0043959 0.0015 0.00314656 -0.00447002 0.0015 0.0031916 -0.00427397 0.0016 0.00309066 -0.00431837 0.0015 0.00310862 -0.00435236 0.0016 0.00312417 -0.00460403 0.0015 0.00330061 -0.00466288 0.0015 0.00336364 -0.00462671 0.0016 0.00332355 -0.00453929 0.0015 0.0032429 -0.00456523 0.0016 0.00326477 -0.00449851 0.0016 0.00321152 -0.00480244 0.0015 0.00358165 -0.00477668 0.0016 0.00353007 -0.00476256 0.0015 0.00350476 -0.00473286 0.0016 0.00345666 -0.0046829 0.0016 0.00338791 -0.00471606 0.0015 0.00343207 -0.0048662 0.0016 0.00376877 -0.00486031 0.0015 0.00374439 -0.00487791 0.0015 0.00382904 -0.00481357 0.0016 0.0036067 -0.00483504 0.0015 0.00366163 -0.00484357 0.0016 0.00368667 -0.00488974 0.0015 0.00400148 -0.00488387 0.0015 0.00408763 -0.00488903 0.0016 0.00402278 -0.00488776 0.0015 0.00391493 -0.00488903 0.0016 0.0039376 -0.00488142 0.0016 0.00385268 -0.00481975 0.0015 0.00433853 -0.0048434 0.0016 0.00427382 -0.00484877 0.0015 0.00425678 -0.00486616 0.0016 0.00419149 -0.00488135 0.0016 0.00410777 -0.00487014 0.0015 0.00417322 -0.00473282 0.0016 0.00450338 -0.00474029 0.0015 0.00449189 -0.00469054 0.0015 0.00456236 -0.00481354 0.0016 0.00435341 -0.00478361 0.0015 0.00441679 -0.00477642 0.0016 0.0044304 -0.00462655 0.0016 0.0046366 -0.00457264 0.0015 0.00468868 -0.00456487 0.0016 0.00469555 -0.00463438 0.0015 0.00462833 -0.00468257 0.0016 0.0045725 -0.00449822 0.0016 0.00474867 -0.00450551 0.0015 0.00474334 -0.00443379 0.0015 0.00479156 -0.0044271 0.0016 0.00479561 -0.00435794 0.0015 0.00483312 -0.00435196 0.0016 0.00483601 -0.00427369 0.0016 0.00486946 -0.00427859 0.0015 0.00486759 -0.00419655 0.0015 0.00489469 -0.00419247 0.0016 0.00489582 -0.00411216 0.0015 0.00491426 -0.00410957 0.0016 0.00491474 -0.00402541 0.0016 0.00492614 -0.00402667 0.0015 0.00492602 -0.00131459 -0.0001 0.00303386 -0.0014 -0.0001 0.00303 -0.001357 0 0.003031 -0.00127085 0 0.00303883 -0.00123027 -0.0001 0.0030453 -0.00118578 0 0.00305449 -0.00114705 -0.0001 0.00306431 -0.00106603 -0.0001 0.00309066 -0.00110256 0 0.00307778 -0.00102163 0 0.00310862 -0.000987645 -0.0001 0.00312417 -0.000944102 0 0.00314656 -0.000912554 -0.0001 0.00316461 -0.000841495 -0.0001 0.00321152 -0.000869982 0 0.0031916 -0.000800706 0 0.0032429 -0.000774772 -0.0001 0.00326477 -0.00073597 0 0.00330061 -0.00071329 -0.0001 0.00332355 -0.000657104 -0.0001 0.00338791 -0.000677122 0 0.00336364 -0.000623937 0 0.00343207 -0.000607144 -0.0001 0.00345666 -0.00057744 0 0.00350476 -0.000563323 -0.0001 0.00353007 -0.000526427 -0.0001 0.0036067 -0.000537557 0 0.00358165 -0.000504962 0 0.00366163 -0.000496434 -0.0001 0.00368667 -0.000479687 0 0.00374439 -0.000473799 -0.0001 0.00376877 -0.000458578 -0.0001 0.00385268 -0.000462093 0 0.00382904 -0.000452241 0 0.00391493 -0.000450968 -0.0001 0.0039376 -0.00045026 0 0.00400148 -0.000450968 -0.0001 0.00402278 -0.000458654 -0.0001 0.00410777 -0.000456131 0 0.00408763 -0.000469865 0 0.00417322 -0.000473842 -0.0001 0.00419149 -0.000491233 0 0.00425678 -0.0004966 -0.0001 0.00427382 -0.000526465 -0.0001 0.00435341 -0.000520251 0 0.00433853 -0.000556391 0 0.00441679 -0.000563577 -0.0001 0.0044304 -0.000599707 0 0.00449189 -0.000607181 -0.0001 0.00450338 -0.000657426 -0.0001 0.0045725 -0.000649458 0 0.00456236 -0.000705619 0 0.00462833 -0.000713449 -0.0001 0.0046366 -0.000767361 0 0.00468868 -0.000775127 -0.0001 0.00469555 -0.000841782 -0.0001 0.00474867 -0.000834488 0 0.00474334 -0.000906208 0 0.00479156 -0.000912896 -0.0001 0.00479561 -0.000982057 0 0.00483312 -0.000988044 -0.0001 0.00483601 -0.00106631 -0.0001 0.00486946 -0.00106141 0 0.00486759 -0.00114345 0 0.00489469 -0.00114753 -0.0001 0.00489582 -0.00122784 0 0.00491426 -0.00123043 -0.0001 0.00491474 -0.00131459 -0.0001 0.00492614 -0.00131333 0 0.00492602 -0.0014 0 0.00493 -0.0014 -0.0001 0.00493 -0.00144341 0 0.003031 -0.00152963 0 0.00303891 -0.00148541 -0.0001 0.00303386 -0.00156957 -0.0001 0.00304526 -0.00161452 0 0.00305454 -0.00165247 -0.0001 0.00306418 -0.00169795 0 0.00307796 -0.00177854 0 0.00310868 -0.00173369 -0.0001 0.00309054 -0.00181196 -0.0001 0.00312399 -0.0018564 0 0.00314684 -0.0018871 -0.0001 0.00316439 -0.00193005 0 0.00319162 -0.00199974 0 0.00324327 -0.00195822 -0.0001 0.00321133 -0.00202487 -0.0001 0.00326445 -0.00206411 0 0.00330071 -0.00208655 -0.0001 0.0033234 -0.00212325 0 0.00336406 -0.0021762 0 0.0034323 -0.00214257 -0.0001 0.0033875 -0.00219282 -0.0001 0.00345662 -0.00222283 0 0.0035052 -0.00223642 -0.0001 0.0035296 -0.00226258 0 0.00358199 -0.0022952 0 0.00366204 -0.00227354 -0.0001 0.00360659 -0.0023034 -0.0001 0.00368618 -0.00232041 0 0.00374485 -0.00232616 -0.0001 0.00376851 -0.00233798 0 0.00382939 -0.00234778 0 0.00391546 -0.00234135 -0.0001 0.00385223 -0.00234903 -0.0001 0.00393722 -0.00234903 -0.0001 0.0040224 -0.00234975 0 0.00400171 -0.0023438 0 0.00408819 -0.00234142 -0.0001 0.00410732 -0.0023262 -0.0001 0.00419123 -0.00233012 0 0.00417332 -0.00230357 -0.0001 0.00427333 -0.0023086 0 0.00425734 -0.00227972 0 0.00433859 -0.00227357 -0.0001 0.0043533 -0.00223668 -0.0001 0.00442993 -0.00224335 0 0.0044173 -0.00219286 -0.0001 0.00450333 -0.00220017 0 0.00449206 -0.00215022 0 0.00456279 -0.0021429 -0.0001 0.00457209 -0.00208671 -0.0001 0.00463645 -0.00209414 0 0.00462856 -0.00202523 -0.0001 0.00469523 -0.00203229 0 0.00468901 -0.00196516 0 0.00474358 -0.00195851 -0.0001 0.00474848 -0.00188745 -0.0001 0.00479539 -0.00189347 0 0.00479178 -0.00181236 -0.0001 0.00483583 -0.00181748 0 0.00483332 -0.00173833 0 0.00486771 -0.00173397 -0.0001 0.00486934 -0.00165295 -0.0001 0.00489569 -0.00165602 0 0.00489483 -0.00156973 -0.0001 0.0049147 -0.00157201 0 0.0049143 -0.00148667 0 0.00492602 -0.00148541 -0.0001 0.00492614 -0.00065097 0.0016 0.00401783 -0.00065097 -0.0001 0.00394217 -0.00065097 -0.0001 0.00401809 -0.00147606 -0.0001 0.00323388 -0.0014 -0.0001 0.00323 -0.0014 0.0016 0.00323 -0.000658697 -0.0001 0.00409378 -0.000658629 0.0016 0.00409338 -0.000673955 -0.0001 0.00416802 -0.000673938 0.0016 0.00416797 -0.000696628 0.0016 0.00424027 -0.000696754 -0.0001 0.00424064 -0.000726745 -0.0001 0.00431046 -0.000726591 0.0016 0.00431017 -0.000763556 -0.0001 0.00437678 -0.000763465 0.0016 0.00437662 -0.0008068 0.0016 0.00443891 -0.00080706 -0.0001 0.00443924 -0.000856477 -0.0001 0.00449679 -0.000856369 0.0016 0.00449669 -0.000911588 -0.0001 0.00454916 -0.000911332 0.0016 0.00454893 -0.000971419 0.0016 0.00459547 -0.000971728 -0.0001 0.00459568 -0.00103606 -0.0001 0.00463578 -0.00103597 0.0016 0.00463572 -0.00110442 -0.0001 0.00466929 -0.00110404 0.0016 0.00466912 -0.00117539 0.0016 0.00469558 -0.00117562 -0.0001 0.00469563 -0.00124915 -0.0001 0.00471467 -0.00124886 0.0016 0.0047146 -0.00132394 -0.0001 0.00472612 -0.00132394 0.0016 0.00472612 -0.0014 0.0016 0.00473 -0.0014 -0.0001 0.00473 -0.00065097 0.0016 0.00394191 -0.000658629 -0.0001 0.00386662 -0.000658697 0.0016 0.00386622 -0.000673955 0.0016 0.00379198 -0.000673938 -0.0001 0.00379203 -0.000696754 0.0016 0.00371936 -0.000696628 -0.0001 0.00371973 -0.000726591 -0.0001 0.00364983 -0.000726745 0.0016 0.00364954 -0.000763556 0.0016 0.00358322 -0.000763465 -0.0001 0.00358338 -0.00080706 0.0016 0.00352076 -0.0008068 -0.0001 0.00352109 -0.000856369 -0.0001 0.00346331 -0.000856477 0.0016 0.00346321 -0.000911588 0.0016 0.00341084 -0.000911332 -0.0001 0.00341107 -0.000971728 0.0016 0.00336432 -0.000971419 -0.0001 0.00336453 -0.00103597 -0.0001 0.00332428 -0.00103606 0.0016 0.00332422 -0.00110442 0.0016 0.00329071 -0.00110404 -0.0001 0.00329088 -0.00117562 0.0016 0.00326437 -0.00117539 -0.0001 0.00326442 -0.00124886 -0.0001 0.0032454 -0.00124915 0.0016 0.00324533 -0.00132394 0.0016 0.00323388 -0.00132394 -0.0001 0.00323388 -0.00169558 -0.0001 0.00329071 -0.00162438 -0.0001 0.00326437 -0.00162461 0.0016 0.00326442 -0.00155085 -0.0001 0.00324533 -0.00147606 0.0016 0.00323388 -0.00155114 0.0016 0.0032454 -0.00182858 0.0016 0.00336453 -0.00188841 -0.0001 0.00341084 -0.00182827 -0.0001 0.00336432 -0.00169596 0.0016 0.00329088 -0.00176403 0.0016 0.00332428 -0.00176394 -0.0001 0.00332422 -0.00199294 -0.0001 0.00352076 -0.0019932 0.0016 0.00352109 -0.00203644 -0.0001 0.00358322 -0.00194352 -0.0001 0.00346321 -0.00188867 0.0016 0.00341107 -0.00194363 0.0016 0.00346331 -0.00212605 -0.0001 0.00379198 -0.00210325 -0.0001 0.00371936 -0.00210337 0.0016 0.00371973 -0.00207341 0.0016 0.00364983 -0.00207326 -0.0001 0.00364954 -0.00203653 0.0016 0.00358338 -0.00214903 0.0016 0.00394217 -0.00214903 -0.0001 0.00401783 -0.00214903 -0.0001 0.00394191 -0.00212606 0.0016 0.00379203 -0.00214137 0.0016 0.00386662 -0.0021413 -0.0001 0.00386622 -0.00212606 -0.0001 0.00416797 -0.00212605 0.0016 0.00416802 -0.00210337 -0.0001 0.00424027 -0.00214137 -0.0001 0.00409338 -0.00214903 0.0016 0.00401809 -0.0021413 0.0016 0.00409378 -0.0019932 -0.0001 0.00443891 -0.00203653 -0.0001 0.00437662 -0.00203644 0.0016 0.00437678 -0.00207326 0.0016 0.00431046 -0.00207341 -0.0001 0.00431017 -0.00210325 0.0016 0.00424064 -0.00188841 0.0016 0.00454916 -0.00188867 -0.0001 0.00454893 -0.00194352 0.0016 0.00449679 -0.00199294 0.0016 0.00443924 -0.00194363 -0.0001 0.00449669 -0.00182858 -0.0001 0.00459547 -0.00182827 0.0016 0.00459568 -0.00176394 0.0016 0.00463578 -0.00176403 -0.0001 0.00463572 -0.00169558 0.0016 0.00466929 -0.00169596 -0.0001 0.00466912 -0.00162461 -0.0001 0.00469558 -0.00162438 0.0016 0.00469563 -0.00155085 0.0016 0.00471467 -0.00155114 -0.0001 0.0047146 -0.00147606 0.0016 0.00472612 -0.00147606 -0.0001 0.00472612 -0.000450249 0.0015 0.00400171 -0.000450968 0.0016 0.00393722 -0.000450968 0.0016 0.0040224 -0.001443 0.0015 0.003031 -0.0014 0.0016 0.00303 -0.00135659 0.0015 0.003031 -0.000458578 0.0016 0.00410732 -0.000456203 0.0015 0.00408819 -0.000473799 0.0016 0.00419123 -0.000469877 0.0015 0.00417332 -0.000491403 0.0015 0.00425734 -0.000496434 0.0016 0.00427333 -0.000526427 0.0016 0.0043533 -0.000520281 0.0015 0.00433859 -0.000563323 0.0016 0.00442993 -0.000556648 0.0015 0.0044173 -0.000599832 0.0015 0.00449206 -0.000607144 0.0016 0.00450333 -0.000657104 0.0016 0.00457209 -0.000649776 0.0015 0.00456279 -0.00071329 0.0016 0.00463645 -0.000705859 0.0015 0.00462856 -0.000767705 0.0015 0.00468901 -0.000774772 0.0016 0.00469523 -0.000841495 0.0016 0.00474848 -0.000834845 0.0015 0.00474358 -0.000912554 0.0016 0.00479539 -0.000906534 0.0015 0.00479178 -0.000982516 0.0015 0.00483332 -0.000987645 0.0016 0.00483583 -0.00106603 0.0016 0.00486934 -0.00106167 0.0015 0.00486771 -0.00114705 0.0016 0.00489569 -0.00114398 0.0015 0.00489483 -0.00122799 0.0015 0.0049143 -0.00123027 0.0016 0.0049147 -0.00131459 0.0016 0.00492614 -0.00131333 0.0015 0.00492602 -0.0014 0.0016 0.00493 -0.0014 0.0015 0.00493 -0.000452219 0.0015 0.00391546 -0.000458654 0.0016 0.00385223 -0.000462018 0.0015 0.00382939 -0.000479589 0.0015 0.00374485 -0.000473842 0.0016 0.00376851 -0.000504795 0.0015 0.00366204 -0.0004966 0.0016 0.00368618 -0.000526465 0.0016 0.00360659 -0.000537417 0.0015 0.00358199 -0.00057717 0.0015 0.0035052 -0.000563577 0.0016 0.0035296 -0.000623799 0.0015 0.0034323 -0.000607181 0.0016 0.00345662 -0.000657426 0.0016 0.0033875 -0.000676753 0.0015 0.00336406 -0.000735887 0.0015 0.00330071 -0.000713449 0.0016 0.0033234 -0.000800256 0.0015 0.00324327 -0.000775127 0.0016 0.00326445 -0.000841782 0.0016 0.00321133 -0.000869953 0.0015 0.00319162 -0.000943601 0.0015 0.00314684 -0.000912896 0.0016 0.00316439 -0.00102146 0.0015 0.00310868 -0.000988044 0.0016 0.00312399 -0.00106631 0.0016 0.00309054 -0.00110205 0.0015 0.00307796 -0.00118548 0.0015 0.00305454 -0.00114753 0.0016 0.00306418 -0.00127037 0.0015 0.00303891 -0.00123043 0.0016 0.00304526 -0.00131459 0.0016 0.00303386 -0.00169744 0.0015 0.00307778 -0.00165295 0.0016 0.00306431 -0.00161422 0.0015 0.00305449 -0.00152915 0.0015 0.00303883 -0.00156973 0.0016 0.0030453 -0.00148541 0.0016 0.00303386 -0.00188745 0.0016 0.00316461 -0.0018559 0.0015 0.00314656 -0.00193002 0.0015 0.0031916 -0.00173397 0.0016 0.00309066 -0.00177837 0.0015 0.00310862 -0.00181236 0.0016 0.00312417 -0.00206403 0.0015 0.00330061 -0.00212288 0.0015 0.00336364 -0.00208671 0.0016 0.00332355 -0.00199929 0.0015 0.0032429 -0.00202523 0.0016 0.00326477 -0.00195851 0.0016 0.00321152 -0.00226244 0.0015 0.00358165 -0.00223668 0.0016 0.00353007 -0.00222256 0.0015 0.00350476 -0.00219286 0.0016 0.00345666 -0.0021429 0.0016 0.00338791 -0.00217606 0.0015 0.00343207 -0.0023262 0.0016 0.00376877 -0.00232031 0.0015 0.00374439 -0.00233791 0.0015 0.00382904 -0.00227357 0.0016 0.0036067 -0.00229504 0.0015 0.00366163 -0.00230357 0.0016 0.00368667 -0.00234974 0.0015 0.00400148 -0.00234387 0.0015 0.00408763 -0.00234903 0.0016 0.00402278 -0.00234776 0.0015 0.00391493 -0.00234903 0.0016 0.0039376 -0.00234142 0.0016 0.00385268 -0.00227975 0.0015 0.00433853 -0.0023034 0.0016 0.00427382 -0.00230877 0.0015 0.00425678 -0.00232616 0.0016 0.00419149 -0.00234135 0.0016 0.00410777 -0.00233014 0.0015 0.00417322 -0.00219282 0.0016 0.00450338 -0.00220029 0.0015 0.00449189 -0.00215054 0.0015 0.00456236 -0.00227354 0.0016 0.00435341 -0.00224361 0.0015 0.00441679 -0.00223642 0.0016 0.0044304 -0.00208655 0.0016 0.0046366 -0.00203264 0.0015 0.00468868 -0.00202487 0.0016 0.00469555 -0.00209438 0.0015 0.00462833 -0.00214257 0.0016 0.0045725 -0.00195822 0.0016 0.00474867 -0.00196551 0.0015 0.00474334 -0.00189379 0.0015 0.00479156 -0.0018871 0.0016 0.00479561 -0.00181794 0.0015 0.00483312 -0.00181196 0.0016 0.00483601 -0.00173369 0.0016 0.00486946 -0.00173859 0.0015 0.00486759 -0.00165655 0.0015 0.00489469 -0.00165247 0.0016 0.00489582 -0.00157216 0.0015 0.00491426 -0.00156957 0.0016 0.00491474 -0.00148541 0.0016 0.00492614 -0.00148667 0.0015 0.00492602 0.00122541 -0.0001 0.00303386 0.00114 -0.0001 0.00303 0.001183 0 0.003031 0.00126915 0 0.00303883 0.00130973 -0.0001 0.0030453 0.00135422 0 0.00305449 0.00139295 -0.0001 0.00306431 0.00147397 -0.0001 0.00309066 0.00143744 0 0.00307778 0.00151837 0 0.00310862 0.00155236 -0.0001 0.00312417 0.0015959 0 0.00314656 0.00162745 -0.0001 0.00316461 0.0016985 -0.0001 0.00321152 0.00167002 0 0.0031916 0.00173929 0 0.0032429 0.00176523 -0.0001 0.00326477 0.00180403 0 0.00330061 0.00182671 -0.0001 0.00332355 0.0018829 -0.0001 0.00338791 0.00186288 0 0.00336364 0.00191606 0 0.00343207 0.00193286 -0.0001 0.00345666 0.00196256 0 0.00350476 0.00197668 -0.0001 0.00353007 0.00201357 -0.0001 0.0036067 0.00200244 0 0.00358165 0.00203504 0 0.00366163 0.00204357 -0.0001 0.00368667 0.00206031 0 0.00374439 0.0020662 -0.0001 0.00376877 0.00208142 -0.0001 0.00385268 0.00207791 0 0.00382904 0.00208776 0 0.00391493 0.00208903 -0.0001 0.0039376 0.00208974 0 0.00400148 0.00208903 -0.0001 0.00402278 0.00208135 -0.0001 0.00410777 0.00208387 0 0.00408763 0.00207014 0 0.00417322 0.00206616 -0.0001 0.00419149 0.00204877 0 0.00425678 0.0020434 -0.0001 0.00427382 0.00201354 -0.0001 0.00435341 0.00201975 0 0.00433853 0.00198361 0 0.00441679 0.00197642 -0.0001 0.0044304 0.00194029 0 0.00449189 0.00193282 -0.0001 0.00450338 0.00188257 -0.0001 0.0045725 0.00189054 0 0.00456236 0.00183438 0 0.00462833 0.00182655 -0.0001 0.0046366 0.00177264 0 0.00468868 0.00176487 -0.0001 0.00469555 0.00169822 -0.0001 0.00474867 0.00170551 0 0.00474334 0.00163379 0 0.00479156 0.0016271 -0.0001 0.00479561 0.00155794 0 0.00483312 0.00155196 -0.0001 0.00483601 0.00147369 -0.0001 0.00486946 0.00147859 0 0.00486759 0.00139655 0 0.00489469 0.00139247 -0.0001 0.00489582 0.00131216 0 0.00491426 0.00130957 -0.0001 0.00491474 0.00122541 -0.0001 0.00492614 0.00122667 0 0.00492602 0.00114 0 0.00493 0.00114 -0.0001 0.00493 0.00109659 0 0.003031 0.00101037 0 0.00303891 0.00105459 -0.0001 0.00303386 0.000970431 -0.0001 0.00304526 0.000925477 0 0.00305454 0.000887532 -0.0001 0.00306418 0.000842051 0 0.00307796 0.000761458 0 0.00310868 0.000806306 -0.0001 0.00309054 0.000728044 -0.0001 0.00312399 0.000683601 0 0.00314684 0.000652896 -0.0001 0.00316439 0.000609953 0 0.00319162 0.000540256 0 0.00324327 0.000581782 -0.0001 0.00321133 0.000515127 -0.0001 0.00326445 0.000475887 0 0.00330071 0.000453449 -0.0001 0.0033234 0.000416753 0 0.00336406 0.000363799 0 0.0034323 0.000397426 -0.0001 0.0033875 0.000347181 -0.0001 0.00345662 0.00031717 0 0.0035052 0.000303577 -0.0001 0.0035296 0.000277417 0 0.00358199 0.000244795 0 0.00366204 0.000266465 -0.0001 0.00360659 0.0002366 -0.0001 0.00368618 0.000219589 0 0.00374485 0.000213842 -0.0001 0.00376851 0.000202018 0 0.00382939 0.000192219 0 0.00391546 0.000198654 -0.0001 0.00385223 0.000190968 -0.0001 0.00393722 0.000190968 -0.0001 0.0040224 0.000190249 0 0.00400171 0.000196203 0 0.00408819 0.000198578 -0.0001 0.00410732 0.000213799 -0.0001 0.00419123 0.000209877 0 0.00417332 0.000236434 -0.0001 0.00427333 0.000231403 0 0.00425734 0.000260281 0 0.00433859 0.000266427 -0.0001 0.0043533 0.000303323 -0.0001 0.00442993 0.000296648 0 0.0044173 0.000347144 -0.0001 0.00450333 0.000339833 0 0.00449206 0.000389776 0 0.00456279 0.000397104 -0.0001 0.00457209 0.00045329 -0.0001 0.00463645 0.000445859 0 0.00462856 0.000514772 -0.0001 0.00469523 0.000507705 0 0.00468901 0.000574845 0 0.00474358 0.000581495 -0.0001 0.00474848 0.000652554 -0.0001 0.00479539 0.000646534 0 0.00479178 0.000727644 -0.0001 0.00483583 0.000722516 0 0.00483332 0.000801674 0 0.00486771 0.000806028 -0.0001 0.00486934 0.000887047 -0.0001 0.00489569 0.000883984 0 0.00489483 0.000970268 -0.0001 0.0049147 0.000967995 0 0.0049143 0.00105333 0 0.00492602 0.00105459 -0.0001 0.00492614 0.00188903 0.0016 0.00401783 0.00188903 -0.0001 0.00394217 0.00188903 -0.0001 0.00401809 0.00106394 -0.0001 0.00323388 0.00114 -0.0001 0.00323 0.00114 0.0016 0.00323 0.0018813 -0.0001 0.00409378 0.00188137 0.0016 0.00409338 0.00186605 -0.0001 0.00416802 0.00186606 0.0016 0.00416797 0.00184337 0.0016 0.00424027 0.00184325 -0.0001 0.00424064 0.00181326 -0.0001 0.00431046 0.00181341 0.0016 0.00431017 0.00177644 -0.0001 0.00437678 0.00177653 0.0016 0.00437662 0.0017332 0.0016 0.00443891 0.00173294 -0.0001 0.00443924 0.00168352 -0.0001 0.00449679 0.00168363 0.0016 0.00449669 0.00162841 -0.0001 0.00454916 0.00162867 0.0016 0.00454893 0.00156858 0.0016 0.00459547 0.00156827 -0.0001 0.00459568 0.00150394 -0.0001 0.00463578 0.00150403 0.0016 0.00463572 0.00143558 -0.0001 0.00466929 0.00143596 0.0016 0.00466912 0.00136461 0.0016 0.00469558 0.00136438 -0.0001 0.00469563 0.00129085 -0.0001 0.00471467 0.00129114 0.0016 0.0047146 0.00121606 -0.0001 0.00472612 0.00121606 0.0016 0.00472612 0.00114 0.0016 0.00473 0.00114 -0.0001 0.00473 0.00188903 0.0016 0.00394191 0.00188137 -0.0001 0.00386662 0.0018813 0.0016 0.00386622 0.00186605 0.0016 0.00379198 0.00186606 -0.0001 0.00379203 0.00184325 0.0016 0.00371936 0.00184337 -0.0001 0.00371973 0.00181341 -0.0001 0.00364983 0.00181326 0.0016 0.00364954 0.00177644 0.0016 0.00358322 0.00177653 -0.0001 0.00358338 0.00173294 0.0016 0.00352076 0.0017332 -0.0001 0.00352109 0.00168363 -0.0001 0.00346331 0.00168352 0.0016 0.00346321 0.00162841 0.0016 0.00341084 0.00162867 -0.0001 0.00341107 0.00156827 0.0016 0.00336432 0.00156858 -0.0001 0.00336453 0.00150403 -0.0001 0.00332428 0.00150394 0.0016 0.00332422 0.00143558 0.0016 0.00329071 0.00143596 -0.0001 0.00329088 0.00136438 0.0016 0.00326437 0.00136461 -0.0001 0.00326442 0.00129114 -0.0001 0.0032454 0.00129085 0.0016 0.00324533 0.00121606 0.0016 0.00323388 0.00121606 -0.0001 0.00323388 0.000844424 -0.0001 0.00329071 0.000915615 -0.0001 0.00326437 0.000915394 0.0016 0.00326442 0.000989145 -0.0001 0.00324533 0.00106394 0.0016 0.00323388 0.000988859 0.0016 0.0032454 0.000711419 0.0016 0.00336453 0.000651588 -0.0001 0.00341084 0.000711728 -0.0001 0.00336432 0.000844041 0.0016 0.00329088 0.00077597 0.0016 0.00332428 0.000776055 -0.0001 0.00332422 0.000547059 -0.0001 0.00352076 0.0005468 0.0016 0.00352109 0.000503556 -0.0001 0.00358322 0.000596477 -0.0001 0.00346321 0.000651332 0.0016 0.00341107 0.000596369 0.0016 0.00346331 0.000413955 -0.0001 0.00379198 0.000436754 -0.0001 0.00371936 0.000436628 0.0016 0.00371973 0.000466591 0.0016 0.00364983 0.000466745 -0.0001 0.00364954 0.000503465 0.0016 0.00358338 0.00039097 0.0016 0.00394217 0.00039097 -0.0001 0.00401783 0.00039097 -0.0001 0.00394191 0.000413938 0.0016 0.00379203 0.000398629 0.0016 0.00386662 0.000398697 -0.0001 0.00386622 0.000413938 -0.0001 0.00416797 0.000413955 0.0016 0.00416802 0.000436628 -0.0001 0.00424027 0.000398629 -0.0001 0.00409338 0.00039097 0.0016 0.00401809 0.000398697 0.0016 0.00409378 0.0005468 -0.0001 0.00443891 0.000503465 -0.0001 0.00437662 0.000503556 0.0016 0.00437678 0.000466745 0.0016 0.00431046 0.000466591 -0.0001 0.00431017 0.000436754 0.0016 0.00424064 0.000651588 0.0016 0.00454916 0.000651332 -0.0001 0.00454893 0.000596477 0.0016 0.00449679 0.000547059 0.0016 0.00443924 0.000596369 -0.0001 0.00449669 0.000711419 -0.0001 0.00459547 0.000711728 0.0016 0.00459568 0.000776055 0.0016 0.00463578 0.00077597 -0.0001 0.00463572 0.000844424 0.0016 0.00466929 0.000844041 -0.0001 0.00466912 0.000915394 -0.0001 0.00469558 0.000915615 0.0016 0.00469563 0.000989145 0.0016 0.00471467 0.000988859 -0.0001 0.0047146 0.00106394 0.0016 0.00472612 0.00106394 -0.0001 0.00472612 0.00208975 0.0015 0.00400171 0.00208903 0.0016 0.00393722 0.00208903 0.0016 0.0040224 0.001097 0.0015 0.003031 0.00114 0.0016 0.00303 0.00118341 0.0015 0.003031 0.00208142 0.0016 0.00410732 0.0020838 0.0015 0.00408819 0.0020662 0.0016 0.00419123 0.00207012 0.0015 0.00417332 0.0020486 0.0015 0.00425734 0.00204357 0.0016 0.00427333 0.00201357 0.0016 0.0043533 0.00201972 0.0015 0.00433859 0.00197668 0.0016 0.00442993 0.00198335 0.0015 0.0044173 0.00194017 0.0015 0.00449206 0.00193286 0.0016 0.00450333 0.0018829 0.0016 0.00457209 0.00189022 0.0015 0.00456279 0.00182671 0.0016 0.00463645 0.00183414 0.0015 0.00462856 0.00177229 0.0015 0.00468901 0.00176523 0.0016 0.00469523 0.0016985 0.0016 0.00474848 0.00170516 0.0015 0.00474358 0.00162745 0.0016 0.00479539 0.00163347 0.0015 0.00479178 0.00155748 0.0015 0.00483332 0.00155236 0.0016 0.00483583 0.00147397 0.0016 0.00486934 0.00147833 0.0015 0.00486771 0.00139295 0.0016 0.00489569 0.00139602 0.0015 0.00489483 0.00131201 0.0015 0.0049143 0.00130973 0.0016 0.0049147 0.00122541 0.0016 0.00492614 0.00122667 0.0015 0.00492602 0.00114 0.0016 0.00493 0.00114 0.0015 0.00493 0.00208778 0.0015 0.00391546 0.00208135 0.0016 0.00385223 0.00207798 0.0015 0.00382939 0.00206041 0.0015 0.00374485 0.00206616 0.0016 0.00376851 0.0020352 0.0015 0.00366204 0.0020434 0.0016 0.00368618 0.00201354 0.0016 0.00360659 0.00200258 0.0015 0.00358199 0.00196283 0.0015 0.0035052 0.00197642 0.0016 0.0035296 0.0019162 0.0015 0.0034323 0.00193282 0.0016 0.00345662 0.00188257 0.0016 0.0033875 0.00186325 0.0015 0.00336406 0.00180411 0.0015 0.00330071 0.00182655 0.0016 0.0033234 0.00173974 0.0015 0.00324327 0.00176487 0.0016 0.00326445 0.00169822 0.0016 0.00321133 0.00167005 0.0015 0.00319162 0.0015964 0.0015 0.00314684 0.0016271 0.0016 0.00316439 0.00151854 0.0015 0.00310868 0.00155196 0.0016 0.00312399 0.00147369 0.0016 0.00309054 0.00143795 0.0015 0.00307796 0.00135452 0.0015 0.00305454 0.00139247 0.0016 0.00306418 0.00126963 0.0015 0.00303891 0.00130957 0.0016 0.00304526 0.00122541 0.0016 0.00303386 0.000842564 0.0015 0.00307778 0.000887047 0.0016 0.00306431 0.000925784 0.0015 0.00305449 0.00101085 0.0015 0.00303883 0.000970268 0.0016 0.0030453 0.00105459 0.0016 0.00303386 0.000652554 0.0016 0.00316461 0.000684102 0.0015 0.00314656 0.000609982 0.0015 0.0031916 0.000806028 0.0016 0.00309066 0.000761631 0.0015 0.00310862 0.000727644 0.0016 0.00312417 0.00047597 0.0015 0.00330061 0.000417122 0.0015 0.00336364 0.00045329 0.0016 0.00332355 0.000540706 0.0015 0.0032429 0.000514772 0.0016 0.00326477 0.000581495 0.0016 0.00321152 0.000277557 0.0015 0.00358165 0.000303323 0.0016 0.00353007 0.00031744 0.0015 0.00350476 0.000347144 0.0016 0.00345666 0.000397104 0.0016 0.00338791 0.000363937 0.0015 0.00343207 0.000213799 0.0016 0.00376877 0.000219687 0.0015 0.00374439 0.000202093 0.0015 0.00382904 0.000266427 0.0016 0.0036067 0.000244962 0.0015 0.00366163 0.000236434 0.0016 0.00368667 0.00019026 0.0015 0.00400148 0.000196131 0.0015 0.00408763 0.000190968 0.0016 0.00402278 0.000192241 0.0015 0.00391493 0.000190968 0.0016 0.0039376 0.000198578 0.0016 0.00385268 0.000260251 0.0015 0.00433853 0.0002366 0.0016 0.00427382 0.000231233 0.0015 0.00425678 0.000213842 0.0016 0.00419149 0.000198654 0.0016 0.00410777 0.000209865 0.0015 0.00417322 0.000347181 0.0016 0.00450338 0.000339707 0.0015 0.00449189 0.000389458 0.0015 0.00456236 0.000266465 0.0016 0.00435341 0.000296391 0.0015 0.00441679 0.000303577 0.0016 0.0044304 0.000453449 0.0016 0.0046366 0.000507361 0.0015 0.00468868 0.000515127 0.0016 0.00469555 0.000445619 0.0015 0.00462833 0.000397426 0.0016 0.0045725 0.000581782 0.0016 0.00474867 0.000574488 0.0015 0.00474334 0.000646208 0.0015 0.00479156 0.000652896 0.0016 0.00479561 0.000722057 0.0015 0.00483312 0.000728044 0.0016 0.00483601 0.000806306 0.0016 0.00486946 0.000801412 0.0015 0.00486759 0.00088345 0.0015 0.00489469 0.000887532 0.0016 0.00489582 0.000967844 0.0015 0.00491426 0.000970431 0.0016 0.00491474 0.00105459 0.0016 0.00492614 0.00105333 0.0015 0.00492602 0.00376541 -0.0001 0.00303386 0.00368 -0.0001 0.00303 0.003723 0 0.003031 0.00380915 0 0.00303883 0.00384973 -0.0001 0.0030453 0.00389422 0 0.00305449 0.00393295 -0.0001 0.00306431 0.00401397 -0.0001 0.00309066 0.00397744 0 0.00307778 0.00405837 0 0.00310862 0.00409236 -0.0001 0.00312417 0.0041359 0 0.00314656 0.00416745 -0.0001 0.00316461 0.0042385 -0.0001 0.00321152 0.00421002 0 0.0031916 0.00427929 0 0.0032429 0.00430523 -0.0001 0.00326477 0.00434403 0 0.00330061 0.00436671 -0.0001 0.00332355 0.0044229 -0.0001 0.00338791 0.00440288 0 0.00336364 0.00445606 0 0.00343207 0.00447286 -0.0001 0.00345666 0.00450256 0 0.00350476 0.00451668 -0.0001 0.00353007 0.00455357 -0.0001 0.0036067 0.00454244 0 0.00358165 0.00457504 0 0.00366163 0.00458357 -0.0001 0.00368667 0.00460031 0 0.00374439 0.0046062 -0.0001 0.00376877 0.00462142 -0.0001 0.00385268 0.00461791 0 0.00382904 0.00462776 0 0.00391493 0.00462903 -0.0001 0.0039376 0.00462974 0 0.00400148 0.00462903 -0.0001 0.00402278 0.00462135 -0.0001 0.00410777 0.00462387 0 0.00408763 0.00461014 0 0.00417322 0.00460616 -0.0001 0.00419149 0.00458877 0 0.00425678 0.0045834 -0.0001 0.00427382 0.00455354 -0.0001 0.00435341 0.00455975 0 0.00433853 0.00452361 0 0.00441679 0.00451642 -0.0001 0.0044304 0.00448029 0 0.00449189 0.00447282 -0.0001 0.00450338 0.00442257 -0.0001 0.0045725 0.00443054 0 0.00456236 0.00437438 0 0.00462833 0.00436655 -0.0001 0.0046366 0.00431264 0 0.00468868 0.00430487 -0.0001 0.00469555 0.00423822 -0.0001 0.00474867 0.00424551 0 0.00474334 0.00417379 0 0.00479156 0.0041671 -0.0001 0.00479561 0.00409794 0 0.00483312 0.00409196 -0.0001 0.00483601 0.00401369 -0.0001 0.00486946 0.00401859 0 0.00486759 0.00393655 0 0.00489469 0.00393247 -0.0001 0.00489582 0.00385216 0 0.00491426 0.00384957 -0.0001 0.00491474 0.00376541 -0.0001 0.00492614 0.00376667 0 0.00492602 0.00368 0 0.00493 0.00368 -0.0001 0.00493 0.00363659 0 0.003031 0.00355037 0 0.00303891 0.00359459 -0.0001 0.00303386 0.00351043 -0.0001 0.00304526 0.00346548 0 0.00305454 0.00342753 -0.0001 0.00306418 0.00338205 0 0.00307796 0.00330146 0 0.00310868 0.00334631 -0.0001 0.00309054 0.00326804 -0.0001 0.00312399 0.0032236 0 0.00314684 0.0031929 -0.0001 0.00316439 0.00314995 0 0.00319162 0.00308026 0 0.00324327 0.00312178 -0.0001 0.00321133 0.00305513 -0.0001 0.00326445 0.00301589 0 0.00330071 0.00299345 -0.0001 0.0033234 0.00295675 0 0.00336406 0.0029038 0 0.0034323 0.00293743 -0.0001 0.0033875 0.00288718 -0.0001 0.00345662 0.00285717 0 0.0035052 0.00284358 -0.0001 0.0035296 0.00281742 0 0.00358199 0.0027848 0 0.00366204 0.00280646 -0.0001 0.00360659 0.0027766 -0.0001 0.00368618 0.00275959 0 0.00374485 0.00275384 -0.0001 0.00376851 0.00274202 0 0.00382939 0.00273222 0 0.00391546 0.00273865 -0.0001 0.00385223 0.00273097 -0.0001 0.00393722 0.00273097 -0.0001 0.0040224 0.00273025 0 0.00400171 0.0027362 0 0.00408819 0.00273858 -0.0001 0.00410732 0.0027538 -0.0001 0.00419123 0.00274988 0 0.00417332 0.00277643 -0.0001 0.00427333 0.0027714 0 0.00425734 0.00280028 0 0.00433859 0.00280643 -0.0001 0.0043533 0.00284332 -0.0001 0.00442993 0.00283665 0 0.0044173 0.00288714 -0.0001 0.00450333 0.00287983 0 0.00449206 0.00292978 0 0.00456279 0.0029371 -0.0001 0.00457209 0.00299329 -0.0001 0.00463645 0.00298586 0 0.00462856 0.00305477 -0.0001 0.00469523 0.00304771 0 0.00468901 0.00311484 0 0.00474358 0.0031215 -0.0001 0.00474848 0.00319255 -0.0001 0.00479539 0.00318653 0 0.00479178 0.00326764 -0.0001 0.00483583 0.00326252 0 0.00483332 0.00334167 0 0.00486771 0.00334603 -0.0001 0.00486934 0.00342705 -0.0001 0.00489569 0.00342398 0 0.00489483 0.00351027 -0.0001 0.0049147 0.00350799 0 0.0049143 0.00359333 0 0.00492602 0.00359459 -0.0001 0.00492614 0.00442903 0.0016 0.00401783 0.00442903 -0.0001 0.00394217 0.00442903 -0.0001 0.00401809 0.00360394 -0.0001 0.00323388 0.00368 -0.0001 0.00323 0.00368 0.0016 0.00323 0.0044213 -0.0001 0.00409378 0.00442137 0.0016 0.00409338 0.00440605 -0.0001 0.00416802 0.00440606 0.0016 0.00416797 0.00438337 0.0016 0.00424027 0.00438325 -0.0001 0.00424064 0.00435326 -0.0001 0.00431046 0.00435341 0.0016 0.00431017 0.00431644 -0.0001 0.00437678 0.00431653 0.0016 0.00437662 0.0042732 0.0016 0.00443891 0.00427294 -0.0001 0.00443924 0.00422352 -0.0001 0.00449679 0.00422363 0.0016 0.00449669 0.00416841 -0.0001 0.00454916 0.00416867 0.0016 0.00454893 0.00410858 0.0016 0.00459547 0.00410827 -0.0001 0.00459568 0.00404394 -0.0001 0.00463578 0.00404403 0.0016 0.00463572 0.00397558 -0.0001 0.00466929 0.00397596 0.0016 0.00466912 0.00390461 0.0016 0.00469558 0.00390438 -0.0001 0.00469563 0.00383085 -0.0001 0.00471467 0.00383114 0.0016 0.0047146 0.00375606 -0.0001 0.00472612 0.00375606 0.0016 0.00472612 0.00368 0.0016 0.00473 0.00368 -0.0001 0.00473 0.00442903 0.0016 0.00394191 0.00442137 -0.0001 0.00386662 0.0044213 0.0016 0.00386622 0.00440605 0.0016 0.00379198 0.00440606 -0.0001 0.00379203 0.00438325 0.0016 0.00371936 0.00438337 -0.0001 0.00371973 0.00435341 -0.0001 0.00364983 0.00435326 0.0016 0.00364954 0.00431644 0.0016 0.00358322 0.00431653 -0.0001 0.00358338 0.00427294 0.0016 0.00352076 0.0042732 -0.0001 0.00352109 0.00422363 -0.0001 0.00346331 0.00422352 0.0016 0.00346321 0.00416841 0.0016 0.00341084 0.00416867 -0.0001 0.00341107 0.00410827 0.0016 0.00336432 0.00410858 -0.0001 0.00336453 0.00404403 -0.0001 0.00332428 0.00404394 0.0016 0.00332422 0.00397558 0.0016 0.00329071 0.00397596 -0.0001 0.00329088 0.00390438 0.0016 0.00326437 0.00390461 -0.0001 0.00326442 0.00383114 -0.0001 0.0032454 0.00383085 0.0016 0.00324533 0.00375606 0.0016 0.00323388 0.00375606 -0.0001 0.00323388 0.00338442 -0.0001 0.00329071 0.00345562 -0.0001 0.00326437 0.00345539 0.0016 0.00326442 0.00352915 -0.0001 0.00324533 0.00360394 0.0016 0.00323388 0.00352886 0.0016 0.0032454 0.00325142 0.0016 0.00336453 0.00319159 -0.0001 0.00341084 0.00325173 -0.0001 0.00336432 0.00338404 0.0016 0.00329088 0.00331597 0.0016 0.00332428 0.00331606 -0.0001 0.00332422 0.00308706 -0.0001 0.00352076 0.0030868 0.0016 0.00352109 0.00304356 -0.0001 0.00358322 0.00313648 -0.0001 0.00346321 0.00319133 0.0016 0.00341107 0.00313637 0.0016 0.00346331 0.00295395 -0.0001 0.00379198 0.00297675 -0.0001 0.00371936 0.00297663 0.0016 0.00371973 0.00300659 0.0016 0.00364983 0.00300674 -0.0001 0.00364954 0.00304347 0.0016 0.00358338 0.00293097 0.0016 0.00394217 0.00293097 -0.0001 0.00401783 0.00293097 -0.0001 0.00394191 0.00295394 0.0016 0.00379203 0.00293863 0.0016 0.00386662 0.0029387 -0.0001 0.00386622 0.00295394 -0.0001 0.00416797 0.00295395 0.0016 0.00416802 0.00297663 -0.0001 0.00424027 0.00293863 -0.0001 0.00409338 0.00293097 0.0016 0.00401809 0.0029387 0.0016 0.00409378 0.0030868 -0.0001 0.00443891 0.00304347 -0.0001 0.00437662 0.00304356 0.0016 0.00437678 0.00300674 0.0016 0.00431046 0.00300659 -0.0001 0.00431017 0.00297675 0.0016 0.00424064 0.00319159 0.0016 0.00454916 0.00319133 -0.0001 0.00454893 0.00313648 0.0016 0.00449679 0.00308706 0.0016 0.00443924 0.00313637 -0.0001 0.00449669 0.00325142 -0.0001 0.00459547 0.00325173 0.0016 0.00459568 0.00331606 0.0016 0.00463578 0.00331597 -0.0001 0.00463572 0.00338442 0.0016 0.00466929 0.00338404 -0.0001 0.00466912 0.00345539 -0.0001 0.00469558 0.00345562 0.0016 0.00469563 0.00352915 0.0016 0.00471467 0.00352886 -0.0001 0.0047146 0.00360394 0.0016 0.00472612 0.00360394 -0.0001 0.00472612 0.00462975 0.0015 0.00400171 0.00462903 0.0016 0.00393722 0.00462903 0.0016 0.0040224 0.003637 0.0015 0.003031 0.00368 0.0016 0.00303 0.00372341 0.0015 0.003031 0.00462142 0.0016 0.00410732 0.0046238 0.0015 0.00408819 0.0046062 0.0016 0.00419123 0.00461012 0.0015 0.00417332 0.0045886 0.0015 0.00425734 0.00458357 0.0016 0.00427333 0.00455357 0.0016 0.0043533 0.00455972 0.0015 0.00433859 0.00451668 0.0016 0.00442993 0.00452335 0.0015 0.0044173 0.00448017 0.0015 0.00449206 0.00447286 0.0016 0.00450333 0.0044229 0.0016 0.00457209 0.00443022 0.0015 0.00456279 0.00436671 0.0016 0.00463645 0.00437414 0.0015 0.00462856 0.0043123 0.0015 0.00468901 0.00430523 0.0016 0.00469523 0.0042385 0.0016 0.00474848 0.00424516 0.0015 0.00474358 0.00416745 0.0016 0.00479539 0.00417347 0.0015 0.00479178 0.00409748 0.0015 0.00483332 0.00409236 0.0016 0.00483583 0.00401397 0.0016 0.00486934 0.00401833 0.0015 0.00486771 0.00393295 0.0016 0.00489569 0.00393602 0.0015 0.00489483 0.00385201 0.0015 0.0049143 0.00384973 0.0016 0.0049147 0.00376541 0.0016 0.00492614 0.00376667 0.0015 0.00492602 0.00368 0.0016 0.00493 0.00368 0.0015 0.00493 0.00462778 0.0015 0.00391546 0.00462135 0.0016 0.00385223 0.00461798 0.0015 0.00382939 0.00460041 0.0015 0.00374485 0.00460616 0.0016 0.00376851 0.00457521 0.0015 0.00366204 0.0045834 0.0016 0.00368618 0.00455354 0.0016 0.00360659 0.00454258 0.0015 0.00358199 0.00450283 0.0015 0.0035052 0.00451642 0.0016 0.0035296 0.0044562 0.0015 0.0034323 0.00447282 0.0016 0.00345662 0.00442257 0.0016 0.0033875 0.00440325 0.0015 0.00336406 0.00434411 0.0015 0.00330071 0.00436655 0.0016 0.0033234 0.00427974 0.0015 0.00324327 0.00430487 0.0016 0.00326445 0.00423822 0.0016 0.00321133 0.00421005 0.0015 0.00319162 0.0041364 0.0015 0.00314684 0.0041671 0.0016 0.00316439 0.00405854 0.0015 0.00310868 0.00409196 0.0016 0.00312399 0.00401369 0.0016 0.00309054 0.00397795 0.0015 0.00307796 0.00389452 0.0015 0.00305454 0.00393247 0.0016 0.00306418 0.00380963 0.0015 0.00303891 0.00384957 0.0016 0.00304526 0.00376541 0.0016 0.00303386 0.00338256 0.0015 0.00307778 0.00342705 0.0016 0.00306431 0.00346578 0.0015 0.00305449 0.00355085 0.0015 0.00303883 0.00351027 0.0016 0.0030453 0.00359459 0.0016 0.00303386 0.00319255 0.0016 0.00316461 0.0032241 0.0015 0.00314656 0.00314998 0.0015 0.0031916 0.00334603 0.0016 0.00309066 0.00330163 0.0015 0.00310862 0.00326764 0.0016 0.00312417 0.00301597 0.0015 0.00330061 0.00295712 0.0015 0.00336364 0.00299329 0.0016 0.00332355 0.00308071 0.0015 0.0032429 0.00305477 0.0016 0.00326477 0.0031215 0.0016 0.00321152 0.00281756 0.0015 0.00358165 0.00284332 0.0016 0.00353007 0.00285744 0.0015 0.00350476 0.00288714 0.0016 0.00345666 0.0029371 0.0016 0.00338791 0.00290394 0.0015 0.00343207 0.0027538 0.0016 0.00376877 0.00275969 0.0015 0.00374439 0.00274209 0.0015 0.00382904 0.00280643 0.0016 0.0036067 0.00278496 0.0015 0.00366163 0.00277643 0.0016 0.00368667 0.00273026 0.0015 0.00400148 0.00273613 0.0015 0.00408763 0.00273097 0.0016 0.00402278 0.00273224 0.0015 0.00391493 0.00273097 0.0016 0.0039376 0.00273858 0.0016 0.00385268 0.00280025 0.0015 0.00433853 0.0027766 0.0016 0.00427382 0.00277123 0.0015 0.00425678 0.00275384 0.0016 0.00419149 0.00273865 0.0016 0.00410777 0.00274986 0.0015 0.00417322 0.00288718 0.0016 0.00450338 0.00287971 0.0015 0.00449189 0.00292946 0.0015 0.00456236 0.00280646 0.0016 0.00435341 0.00283639 0.0015 0.00441679 0.00284358 0.0016 0.0044304 0.00299345 0.0016 0.0046366 0.00304736 0.0015 0.00468868 0.00305513 0.0016 0.00469555 0.00298562 0.0015 0.00462833 0.00293743 0.0016 0.0045725 0.00312178 0.0016 0.00474867 0.00311449 0.0015 0.00474334 0.00318621 0.0015 0.00479156 0.0031929 0.0016 0.00479561 0.00326206 0.0015 0.00483312 0.00326804 0.0016 0.00483601 0.00334631 0.0016 0.00486946 0.00334141 0.0015 0.00486759 0.00342345 0.0015 0.00489469 0.00342753 0.0016 0.00489582 0.00350784 0.0015 0.00491426 0.00351043 0.0016 0.00491474 0.00359459 0.0016 0.00492614 0.00359333 0.0015 0.00492602 0.00630541 -0.0001 0.00303386 0.00622 -0.0001 0.00303 0.006263 0 0.003031 0.00634915 0 0.00303883 0.00638973 -0.0001 0.0030453 0.00643422 0 0.00305449 0.00647295 -0.0001 0.00306431 0.00655397 -0.0001 0.00309066 0.00651744 0 0.00307778 0.00659837 0 0.00310862 0.00663236 -0.0001 0.00312417 0.0066759 0 0.00314656 0.00670745 -0.0001 0.00316461 0.0067785 -0.0001 0.00321152 0.00675002 0 0.0031916 0.00681929 0 0.0032429 0.00684523 -0.0001 0.00326477 0.00688403 0 0.00330061 0.00690671 -0.0001 0.00332355 0.0069629 -0.0001 0.00338791 0.00694288 0 0.00336364 0.00699606 0 0.00343207 0.00701286 -0.0001 0.00345666 0.00704256 0 0.00350476 0.00705668 -0.0001 0.00353007 0.00709357 -0.0001 0.0036067 0.00708244 0 0.00358165 0.00711504 0 0.00366163 0.00712357 -0.0001 0.00368667 0.00714031 0 0.00374439 0.0071462 -0.0001 0.00376877 0.00716142 -0.0001 0.00385268 0.00715791 0 0.00382904 0.00716776 0 0.00391493 0.00716903 -0.0001 0.0039376 0.00716974 0 0.00400148 0.00716903 -0.0001 0.00402278 0.00716135 -0.0001 0.00410777 0.00716387 0 0.00408763 0.00715014 0 0.00417322 0.00714616 -0.0001 0.00419149 0.00712877 0 0.00425678 0.0071234 -0.0001 0.00427382 0.00709353 -0.0001 0.00435341 0.00709975 0 0.00433853 0.00706361 0 0.00441679 0.00705642 -0.0001 0.0044304 0.00702029 0 0.00449189 0.00701282 -0.0001 0.00450338 0.00696257 -0.0001 0.0045725 0.00697054 0 0.00456236 0.00691438 0 0.00462833 0.00690655 -0.0001 0.0046366 0.00685264 0 0.00468868 0.00684487 -0.0001 0.00469555 0.00677822 -0.0001 0.00474867 0.00678551 0 0.00474334 0.00671379 0 0.00479156 0.0067071 -0.0001 0.00479561 0.00663794 0 0.00483312 0.00663196 -0.0001 0.00483601 0.00655369 -0.0001 0.00486946 0.00655859 0 0.00486759 0.00647655 0 0.00489469 0.00647247 -0.0001 0.00489582 0.00639216 0 0.00491426 0.00638957 -0.0001 0.00491474 0.00630541 -0.0001 0.00492614 0.00630667 0 0.00492602 0.00622 0 0.00493 0.00622 -0.0001 0.00493 0.00617659 0 0.003031 0.00609037 0 0.00303891 0.00613459 -0.0001 0.00303386 0.00605043 -0.0001 0.00304526 0.00600548 0 0.00305454 0.00596753 -0.0001 0.00306418 0.00592205 0 0.00307796 0.00584146 0 0.00310868 0.00588631 -0.0001 0.00309054 0.00580804 -0.0001 0.00312399 0.0057636 0 0.00314684 0.0057329 -0.0001 0.00316439 0.00568995 0 0.00319162 0.00562026 0 0.00324327 0.00566178 -0.0001 0.00321133 0.00559513 -0.0001 0.00326445 0.00555589 0 0.00330071 0.00553345 -0.0001 0.0033234 0.00549675 0 0.00336406 0.0054438 0 0.0034323 0.00547743 -0.0001 0.0033875 0.00542718 -0.0001 0.00345662 0.00539717 0 0.0035052 0.00538358 -0.0001 0.0035296 0.00535742 0 0.00358199 0.0053248 0 0.00366204 0.00534646 -0.0001 0.00360659 0.0053166 -0.0001 0.00368618 0.00529959 0 0.00374485 0.00529384 -0.0001 0.00376851 0.00528202 0 0.00382939 0.00527222 0 0.00391546 0.00527865 -0.0001 0.00385223 0.00527097 -0.0001 0.00393722 0.00527097 -0.0001 0.0040224 0.00527025 0 0.00400171 0.0052762 0 0.00408819 0.00527858 -0.0001 0.00410732 0.0052938 -0.0001 0.00419123 0.00528988 0 0.00417332 0.00531643 -0.0001 0.00427333 0.0053114 0 0.00425734 0.00534028 0 0.00433859 0.00534643 -0.0001 0.0043533 0.00538332 -0.0001 0.00442993 0.00537665 0 0.0044173 0.00542714 -0.0001 0.00450333 0.00541983 0 0.00449206 0.00546978 0 0.00456279 0.0054771 -0.0001 0.00457209 0.00553329 -0.0001 0.00463645 0.00552586 0 0.00462856 0.00559477 -0.0001 0.00469523 0.0055877 0 0.00468901 0.00565484 0 0.00474358 0.0056615 -0.0001 0.00474848 0.00573255 -0.0001 0.00479539 0.00572653 0 0.00479178 0.00580764 -0.0001 0.00483583 0.00580252 0 0.00483332 0.00588167 0 0.00486771 0.00588603 -0.0001 0.00486934 0.00596705 -0.0001 0.00489569 0.00596398 0 0.00489483 0.00605027 -0.0001 0.0049147 0.00604799 0 0.0049143 0.00613333 0 0.00492602 0.00613459 -0.0001 0.00492614 0.00696903 0.0016 0.00401783 0.00696903 -0.0001 0.00394217 0.00696903 -0.0001 0.00401809 0.00614394 -0.0001 0.00323388 0.00622 -0.0001 0.00323 0.00622 0.0016 0.00323 0.0069613 -0.0001 0.00409378 0.00696137 0.0016 0.00409338 0.00694605 -0.0001 0.00416802 0.00694606 0.0016 0.00416797 0.00692337 0.0016 0.00424027 0.00692325 -0.0001 0.00424064 0.00689326 -0.0001 0.00431046 0.00689341 0.0016 0.00431017 0.00685644 -0.0001 0.00437678 0.00685653 0.0016 0.00437662 0.0068132 0.0016 0.00443891 0.00681294 -0.0001 0.00443924 0.00676352 -0.0001 0.00449679 0.00676363 0.0016 0.00449669 0.00670841 -0.0001 0.00454916 0.00670867 0.0016 0.00454893 0.00664858 0.0016 0.00459547 0.00664827 -0.0001 0.00459568 0.00658394 -0.0001 0.00463578 0.00658403 0.0016 0.00463572 0.00651558 -0.0001 0.00466929 0.00651596 0.0016 0.00466912 0.00644461 0.0016 0.00469558 0.00644439 -0.0001 0.00469563 0.00637086 -0.0001 0.00471467 0.00637114 0.0016 0.0047146 0.00629606 -0.0001 0.00472612 0.00629606 0.0016 0.00472612 0.00622 0.0016 0.00473 0.00622 -0.0001 0.00473 0.00696903 0.0016 0.00394191 0.00696137 -0.0001 0.00386662 0.0069613 0.0016 0.00386622 0.00694605 0.0016 0.00379198 0.00694606 -0.0001 0.00379203 0.00692325 0.0016 0.00371936 0.00692337 -0.0001 0.00371973 0.00689341 -0.0001 0.00364983 0.00689326 0.0016 0.00364954 0.00685644 0.0016 0.00358322 0.00685653 -0.0001 0.00358338 0.00681294 0.0016 0.00352076 0.0068132 -0.0001 0.00352109 0.00676363 -0.0001 0.00346331 0.00676352 0.0016 0.00346321 0.00670841 0.0016 0.00341084 0.00670867 -0.0001 0.00341107 0.00664827 0.0016 0.00336432 0.00664858 -0.0001 0.00336453 0.00658403 -0.0001 0.00332428 0.00658394 0.0016 0.00332422 0.00651558 0.0016 0.00329071 0.00651596 -0.0001 0.00329088 0.00644439 0.0016 0.00326437 0.00644461 -0.0001 0.00326442 0.00637114 -0.0001 0.0032454 0.00637086 0.0016 0.00324533 0.00629606 0.0016 0.00323388 0.00629606 -0.0001 0.00323388 0.00592442 -0.0001 0.00329071 0.00599561 -0.0001 0.00326437 0.00599539 0.0016 0.00326442 0.00606915 -0.0001 0.00324533 0.00614394 0.0016 0.00323388 0.00606886 0.0016 0.0032454 0.00579142 0.0016 0.00336453 0.00573159 -0.0001 0.00341084 0.00579173 -0.0001 0.00336432 0.00592404 0.0016 0.00329088 0.00585597 0.0016 0.00332428 0.00585606 -0.0001 0.00332422 0.00562706 -0.0001 0.00352076 0.0056268 0.0016 0.00352109 0.00558356 -0.0001 0.00358322 0.00567648 -0.0001 0.00346321 0.00573133 0.0016 0.00341107 0.00567637 0.0016 0.00346331 0.00549395 -0.0001 0.00379198 0.00551675 -0.0001 0.00371936 0.00551663 0.0016 0.00371973 0.00554659 0.0016 0.00364983 0.00554674 -0.0001 0.00364954 0.00558347 0.0016 0.00358338 0.00547097 0.0016 0.00394217 0.00547097 -0.0001 0.00401783 0.00547097 -0.0001 0.00394191 0.00549394 0.0016 0.00379203 0.00547863 0.0016 0.00386662 0.0054787 -0.0001 0.00386622 0.00549394 -0.0001 0.00416797 0.00549395 0.0016 0.00416802 0.00551663 -0.0001 0.00424027 0.00547863 -0.0001 0.00409338 0.00547097 0.0016 0.00401809 0.0054787 0.0016 0.00409378 0.0056268 -0.0001 0.00443891 0.00558347 -0.0001 0.00437662 0.00558356 0.0016 0.00437678 0.00554674 0.0016 0.00431046 0.00554659 -0.0001 0.00431017 0.00551675 0.0016 0.00424064 0.00573159 0.0016 0.00454916 0.00573133 -0.0001 0.00454893 0.00567648 0.0016 0.00449679 0.00562706 0.0016 0.00443924 0.00567637 -0.0001 0.00449669 0.00579142 -0.0001 0.00459547 0.00579173 0.0016 0.00459568 0.00585606 0.0016 0.00463578 0.00585597 -0.0001 0.00463572 0.00592442 0.0016 0.00466929 0.00592404 -0.0001 0.00466912 0.00599539 -0.0001 0.00469558 0.00599561 0.0016 0.00469563 0.00606915 0.0016 0.00471467 0.00606886 -0.0001 0.0047146 0.00614394 0.0016 0.00472612 0.00614394 -0.0001 0.00472612 0.00716975 0.0015 0.00400171 0.00716903 0.0016 0.00393722 0.00716903 0.0016 0.0040224 0.006177 0.0015 0.003031 0.00622 0.0016 0.00303 0.00626341 0.0015 0.003031 0.00716142 0.0016 0.00410732 0.0071638 0.0015 0.00408819 0.0071462 0.0016 0.00419123 0.00715012 0.0015 0.00417332 0.0071286 0.0015 0.00425734 0.00712357 0.0016 0.00427333 0.00709357 0.0016 0.0043533 0.00709972 0.0015 0.00433859 0.00705668 0.0016 0.00442993 0.00706335 0.0015 0.0044173 0.00702017 0.0015 0.00449206 0.00701286 0.0016 0.00450333 0.0069629 0.0016 0.00457209 0.00697022 0.0015 0.00456279 0.00690671 0.0016 0.00463645 0.00691414 0.0015 0.00462856 0.00685229 0.0015 0.00468901 0.00684523 0.0016 0.00469523 0.0067785 0.0016 0.00474848 0.00678516 0.0015 0.00474358 0.00670745 0.0016 0.00479539 0.00671347 0.0015 0.00479178 0.00663748 0.0015 0.00483332 0.00663236 0.0016 0.00483583 0.00655397 0.0016 0.00486934 0.00655833 0.0015 0.00486771 0.00647295 0.0016 0.00489569 0.00647602 0.0015 0.00489483 0.00639201 0.0015 0.0049143 0.00638973 0.0016 0.0049147 0.00630541 0.0016 0.00492614 0.00630667 0.0015 0.00492602 0.00622 0.0016 0.00493 0.00622 0.0015 0.00493 0.00716778 0.0015 0.00391546 0.00716135 0.0016 0.00385223 0.00715798 0.0015 0.00382939 0.00714041 0.0015 0.00374485 0.00714616 0.0016 0.00376851 0.0071152 0.0015 0.00366204 0.0071234 0.0016 0.00368618 0.00709353 0.0016 0.00360659 0.00708258 0.0015 0.00358199 0.00704283 0.0015 0.0035052 0.00705642 0.0016 0.0035296 0.0069962 0.0015 0.0034323 0.00701282 0.0016 0.00345662 0.00696257 0.0016 0.0033875 0.00694325 0.0015 0.00336406 0.00688411 0.0015 0.00330071 0.00690655 0.0016 0.0033234 0.00681974 0.0015 0.00324327 0.00684487 0.0016 0.00326445 0.00677822 0.0016 0.00321133 0.00675005 0.0015 0.00319162 0.0066764 0.0015 0.00314684 0.0067071 0.0016 0.00316439 0.00659854 0.0015 0.00310868 0.00663196 0.0016 0.00312399 0.00655369 0.0016 0.00309054 0.00651795 0.0015 0.00307796 0.00643452 0.0015 0.00305454 0.00647247 0.0016 0.00306418 0.00634963 0.0015 0.00303891 0.00638957 0.0016 0.00304526 0.00630541 0.0016 0.00303386 0.00592256 0.0015 0.00307778 0.00596705 0.0016 0.00306431 0.00600578 0.0015 0.00305449 0.00609085 0.0015 0.00303883 0.00605027 0.0016 0.0030453 0.00613459 0.0016 0.00303386 0.00573255 0.0016 0.00316461 0.0057641 0.0015 0.00314656 0.00568998 0.0015 0.0031916 0.00588603 0.0016 0.00309066 0.00584163 0.0015 0.00310862 0.00580764 0.0016 0.00312417 0.00555597 0.0015 0.00330061 0.00549712 0.0015 0.00336364 0.00553329 0.0016 0.00332355 0.00562071 0.0015 0.0032429 0.00559477 0.0016 0.00326477 0.0056615 0.0016 0.00321152 0.00535756 0.0015 0.00358165 0.00538332 0.0016 0.00353007 0.00539744 0.0015 0.00350476 0.00542714 0.0016 0.00345666 0.0054771 0.0016 0.00338791 0.00544394 0.0015 0.00343207 0.0052938 0.0016 0.00376877 0.00529969 0.0015 0.00374439 0.00528209 0.0015 0.00382904 0.00534643 0.0016 0.0036067 0.00532496 0.0015 0.00366163 0.00531643 0.0016 0.00368667 0.00527026 0.0015 0.00400148 0.00527613 0.0015 0.00408763 0.00527097 0.0016 0.00402278 0.00527224 0.0015 0.00391493 0.00527097 0.0016 0.0039376 0.00527858 0.0016 0.00385268 0.00534025 0.0015 0.00433853 0.0053166 0.0016 0.00427382 0.00531123 0.0015 0.00425678 0.00529384 0.0016 0.00419149 0.00527865 0.0016 0.00410777 0.00528987 0.0015 0.00417322 0.00542718 0.0016 0.00450338 0.00541971 0.0015 0.00449189 0.00546946 0.0015 0.00456236 0.00534646 0.0016 0.00435341 0.00537639 0.0015 0.00441679 0.00538358 0.0016 0.0044304 0.00553345 0.0016 0.0046366 0.00558736 0.0015 0.00468868 0.00559513 0.0016 0.00469555 0.00552562 0.0015 0.00462833 0.00547743 0.0016 0.0045725 0.00566178 0.0016 0.00474867 0.00565449 0.0015 0.00474334 0.00572621 0.0015 0.00479156 0.0057329 0.0016 0.00479561 0.00580206 0.0015 0.00483312 0.00580804 0.0016 0.00483601 0.00588631 0.0016 0.00486946 0.00588141 0.0015 0.00486759 0.00596345 0.0015 0.00489469 0.00596753 0.0016 0.00489582 0.00604784 0.0015 0.00491426 0.00605043 0.0016 0.00491474 0.00613459 0.0016 0.00492614 0.00613333 0.0015 0.00492602</float_array>
          <technique_common>
            <accessor count="14880" source="#ID5" stride="3">
              <param name="X" type="float"/>
              <param name="Y" type="float"/>
              <param name="Z" type="float"/>
            </accessor>
          </technique_common>
        </source>
        <source id="ID6">
          <float_array count="44640" id="ID7">0 -1 0 0 -1 0 0 -1 0 0 -1 0 0 -1 0 0 -1 0 0 -1 0 0 -1 0 0 -1 0 0 -1 0 0 -1 0 0 -1 0 0 -1 0 0 -1 0 0 -1 0 0 -1 0 0 -1 0 0 -1 0 0 -1 0 0 -1 0 0 -1 0 0 -1 0 0 -1 0 0 -1 0 -0 -0 -1 -0 -0 -1 -0 -0 -1 -0 -0 -1 -1 -0 -0 -1 -0 -0 -1 -0 -0 -1 -0 -0 0 0 1 0 0 1 0 0 1 0 0 1 1 0 0 1 0 0 1 0 0 1 0 0 0 1 0 0 1 0 0 1 0 0 1 0 0 1 0 0 1 0 0 1 0 0 1 0 0 1 0 0 1 0 0 1 0 0 1 0 0 1 0 0 1 0 0 1 0 0 1 0 0 1 0 0 1 0 0 1 0 0 1 0 0 1 0 0 1 0 0 1 0 0 1 0 0 1 0 0 1 0 0 1 0 0 1 0 0 1 0 0 1 0 0 1 0 0 1 0 0 1 0 0 1 0 0 1 0 0 1 0 0 1 0 0 1 0 0 1 0 0 1 0 0 1 0 0 1 0 0 1 0 0 1 0 0 1 0 0 1 0 0 1 0 0 1 0 0 1 0 0 1 0 0 1 0 0 1 0 0 1 0 0 1 0 0 1 0 0 1 0 0 1 0 0 1 0 0 1 0 0 1 0 0 1 0 0 1 0 0 1 0 0 1 0 0 1 0 0 1 0 0 1 0 0 1 0 0 1 0 0 1 0 0 1 0 0 1 0 0 1 0 0 0 1 0 0 1 0 0 1 0 0 1 -0.758654 -0 -0.651494 -0.843805 -0 -0.53665 -0.758654 -0 -0.651494 -0.843805 -0 -0.53665 -0.907965 -0 -0.419047 -0.952201 -0 -0.305472 -0.907965 -0 -0.419047 -0.978688 -0 -0.205352 -0.952201 -0 -0.305472 -0.978688 -0 -0.205352 -0.993014 -0 -0.117997 -0.998374 -0 -0.057001 -0.993014 -0 -0.117997 -0.998374 -0 -0.057001 -0.662598 -0 -0.748975 -0.534609 -0 -0.8451 -0.662598 -0 -0.748975 -0.534609 -0 -0.8451 -0.400198 -0 -0.916429 -0.251092 -0 -0.967963 -0.400198 -0 -0.916429 -0.122588 -0 -0.992458 -0.251092 -0 -0.967963 -0.122588 -0 -0.992458 -0.0189246 -0 -0.999821 -0.0189246 -0 -0.999821 0.77647 0 -0.630155 0.663748 0 -0.747956 0.663748 0 -0.747956 0.542124 0 -0.840299 0.542124 0 -0.840299 0.402871 0 -0.915257 0.402871 0 -0.915257 0.258354 0 -0.96605 0.258354 0 -0.96605 0.110129 0 -0.993917 0.110129 0 -0.993917 0.0311875 0 -0.999514 0.0311875 0 -0.999514 0.77647 0 -0.630155 0.853758 0 -0.520671 0.853758 0 -0.520671 0.908977 0 -0.416847 0.908977 0 -0.416847 0.957203 0 -0.289417 0.957203 0 -0.289417 0.989236 0 -0.146332 0.989236 0 -0.146332 0.999415 0 -0.0341951 0.999415 0 -0.0341951 0.891363 0 0.45329 0.850541 0 0.52591 0.891365 0 0.453287 0.930635 0 0.365949 0.930633 0 0.365953 0.963133 0 0.269026 0.963132 0 0.269031 0.989457 0 0.144825 0.989458 0 0.144818 0.999758 0 0.0220185 0.999758 0 0.0220185 0.850542 0 0.525908 0.818296 0 0.574797 0.818296 0 0.574798 0.789667 0 0.613536 0.789667 0 0.613535 0.768049 0 0.640391 0.768049 0 0.640391 0.754097 0 0.656763 0.754097 0 0.656763 0.753436 0 0.657521 0.753436 0 0.657521 0.753436 0 0.657521 0.753436 0 0.657521 0 0 -1 0 0 -1 0 0 -1 0 0 -1 1 0 0 1 0 0 1 0 0 1 0 0 0 0 1 0 0 1 0 0 1 0 0 1 -1 0 0 -1 0 0 -1 0 0 -1 0 0 -0.728771 0 -0.684757 -0.728771 0 -0.684757 -0.728771 0 -0.684757 -0.728771 0 -0.684757 -0.775171 0 -0.631751 -0.791122 0 -0.611659 -0.775171 0 -0.631751 -0.791122 0 -0.611659 -0.74995 0 -0.661494 -0.74995 0 -0.661494 -0.825406 0 -0.56454 -0.731326 0 -0.682029 -0.736449 0 -0.676494 -0.736449 0 -0.676494 -0.731326 0 -0.682029 -0.825406 0 -0.56454 -0.866153 0 -0.49978 -0.866153 0 -0.49978 -0.913433 0 -0.406989 -0.947394 0 -0.320071 -0.913433 0 -0.406989 -0.984522 0 -0.175264 -0.947394 0 -0.320071 -0.984522 0 -0.175264 -0.998824 0 -0.048486 -0.998824 0 -0.048486 -0.300467 -1.2783e-14 0.953792 -0.141066 -1.6042e-14 0.99 -0.30048 -1.27827e-14 0.953788 0.0221164 -1.88726e-14 0.999755 -0.141054 -1.60422e-14 0.990002 0.0221295 -1.88728e-14 0.999755 -0.59117 -5.33554e-15 0.806547 -0.71468 -1.34669e-15 0.699452 -0.714671 -1.34701e-15 0.699461 -0.59116 -5.33585e-15 0.806554 -0.451851 -9.1821e-15 0.892093 -0.451863 -9.1818e-15 0.892087 -0.960034 1.04072e-14 0.279883 -0.901611 6.63141e-15 0.432548 -0.960038 1.04075e-14 0.279871 -0.901606 6.63111e-15 0.432559 -0.819083 2.67784e-15 0.573676 -0.81909 2.67815e-15 0.573665 -0.992808 1.39054e-14 0.119715 -0.992807 1.39051e-14 0.119728 -0.999047 1.70317e-14 -0.0436402 -0.999047 1.70317e-14 -0.0436402 0.8295 0 0.558507 0.760285 0 0.64959 0.760289 0 0.649585 0.67977 0 0.733425 0.829497 0 0.558511 0.679776 0 0.73342 0.57668 0 0.81697 0.576688 0 0.816965 0.433464 0 0.901171 0.433452 0 0.901177 0.29141 0 0.956598 0.291421 0 0.956595 0.131344 0 0.991337 0.131358 0 0.991335 0.0353474 0 0.999375 0.0353474 0 0.999375 0.88888 0 0.45814 0.928343 0 0.371724 0.888878 0 0.458144 0.95782 0 0.287368 0.928342 0 0.371727 0.95782 0 0.28737 0.978836 0 0.204645 0.989196 0 0.146597 0.978836 0 0.204646 0.996826 0 0.0796076 0.989196 0 0.146598 0.996826 0 0.0796081 0.99901 0 0.0444884 0.99901 0 0.0444884 0 1 0 0 1 0 0 1 0 0 1 0 0 1 0 0 1 0 0 1 0 0 0 -1 0 0 -1 0 0 -1 0 0 -1 0.940342 0 -0.340231 0.940342 0 -0.340231 0.940342 0 -0.340231 0.940342 0 -0.340231 -0.940087 0 -0.340934 -0.940087 0 -0.340934 -0.940087 0 -0.340934 -0.940087 0 -0.340934 0 0 -1 0 0 -1 0 0 -1 0 0 -1 0.940112 0 0.340866 0.940112 0 0.340866 0.940112 0 0.340866 0.940112 0 0.340866 0 0 1 0 0 1 0 0 1 0 0 1 -0.940293 0 0.340366 -0.940293 0 0.340366 -0.940293 0 0.340366 -0.940293 0 0.340366 0 1 0 0 1 0 0 1 0 0 1 0 0 1 0 0 1 0 0 1 0 0 1 0 0 1 0 0 1 0 0 1 0 0 1 0 0 0 -1 0 0 -1 0 0 -1 0 0 -1 0.838193 0 -0.545374 0.838193 0 -0.545374 0.838193 0 -0.545374 0.838193 0 -0.545374 -0.837715 0 -0.546108 -0.837715 0 -0.546108 -0.837715 0 -0.546108 -0.837715 0 -0.546108 0 0 -1 0 0 -1 0 0 -1 0 0 -1 0.837666 0 0.546183 0.837666 0 0.546183 0.837666 0 0.546183 0.837666 0 0.546183 0.838102 0 -0.545514 0.838102 0 -0.545514 0.838102 0 -0.545514 0.838102 0 -0.545514 0 0 1 0 0 1 0 0 1 0 0 1 -0.83827 0 0.545255 -0.83827 0 0.545255 -0.83827 0 0.545255 -0.83827 0 0.545255 0.837604 0 0.546278 0.837604 0 0.546278 0.837604 0 0.546278 0.837604 0 0.546278 0 0 1 0 0 1 0 0 1 0 0 1 -0.837604 0 -0.546278 -0.837604 0 -0.546278 -0.837604 0 -0.546278 -0.837604 0 -0.546278 -0.838039 0 0.545611 -0.838039 0 0.545611 -0.838039 0 0.545611 -0.838039 0 0.545611 0 1 0 0 1 0 0 1 0 0 1 0 0 1 0 0 1 0 0 0 -1 0 0 -1 0 0 -1 0 0 -1 1 0 0 1 0 0 1 0 0 1 0 0 0 0 1 0 0 1 0 0 1 0 0 1 -1 0 0 -1 0 0 -1 0 0 -1 0 0 0 0 1 0 0 1 0 0 1 0 0 1 -0.841113 0 -0.54086 -0.841113 0 -0.54086 -0.841113 0 -0.54086 -0.841113 0 -0.54086 0 1 0 0 1 0 0 1 0 0 1 0 -0.934219 0 -0.356699 -0.934219 0 -0.356699 -0.934219 0 -0.356699 -0.934219 0 -0.356699 0 0 -1 0 0 -1 0 0 -1 0 0 -1 0.934219 0 0.356699 0.934219 0 0.356699 0.934219 0 0.356699 0.934219 0 0.356699 0 0 1 0 0 1 0 0 1 0 0 1 0 1 0 0 1 0 0 1 0 0 1 0 0 1 0 0 1 0 0 1 0 0 1 0 0 1 0 0 1 0 0 1 0 0 1 0 0 1 0 0 1 0 0 1 0 0 1 0 0 1 0 0 1 0 0 1 0 0 1 0 0 1 0 0 1 0 0 1 0 0 1 0 0 1 0 0 1 0 0 1 0 0 1 0 0 1 0 0 1 0 0 1 0 0 1 0 0 1 0 0 1 0 0 1 0 0 1 0 0 1 0 0 1 0 0 1 0 0 1 0 0 1 0 0 1 0 0 1 0 0 1 0 0 1 0 0 1 0 0 1 0 0 1 0 0 1 0 0 1 0 0 1 0 0 1 0 0 1 0 0 1 0 0 1 0 0 1 0 0 1 0 0 1 0 0 1 0 0 1 0 0 1 0 0 1 0 0 1 0 0 1 0 0 1 0 0 1 0 0 1 0 0 1 0 0 1 0 0 1 0 0 1 0 0 1 0 0 1 0 0 1 0 0 1 0 0 1 0 -0.991481 0 -0.130251 -0.975387 0 -0.220502 -0.975387 0 -0.220499 -0.944149 0 -0.329518 -0.944147 0 -0.329524 -0.87742 0 -0.479723 -0.87742 0 -0.479723 -0.991481 0 -0.130252 -0.996565 0 -0.0828132 -0.999555 0 -0.0298156 -0.996565 0 -0.0828141 -0.999555 0 -0.0298158 -0.99994 0 -0.0109262 -0.99994 0 -0.0109262 -0.423277 -1.66804e-15 -0.906 -0.423287 -1.66808e-15 -0.905995 -0.552537 -2.22085e-15 -0.833489 -0.279356 -1.05583e-15 -0.960187 -0.279344 -1.05578e-15 -0.960191 -0.120511 -3.83521e-16 -0.992712 -0.120529 -3.83596e-16 -0.99271 -0.0295503 1.69965e-27 -0.999563 -0.0295503 -4.93072e-24 -0.999563 -0.55253 -2.22082e-15 -0.833493 -0.660866 -2.68691e-15 -0.750503 -0.750561 -3.07541e-15 -0.660801 -0.660862 -2.68689e-15 -0.750507 -0.818774 -3.37316e-15 -0.574116 -0.750559 -3.0754e-15 -0.660804 -0.818774 -3.37316e-15 -0.574117 -0.844344 -3.4855e-15 -0.535801 -0.844344 -3.4855e-15 -0.535801 0.975412 0 -0.22039 0.983994 0 -0.178199 0.983994 0 -0.178199 0.964052 0 -0.265713 0.975412 0 -0.22039 0.993686 0 -0.112194 0.990443 0 -0.137924 0.990443 0 -0.137924 0.993686 0 -0.112194 0.995927 0 -0.0901579 0.997912 0 -0.0645866 0.997912 0 -0.0645866 0.999113 0 -0.0421159 0.995927 0 -0.0901579 0.999674 0 -0.0255224 0.999881 0 -0.0153981 0.999674 0 -0.0255224 0.999113 0 -0.042116 0.999881 0 -0.0153981 0.999928 0 -0.0120229 0.999928 0 -0.0120229 0.964052 0 -0.265713 0.941747 0 -0.336324 0.907043 0 -0.421037 0.941746 0 -0.336324 0.858147 0 -0.513403 0.907043 0 -0.421037 0.858147 0 -0.513403 0.792846 0 -0.609422 0.719529 0 -0.694463 0.792846 0 -0.609422 0.618174 0 -0.786041 0.719529 0 -0.694463 0.618174 0 -0.786041 0.475824 0 -0.87954 0.320306 0 -0.947314 0.475824 0 -0.87954 0.151786 0 -0.988413 0.320306 0 -0.947314 0.151786 0 -0.988413 0.0416849 0 -0.999131 0.0416849 0 -0.999131 0.956659 -5.75272e-16 0.291209 0.95666 -5.75272e-16 0.291208 0.969859 -5.84701e-16 0.243666 0.929052 -5.56151e-16 0.369949 0.92905 -5.56149e-16 0.369954 0.839538 -4.96522e-16 0.543301 0.898354 -5.35416e-16 0.439273 0.898352 -5.35415e-16 0.439276 0.749284 -4.38015e-16 0.662249 0.839543 -4.96525e-16 0.543293 0.324757 -1.70794e-16 0.945798 0.324767 -1.70801e-16 0.945794 0.474187 -2.63858e-16 0.880424 0.749291 -4.38019e-16 0.662241 0.617844 -3.54231e-16 0.7863 0.617852 -3.54235e-16 0.786295 0.474177 -2.63852e-16 0.880429 0.145208 -5.99839e-17 0.989401 0.145221 -5.99923e-17 0.989399 0.0473449 1.2176e-28 0.998879 0.0473449 -3.26621e-25 0.998879 0.969859 -5.847e-16 0.243668 0.981941 -5.93648e-16 0.189185 0.988344 -5.98623e-16 0.152236 0.981941 -5.93648e-16 0.189187 0.993425 -6.02815e-16 0.114484 0.988344 -5.98623e-16 0.152237 0.993425 -6.02815e-16 0.114485 0.996213 -6.05313e-16 0.0869415 0.997245 -6.06311e-16 0.0741781 0.996213 -6.05313e-16 0.0869418 0.998464 -6.07597e-16 0.055413 0.997245 -6.06311e-16 0.0741784 0.998464 -6.07597e-16 0.0554133 0.99941 -6.08784e-16 0.0343416 0.999827 -6.09493e-16 0.0186156 0.99941 -6.08784e-16 0.0343418 0.999932 -6.09759e-16 0.0116513 0.999827 -6.09493e-16 0.0186157 0.999932 -6.09759e-16 0.0116513 0.999955 -6.09836e-16 0.00946402 0.999955 -6.09836e-16 0.00946402 -0.985529 -5.49257e-18 0.169508 -0.978504 -6.71303e-18 0.206227 -0.978504 -6.71303e-18 0.206227 -0.968128 -8.18338e-18 0.250456 -0.990293 -4.47854e-18 0.138995 -0.990293 -4.47854e-18 0.138995 -0.985529 -5.49257e-18 0.169508 -0.993732 -3.57449e-18 0.111788 -0.993732 -3.57449e-18 0.111788 -0.996062 -2.80623e-18 0.0886648 -0.996062 -2.80623e-18 0.0886648 -0.997447 -2.23301e-18 0.0714107 -0.997447 -2.23301e-18 0.0714107 -0.998348 -1.76961e-18 0.0574613 -0.999779 -5.58606e-19 0.0210034 -0.999186 -1.20058e-18 0.0403311 -0.999186 -1.20058e-18 0.0403311 -0.998348 -1.76961e-18 0.0574613 -0.999779 -5.58606e-19 0.0210034 -0.999965 -1.39632e-19 0.00838872 -0.999965 -1.39632e-19 0.00838872 -0.999991 9.174e-32 0.00418445 -0.999991 9.174e-32 0.00418445 -0.968128 -8.18338e-18 0.250456 -0.952784 -9.95209e-18 0.303649 -0.952784 -9.95209e-18 0.303649 -0.927748 -1.22656e-17 0.373206 -0.888527 -1.51146e-17 0.458824 -0.927748 -1.22656e-17 0.373206 -0.839003 -1.79544e-17 0.544127 -0.888527 -1.51146e-17 0.458824 -0.839003 -1.79544e-17 0.544127 -0.781979 -2.0592e-17 0.623305 -0.709944 -2.32905e-17 0.704258 -0.781979 -2.0592e-17 0.623305 -0.613666 -2.6137e-17 0.789566 -0.709944 -2.32905e-17 0.704258 -0.613666 -2.6137e-17 0.789566 -0.472757 -2.91997e-17 0.881193 -0.31643 -3.14606e-17 0.948616 -0.472757 -2.91997e-17 0.881193 -0.145852 -3.28357e-17 0.989307 -0.31643 -3.14606e-17 0.948616 -0.145852 -3.28357e-17 0.989307 -0.0408014 -3.31777e-17 0.999167 -0.0408014 -3.31777e-17 0.999167 0.899864 0 -0.436171 0.899864 0 -0.436171 0.845597 0 -0.533822 0.767633 0 -0.640889 0.845597 0 -0.533822 0.659482 0 -0.75172 0.767633 0 -0.640889 0.659482 0 -0.75172 0.530023 0 -0.847983 0.388075 0 -0.921628 0.530023 0 -0.847983 0.245436 0 -0.969413 0.388075 0 -0.921628 0.245436 0 -0.969413 0.121512 0 -0.99259 0.0148436 0 -0.99989 0.121512 0 -0.99259 0.0148436 0 -0.99989 0.937126 0 -0.348992 0.937126 0 -0.348992 0.965978 0 -0.258623 0.981243 0 -0.192774 0.965978 0 -0.258623 0.990202 0 -0.139641 0.981243 0 -0.192774 0.990202 0 -0.139641 0.995877 0 -0.0907136 0.998374 0 -0.0569946 0.995877 0 -0.0907136 0.99972 0 -0.0236731 0.998374 0 -0.0569946 0.99972 0 -0.0236731 0.999985 0 -0.0055364 0.999985 0 -0.0055364 0.882578 0 0.470166 0.922407 0 0.386219 0.922407 0 0.386219 0.950555 0 0.310557 0.950555 0 0.310557 0.973808 0 0.227374 0.973808 0 0.227374 0.984908 0 0.173079 0.984908 0 0.173079 0.992478 0 0.122423 0.992478 0 0.122423 0.996267 0 0.0863198 0.996267 0 0.0863198 0.998569 0 0.0534702 0.998569 0 0.0534702 0.999795 0 0.0202628 0.999795 0 0.0202628 0.999983 0 0.00590941 0.999983 0 0.00590941 0.882578 0 0.470166 0.833095 0 0.553129 0.833095 0 0.553129 0.753018 0 0.658 0.753018 0 0.658 0.643153 0 0.765738 0.643153 0 0.765738 0.506227 0 0.8624 0.506227 0 0.8624 0.355616 0 0.934632 0.355616 0 0.934632 0.215313 0 0.976545 0.215313 0 0.976545 0.0998344 0 0.995004 0.0998344 0 0.995004 0.0169131 0 0.999857 0.0169131 0 0.999857 -0.895351 1.08283e-15 0.445361 -0.895351 1.08283e-15 0.445361 -0.838097 1.01088e-15 0.545521 -0.759208 9.12433e-16 0.650848 -0.838097 1.01088e-15 0.545521 -0.654264 7.82199e-16 0.756266 -0.759208 9.12433e-16 0.650848 -0.654264 7.82199e-16 0.756266 -0.517222 6.12933e-16 0.855851 -0.371351 4.33464e-16 0.928492 -0.517222 6.12933e-16 0.855851 -0.226211 2.55456e-16 0.974078 -0.371351 4.33464e-16 0.928492 -0.226211 2.55456e-16 0.974078 -0.105749 1.08083e-16 0.994393 -0.0172398 3.76448e-28 0.999851 -0.105749 1.08083e-16 0.994393 -0.0172398 4.78477e-28 0.999851 -0.933644 1.13137e-15 0.358201 -0.933644 1.13137e-15 0.358201 -0.962791 1.16878e-15 0.270248 -0.981485 1.19324e-15 0.191537 -0.962791 1.16878e-15 0.270248 -0.990767 1.20574e-15 0.135572 -0.981485 1.19324e-15 0.191537 -0.990767 1.20574e-15 0.135572 -0.995484 1.21235e-15 0.0949279 -0.998278 1.21652e-15 0.0586524 -0.995484 1.21235e-15 0.0949279 -0.999743 1.21906e-15 0.022653 -0.998278 1.21652e-15 0.0586524 -0.999743 1.21906e-15 0.022653 -0.999982 1.21971e-15 0.00592291 -0.999982 1.21971e-15 0.00592291 -0.991512 1.20932e-15 -0.130012 -0.991512 1.20932e-15 -0.130012 -0.980463 1.86933e-15 -0.196704 -0.99672 7.23814e-16 -0.08093 -0.99672 7.23814e-16 -0.08093 -0.999483 2.41404e-16 -0.0321425 -0.999483 2.41404e-16 -0.0321425 -0.99997 6.49059e-28 -0.00772169 -0.99997 -3.48094e-28 -0.00772169 -0.980463 1.86933e-15 -0.196704 -0.957796 2.76795e-15 -0.28745 -0.957796 2.76795e-15 -0.28745 -0.917274 3.86622e-15 -0.398256 -0.917274 3.86622e-15 -0.398256 -0.855039 5.06006e-15 -0.518565 -0.855039 5.06006e-15 -0.518565 -0.536756 0 -0.843738 -0.536756 0 -0.843738 -0.405002 -0 -0.914316 -0.656518 0 -0.754311 -0.656518 0 -0.754311 -0.761613 0 -0.648032 -0.761613 0 -0.648032 -0.849694 0 -0.527276 -0.849694 0 -0.527276 -0.405003 -0 -0.914315 -0.264202 -0 -0.964467 -0.264202 -0 -0.964467 -0.117498 -0 -0.993073 -0.117498 -0 -0.993073 0.0318299 0 -0.999493 0.0318299 0 -0.999493 0 1 0 0 1 0 0 1 0 0 1 0 0 1 0 0 1 0 0 1 0 0 1 0 0 1 0 0 1 0 0 1 0 0 1 0 0 1 0 0 1 0 0 1 0 0 1 0 0 1 0 0 1 0 0 1 0 0 1 0 0 1 0 0 1 0 0 1 0 0 1 0 0 1 0 0 1 0 0 1 0 0 1 0 0 1 0 0 1 0 0 1 0 0 1 0 0 1 0 0 1 0 0 1 0 0 1 0 0 1 0 0 1 0 0 1 0 0 1 0 0 1 0 0 1 0 0 1 0 0 1 0 0 1 0 0 1 0 0 1 0 0 1 0 0 1 0 0 1 0 0 1 0 0 1 0 0 1 0 0 1 0 0 1 0 0 1 0 0 1 0 0 1 0 0 1 0 0 1 0 0 1 0 0 1 0 0 1 0 0 1 0 0 1 0 0 1 0 0 1 0 0 1 0 0 1 0 0 1 0 0 1 0 0 1 0 0 1 0 0 1 0 0 1 0 0 1 0 0 1 0 0 1 0 0 1 0 0 1 0 0 1 0 0 1 0 0 1 0 0 1 0 0 1 0 0 1 0 0 1 0 0 1 0 0 1 0 0 1 0 0 1 0 0 1 0 0 1 0 0 1 0 0 1 0 0 1 0 0 1 0 0 1 0 0 1 0 0 1 0 0 1 0 0 1 0 0 1 0 0 1 0 0 1 0 0 1 0 0 1 0 0 1 0 0 1 0 0 1 0 0 1 0 0 1 0 0 1 0 0 1 0 0 1 0 0 1 0 0 1 0 0 1 0 0 1 0 0 1 0 0 1 0 0 1 0 0 1 0 0 1 0 0 1 0 0 1 0 0 1 0 0 1 0 0 1 0 0 1 0 0 1 0 0 1 0 0 1 0 0 1 0 0 1 0 0 1 0 0 1 0 0 1 0 0 1 0 0 1 0 0 1 0 0 1 0 0 1 0 0 1 0 0 1 0 0 0 -1 0 0 -1 0 0 -1 0 0 -1 1 0 0 1 0 0 1 0 0 1 0 0 0 0 -1 0 0 -1 0 0 -1 0 0 -1 1 0 0 1 0 0 1 0 0 1 0 0 0 0 1 0 0 1 0 0 1 0 0 1 -1 0 0 -1 0 0 -1 0 0 -1 0 0 0 1 0 0 1 0 0 1 0 0 1 0 0 1 0 0 1 0 0 1 0 0 1 0 0 1 0 0 1 0 0 1 0 0 1 0 0 1 0 0 1 0 0 1 0 0 1 0 0 1 0 0 1 0 0 1 0 0 1 0 0 1 0 0 1 0 0 1 0 0 1 0 0 1 0 0 1 0 0 1 0 0 1 0 0 1 0 0 1 0 0 1 0 0 1 0 0 1 0 0 1 0 0 1 0 0 1 0 0 1 0 0 1 0 0 1 0 0 1 0 0 1 0 0 1 0 0 1 0 0 1 0 0 1 0 0 1 0 0 1 0 0 1 0 0 1 0 0 1 0 0 1 0 0 1 0 0 1 0 0 1 0 0 1 0 0 1 0 0 1 0 0 1 0 0 1 0 0 1 0 0 1 0 0 1 0 0 1 0 0 1 0 0 1 0 0 1 0 0 1 0 0 1 0 0 1 0 0 1 0 0 1 0 0 1 0 0 1 0 0 1 0 0 1 0 0 1 0 0 1 0 0 1 0 0 1 0 0 1 0 0 1 0 0 1 0 0 1 0 0 1 0 0 1 0 0 1 0 0 1 0 0 1 0 0 1 0 0 1 0 0 1 0 0 1 0 0 1 0 0 1 0 0 1 0 0 1 0 0 1 0 0 1 0 0 1 0 0 1 0 0 1 0 0 1 0 0 1 0 0 1 0 0 1 0 0 1 0 0 1 0 0 1 0 0 1 0 0 1 0 0 1 0 0 1 0 0 1 0 0 1 0 0 1 0 0 1 0 0 1 0 0 1 0 0 1 0 0 1 0 0 1 0 0 1 0 0 1 0 0 1 0 0 1 0 0 1 0 0 1 0 0 1 0 0 1 0 0 1 0 0 1 0 0 1 0 0 0 1 0 0 1 0 0 1 0 0 1 -0.91912 0 -0.393977 -0.919122 0 -0.393972 -0.970351 0 -0.241698 -0.996534 0 -0.0831856 -0.970351 0 -0.241701 -0.996534 0 -0.0831859 -0.844165 -0 -0.536083 -0.844169 -0 -0.536077 -0.74742 -0 -0.664352 -0.747426 -0 -0.664345 -0.306294 -0 -0.951937 -0.463516 0 -0.886089 -0.463511 0 -0.886091 -0.607261 0 -0.794502 -0.607267 0 -0.794498 -0.733382 0 -0.679817 -0.733369 0 -0.679831 -0.306298 -0 -0.951936 -0.140179 -0 -0.990126 -0.140181 -0 -0.990126 0.0300092 0 -0.99955 0.0300092 0 -0.99955 0.723601 0 -0.690219 0.633167 0 -0.774016 0.633167 0 -0.774016 0.504977 0 -0.863133 0.504977 0 -0.863133 0.385036 0 -0.922902 0.385036 0 -0.922902 0.248936 0 -0.96852 0.248936 0 -0.96852 0.112233 0 -0.993682 0.112233 0 -0.993682 0.0236015 0 -0.999721 0.0236015 0 -0.999721 0.723601 0 -0.690219 0.813528 0 -0.581526 0.813528 0 -0.581526 0.890132 0 -0.455703 0.890132 0 -0.455703 0.954451 0 -0.298366 0.954451 0 -0.298366 0.988738 0 -0.149657 0.988738 0 -0.149657 0.999731 0 -0.0231756 0.999731 0 -0.0231756 0.879012 -8.24525e-16 0.4768 0.879009 -8.24533e-16 0.476805 0.790932 -1.08226e-15 0.611904 0.948927 -5.19324e-16 0.315495 0.948925 -5.19336e-16 0.315501 0.988326 -2.12892e-16 0.152356 0.988327 -2.12874e-16 0.152346 0.999263 5.24701e-29 0.0383841 0.999263 -8.01165e-25 0.0383841 0.790934 -1.08225e-15 0.611901 0.679541 -1.31678e-15 0.733638 0.679542 -1.31678e-15 0.733637 0.562036 -1.49914e-15 0.827113 0.562036 -1.49914e-15 0.827113 0.488521 -1.58897e-15 0.872552 0.488521 -1.58897e-15 0.872552 0.702999 0 -0.71119 0.810792 0 -0.585334 0.810792 0 -0.585335 0.575904 0 -0.817518 0.703 0 -0.71119 0.575905 0 -0.817517 0.432994 0 -0.901397 0.278196 0 -0.960524 0.432996 0 -0.901396 0.278197 0 -0.960524 0.896321 0 -0.443407 0.957237 0 -0.289304 0.89632 0 -0.443407 0.99187 0 -0.127256 0.957237 0 -0.289304 0.99187 0 -0.127257 0.999267 0 0.038285 0.999267 0 0.038285 0.620279 4.17805e-17 0.784381 0.727374 3.6241e-17 0.686241 0.727374 3.6241e-17 0.686241 0.81568 3.02092e-17 0.578504 0.81568 3.02092e-17 0.578504 0.89549 2.27895e-17 0.445083 0.89549 2.27895e-17 0.445083 0.956367 1.43373e-17 0.292167 0.956367 1.43373e-17 0.292167 0.991403 5.46968e-18 0.130845 0.991403 5.46968e-18 0.130845 0.999522 5.87341e-30 0.0309212 0.999522 3.85256e-30 0.0309212 0.620279 4.17805e-17 0.784381 0.500387 4.64286e-17 0.865802 0.500387 4.64286e-17 0.865802 0.364107 5.02383e-17 0.931357 0.364107 5.02383e-17 0.931357 0.231646 5.27248e-17 0.9728 0.231646 5.27248e-17 0.9728 0.106183 5.41132e-17 0.994347 0.106183 5.41132e-17 0.994347 0.0195691 5.45578e-17 0.999808 0.0195691 5.45578e-17 0.999808 -0.770342 0 0.63763 -0.662567 0 0.749003 -0.662567 0 0.749003 -0.530688 0 0.847567 -0.530688 0 0.847567 -0.39253 0 0.919739 -0.39253 0 0.919739 -0.246794 0 0.969068 -0.246794 0 0.969068 -0.114627 0 0.993409 -0.114627 0 0.993409 -0.0218095 0 0.999762 -0.0218095 0 0.999762 -0.770342 0 0.63763 -0.858719 0 0.512446 -0.85872 0 0.512446 -0.925066 0 0.379807 -0.925066 0 0.379807 -0.965589 0 0.260072 -0.965589 0 0.260072 -0.989087 0 0.147331 -0.989087 0 0.147331 -0.9972 0 0.0747853 -0.9972 0 0.0747853 0 0 -1 0 0 -1 0 0 -1 0 0 -1 0.75847 3.44534e-15 -0.651708 0.644544 4.33899e-15 -0.764567 0.75847 3.44534e-15 -0.651708 0.912267 1.63793e-15 -0.409596 0.849029 2.50965e-15 -0.528347 0.849029 2.50966e-15 -0.528347 0.947649 9.9055e-16 -0.319313 0.912267 1.63793e-15 -0.409596 0.947649 9.9055e-16 -0.319313 0.975635 2.8764e-16 -0.219399 0.975635 2.8764e-16 -0.219399 0.984038 2.22319e-28 -0.177961 0.984038 2.22319e-28 -0.177961 0.644544 4.33899e-15 -0.764567 0.514004 5.12128e-15 -0.857788 0.514004 5.12128e-15 -0.857788 0.377417 5.74371e-15 -0.926044 0.377417 5.74371e-15 -0.926044 0.233015 6.22947e-15 -0.972473 0.233015 6.22947e-15 -0.972473 0.0954272 6.54984e-15 -0.995436 0.0954272 6.54984e-15 -0.995436 0.0426937 6.63815e-15 -0.999088 0.0426937 6.63815e-15 -0.999088 -0.505614 0 -0.86276 -0.505605 0 -0.862765 -0.357521 0 -0.933905 -0.236324 0 -0.971674 -0.357531 0 -0.933901 -0.61582 0 -0.787887 -0.615814 0 -0.787892 -0.236336 0 -0.971672 -0.108331 0 -0.994115 -0.108345 0 -0.994113 -0.0171458 0 -0.999853 -0.0171458 0 -0.999853 -0.711375 0 -0.702813 -0.711369 0 -0.702818 -0.81277 0 -0.582585 -0.812768 0 -0.582588 -0.901027 0 -0.433764 -0.901029 0 -0.433759 -0.955531 0 -0.294889 -0.95553 0 -0.294894 -0.988561 0 -0.150818 -0.988561 0 -0.15082 -0.999898 0 -0.0142679 -0.999898 0 -0.0142679 -0.688251 0 0.725473 -0.618834 0 0.785522 -0.688251 0 0.725473 -0.618834 0 0.785522 -0.516157 0 0.856494 -0.79226 0 0.610183 -0.874 0 0.485925 -0.874 0 0.485925 -0.79226 0 0.610183 -0.516157 0 0.856494 -0.946068 0 0.323967 -0.946068 0 0.323967 -0.986965 0 0.160936 -0.986965 0 0.160936 -0.999401 0 0.0346172 -0.999401 0 0.0346172 -0.430193 0 0.902737 -0.430193 0 0.902737 -0.339232 0 0.940703 -0.339232 0 0.940703 -0.272206 0 0.962239 -0.272206 0 0.962239 -0.194223 0 0.980957 -0.194223 0 0.980957 -0.140495 0 0.990081 -0.140495 0 0.990081 -0.0996958 0 0.995018 -0.0996959 0 0.995018 -0.0447792 0 0.998997 -0.0447792 0 0.998997 -0.0212029 0 0.999775 -0.0212029 0 0.999775 -1 0 0 -1 0 0 -1 0 0 -1 0 0 -0.318299 0 -0.94799 -0.408827 0 -0.912612 -0.318299 0 -0.94799 -0.408827 0 -0.912612 -0.255809 0 -0.966727 -0.255809 0 -0.966727 -0.206778 0 -0.978388 -0.1655 0 -0.98621 -0.206778 0 -0.978388 -0.1655 0 -0.98621 -0.131807 0 -0.991275 -0.131807 0 -0.991275 -0.105973 0 -0.994369 -0.0901388 0 -0.995929 -0.105973 0 -0.994369 -0.0901388 0 -0.995929 -0.084856 0 -0.996393 -0.084856 0 -0.996393 -0.49091 0 -0.871211 -0.49091 0 -0.871211 -0.567485 0 -0.823384 -0.567485 0 -0.823384 -0.657672 0 -0.753305 -0.657672 0 -0.753305 -0.740285 0 -0.672293 -0.740285 0 -0.672293 -0.816538 0 -0.577291 -0.816538 0 -0.577291 -0.889516 0 -0.456903 -0.889516 0 -0.456903 -0.944128 0 -0.329579 -0.944128 0 -0.329579 -0.988522 0 -0.151077 -0.988522 0 -0.151077 -0.999221 0 -0.0394709 -0.999221 0 -0.0394709 -0.24597 0 0.969277 -0.0825051 0 0.996591 -0.245973 0 0.969277 0.0832294 0 0.99653 -0.0825035 0 0.996591 0.0832294 0 0.99653 -0.548336 0 0.836258 -0.678926 0 0.734207 -0.67892 0 0.734213 -0.548331 0 0.836262 -0.402681 0 0.91534 -0.402685 0 0.915339 -0.947095 0 0.320954 -0.881083 0 0.472961 -0.947099 0 0.320942 -0.881078 0 0.472971 -0.79086 0 0.611997 -0.790866 0 0.611989 -0.9871 0 0.160107 -0.987097 0 0.160121 -0.999987 -0 -0.005126 -0.999987 -0 -0.005126 0.828319 4.32649e-15 0.560256 0.906901 4.66982e-15 0.421345 0.828294 4.32637e-15 0.560295 0.962394 4.89424e-15 0.271656 0.90691 4.66986e-15 0.421324 0.962394 4.89424e-15 0.271656 0.610291 3.32026e-15 0.792178 0.476451 2.68323e-15 0.879201 0.476552 2.68372e-15 0.879146 0.610364 3.3206e-15 0.792121 0.728624 3.87288e-15 0.684914 0.728576 3.87266e-15 0.684965 0.330468 1.97782e-15 0.943817 0.176063 1.222e-15 0.984379 0.176222 1.22278e-15 0.98435 0.330599 1.97845e-15 0.943771 0.0171711 4.35038e-16 0.999853 0.0173554 4.35956e-16 0.999849 0 1 0 0 1 0 0 1 0 0 1 0 0 1 0 0 1 0 0 1 0 0 1 0 0 1 0 0 1 0 0 1 0 0 1 0 0 1 0 0 1 0 0 1 0 0 1 0 0 1 0 0 1 0 0 1 0 0 1 0 0 1 0 0 1 0 0 1 0 0 1 0 0 1 0 0 1 0 0 1 0 0 1 0 0 1 0 0 1 0 0 1 0 0 1 0 0 1 0 0 1 0 0 1 0 0 1 0 0 1 0 0 1 0 0 1 0 0 1 0 0 1 0 0 1 0 0 1 0 0 1 0 0 1 0 0 1 0 0 1 0 0 1 0 0 1 0 0 1 0 0 1 0 0 1 0 0 1 0 0 1 0 0 1 0 0 1 0 0 1 0 0 1 0 0 1 0 0 1 0 0 1 0 0 1 0 0 1 0 0 1 0 0 1 0 0 1 0 0 1 0 0 1 0 0 1 0 0 1 0 0 1 0 0 1 0 0 1 0 0 1 0 0 1 0 0 1 0 0 1 0 0 1 0 0 1 0 0 1 0 0 0 -1 0 0 -1 0 0 -1 0 0 -1 1 0 0 1 0 0 1 0 0 1 0 0 0 0 1 0 0 1 0 0 1 0 0 1 0.979324 0 0.202297 0.979324 0 0.202297 0.979324 0 0.202297 0.979324 0 0.202297 -0.301378 -2.31077e-15 -0.953505 -0.155431 1.65326e-16 -0.987847 -0.155431 1.65326e-16 -0.987847 -0.300971 -2.30378e-15 -0.953633 -0.00641573 2.63074e-15 -0.999979 -0.00641573 2.63074e-15 -0.999979 0.795763 0 -0.605608 0.703618 0 -0.710579 0.703618 0 -0.710579 0.584698 0 -0.811251 0.584698 0 -0.811251 0.447345 0 -0.894361 0.447345 0 -0.894361 0.28664 0 -0.958038 0.28664 0 -0.958038 0.137773 0 -0.990464 0.137773 0 -0.990464 0.0229084 0 -0.999738 0.0229084 0 -0.999738 0.795763 0 -0.605608 0.875968 0 -0.482369 0.875968 0 -0.482369 0.939089 0 -0.343675 0.939089 0 -0.343675 0.975318 0 -0.220804 0.975318 0 -0.220804 0.995057 0 -0.0993092 0.995057 0 -0.0993092 0.999725 0 -0.0234362 0.999725 0 -0.0234362 0.680503 -3.98138e-15 0.732745 0.769217 -3.44416e-15 0.638987 0.769217 -3.44416e-15 0.638987 0.853616 -2.77187e-15 0.520902 0.853616 -2.77187e-15 0.520902 0.919523 -2.04792e-15 0.393036 0.919523 -2.04792e-15 0.393036 0.967673 -1.25445e-15 0.252209 0.967673 -1.25445e-15 0.252209 0.993575 -4.74502e-16 0.113175 0.993575 -4.74502e-16 0.113175 0.999599 -5.2856e-28 0.0283144 0.999599 -5.2856e-28 0.0283144 0.680503 -3.98138e-15 0.732745 0.569105 -4.49854e-15 0.822265 0.569105 -4.49854e-15 0.822265 0.429099 -4.97263e-15 0.903257 0.429099 -4.97263e-15 0.903257 0.288361 -5.29769e-15 0.957522 0.288361 -5.29769e-15 0.957522 0.132217 -5.51042e-15 0.991221 0.132217 -5.51042e-15 0.991221 0.0279283 -5.57372e-15 0.99961 0.0279283 -5.57372e-15 0.99961 -0.629078 0 0.777342 -0.629078 0 0.777342 -0.514093 0 0.857735 -0.377457 0 0.926027 -0.514093 0 0.857735 -0.249444 0 0.968389 -0.377458 0 0.926027 -0.249444 0 0.968389 -0.109745 0 0.99396 -0.0255499 0 0.999674 -0.109745 0 0.99396 -0.0255499 0 0.999674 -0.735772 0 0.677229 -0.735772 0 0.677229 -0.827348 0 0.561689 -0.899042 0 0.437862 -0.827348 0 0.561689 -0.946975 0 0.321306 -0.899042 0 0.437862 -0.946975 0 0.321306 -0.970582 0 0.240771 -0.970582 0 0.240771 0 0 -1 0 0 -1 0 0 -1 0 0 -1 0.325844 0 -0.945423 0.165005 0 -0.986293 0.325853 0 -0.94542 -0.000388086 -0 -1 0.164994 0 -0.986295 -0.000400723 -0 -1 0.616441 0 -0.787401 0.738179 0 -0.674605 0.738176 0 -0.674608 0.616437 0 -0.787404 0.47772 0 -0.878512 0.477726 0 -0.878509 0.839584 0 -0.54323 0.917865 0 -0.396892 0.839583 0 -0.543231 0.917865 0 -0.396892 -0.667975 5.18315e-17 -0.744184 -0.66798 5.1832e-17 -0.744179 -0.762026 5.97432e-17 -0.647546 -0.426831 3.18133e-17 -0.904331 -0.289284 2.05122e-17 -0.957243 -0.426841 3.18141e-17 -0.904327 -0.567124 4.34215e-17 -0.823633 -0.124398 7.05143e-18 -0.992232 -0.289296 2.05132e-17 -0.95724 -0.567131 4.34221e-17 -0.823628 -0.124411 7.05247e-18 -0.992231 -0.037598 -2.08389e-30 -0.999293 -0.037598 6.29766e-26 -0.999293 -0.762022 5.97428e-17 -0.647551 -0.835882 6.60254e-17 -0.548908 -0.902755 7.18033e-17 -0.430154 -0.83588 6.60252e-17 -0.548912 -0.902753 7.1803e-17 -0.430159 -0.952205 7.61882e-17 -0.305458 -0.979676 7.87326e-17 -0.200588 -0.952205 7.61881e-17 -0.305461 -0.996198 8.04164e-17 -0.087121 -0.979675 7.87325e-17 -0.20059 -0.996198 8.04164e-17 -0.087122 -0.999862 8.09282e-17 -0.0165873 -0.999862 8.09282e-17 -0.0165873 -0.734405 0 0.678711 -0.806245 0 0.591581 -0.806245 0 0.591581 -0.926023 0 0.377467 -0.926023 0 0.377467 -0.961845 0 0.273595 -0.875246 0 0.483678 -0.875246 0 0.483678 -0.961845 0 0.273595 -0.984601 0 0.174814 -0.984601 0 0.174814 -0.997437 0 0.0715554 -0.997437 0 0.0715554 -0.999806 0 0.0197079 -0.999806 0 0.0197079 -0.734405 0 0.678711 -0.648297 0 0.761388 -0.648297 0 0.761388 -0.53793 0 0.842989 -0.53793 0 0.842989 -0.418286 0 0.908315 -0.418286 0 0.908315 -0.262203 0 0.965013 -0.262203 0 0.965013 -0.139858 0 0.990172 -0.139858 0 0.990172 -0.0154424 0 0.999881 -0.0154424 0 0.999881 0.558189 3.31827e-15 0.829714 0.458312 2.67491e-15 0.888792 0.458312 2.67491e-15 0.888792 0.328397 1.84312e-15 0.94454 0.328397 1.84312e-15 0.94454 0.167685 8.20752e-16 0.985841 0.167685 8.20752e-16 0.985841 0.0379172 2.09216e-28 0.999281 0.0379172 2.09216e-28 0.999281 0.558189 3.31827e-15 0.829714 0.635324 3.81796e-15 0.772246 0.635324 3.81796e-15 0.772246 0.705161 4.27304e-15 0.709047 0.705161 4.27304e-15 0.709047 0.730764 4.44066e-15 0.68263 0.730764 4.44066e-15 0.68263 -0.223632 0 0.974674 -0.223632 0 0.974674 -0.223632 0 0.974674 -0.223632 0 0.974674 -0.978275 0 -0.20731 -0.978275 0 -0.20731 -0.978275 0 -0.20731 -0.978275 0 -0.20731 0 1 0 0 1 0 0 1 0 0 1 0 0 1 0 0 1 0 0 0 -1 0 0 -1 0 0 -1 0 0 -1 1 0 0 1 0 0 1 0 0 1 0 0 0 0 -1 0 0 -1 0 0 -1 0 0 -1 1 0 0 1 0 0 1 0 0 1 0 0 0 0 1 0 0 1 0 0 1 0 0 1 -1 0 0 -1 0 0 -1 0 0 -1 0 0 0 1 0 0 1 0 0 1 0 0 1 0 0 1 0 0 1 0 0 1 0 0 0 -1 0 0 -1 0 0 -1 0 0 -1 0.940342 0 -0.340231 0.940342 0 -0.340231 0.940342 0 -0.340231 0.940342 0 -0.340231 -0.940087 0 -0.340934 -0.940087 0 -0.340934 -0.940087 0 -0.340934 -0.940087 0 -0.340934 0 0 -1 0 0 -1 0 0 -1 0 0 -1 0.940112 0 0.340866 0.940112 0 0.340866 0.940112 0 0.340866 0.940112 0 0.340866 0 0 1 0 0 1 0 0 1 0 0 1 -0.940293 0 0.340366 -0.940293 0 0.340366 -0.940293 0 0.340366 -0.940293 0 0.340366 0 1 0 0 1 0 0 1 0 0 1 0 0 1 0 0 1 0 0 1 0 0 1 0 -1 0 0 -1 0 0 -1 0 0 -1 0 0 0 0 -1 0 0 -1 0 0 -1 0 0 -1 1 0 0 1 0 0 1 0 0 1 0 0 0 0 -1 0 0 -1 0 0 -1 0 0 -1 1 0 0 1 0 0 1 0 0 1 0 0 0 0 1 0 0 1 0 0 1 0 0 1 1 0 0 1 0 0 1 0 0 1 0 0 0 0 1 0 0 1 0 0 1 0 0 1 0 1 0 0 1 0 0 1 0 0 1 0 0 1 0 0 1 0 0 1 0 0 1 0 0 1 0 0 1 0 0 1 0 0 1 0 0 1 0 0 1 0 0 1 0 0 1 0 0 1 0 0 1 0 0 1 0 0 1 0 0 1 0 0 1 0 0 1 0 0 1 0 0 1 0 0 1 0 0 1 0 0 1 0 0 1 0 0 1 0 0 1 0 0 1 0 0 1 0 0 1 0 0 1 0 0 1 0 0 1 0 0 1 0 0 1 0 0 1 0 0 1 0 0 1 0 0 1 0 0 1 0 0 1 0 0 1 0 0 1 0 0 1 0 0 1 0 0 1 0 0 1 0 0 1 0 0 1 0 0 1 0 0 1 0 0 1 0 0 1 0 0 1 0 0 1 0 0 1 0 0 1 0 0 1 0 0 1 0 0 1 0 0 1 0 0 1 0 -1 0 0 -1 0 0 -1 0 0 -1 0 0 0 0 -1 0 0 -1 0 0 -1 0 0 -1 -0.458056 0 -0.888923 -0.315139 0 -0.949045 -0.458056 0 -0.888923 -0.60524 0 -0.796043 -0.315139 0 -0.949045 -0.186518 0 -0.982452 -0.186518 0 -0.982452 -0.143603 0 -0.989635 -0.143603 0 -0.989635 -0.0739974 0 -0.997258 -0.0504103 0 -0.998729 -0.0739974 0 -0.997258 -0.0504103 0 -0.998729 -0.0229801 0 -0.999736 -0.0229801 0 -0.999736 -0.00150567 0 -0.999999 -0.00150567 0 -0.999999 -0.60524 0 -0.796043 -0.719228 0 -0.694774 -0.719228 0 -0.694774 -0.817932 0 -0.575316 -0.817932 0 -0.575316 -0.885661 0 -0.464333 -0.885661 0 -0.464333 -0.947627 0 -0.31938 -0.947627 0 -0.31938 -0.977646 0 -0.210258 -0.977646 0 -0.210258 -0.996618 0 -0.0821761 -0.996618 0 -0.0821761 -0.999734 0 -0.023045 -0.999734 0 -0.023045 -0.677056 0 0.735932 -0.553583 0 0.832794 -0.553583 0 0.832794 -0.677056 0 0.735932 -0.773296 0 0.634045 -0.773296 0 0.634045 -0.844629 0 0.535352 -0.844629 0 0.535352 -0.905128 0 0.425139 -0.905128 0 0.425139 -0.952785 0 0.303647 -0.952785 0 0.303647 -0.980833 0 0.19485 -0.980833 0 0.19485 -0.997036 0 0.0769307 -0.997036 0 0.0769307 -0.999575 0 0.0291683 -0.999575 0 0.0291683 -0.41468 0 0.909967 -0.41468 0 0.909967 -0.268569 0 0.96326 -0.268569 0 0.96326 -0.167713 0 0.985836 -0.167713 0 0.985836 -0.117935 0 0.993021 -0.117935 0 0.993021 -0.068784 0 0.997632 -0.068784 0 0.997632 -0.0585798 0 0.998283 -0.0585798 0 0.998283 -0.0269628 0 0.999636 -0.0269628 0 0.999636 -0.0101876 0 0.999948 -0.0101876 0 0.999948 -0.00541808 0 0.999985 -0.00541808 0 0.999985 0 0 1 0 0 1 0 0 1 0 0 1 -1 0 0 -1 0 0 -1 0 0 -1 0 0 0 0 -1 0 0 -1 0 0 -1 0 0 -1 0.464208 5.1566e-15 -0.885726 0.581622 6.4677e-15 -0.813459 0.581622 6.4677e-15 -0.813459 0.30827 3.41603e-15 -0.951299 0.464208 5.1566e-15 -0.885726 0.30827 3.41603e-15 -0.951299 0.15583 1.71514e-15 -0.987784 0.0861324 9.37658e-16 -0.996284 0.15583 1.71514e-15 -0.987784 0.0484997 5.1791e-16 -0.998823 0.0861324 9.37658e-16 -0.996284 0.0484997 5.1791e-16 -0.998823 0.0173455 1.70445e-16 -0.99985 0.00206228 2.44079e-28 -0.999998 0.0173455 1.70445e-16 -0.99985 0.00206228 -2.30064e-28 -0.999998 0.677448 7.53817e-15 -0.73557 0.772471 8.60019e-15 -0.63505 0.677448 7.53817e-15 -0.73557 0.864426 9.62875e-15 -0.50276 0.772471 8.60019e-15 -0.63505 0.864426 9.62875e-15 -0.50276 0.933255 1.03997e-14 -0.359214 0.974997 1.08683e-14 -0.222219 0.933255 1.03997e-14 -0.359214 0.995075 1.10951e-14 -0.0991228 0.974997 1.08683e-14 -0.222219 0.995075 1.10951e-14 -0.0991228 0.999788 1.11494e-14 -0.0205921 0.999788 1.11494e-14 -0.0205921 0.577571 2.81137e-16 0.816341 0.701749 2.44186e-16 0.712424 0.577571 2.81137e-16 0.816341 0.701749 2.44186e-16 0.712424 0.793158 2.07604e-16 0.609017 0.864116 1.70336e-16 0.503293 0.793158 2.07604e-16 0.609016 0.864116 1.70336e-16 0.503293 0.930626 1.22081e-16 0.365972 0.930626 1.22081e-16 0.365972 0.97317 7.4467e-17 0.230085 0.993741 3.30852e-17 0.111708 0.97317 7.4467e-17 0.230085 0.993741 3.30852e-17 0.111708 0.999857 2.71292e-29 0.0168899 0.999857 1.29179e-28 0.0168899 0.431162 3.11952e-16 0.902275 0.431162 3.11952e-16 0.902275 0.269055 3.34116e-16 0.963125 0.269055 3.34116e-16 0.963125 0.165129 3.42796e-16 0.986272 0.165129 3.42796e-16 0.986272 0.109369 3.45818e-16 0.994001 0.109369 3.45818e-16 0.994001 0.0565772 3.47661e-16 0.998398 0.0565772 3.47661e-16 0.998398 0.0223823 3.48334e-16 0.999749 0.0223823 3.48334e-16 0.999749 0.0100633 3.48476e-16 0.999949 0.0100633 3.48476e-16 0.999949 0 0 1 0 0 1 0 0 1 0 0 1 0 1 0 0 1 0 0 1 0 0 1 0 0 1 0 0 1 0 0 1 0 0 1 0 0 1 0 0 1 0 0 1 0 0 1 0 -1 0 0 -1 0 0 -1 0 0 -1 0 0 0 0 -1 0 0 -1 0 0 -1 0 0 -1 -1 0 0 -1 0 0 -1 0 0 -1 0 0 0 0 1 0 0 1 0 0 1 0 0 1 -1 0 0 -1 0 0 -1 0 0 -1 0 0 0 0 -1 0 0 -1 0 0 -1 0 0 -1 1 0 0 1 0 0 1 0 0 1 0 0 0 0 1 0 0 1 0 0 1 0 0 1 1 0 0 1 0 0 1 0 0 1 0 0 0 0 -1 0 0 -1 0 0 -1 0 0 -1 1 0 0 1 0 0 1 0 0 1 0 0 0 0 1 0 0 1 0 0 1 0 0 1 0 1 0 0 1 0 0 1 0 0 1 0 0 1 0 0 1 0 0 1 0 0 1 0 0 1 0 0 1 0 0 1 0 0 1 0 0 1 0 0 1 0 0 1 0 0 1 0 0 1 0 0 1 0 0 1 0 0 1 0 0 1 0 0 1 0 0 1 0 0 1 0 0 1 0 0 1 0 0 1 0 0 1 0 0 1 0 0 1 0 0 1 0 0 1 0 0 1 0 0 1 0 0 1 0 0 1 0 0 1 0 0 1 0 0 1 0 0 1 0 0 1 0 0 1 0 0 1 0 0 1 0 0 1 0 0 1 0 0 1 0 0 1 0 0 1 0 0 1 0 0 1 0 0 1 0 0 1 0 0 1 0 0 1 0 0 1 0 0 1 0 0 1 0 0 1 0 0 1 0 0 1 0 0 1 0 0 1 0 0 1 0 0 1 0 0 1 0 0 1 0 0 1 0 0 1 0 0 1 0 0 1 0 0 1 0 0 1 0 0 1 0 0 1 0 0 1 0 0 1 0 0 1 0 0 1 0 0 1 0 0 1 0 0 1 0 0 1 0 0 1 0 0 1 0 0 1 0 0 1 0 0 1 0 0 1 0 0 1 0 0 1 0 0 1 0 0 1 0 0 1 0 0 1 0 0 1 0 0 1 0 0 1 0 0 1 0 0 1 0 0 1 0 0 1 0 0 1 0 0 1 0 0 1 0 0 1 0 0 1 0 0 1 0 0 1 0 0 1 0 0 1 0 0 1 0 0 1 0 0 1 0 0 1 0 0 1 0 0 1 0 0 1 0 0 1 0 0 1 0 0 1 0 0 1 0 0 1 0 0 1 0 0 1 0 0 1 0 0 1 0 0 1 0 0.737794 0 -0.675026 0.737794 0 -0.675026 0.737794 0 -0.675026 0.737794 0 -0.675026 0.719423 0 0.694573 0.719423 0 0.694573 0.770454 0 0.637496 0.676487 0 0.736455 0.676487 0 0.736455 0.634173 0 0.773191 0.634173 0 0.773191 0.59314 0 0.805099 0.578334 0 0.8158 0.578334 0 0.8158 0.59314 0 0.805099 0.770454 0 0.637496 0.829122 0 0.559067 0.829122 0 0.559067 0.890729 0 0.454534 0.943445 0 0.331528 0.890729 0 0.454534 0.987089 0 0.16017 0.943445 0 0.331528 0.987089 0 0.16017 0.99867 0 0.0515567 0.99867 0 0.0515567 0.855554 0 -0.517714 0.793462 0 -0.60862 0.85556 0 -0.517704 0.906516 0 -0.422171 0.943929 0 -0.330148 0.906511 0 -0.422182 0.943925 0 -0.330161 0.990745 0 -0.135733 0.971551 0 -0.23683 0.971555 0 -0.236815 0.990743 0 -0.13575 0.998233 0 -0.059426 0.998232 0 -0.0594352 0.999422 0 -0.0339908 0.999422 0 -0.0339908 0.793469 0 -0.608611 0.722656 0 -0.691208 0.649611 0 -0.760267 0.722662 0 -0.691202 0.570149 0 -0.821541 0.649616 0 -0.760263 0.570154 0 -0.821538 0.450119 0 -0.892968 0.294923 0 -0.955521 0.450125 0 -0.892965 0.129969 0 -0.991518 0.294927 0 -0.95552 0.129971 0 -0.991518 0.0678282 0 -0.997697 0.0678282 0 -0.997697 -0.331602 -0 -0.94342 -0.480774 -0 -0.876845 -0.331588 -0 -0.943424 -0.617128 -0 -0.786863 -0.480787 -0 -0.876837 -0.617141 -0 -0.786853 -0.010884 -0 -0.999941 -0.010884 -0 -0.999941 -0.173552 -0 -0.984825 -0.173565 -0 -0.984822 -0.723185 1.82988e-14 -0.690654 -0.623485 6.05076e-23 -0.781836 -0.623485 5.46216e-23 -0.781836 -0.723185 1.82988e-14 -0.690654 -0.746732 2.29587e-14 -0.665125 -0.746732 2.29586e-14 -0.665125 -0.750197 2.36575e-14 -0.661214 -0.750197 2.36575e-14 -0.661214 -0.765449 0 -0.643496 -0.746966 -0 -0.664863 -0.746966 -0 -0.664863 -0.765449 0 -0.643496 -0.727885 -0 -0.685699 -0.727885 -0 -0.685699 -0.435839 -0 -0.900025 -0.554933 -0 -0.831895 -0.435839 -0 -0.900025 -0.554933 -0 -0.831895 -0.637717 -0 -0.77027 -0.678606 -0 -0.734503 -0.637717 -0 -0.77027 -0.678606 -0 -0.734503 -0.285262 -0 -0.95845 -0.134122 -0 -0.990965 -0.285262 -0 -0.95845 -0.134122 -0 -0.990965 -0.0241011 -0 -0.99971 -0.0241011 -0 -0.99971 0.779536 7.5008e-15 -0.626357 0.682111 6.53168e-15 -0.731248 0.682111 6.53168e-15 -0.731248 0.560695 5.32977e-15 -0.828023 0.560695 5.32977e-15 -0.828023 0.414186 3.88546e-15 -0.910192 0.414186 3.88546e-15 -0.910192 0.264964 2.41953e-15 -0.964258 0.264964 2.41953e-15 -0.964258 0.130804 1.10528e-15 -0.991408 0.130804 1.10528e-15 -0.991408 0.0177209 1.4961e-27 -0.999843 0.0177209 -2.86911e-28 -0.999843 0.779536 7.5008e-15 -0.626357 0.870006 8.40695e-15 -0.493041 0.870006 8.40695e-15 -0.493041 0.933167 9.04659e-15 -0.359443 0.933167 9.04659e-15 -0.359443 0.973748 9.46551e-15 -0.227628 0.973748 9.46551e-15 -0.227628 0.994732 9.69199e-15 -0.102505 0.994732 9.69199e-15 -0.102505 0.999816 9.75602e-15 -0.0191818 0.999816 9.75602e-15 -0.0191818 0.857764 -3.41997e-15 0.514043 0.857764 -3.41997e-15 0.514043 0.774466 -4.24302e-15 0.632616 0.922203 -2.53914e-15 0.386707 0.922203 -2.53914e-15 0.386707 0.969592 -1.55999e-15 0.244728 0.969592 -1.55999e-15 0.244728 0.99341 -6.65026e-16 0.114611 0.99341 -6.65026e-16 0.114611 0.999843 3.51564e-27 0.0177245 0.999843 3.05963e-27 0.0177245 0.675112 -4.97564e-15 0.737715 0.774466 -4.24302e-15 0.632616 0.675112 -4.97564e-15 0.737715 0.589814 -5.46471e-15 0.807539 0.589814 -5.46471e-15 0.807539 0.512165 -5.82619e-15 0.858887 0.462801 -6.02124e-15 0.886462 0.512165 -5.82619e-15 0.858887 0.462801 -6.02124e-15 0.886462 -0.857397 0 0.514656 -0.857397 0 0.514656 -0.857397 0 0.514656 -0.857397 0 0.514656 -0.675379 -2.52347e-15 -0.737471 -0.619808 -1.69168e-15 -0.784754 -0.675379 -2.52347e-15 -0.737471 -0.619808 -1.69168e-15 -0.784754 -0.743221 -3.60079e-15 -0.669046 -0.567926 -9.48749e-16 -0.82308 -0.567926 -9.48749e-16 -0.82308 -0.743221 -3.60079e-15 -0.669046 -0.517096 -2.48069e-16 -0.855927 -0.517096 -2.48068e-16 -0.855927 -0.498663 -6.22517e-27 -0.866796 -0.498663 -6.22517e-27 -0.866796 -0.812046 -4.78642e-15 -0.583594 -0.812046 -4.78642e-15 -0.583594 -0.882496 -6.14923e-15 -0.47032 -0.943112 -7.55525e-15 -0.332476 -0.882496 -6.14923e-15 -0.47032 -0.988502 -9.05933e-15 -0.151206 -0.943112 -7.55525e-15 -0.332476 -0.988502 -9.05933e-15 -0.151206 -0.998734 -9.74546e-15 -0.0503075 -0.998734 -9.74546e-15 -0.0503075 -0.811128 1.79988e-15 0.584868 -0.811132 1.79986e-15 0.584863 -0.86731 1.5085e-15 0.497769 -0.946412 9.28159e-16 0.322963 -0.971649 6.427e-16 0.236427 -0.946409 9.28186e-16 0.322971 -0.867305 1.50853e-15 0.497777 -0.913848 1.20336e-15 0.406057 -0.913851 1.20333e-15 0.406049 -0.971647 6.42733e-16 0.236437 -0.990412 3.19798e-16 0.138144 -0.997896 7.97945e-17 0.0648323 -0.997896 7.98149e-17 0.0648385 -0.990411 3.19836e-16 0.138156 -0.999183 -1.94525e-27 0.0404095 -0.999183 1.48903e-24 0.0404095 -0.756903 2.03088e-15 0.653527 -0.756906 2.03086e-15 0.653523 -0.69747 2.24439e-15 0.716614 -0.697466 2.24441e-15 0.716618 -0.620111 2.47597e-15 0.784514 -0.620115 2.47595e-15 0.784511 -0.525378 2.70479e-15 0.850869 -0.525382 2.70478e-15 0.850866 -0.413158 2.91452e-15 0.910659 -0.413154 2.91453e-15 0.910661 -0.267874 3.1058e-15 0.963454 -0.267877 3.1058e-15 0.963453 -0.112734 3.22462e-15 0.993625 -0.112735 3.22462e-15 0.993625 -0.0580353 3.24712e-15 0.998315 -0.0580353 3.24712e-15 0.998315 0.682243 7.50342e-15 0.731126 0.682242 7.5034e-15 0.731127 0.637661 6.95427e-15 0.770317 0.637663 6.9543e-15 0.770315 0.567397 6.09462e-15 0.823444 0.567401 6.09466e-15 0.823442 0.462051 4.81675e-15 0.886853 0.462045 4.81667e-15 0.886856 0.338284 3.32915e-15 0.941044 0.338291 3.32923e-15 0.941042 0.167427 1.29585e-15 0.985884 0.0576077 -1.45797e-27 0.998339 0.16744 1.296e-15 0.985882 0.0576077 5.34029e-24 0.998339 0.710575 7.85416e-15 0.703621 0.710575 7.85416e-15 0.703622 0.724795 8.03078e-15 0.688965 0.724795 8.03077e-15 0.688965 0.734071 8.14621e-15 0.679073 0.734071 8.14621e-15 0.679073 0.74377 8.26712e-15 0.668435 0.743771 8.26712e-15 0.668435 0.753729 8.39147e-15 0.657186 0.753729 8.39147e-15 0.657186 0.761344 8.48673e-15 0.648348 0.761344 8.48673e-15 0.648348 0.763995 8.51992e-15 0.645222 0.763995 8.51992e-15 0.645222 0.671453 0 0.741047 0.700829 0 0.713329 0.671453 0 0.741047 0.700829 0 0.713329 0.719263 0 0.694738 0.737723 0 0.675103 0.719263 0 0.694738 0.74889 0 0.662695 0.737723 0 0.675103 0.74889 0 0.662695 0.759329 0 0.650707 0.763409 0 0.645916 0.759329 0 0.650707 0.763409 0 0.645916 0.616268 0 0.787536 0.529602 0 0.848246 0.616268 0 0.787536 0.529602 0 0.848246 0.426847 0 0.904324 0.313482 0 0.949594 0.426847 0 0.904324 0.151647 0 0.988435 0.313482 0 0.949594 0.151647 0 0.988435 0.0432991 0 0.999062 0.0432991 0 0.999062 -0.720426 0 0.693532 -0.72042 0 0.693538 -0.601489 0 0.798881 -0.467376 0 0.884059 -0.601496 0 0.798876 -0.321465 0 0.946922 -0.467383 0 0.884055 -0.321473 0 0.946919 -0.16744 0 0.985882 -0.00918802 0 0.999958 -0.167448 0 0.985881 -0.00919636 0 0.999958 -0.821171 0 0.570682 -0.821166 0 0.570689 -0.901189 0 0.433427 -0.958459 0 0.285232 -0.901185 0 0.433435 -0.991535 0 0.129837 -0.958456 0 0.28524 -0.991534 0 0.129845 -0.999584 -0 -0.0288269 -0.999584 -0 -0.0288269 -0.882979 -0 -0.469413 -0.882977 -0 -0.469416 -0.798703 -0 -0.601725 -0.946954 -0 -0.321369 -0.946952 -0 -0.321375 -0.986594 -0 -0.163194 -0.986595 -0 -0.163187 -0.999332 -0 -0.0365567 -0.999332 -0 -0.0365567 -0.798705 -0 -0.601723 -0.7328 -0 -0.680444 -0.732801 -0 -0.680443 -0.682514 -0 -0.730873 -0.682514 -0 -0.730873 -0.642771 -0 -0.766058 -0.642771 -0 -0.766058 0 1 0 0 1 0 0 1 0 0 1 0 0 1 0 0 1 0 0 1 0 0 1 0 0 1 0 0 1 0 0 1 0 0 1 0 -1 0 0 -1 0 0 -1 0 0 -1 0 0 -0.545374 0 -0.838193 -0.545374 0 -0.838193 -0.545374 0 -0.838193 -0.545374 0 -0.838193 -0.546108 0 0.837715 -0.546108 0 0.837715 -0.546108 0 0.837715 -0.546108 0 0.837715 -1 0 0 -1 0 0 -1 0 0 -1 0 0 0.546183 0 -0.837666 0.546183 0 -0.837666 0.546183 0 -0.837666 0.546183 0 -0.837666 -0.545514 0 -0.838102 -0.545514 0 -0.838102 -0.545514 0 -0.838102 -0.545514 0 -0.838102 1 0 0 1 0 0 1 0 0 1 0 0 0.545255 0 0.83827 0.545255 0 0.83827 0.545255 0 0.83827 0.545255 0 0.83827 0.546278 0 -0.837604 0.546278 0 -0.837604 0.546278 0 -0.837604 0.546278 0 -0.837604 1 0 0 1 0 0 1 0 0 1 0 0 -0.546278 0 0.837604 -0.546278 0 0.837604 -0.546278 0 0.837604 -0.546278 0 0.837604 0.545611 0 0.838039 0.545611 0 0.838039 0.545611 0 0.838039 0.545611 0 0.838039 0 1 0 0 1 0 0 1 0 0 1 0 0 1 0 0 1 0 -1 0 0 -1 0 0 -1 0 0 -1 0 0 0 0 -1 0 0 -1 0 0 -1 0 0 -1 1 0 0 1 0 0 1 0 0 1 0 0 0 0 1 0 0 1 0 0 1 0 0 1 1 0 0 1 0 0 1 0 0 1 0 0 -0.54086 0 0.841113 -0.54086 0 0.841113 -0.54086 0 0.841113 -0.54086 0 0.841113 0 1 0 0 1 0 0 1 0 0 1 0 0 1 0 0 1 0 0 1 0 0 1 0 0 1 0 0 1 0 0 1 0 0 1 0 0 1 0 0 1 0 0 1 0 0 1 0 0 1 0 0 1 0 0 1 0 0 1 0 0 1 0 0 1 0 0 1 0 0 1 0 0 1 0 0 1 0 0 1 0 0 1 0 0 1 0 0 1 0 0 1 0 0 1 0 0 1 0 0 1 0 0 1 0 0 1 0 0 1 0 0 1 0 0 1 0 0 1 0 0 1 0 0 1 0 0 1 0 0 1 0 -0.739952 -1.08575e-16 0.67266 -0.647584 -1.2387e-16 0.761994 -0.739952 -1.08575e-16 0.67266 -0.902026 -6.77178e-17 0.431681 -0.829815 -8.90828e-17 0.558038 -0.829815 -8.90828e-17 0.558038 -0.960361 -4.19945e-17 0.278759 -0.902026 -6.77178e-17 0.431681 -0.960361 -4.19945e-17 0.278759 -0.991401 -1.72322e-17 0.130858 -0.99962 2.60218e-29 0.0275638 -0.991401 -1.72322e-17 0.130858 -0.99962 2.60218e-29 0.0275638 -0.647584 -1.2387e-16 0.761994 -0.53293 -1.38406e-16 0.846159 -0.53293 -1.38406e-16 0.846159 -0.399263 -1.50785e-16 0.916836 -0.399263 -1.50785e-16 0.916836 -0.253452 -1.59862e-16 0.967348 -0.253452 -1.59862e-16 0.967348 -0.122203 -1.64653e-16 0.992505 -0.122203 -1.64653e-16 0.992505 -0.0255625 -1.66289e-16 0.999673 -0.0255625 -1.66289e-16 0.999673 -0.964907 -1.76779e-16 -0.262591 -0.99217 -4.38704e-16 -0.124892 -0.964907 -1.76779e-16 -0.262591 -0.999883 -6.91986e-16 0.0152688 -0.99217 -4.38704e-16 -0.124892 -0.999883 -6.91986e-16 0.0152685 -0.854254 3.52293e-16 -0.519855 -0.773045 6.09014e-16 -0.634352 -0.854254 3.52293e-16 -0.519855 -0.918631 8.86305e-17 -0.395116 -0.918631 8.86305e-17 -0.395116 -0.773045 6.09014e-16 -0.634352 -0.25963 0 -0.965708 -0.410249 0 -0.911973 -0.25963 0 -0.965708 -0.410249 0 -0.911973 -0.113792 0 -0.993505 -0.029691 0 -0.999559 -0.113792 0 -0.993505 -0.029691 0 -0.999559 -0.553909 0 -0.832577 -0.684574 0 -0.728943 -0.553909 0 -0.832577 -0.684574 0 -0.728943 -0.76269 0 -0.646764 -0.76269 0 -0.646764 0.833347 0 -0.55275 0.745921 0 -0.666035 0.745924 0 -0.666031 0.642694 0 -0.766123 0.833342 0 -0.552758 0.909322 0 -0.416092 0.909326 0 -0.416084 0.963346 0 -0.26826 0.963344 0 -0.268271 0.991846 0 -0.127439 0.991845 0 -0.12745 0.99964 0 -0.0268226 0.99964 0 -0.0268226 0.642698 0 -0.76612 0.520369 0 -0.853941 0.520373 0 -0.853939 0.388146 0 -0.921598 0.388143 0 -0.921599 0.241786 0 -0.97033 0.241788 0 -0.970329 0.115388 0 -0.99332 0.115389 0 -0.99332 0.0247634 0 -0.999693 0.0247634 0 -0.999693 0.958435 0 0.285312 0.989557 0 0.144139 0.958435 0 0.285312 1 0 -4.5702e-05 0.989557 0 0.144139 1 0 -4.5702e-05 0.837169 0 0.546944 0.74956 0 0.661936 0.74956 0 0.661936 0.837169 0 0.546944 0.907282 0 0.420522 0.907282 0 0.420522 0.401662 0 0.915788 0.529507 0 0.848305 0.401662 0 0.915788 0.529507 0 0.848305 0.646287 0 0.763095 0.646287 0 0.763095 0.265422 0 0.964132 0.265422 0 0.964132 0.123636 0 0.992328 0.123636 0 0.992328 -0.0207347 0 0.999785 -0.0207347 0 0.999785 -0.765181 1.18041e-16 -0.643815 -0.700154 1.31635e-16 -0.713992 -0.700154 1.31635e-16 -0.713992 -0.834799 1.00058e-16 -0.550555 -0.765181 1.18041e-16 -0.643815 -0.834799 1.00058e-16 -0.550555 -0.891706 8.12523e-17 -0.452616 -0.941809 5.89749e-17 -0.336149 -0.891706 8.12523e-17 -0.452616 -0.975134 3.71455e-17 -0.221615 -0.941809 5.89749e-17 -0.336149 -0.975134 3.71455e-17 -0.221615 -0.994817 1.4362e-17 -0.101685 -0.999665 -5.37952e-30 -0.0258882 -0.994817 1.4362e-17 -0.101685 -0.999665 1.31353e-29 -0.0258882 -0.619227 1.45504e-16 -0.785212 -0.528997 1.57941e-16 -0.848624 -0.619227 1.45504e-16 -0.785212 -0.427961 1.68873e-16 -0.903797 -0.528997 1.57941e-16 -0.848624 -0.427961 1.68873e-16 -0.903797 -0.3131 1.78123e-16 -0.94972 -0.20228 1.84267e-16 -0.979328 -0.313099 1.78123e-16 -0.94972 -0.0939045 1.87872e-16 -0.995581 -0.20228 1.84267e-16 -0.979328 -0.0939044 1.87872e-16 -0.995581 -0.0242106 1.88994e-16 -0.999707 -0.0242106 1.88994e-16 -0.999707 0.624267 0 -0.781211 0.700181 0 -0.713966 0.700181 0 -0.713966 0.531445 0 -0.847093 0.624267 0 -0.781211 0.531445 0 -0.847093 0.428009 0 -0.903774 0.313617 0 -0.94955 0.428009 0 -0.903774 0.205324 0 -0.978694 0.313617 0 -0.94955 0.205324 0 -0.978694 0.0916454 0 -0.995792 0.0260844 0 -0.99966 0.0916454 0 -0.995792 0.0260844 0 -0.99966 0.770707 0 -0.63719 0.837508 0 -0.546425 0.770707 0 -0.63719 0.896251 0 -0.443547 0.837508 0 -0.546425 0.896251 0 -0.443547 0.946072 0 -0.323956 0.976219 0 -0.216788 0.946072 0 -0.323956 0.995475 0 -0.0950223 0.976219 0 -0.216788 0.995475 0 -0.0950222 0.999639 0 -0.0268544 0.999639 0 -0.0268544 0.769365 1.34127e-16 0.63881 0.697153 1.51345e-16 0.716922 0.697153 1.51345e-16 0.716922 0.840826 1.12726e-16 0.541306 0.769365 1.34127e-16 0.63881 0.840826 1.12726e-16 0.541306 0.899792 8.97708e-17 0.436318 0.948215 6.39096e-17 0.317629 0.899792 8.97708e-17 0.436318 0.979214 3.89734e-17 0.202828 0.948215 6.39096e-17 0.317629 0.979214 3.89734e-17 0.202828 0.995582 1.53765e-17 0.0938974 0.999741 -4.10228e-29 0.0227664 0.995582 1.53765e-17 0.0938974 0.999741 -4.21576e-29 0.0227664 0.620496 1.66248e-16 0.78421 0.532472 1.80117e-16 0.846447 0.620496 1.66248e-16 0.78421 0.429793 1.92815e-16 0.902928 0.532472 1.80117e-16 0.846448 0.429793 1.92815e-16 0.902928 0.324228 2.02628e-16 0.945979 0.209342 2.10072e-16 0.977843 0.324228 2.02628e-16 0.945979 0.0941887 2.14462e-16 0.995554 0.209342 2.10072e-16 0.977843 0.0941886 2.14462e-16 0.995554 0.0276274 2.15666e-16 0.999618 0.0276274 2.15666e-16 0.999618 -0.659866 4.43713e-20 0.751384 -0.659866 4.43713e-20 0.751384 -0.746087 -4.442e-20 0.665848 -0.563911 1.32508e-19 0.825836 -0.563911 1.32508e-19 0.825836 -0.459638 2.1869e-19 0.888106 -0.459638 2.1869e-19 0.888106 -0.348585 3.01646e-19 0.937277 -0.348585 3.01646e-19 0.937277 -0.23239 3.80153e-19 0.972623 -0.23239 3.80153e-19 0.972623 -0.112768 4.53053e-19 0.993621 -0.112768 4.53053e-19 0.993621 0.00851801 5.1927e-19 0.999964 0.00851801 5.1927e-19 0.999964 -0.746087 -4.442e-20 0.665848 -0.821304 -1.32556e-19 0.570491 -0.821304 -1.32556e-19 0.570491 -0.884406 -2.18737e-19 0.466719 -0.884406 -2.18737e-19 0.466719 -0.934462 -3.01691e-19 0.356063 -0.934462 -3.01691e-19 0.356062 -0.970735 -3.80195e-19 0.240154 -0.970735 -3.80195e-19 0.240154 -0.992689 -4.53091e-19 0.120703 -0.992689 -4.53091e-19 0.120703 -1 -5.19304e-19 -0.000528362 -1 -5.19304e-19 -0.000528362 0 1 0 0 1 0 0 1 0 0 1 0 0 1 0 0 1 0 0 1 0 0 1 0 0 1 0 0 1 0 0 1 0 0 1 0 0 1 0 0 1 0 0 1 0 0 1 0 0 1 0 0 1 0 0 1 0 0 1 0 0 1 0 0 1 0 0 1 0 0 1 0 0 1 0 0 1 0 0 1 0 0 1 0 0 1 0 0 1 0 0 1 0 0 1 0 0 1 0 0 1 0 0 1 0 0 1 0 0 1 0 0 1 0 0 1 0 0 1 0 0 1 0 0 1 0 0 1 0 0 1 0 0 1 0 0 1 0 0 1 0 0 1 0 0 1 0 0 1 0 0 1 0 0 1 0 0 1 0 0 1 0 0 1 0 0 1 0 0 1 0 0 1 0 0 1 0 0 1 0 0 1 0 0 1 0 0 1 0 0 1 0 0 1 0 0 1 0 0 1 0 0 1 0 0 1 0 0 1 0 0 1 0 0 1 0 0 1 0 0 1 0 0 1 0 0 1 0 0 1 0 0 1 0 0 1 0 0 1 0 0 1 0 0 1 0 0 1 0 0 1 0 0 1 0 0 1 0 0 1 0 0 1 0 0 1 0 0 1 0 0 1 0 0 1 0 0 1 0 0 1 0 0 1 0 0 1 0 0 1 0 0 1 0 0 1 0 0 1 0 0 1 0 0 1 0 0 1 0 -1 0 0 -1 0 0 -1 0 0 -1 0 0 0 0 -1 0 0 -1 0 0 -1 0 0 -1 1 0 0 1 0 0 1 0 0 1 0 0 0 0 1 0 0 1 0 0 1 0 0 1 0 1 0 0 1 0 0 1 0 0 1 0 0 1 0 0 1 0 0 1 0 0 1 0 0 1 0 0 1 0 0 1 0 0 1 0 0 1 0 0 1 0 0 1 0 0 1 0 0 1 0 0 1 0 0 1 0 0 1 0 0 1 0 0 1 0 0 1 0 0 1 0 0 1 0 0 1 0 0 1 0 0 1 0 0 1 0 0 1 0 0 1 0 1 0 0 1 0 0 1 0 0 1 0 0 0.99323 0 0.116165 0.982726 0 0.185066 0.982727 0 0.185061 0.99323 0 0.116168 0.955587 0 0.294709 0.892373 0 0.451299 0.95559 0 0.294699 0.892373 0 0.451299 0.998015 0 0.0629727 0.999723 0 0.0235316 0.998015 0 0.0629744 0.999723 0 0.0235319 0.999887 0 0.015019 0.999887 0 0.015019 0.673065 2.4911e-15 0.739583 0.781595 3.85241e-15 0.623786 0.673049 2.49092e-15 0.739598 0.87045 5.11685e-15 0.492258 0.781609 3.85259e-15 0.623769 0.87046 5.11701e-15 0.49224 0.408247 -3.84472e-16 0.912871 0.258663 -1.82591e-15 0.965968 0.258685 -1.82571e-15 0.965962 0.408268 -3.84267e-16 0.912862 0.547564 1.06686e-15 0.836764 0.547546 1.06666e-15 0.836776 0.102562 -3.22135e-15 0.994727 -0.0561235 -4.53563e-15 0.998424 0.102585 -3.22116e-15 0.994724 -0.0561235 -4.53563e-15 0.998424 -0.949113 0 0.314936 -0.981021 0 0.193903 -0.981021 0 0.193903 -0.99589 0 0.0905742 -0.991456 0 0.130441 -0.991456 0 0.130441 -0.99589 0 0.0905742 -0.949113 0 0.314936 -0.998258 0 0.0590013 -0.999529 0 0.0306981 -0.998258 0 0.0590013 -0.999923 0 0.0124291 -0.999529 0 0.0306981 -0.999923 0 0.0124291 -0.99998 0 0.00633962 -0.99998 0 0.00633962 -0.891393 0 0.453232 -0.891393 0 0.453232 -0.813861 0 0.581059 -0.813861 0 0.581059 -0.69977 0 0.714368 -0.69977 0 0.714368 -0.57565 0 0.817696 -0.57565 0 0.817696 -0.427225 0 0.904145 -0.427225 0 0.904145 -0.275171 0 0.961395 -0.275171 0 0.961395 -0.113258 0 0.993566 -0.113258 0 0.993566 -0.0301785 0 0.999545 -0.0301785 0 0.999545 -1 0 0 -1 0 0 -1 0 0 -1 0 0 0 0 -1 0 0 -1 0 0 -1 0 0 -1 -1 0 0 -1 0 0 -1 0 0 -1 0 0 -0.923989 -0 -0.382419 -0.85253 -0 -0.522678 -0.85253 -0 -0.522678 -0.971395 -0 -0.237469 -0.923989 -0 -0.382419 -0.971395 -0 -0.237469 -0.987707 -0 -0.156316 -0.995475 -0 -0.0950282 -0.987707 -0 -0.156316 -0.998228 -0 -0.059502 -0.995475 -0 -0.0950282 -0.998228 -0 -0.059502 -0.999759 -0 -0.0219713 -0.99999 -0 -0.00447616 -0.999759 -0 -0.0219713 -0.99999 -0 -0.00447616 -0.753725 -0 -0.65719 -0.633926 -0 -0.773394 -0.753725 -0 -0.65719 -0.506539 -0 -0.862217 -0.633926 -0 -0.773394 -0.50654 -0 -0.862217 -0.358025 -0 -0.933712 -0.232064 -0 -0.9727 -0.358025 -0 -0.933712 -0.108438 -0 -0.994103 -0.232064 -0 -0.9727 -0.108438 -0 -0.994103 -0.0124746 -0 -0.999922 -0.0124746 -0 -0.999922 0.626809 -4.01411e-15 -0.779173 0.626809 -4.01411e-15 -0.779173 0.504069 -3.20279e-15 -0.863664 0.371077 -2.32655e-15 -0.928602 0.504069 -3.20279e-15 -0.863664 0.225937 -1.37297e-15 -0.974142 0.371077 -2.32655e-15 -0.928602 0.225937 -1.37297e-15 -0.974142 0.10511 -5.81002e-16 -0.994461 0.0163144 -1.18533e-28 -0.999867 0.10511 -5.81002e-16 -0.994461 0.0163144 -1.78831e-28 -0.999867 0.733064 -4.71922e-15 -0.68016 0.733064 -4.71922e-15 -0.68016 0.811463 -5.2419e-15 -0.584404 0.884198 -5.72985e-15 -0.467112 0.811463 -5.2419e-15 -0.584404 0.931121 -6.04749e-15 -0.36471 0.884198 -5.72985e-15 -0.467112 0.931121 -6.04749e-15 -0.36471 0.959264 -6.24022e-15 -0.282511 0.959264 -6.24022e-15 -0.282511 0.99587 0 -0.0907853 0.999449 0 -0.0331819 0.99587 0 -0.0907853 0.970416 0 -0.241441 0.970416 0 -0.241441 0.999449 0 -0.0331819 0.999999 0 -0.00133697 0.999999 0 -0.00133697 0 0 -1 0 0 -1 0 0 -1 0 0 -1 1 0 0 1 0 0 1 0 0 1 0 0 0 0 1 0 0 1 0 0 1 0 0 1 0 1 0 0 1 0 0 1 0 0 1 0 0 1 0 0 1 0 0 1 0 0 1 0 0 1 0 0 1 0 0 1 0 0 1 0 0 1 0 0 1 0 0 1 0 0 1 0 0 1 0 0 1 0 0 1 0 0 1 0 0 1 0 0 1 0 0 1 0 0 1 0 0 1 0 0 1 0 0 1 0 0 1 0 0 1 0 0 1 0 0 1 0 0 1 0 0 1 0 0 1 0 0 1 0 0 1 0 0 1 0 0 1 0 0 1 0 0 1 0 0 1 0 0 1 0 0 1 0 0 1 0 0 1 0 0 1 0 0 1 0 0 1 0 0 1 0 0 1 0 0 1 0 0 1 0 0 1 0 0 1 0 0 1 0 0 1 0 0 1 0 0 1 0 0 1 0 0 1 0 0 1 0 0 1 0 0 1 0 0 1 0 0 1 0 0 1 0 0 1 0 0 1 0 0 1 0 0 1 0 0 1 0 0 1 0 0 1 0 0 1 0 0 1 0 0 1 0 0 1 0 0 1 0 0 1 0 0 1 0 0 1 0 0 1 0 0 1 0 0 1 0 0 1 0 0 1 0 0 1 0 0 1 0 0 1 0 0 1 0 0 1 0 0 1 0 0 1 0 0 1 0 0 1 0 0 1 0 0 1 0 0 1 0 0 1 0 0 1 0 0 1 0 0 1 0 0 1 0 0 1 0 0 1 0 0 1 0 0 1 0 0 1 0 0 1 0 0 1 0 0 1 0 0 1 0 0 1 0 0 1 0 0 1 0 0 1 0 0 1 0 0 1 0 0 1 0 0 1 0 0 1 0 0 1 0 0 1 0 0 1 0 0 1 0 0 1 0 0 1 0 0 1 0 0 1 0 0 1 0 0 1 0 0 1 0 0 1 0 0 1 0 0 1 0 0 1 0 0 1 0 0 1 0 0 1 0 0 1 0 0 1 0 0 1 0 0 1 0 0 1 0 0 1 0 0 1 0 0 1 0 0 1 0 0 1 0 0 1 0 0 1 0 0 1 0 0 1 0 0 1 0 0 1 0 0.722387 0 -0.691489 0.722387 0 -0.691489 0.722387 0 -0.691489 0.722387 0 -0.691489 0.907367 0 0.420339 0.907367 0 0.420339 0.840446 0 0.541896 0.840446 0 0.541896 0.764125 0 0.645068 0.764125 0 0.645068 0.706683 0 0.70753 0.706683 0 0.70753 0.95963 0 0.281264 0.991133 0 0.132872 0.95963 0 0.281264 0.991133 0 0.132872 0.999496 0 0.0317353 0.999496 0 0.0317353 0.850932 0 -0.525276 0.766033 0 -0.642802 0.766036 0 -0.642797 0.919616 0 -0.392819 0.850928 0 -0.525283 0.673721 0 -0.738986 0.919612 0 -0.392827 0.967478 0 -0.252956 0.967476 0 -0.252965 0.993106 0 -0.117217 0.993107 0 -0.117207 0.999671 0 -0.0256533 0.999671 0 -0.0256533 0.673725 0 -0.738983 0.561622 0 -0.827394 0.561625 0 -0.827392 0.426126 0 -0.904664 0.426123 0 -0.904665 0.277808 0 -0.960637 0.27781 0 -0.960636 0.135735 0 -0.990745 0.135736 0 -0.990745 0.0254533 0 -0.999676 0.0254533 0 -0.999676 -0.722762 0 -0.691097 -0.635291 0 -0.772272 -0.635291 0 -0.772273 -0.392645 0 -0.91969 -0.527734 0 -0.84941 -0.527734 0 -0.84941 -0.392645 0 -0.91969 -0.256161 0 -0.966634 -0.256161 0 -0.966634 -0.0230121 0 -0.999735 -0.1243 0 -0.992245 -0.1243 0 -0.992245 -0.0230121 0 -0.999735 -0.722762 0 -0.691097 -0.807562 0 -0.589783 -0.876817 0 -0.480824 -0.807562 0 -0.589783 -0.876817 0 -0.480824 -0.936313 0 -0.351165 -0.973248 0 -0.229758 -0.936313 0 -0.351165 -0.994416 0 -0.105534 -0.973248 0 -0.229758 -0.994416 0 -0.105534 -0.999715 0 -0.0238559 -0.999715 0 -0.0238559 -0.943228 0 0.332146 -0.883378 0 0.468662 -0.883378 0 0.468662 -0.980627 0 0.195882 -0.943228 0 0.332146 -0.980627 0 0.195882 -0.798139 0 0.602474 -0.994708 0 0.102743 -0.999959 0 0.00902246 -0.994708 0 0.102743 -0.999959 0 0.00902246 -0.798139 0 0.602474 -0.701057 0 0.713105 -0.701057 0 0.713105 -0.589933 0 0.807452 -0.589933 0 0.807452 -0.499859 0 0.866107 -0.499859 0 0.866107 -0.429613 0 0.903013 -0.429613 0 0.903013 1 0 0 1 0 0 1 0 0 1 0 0 0 0 1 0 0 1 0 0 1 0 0 1 -1 0 0 -1 0 0 -1 0 0 -1 0 0 -0.0328461 0 -0.99946 -0.0328461 0 -0.99946 -0.0328461 0 -0.99946 -0.0328461 0 -0.99946 0.601994 0 -0.798501 0.69354 0 -0.720418 0.69354 0 -0.720418 0.520617 0 -0.853791 0.601994 0 -0.798501 0.520617 0 -0.853791 0.432144 0 -0.901804 0.333263 0 -0.942834 0.432144 0 -0.901804 0.223611 0 -0.974679 0.333264 0 -0.942834 0.223611 0 -0.974679 0.113378 0 -0.993552 0.0164399 0 -0.999865 0.113378 0 -0.993552 0.0164399 0 -0.999865 0.773307 0 -0.634032 0.849707 0 -0.527255 0.773307 0 -0.634032 0.906303 0 -0.422629 0.849707 0 -0.527255 0.906303 0 -0.422629 0.953321 0 -0.301958 0.982068 0 -0.188526 0.953321 0 -0.301958 0.995678 0 -0.0928678 0.982068 0 -0.188526 0.995678 0 -0.0928677 0.999889 0 -0.0149287 0.999889 0 -0.0149287 0.790922 0 0.611917 0.709977 0 0.704225 0.709977 0 0.704225 0.860398 0 0.509623 0.790922 0 0.611917 0.860398 0 0.509623 0.913705 0 0.406379 0.954579 0 0.297957 0.913705 0 0.406379 0.98273 0 0.185044 0.954579 0 0.297957 0.98273 0 0.185044 0.995782 0 0.0917508 0.999902 0 0.013986 0.995782 0 0.0917508 0.999902 0 0.013986 0.623502 0 0.781822 0.526011 0 0.850478 0.623502 0 0.781822 0.42927 0 0.903176 0.526011 0 0.850478 0.42927 0 0.903176 0.326234 0 0.945289 0.217439 0 0.976074 0.326234 0 0.945289 0.104043 0 0.994573 0.217439 0 0.976074 0.104043 0 0.994573 0.0221657 0 0.999754 0.0221657 0 0.999754 -0.355986 5.78972e-16 0.934491 -0.236049 -2.3263e-15 0.971741 -0.355986 5.78972e-16 0.934491 -0.236049 -2.3263e-15 0.971741 -0.112389 -5.19488e-15 0.993664 0.0130431 -7.98152e-15 0.999915 -0.112389 -5.19488e-15 0.993664 0.0130431 -7.98152e-15 0.999915 -0.470308 3.47511e-15 0.882503 -0.577211 6.31644e-15 0.816595 -0.470308 3.47511e-15 0.882503 -0.577211 6.31644e-15 0.816595 -0.675012 9.05814e-15 0.737807 -0.675012 9.05814e-15 0.737807 -0.868092 2.3309e-15 0.496403 -0.921461 3.18308e-15 0.388471 -0.921461 3.18308e-15 0.388471 -0.807795 1.51598e-15 0.589463 -0.868092 2.3309e-15 0.496403 -0.807795 1.51598e-15 0.589463 -0.738049 6.87834e-16 0.674747 -0.67393 -1.02247e-28 0.738795 -0.738049 6.87834e-16 0.674747 -0.67393 5.84036e-28 0.738795 -0.958428 3.91865e-15 0.285335 -0.983691 4.60046e-15 0.179867 -0.958428 3.91865e-15 0.285335 -0.995851 5.12372e-15 0.0909993 -0.983691 4.60046e-15 0.179867 -0.995851 5.12372e-15 0.0909993 -0.999974 5.57575e-15 0.00723471 -0.999974 5.57575e-15 0.00723471 -0.982122 0 -0.188243 -0.982122 -0 -0.188246 -0.995779 0 -0.0917812 -0.999985 0 0.00555445 -0.995779 0 -0.0917798 -0.999985 0 0.00555445 -0.959144 -0 -0.282919 -0.959142 -0 -0.282924 -0.927064 -0 -0.374903 -0.927059 -0 -0.374916 -0.803729 -0 -0.594996 -0.803735 -0 -0.594988 -0.861009 0 -0.50859 -0.909034 0 -0.416722 -0.861001 0 -0.508604 -0.909023 0 -0.416747 -0.737821 -0 -0.674996 -0.737825 -0 -0.674992 -0.663987 -0 -0.747744 -0.663987 -0 -0.747744 0 1 0 0 1 0 0 1 0 -1 0 0 -1 0 0 -1 0 0 -1 0 0 0.396284 0 -0.918128 0.396284 0 -0.918128 0.396284 0 -0.918128 0.396284 0 -0.918128 0.396284 0 0.918128 0.396284 0 0.918128 0.396284 0 0.918128 0.396284 0 0.918128 -1 0 0 -1 0 0 -1 0 0 -1 0 0 -0.374463 0 -0.927242 -0.374463 0 -0.927242 -0.374463 0 -0.927242 -0.374463 0 -0.927242 1 0 0 1 0 0 1 0 0 1 0 0 0.354324 0 0.935123 0.354324 0 0.935123 0.354324 0 0.935123 0.354324 0 0.935123 1 0 0 1 0 0 1 0 0 1 0 0 0.354324 0 -0.935123 0.354324 0 -0.935123 0.354324 0 -0.935123 0.354324 0 -0.935123 1 0 0 1 0 0 1 0 0 1 0 0 -0.374623 0 0.927177 -0.374623 0 0.927177 -0.374623 0 0.927177 -0.374623 0 0.927177 0 1 0 0 1 0 0 1 0 0 1 0 0 1 0 0 1 0 0 1 0 0 1 0 0 1 0 0 1 0 0 1 0 0 1 0 0 1 0 0 1 0 0 1 0 0 1 0 0 1 0 0 1 0 0 1 0 0 1 0 0 1 0 0 1 0 0 1 0 0 1 0 0 1 0 0 1 0 0 1 0 0 1 0 0 1 0 0 1 0 0 1 0 0 1 0 0 1 0 0 1 0 0 1 0 0 1 0 0 1 0 0 1 0 0 1 0 0 1 0 0 1 0 0 1 0 0 1 0 0 1 0 0 1 0 0.971134 -2.9906e-17 0.238534 0.944873 -2.44336e-17 0.327436 0.971135 -2.99061e-17 0.238532 0.944874 -2.44337e-17 0.327434 0.898423 -1.6982e-17 0.439131 0.829773 -8.22431e-18 0.558102 0.898425 -1.69823e-17 0.439128 0.829769 -8.22387e-18 0.558107 0.752486 7.08355e-30 0.658608 0.752486 -1.38951e-26 0.658608 0.987135 -3.44376e-17 0.159888 0.994949 -3.76825e-17 0.100383 0.987135 -3.44375e-17 0.15989 0.999229 -4.08551e-17 0.039263 0.994949 -3.76825e-17 0.100383 0.999229 -4.08551e-17 0.0392633 0.999916 -4.21708e-17 0.0129652 0.999916 -4.21708e-17 0.0129652 0.275313 0 0.961355 0.168195 0 0.985754 0.275313 0 0.961355 0.168195 0 0.985754 0.0711173 0 0.997468 0.018188 0 0.999835 0.018188 0 0.999835 0.0711173 0 0.997468 0.381437 0 0.924395 0.381437 0 0.924395 0.509346 0 0.860562 0.509346 0 0.860562 0.623618 0 0.781729 0.623618 0 0.781729 0.702626 0 0.71156 0.702626 0 0.71156 -0.822113 0 0.569325 -0.822113 0 0.569325 -0.728927 0 0.684592 -0.908879 0 0.417059 -0.961666 0 0.274224 -0.961666 0 0.274224 -0.908879 0 0.417059 -0.984233 0 0.176877 -0.984233 0 0.176877 -0.992955 0 0.118488 -0.997759 0 0.0669084 -0.992955 0 0.118488 -0.999658 0 0.0261641 -0.997759 0 0.0669084 -0.999658 0 0.0261641 -0.999988 0 0.00484235 -0.999988 0 0.00484235 -0.728927 0 0.684592 -0.626365 0 0.77953 -0.626365 0 0.77953 -0.527038 0 0.849842 -0.43053 0 0.902576 -0.527038 0 0.849842 -0.325089 0 0.945683 -0.43053 0 0.902576 -0.325089 0 0.945683 -0.224463 0 0.974483 -0.144637 0 0.989485 -0.224463 0 0.974483 -0.0600226 0 0.998197 -0.144637 0 0.989485 -0.0600226 0 0.998197 -0.0140457 0 0.999901 -0.0140457 0 0.999901 -1 0 0 -1 0 0 -1 0 0 -1 0 0 0 0 -1 0 0 -1 0 0 -1 0 0 -1 1 0 0 1 0 0 1 0 0 1 0 0 -1 0 0 -1 0 0 -1 0 0 -1 0 0 -0.765974 -0 -0.642872 -0.765974 -0 -0.642872 -0.686436 -0 -0.727191 -0.840648 -0 -0.541581 -0.840648 -0 -0.541581 -0.903599 -0 -0.42838 -0.903599 -0 -0.42838 -0.950054 -0 -0.312086 -0.950054 -0 -0.312086 -0.974891 -0 -0.222684 -0.974891 -0 -0.222684 -0.987734 -0 -0.156149 -0.987734 -0 -0.156149 -0.994532 -0 -0.104435 -0.994532 -0 -0.104435 -0.997902 -0 -0.0647495 -0.997902 -0 -0.0647495 -0.999663 -0 -0.0259435 -0.999663 -0 -0.0259435 -0.999977 -0 -0.0068283 -0.999977 -0 -0.0068283 -0.686436 -0 -0.727191 -0.609834 -0 -0.792529 -0.609834 -0 -0.792529 -0.536468 -0 -0.843921 -0.536468 -0 -0.843921 -0.462177 -0 -0.886788 -0.462177 -0 -0.886788 -0.376399 -0 -0.926458 -0.376399 -0 -0.926458 -0.288942 -0 -0.957347 -0.288942 -0 -0.957347 -0.211633 -0 -0.977349 -0.211633 -0 -0.977349 -0.134135 -0 -0.990963 -0.134135 -0 -0.990963 -0.0606407 -0 -0.99816 -0.0606407 -0 -0.99816 -0.0127549 -0 -0.999919 -0.0127549 -0 -0.999919 0.719064 0 -0.694943 0.719064 0 -0.694943 0.788228 0 -0.615384 0.637962 0 -0.770068 0.637962 0 -0.770068 0.552733 0 -0.833358 0.552733 0 -0.833358 0.465992 0 -0.884789 0.465992 0 -0.884789 0.382635 0 -0.9239 0.382635 0 -0.9239 0.303396 0 -0.952864 0.303396 0 -0.952864 0.221274 0 -0.975212 0.221274 0 -0.975212 0.144225 0 -0.989545 0.144225 0 -0.989545 0.0598777 0 -0.998206 0.0598777 0 -0.998206 0.0236648 0 -0.99972 0.0236648 0 -0.99972 0.788228 0 -0.615384 0.851456 0 -0.524427 0.851456 0 -0.524427 0.91303 0 -0.407893 0.91303 0 -0.407893 0.959534 0 -0.281593 0.959534 0 -0.281592 0.98705 0 -0.160414 0.98705 0 -0.160414 0.993913 0 -0.110168 0.993913 0 -0.110168 0.998174 0 -0.0603959 0.998174 0 -0.0603959 0.999324 0 -0.0367561 0.999324 0 -0.0367561 0.999866 0 -0.0163837 0.999866 0 -0.0163837 0.999991 0 -0.00418017 0.999991 0 -0.00418017 1 0 0 1 0 0 1 0 0 1 0 0 0 0 1 0 0 1 0 0 1 0 0 1 0 1 0 0 1 0 0 1 0 0 1 0 0 1 0 0 1 0 0 1 0 0 1 0 0 1 0 0 1 0 0 1 0 0 1 0 0 1 0 0 1 0 0 1 0 0 1 0 0 1 0 0 1 0 0 1 0 0 1 0 0 1 0 0 1 0 0 1 0 0 1 0 0 1 0 0 1 0 0 1 0 0 1 0 0 1 0 0 1 0 0 1 0 0 1 0 0 1 0 0 1 0 0 1 0 0 1 0 0 1 0 0 1 0 0 1 0 0 1 0 0 1 0 0 1 0 0 1 0 0 1 0 0 1 0 0 1 0 0 1 0 0 1 0 0 1 0 0 1 0 0 1 0 0 1 0 0 1 0 0 1 0 0 1 0 0 1 0 0 1 0 0 1 0 0 1 0 0 1 0 0 1 0 0 1 0 0 1 0 0 1 0 0 1 0 0 1 0 0 1 0 0 1 0 0 1 0 0 1 0 0 1 0 0 1 0 0 1 0 0 1 0 0 1 0 0 1 0 0 1 0 0 1 0 0 1 0 0 1 0 0 1 0 0 1 0 0 1 0 0 1 0 0 1 0 0 1 0 0 1 0 0 1 0 0 1 0 0 1 0 0 1 0 0 1 0 0 1 0 0 1 0 0 1 0 0 1 0 0 1 0 0 1 0 0 1 0 0 1 0 0 1 0 0 1 0 0 1 0 0 1 0 0 1 0 0 1 0 0 1 0 0 1 0 0 1 0 0 1 0 0 1 0 0 1 0 0 1 0 0 1 0 0 1 0 0 1 0 0 1 0 0 1 0 0 1 0 0 1 0 0 1 0 0 1 0 0 1 0 0 1 0 0 1 0 0 1 0 0 1 0 0 1 0 0 1 0 0 1 0 0 1 0 0 1 0 0 1 0 0 1 0 0 1 0 0 1 0 0 1 0 0 1 0 0 1 0 0 1 0 0 1 0 0 1 0 0 1 0 0 1 0 0 1 0 0 1 0 0 1 0 0 1 0 0 1 0 0 1 0 0 1 0 0 1 0 0 1 0 0 1 0 0 1 0 0 1 0 0 1 0 0 1 0 0 1 0 0 1 0 0 1 0 0 1 0 0 1 0 0 1 0 0 1 0 0 1 0 0 1 0 0 1 0 0 1 0 0 1 0 0 1 0 0 1 0 0 1 0 0 1 0 0 1 0 0 1 0 0 1 0 0 1 0 0 1 0 0 1 0 0 1 0 0 1 0 0 1 0 0 1 0 0 1 0 0 1 0 0 1 0 0 1 0 0 1 0 0 1 0 0 1 0 0 1 0 0 1 0 0 1 0 0 1 0 0 1 0 0 1 0 0 1 0 0 1 0 0 1 0 0 1 0 0 1 0 0 1 0 0 1 0 0 1 0 0 1 0 0 1 0 0.737794 0 -0.675026 0.737794 0 -0.675026 0.737794 0 -0.675026 0.737794 0 -0.675026 0.719423 0 0.694573 0.719423 0 0.694573 0.676487 0 0.736455 0.770454 0 0.637496 0.634173 0 0.773191 0.634173 0 0.773191 0.676487 0 0.736455 0.59314 0 0.805099 0.59314 0 0.805099 0.578334 0 0.8158 0.578334 0 0.8158 0.770454 0 0.637496 0.829122 0 0.559067 0.829122 0 0.559067 0.890729 0 0.454534 0.943445 0 0.331528 0.890729 0 0.454534 0.987089 0 0.16017 0.943445 0 0.331528 0.987089 0 0.16017 0.99867 0 0.0515567 0.99867 0 0.0515567 0.793469 -3.2506e-15 -0.608611 0.85556 -2.73073e-15 -0.517704 0.793463 -3.25064e-15 -0.608618 0.855555 -2.73078e-15 -0.517712 0.906516 -2.18713e-15 -0.422171 0.906512 -2.18718e-15 -0.42218 0.943926 -1.66578e-15 -0.330158 0.943929 -1.66572e-15 -0.330148 0.971555 -1.13885e-15 -0.236815 0.971552 -1.13891e-15 -0.236827 0.990745 -5.70268e-16 -0.135733 0.998233 -1.42379e-16 -0.059426 0.990744 -5.70344e-16 -0.135746 0.998232 -1.4242e-16 -0.0594333 0.999422 5.26462e-28 -0.0339908 0.999422 -3.46129e-24 -0.0339908 0.722657 -3.72567e-15 -0.691207 0.649612 -4.12551e-15 -0.760266 0.722662 -3.72564e-15 -0.691202 0.57015 -4.48307e-15 -0.821541 0.649616 -4.12549e-15 -0.760263 0.570154 -4.48305e-15 -0.821538 0.450121 -4.90508e-15 -0.892968 0.294924 -5.28417e-15 -0.955521 0.450125 -4.90506e-15 -0.892965 0.12997 -5.51671e-15 -0.991518 0.294927 -5.28417e-15 -0.95552 0.129971 -5.51671e-15 -0.991518 0.0678282 -5.56306e-15 -0.997697 0.0678282 -5.56306e-15 -0.997697 -0.331599 2.08067e-15 -0.94342 -0.480774 3.42218e-15 -0.876845 -0.331588 2.08057e-15 -0.943424 -0.617128 4.67246e-15 -0.786863 -0.480785 3.42228e-15 -0.876839 -0.617138 4.67255e-15 -0.786855 -0.010884 -7.31949e-16 -0.999941 -0.010884 -7.31949e-16 -0.999941 -0.173552 6.83432e-16 -0.984825 -0.173563 6.83529e-16 -0.984823 -0.623485 0 -0.781836 -0.723185 0 -0.690654 -0.723185 0 -0.690654 -0.623485 0 -0.781836 -0.746732 0 -0.665125 -0.746732 0 -0.665125 -0.750197 0 -0.661214 -0.750197 0 -0.661214 -0.765449 0 -0.643496 -0.746966 -0 -0.664863 -0.746966 -0 -0.664863 -0.765449 0 -0.643496 -0.727885 -0 -0.685699 -0.727885 -0 -0.685699 -0.435839 -2.95572e-17 -0.900025 -0.554933 -1.59593e-17 -0.831895 -0.435839 -2.95572e-17 -0.900025 -0.554933 -1.59593e-17 -0.831895 -0.637717 -5.5227e-18 -0.77027 -0.678606 4.14105e-31 -0.734503 -0.637717 -5.5227e-18 -0.77027 -0.678606 4.14105e-31 -0.734503 -0.285262 -4.48371e-17 -0.95845 -0.134122 -5.83708e-17 -0.990965 -0.285262 -4.48371e-17 -0.95845 -0.134122 -5.83708e-17 -0.990965 -0.0241011 -6.71926e-17 -0.99971 -0.0241011 -6.71926e-17 -0.99971 0.734335 1.695e-15 -0.678787 0.633227 1.45377e-15 -0.773966 0.734335 1.695e-15 -0.678787 0.633227 1.45377e-15 -0.773966 0.515071 1.17304e-15 -0.857148 0.381818 8.57552e-16 -0.924238 0.515071 1.17304e-15 -0.857148 0.237003 5.15756e-16 -0.971509 0.381818 8.57552e-16 -0.924238 0.237003 5.15756e-16 -0.971509 0.117925 2.35428e-16 -0.993023 0.0177209 -5.8619e-28 -0.999843 0.117925 2.35428e-16 -0.993023 0.0177209 -5.40896e-28 -0.999843 0.815896 1.89057e-15 -0.578199 0.892647 2.07598e-15 -0.450756 0.815896 1.89057e-15 -0.578199 0.892647 2.07598e-15 -0.450756 0.948511 2.21265e-15 -0.316744 0.977852 2.28597e-15 -0.209297 0.948511 2.21265e-15 -0.316744 0.995824 2.33305e-15 -0.091297 0.977852 2.28597e-15 -0.209297 0.995824 2.33305e-15 -0.091297 0.999816 2.34542e-15 -0.0191818 0.999816 2.34542e-15 -0.0191818 0.812296 0 0.583245 0.812296 0 0.583245 0.887171 0 0.461441 0.940232 0 0.340534 0.887171 0 0.461441 0.975929 0 0.218088 0.940232 0 0.340535 0.975929 0 0.218088 0.994764 0 0.102196 0.999843 0 0.0177245 0.994764 0 0.102196 0.999843 0 0.0177245 0.734276 0 0.678851 0.734276 0 0.678851 0.64784 0 0.761776 0.57756 0 0.816348 0.64784 0 0.761776 0.504119 0 0.863635 0.57756 0 0.816348 0.504118 0 0.863635 0.462801 0 0.886462 0.462801 0 0.886462 -0.857397 0 0.514656 -0.857397 0 0.514656 -0.857397 0 0.514656 -0.857397 0 0.514656 -0.675379 -6.94423e-16 -0.737471 -0.743221 -9.90886e-16 -0.669046 -0.743221 -9.90886e-16 -0.669046 -0.619808 -4.65527e-16 -0.784754 -0.619808 -4.65527e-16 -0.784754 -0.675379 -6.94423e-16 -0.737471 -0.567926 -2.61082e-16 -0.82308 -0.517096 -6.82648e-17 -0.855927 -0.567926 -2.61082e-16 -0.82308 -0.517096 -6.82649e-17 -0.855927 -0.498663 8.05008e-29 -0.866796 -0.498663 8.05008e-29 -0.866796 -0.812046 -1.31715e-15 -0.583594 -0.812046 -1.31715e-15 -0.583594 -0.882496 -1.69218e-15 -0.47032 -0.943112 -2.0791e-15 -0.332476 -0.882496 -1.69218e-15 -0.47032 -0.988502 -2.493e-15 -0.151206 -0.943112 -2.0791e-15 -0.332476 -0.988502 -2.493e-15 -0.151206 -0.998734 -2.68181e-15 -0.0503075 -0.998734 -2.68181e-15 -0.0503075 -0.811132 0 0.584863 -0.86731 0 0.497769 -0.811129 0 0.584867 -0.756904 0 0.653526 -0.867306 0 0.497775 -0.913851 0 0.406049 -0.913849 0 0.406055 -0.946409 0 0.322969 -0.946412 0 0.322963 -0.971649 0 0.236427 -0.971647 0 0.236435 -0.990412 0 0.138144 -0.997896 0 0.0648323 -0.999183 0 0.0404095 -0.997896 0 0.0648373 -0.990411 0 0.138153 -0.999183 0 0.0404095 -0.756906 0 0.653523 -0.69747 0 0.716614 -0.697466 0 0.716617 -0.620112 0 0.784514 -0.620115 0 0.784511 -0.525379 0 0.850868 -0.525382 0 0.850866 -0.413158 0 0.910659 -0.413155 0 0.910661 -0.267875 0 0.963454 -0.267877 0 0.963453 -0.112734 0 0.993625 -0.112735 0 0.993625 -0.0580353 0 0.998315 -0.0580353 0 0.998315 0.682243 0 0.731126 0.637661 0 0.770317 0.637663 0 0.770315 0.567397 0 0.823444 0.5674 0 0.823442 0.46205 0 0.886854 0.462045 0 0.886856 0.682242 0 0.731127 0.338284 0 0.941044 0.167427 0 0.985884 0.338289 0 0.941042 0.167438 0 0.985883 0.0576077 0 0.998339 0.0576077 0 0.998339 0.710575 0 0.703621 0.710575 0 0.703622 0.724795 0 0.688965 0.724795 0 0.688965 0.734071 0 0.679073 0.734071 0 0.679073 0.74377 0 0.668435 0.743771 0 0.668435 0.753729 0 0.657186 0.753729 0 0.657186 0.761344 0 0.648348 0.761344 0 0.648348 0.763995 0 0.645222 0.763995 0 0.645222 0.671453 9.48977e-18 0.741047 0.700829 6.6048e-18 0.713329 0.671453 9.48977e-18 0.741047 0.700829 6.6048e-18 0.713329 0.719263 4.7288e-18 0.694738 0.737723 2.79419e-18 0.675103 0.719263 4.7288e-18 0.694738 0.74889 1.59483e-18 0.662695 0.737723 2.79419e-18 0.675103 0.74889 1.59483e-18 0.662695 0.759329 4.523e-19 0.650707 0.763409 -2.08869e-32 0.645916 0.759329 4.523e-19 0.650707 0.763409 -5.42538e-30 0.645916 0.616268 1.4603e-17 0.787536 0.529602 2.19584e-17 0.848246 0.616268 1.4603e-17 0.787536 0.529602 2.19584e-17 0.848246 0.426847 2.98064e-17 0.904324 0.313482 3.75541e-17 0.949594 0.426847 2.98064e-17 0.904324 0.151647 4.71993e-17 0.988435 0.313482 3.75541e-17 0.949594 0.151647 4.71993e-17 0.988435 0.0432991 5.28131e-17 0.999062 0.0432991 5.28131e-17 0.999062 -0.7662 9.62119e-17 0.642602 -0.669811 8.35207e-17 0.742532 -0.669813 8.3521e-17 0.74253 -0.568171 7.02195e-17 0.82291 -0.568168 7.0219e-17 0.822913 -0.435114 5.28969e-17 0.900375 -0.435119 5.28975e-17 0.900373 -0.280659 3.28877e-17 0.959807 -0.280665 3.28884e-17 0.959806 -0.141713 1.49636e-17 0.989908 -0.141707 1.49627e-17 0.989909 -0.0253283 -1.56116e-29 0.999679 -0.0253283 3.49664e-26 0.999679 -0.766198 9.62117e-17 0.642604 -0.848222 1.07102e-16 0.52964 -0.848221 1.07102e-16 0.529642 -0.920382 1.16811e-16 0.39102 -0.920383 1.16811e-16 0.391018 -0.967142 1.23254e-16 0.254237 -0.967142 1.23254e-16 0.254238 -0.993142 1.27036e-16 0.116918 -0.993141 1.27036e-16 0.116919 -0.999655 1.28167e-16 0.0262696 -0.999655 1.28167e-16 0.0262696 -0.90752 -0 -0.420008 -0.838845 -0 -0.544371 -0.838847 -0 -0.544368 -0.959326 -0 -0.282302 -0.907519 -0 -0.420012 -0.959324 -0 -0.282306 -0.990232 -0 -0.139429 -0.999332 -0 -0.0365567 -0.990231 -0 -0.139435 -0.999332 -0 -0.0365567 -0.767707 -0 -0.640801 -0.719049 -0 -0.69496 -0.767708 -0 -0.640799 -0.676445 -0 -0.736493 -0.719049 -0 -0.694959 -0.676445 -0 -0.736493 -0.642771 -0 -0.766058 -0.642771 -0 -0.766058 0 1 0 0 1 0 0 1 0 0 1 0 0 1 0 0 1 0 -1 0 0 -1 0 0 -1 0 0 -1 0 0 0 0 -1 0 0 -1 0 0 -1 0 0 -1 -1 0 0 -1 0 0 -1 0 0 -1 0 0 0 0 -1 0 0 -1 0 0 -1 0 0 -1 1 0 0 1 0 0 1 0 0 1 0 0 0 0 1 0 0 1 0 0 1 0 0 1 0 1 0 0 1 0 0 1 0 0 1 0 0 1 0 0 1 0 0 1 0 0 1 0 0 1 0 0 1 0 0 1 0 0 1 0 0 1 0 0 1 0 0 1 0 0 1 0 0 1 0 0 1 0 0 1 0 0 1 0 0 1 0 0 1 0 0 1 0 0 1 0 0 1 0 0 1 0 0 1 0 0 1 0 0 1 0 0 1 0 0 1 0 0 1 0 0 1 0 0 1 0 0 1 0 0 1 0 0 1 0 0 1 0 0 1 0 0 1 0 0 1 0 0 1 0 0 1 0 0 1 0 0 1 0 0 1 0 0 1 0 0 1 0 0 1 0 0 1 0 0 1 0 0 1 0 0 1 0 0 1 0 0 1 0 0 1 0 0 1 0 0 1 0 0 1 0 0 1 0 0 1 0 0 1 0 0 1 0 0 1 0 0 1 0 0 1 0 0 1 0 0 1 0 0 1 0 0 1 0 0 1 0 0 1 0 0 1 0 0 1 0 0 1 0 0 1 0 0 1 0 0 1 0 0 1 0 0 1 0 0 1 0 0 1 0 0 1 0 0 1 0 0 1 0 0 1 0 0 1 0 0 1 0 0 1 0 0 1 0 0 1 0 0 1 0 0 1 0 0.722881 0 -0.690973 0.722881 0 -0.690973 0.722881 0 -0.690973 0.722881 0 -0.690973 0.841896 0 0.53964 0.784825 0 0.619718 0.841896 0 0.53964 0.891678 0 0.45267 0.784825 0 0.619718 0.695094 0 0.718919 0.723733 0 0.69008 0.723733 0 0.69008 0.695094 0 0.718919 0.891678 0 0.45267 0.93683 0 0.349785 0.971984 0 0.235047 0.93683 0 0.349785 0.994302 0 0.1066 0.971984 0 0.235047 0.994302 0 0.1066 0.999576 0 0.0291284 0.999576 0 0.0291284 0.880813 -1.25307e-15 -0.473465 0.809741 -1.57473e-15 -0.586787 0.809745 -1.57472e-15 -0.586782 0.0280801 -2.78685e-15 -0.999606 0.0280801 -2.78685e-15 -0.999606 0.0941969 -2.77044e-15 -0.995554 0.732662 -1.84241e-15 -0.680592 0.732666 -1.8424e-15 -0.680589 0.880817 -1.25305e-15 -0.473458 0.935643 -9.12585e-16 -0.352949 0.972953 -5.69469e-16 -0.231005 0.935645 -9.12566e-16 -0.352942 0.972955 -5.69447e-16 -0.230997 0.994561 -2.13867e-16 -0.104151 0.994562 -2.13842e-16 -0.104142 0.999618 9.35598e-29 -0.0276395 0.999618 -1.24034e-24 -0.0276395 0.649871 -2.07048e-15 -0.760045 0.649868 -2.07048e-15 -0.760047 0.561385 -2.26566e-15 -0.827555 0.561382 -2.26567e-15 -0.827557 0.444314 -2.46531e-15 -0.895871 0.331009 -2.60729e-15 -0.943628 0.444312 -2.46531e-15 -0.895872 0.331007 -2.6073e-15 -0.943628 0.212267 -2.71016e-15 -0.977212 0.212266 -2.71016e-15 -0.977212 0.0941976 -2.77044e-15 -0.995553 -0.641886 -1.4722e-17 -0.766801 -0.541226 -1.23604e-17 -0.840877 -0.641886 -1.4722e-17 -0.766801 -0.427409 -9.69565e-18 -0.904058 -0.541226 -1.23604e-17 -0.840877 -0.427409 -9.69565e-18 -0.904058 -0.302926 -6.7867e-18 -0.953014 -0.201483 -4.41982e-18 -0.979492 -0.302926 -6.7867e-18 -0.953014 -0.201483 -4.41982e-18 -0.979492 -0.0952654 -1.94473e-18 -0.995452 -0.0952654 -1.94473e-18 -0.995452 -0.0117132 -3.3688e-31 -0.999931 -0.0117132 -3.3688e-31 -0.999931 -0.747069 -1.71965e-17 -0.664747 -0.747069 -1.71965e-17 -0.664747 -0.826607 -1.90744e-17 -0.562779 -0.826607 -1.90744e-17 -0.562779 -0.885727 -2.04764e-17 -0.464207 -0.885727 -2.04764e-17 -0.464207 -0.93725 -2.17064e-17 -0.348657 -0.93725 -2.17064e-17 -0.348657 -0.972999 -2.25701e-17 -0.230811 -0.972999 -2.25701e-17 -0.230811 -0.99363 -2.30822e-17 -0.112688 -0.99363 -2.30822e-17 -0.112688 -0.999955 -2.32574e-17 -0.00953385 -0.999955 -2.32574e-17 -0.00953385 -0.883535 -2.21794e-15 0.468365 -0.9363 -1.62361e-15 0.351201 -0.9363 -1.62361e-15 0.351201 -0.705488 -3.44727e-15 0.708722 -0.705488 -3.44727e-15 0.708722 -0.734362 -3.29305e-15 0.678758 -0.994915 -3.60814e-16 0.10072 -0.974741 -9.77763e-16 0.223339 -0.974741 -9.77763e-16 0.223339 -0.994915 -3.60814e-16 0.10072 -0.999585 1.02094e-28 0.028803 -0.999585 1.02094e-28 0.028803 -0.883535 -2.21794e-15 0.468365 -0.82351 -2.72205e-15 0.567302 -0.82351 -2.72205e-15 0.567302 -0.773338 -3.06327e-15 0.633994 -0.773338 -3.06327e-15 0.633994 -0.734362 -3.29305e-15 0.678758 -0.689574 0 -0.724215 -0.689574 0 -0.724215 -0.689574 0 -0.724215 -0.689574 0 -0.724215 0.875981 6.18134e-16 -0.482345 0.928083 8.90766e-16 -0.372374 0.875981 6.18134e-16 -0.482345 0.82704 4.02019e-16 -0.562143 0.82704 4.02019e-16 -0.562143 0.782492 2.25915e-16 -0.622661 0.782492 2.25915e-16 -0.622661 0.7407 7.36331e-17 -0.671836 0.7407 7.36331e-17 -0.671836 0.719419 6.21556e-29 -0.694576 0.719419 7.16107e-29 -0.694576 0.928083 8.90766e-16 -0.372374 0.964037 1.13116e-15 -0.265767 0.964037 1.13116e-15 -0.265767 0.985688 1.33204e-15 -0.168577 0.985688 1.33204e-15 -0.168577 0.996772 1.50042e-15 -0.0802886 0.996772 1.50042e-15 -0.0802886 0.999956 1.62623e-15 -0.00940162 0.999956 1.62623e-15 -0.00940162 0.6982 0 0.715903 0.6982 0 0.715903 0.768027 0 0.640417 0.832303 0 0.554322 0.768027 0 0.640417 0.888459 0 0.458956 0.832303 0 0.554322 0.888459 0 0.458956 0.932737 0 0.360556 0.965277 0 0.261227 0.932737 0 0.360556 0.986204 0 0.165533 0.965277 0 0.261227 0.986204 0 0.165533 0.997503 0 0.0706185 0.999675 0 0.0254837 0.997503 0 0.0706185 0.999675 0 0.0254837 0.62417 0 0.781289 0.62417 0 0.781289 0.533917 0 0.845537 0.439651 0 0.898169 0.533917 0 0.845537 0.347103 0 0.937827 0.439651 0 0.898169 0.347103 0 0.937827 0.250189 0 0.968197 0.16063 0 0.987015 0.250189 0 0.968197 0.0669383 0 0.997757 0.16063 0 0.987015 0.0669383 0 0.997757 0.0206736 0 0.999786 0.0206736 0 0.999786 -0.714515 0 0.69962 -0.714515 0 0.69962 -0.639044 0 0.76917 -0.551258 0 0.834335 -0.639044 0 0.76917 -0.455965 0 0.889998 -0.551258 0 0.834335 -0.455965 0 0.889998 -0.364548 0 0.931184 -0.259982 0 0.965613 -0.364548 0 0.931184 -0.166143 0 0.986102 -0.259982 0 0.965613 -0.166143 0 0.986102 -0.0846087 0 0.996414 -0.0132637 0 0.999912 -0.0846087 0 0.996414 -0.0132637 0 0.999912 -0.785039 0 0.619446 -0.785039 0 0.619446 -0.839324 0 0.543632 -0.884993 0 0.465605 -0.839324 0 0.543632 -0.925981 0 0.377571 -0.884993 0 0.465605 -0.925981 0 0.377571 -0.957927 0 0.287011 -0.981976 0 0.189005 -0.957927 0 0.287011 -0.99601 0 0.0892377 -0.981976 0 0.189005 -0.99601 0 0.0892377 -0.999752 0 0.0222859 -0.999752 0 0.0222859 -0.946497 -4.58489e-16 -0.322714 -0.906012 -5.8521e-16 -0.423251 -0.906012 -5.8521e-16 -0.423251 -0.975863 -3.26382e-16 -0.218386 -0.946497 -4.58489e-16 -0.322714 -0.975863 -3.26382e-16 -0.218386 -0.993765 -1.90442e-16 -0.111492 -0.999995 -5.22643e-17 -0.00328878 -0.993765 -1.90442e-16 -0.111492 -0.999995 -5.22643e-17 -0.00328878 -0.854885 -7.05056e-16 -0.518817 -0.793716 -8.16621e-16 -0.608288 -0.854885 -7.05056e-16 -0.518817 -0.723224 -9.18593e-16 -0.690614 -0.793716 -8.16621e-16 -0.608288 -0.723224 -9.18593e-16 -0.690614 -0.644235 -1.00977e-15 -0.764827 -0.644235 -1.00977e-15 -0.764827 0 1 0 0 1 0 0 1 0 0 1 0 0 1 0 0 1 0 0 1 0 0 1 0 0 1 0 0 1 0 0 1 0 0 1 0 0 1 0 0 1 0 0 1 0 0 1 0 0 1 0 0 1 0 0 1 0 0 1 0 0 1 0 0 1 0 0 1 0 0 1 0 0 1 0 0 1 0 0 1 0 0 1 0 0 1 0 0 1 0 0 1 0 0 1 0 0 1 0 0 1 0 0 1 0 0 1 0 0 1 0 0 1 0 0 1 0 0 1 0 0 1 0 0 1 0 0 1 0 0 1 0 0 1 0 0 1 0 0 1 0 0 1 0 0 1 0 0 1 0 0 1 0 0 1 0 0 1 0 0 1 0 0 1 0 0 1 0 0 1 0 0 1 0 0 1 0 0 1 0 0 1 0 0 1 0 0 1 0 0 1 0 0 1 0 0 1 0 0 1 0 0 1 0 0 1 0 0 1 0 0 1 0 0 1 0 0 1 0 0 1 0 0 1 0 0 1 0 0 1 0 0 1 0 0 1 0 0 1 0 0 1 0 0 1 0 0 1 0 0 1 0 0 1 0 0 1 0 0 1 0 0 1 0 0 1 0 0 1 0 0 1 0 0 1 0 0 1 0 0 1 0 0 1 0 0 1 0 0 1 0 0 1 0 0 1 0 0 1 0 0 1 0 0 1 0 0 1 0 0 1 0 0 1 0 0 1 0 0 1 0 0 1 0 0 1 0 0 1 0 0 1 0 0 1 0 0 1 0 0 1 0 0 1 0 0 1 0 0 1 0 0 1 0 0 1 0 0 1 0 0 1 0 0 1 0 0 1 0 0 1 0 0 1 0 0 1 0 0 1 0 0 1 0 0 1 0 0 1 0 0 1 0 0 1 0 0.737794 0 -0.675026 0.737794 0 -0.675026 0.737794 0 -0.675026 0.737794 0 -0.675026 0.719423 0 0.694573 0.719423 0 0.694573 0.676487 0 0.736455 0.770454 0 0.637496 0.676487 0 0.736455 0.634173 0 0.773191 0.59314 0 0.805099 0.59314 0 0.805099 0.634173 0 0.773191 0.578334 0 0.8158 0.578334 0 0.8158 0.770454 0 0.637496 0.829122 0 0.559067 0.829122 0 0.559067 0.890729 0 0.454534 0.943445 0 0.331528 0.890729 0 0.454534 0.987089 0 0.16017 0.943445 0 0.331528 0.987089 0 0.16017 0.99867 0 0.0515567 0.99867 0 0.0515567 0.85556 -2.47061e-15 -0.517704 0.855555 -2.47065e-15 -0.517712 0.793463 -2.94099e-15 -0.608618 0.906516 -1.97879e-15 -0.422171 0.906512 -1.97884e-15 -0.42218 0.971555 -1.03036e-15 -0.236815 0.943926 -1.5071e-15 -0.330158 0.943929 -1.50705e-15 -0.330148 0.971552 -1.03043e-15 -0.236827 0.990745 -5.15946e-16 -0.135733 0.990744 -5.16015e-16 -0.135746 0.998233 -1.28816e-16 -0.059426 0.998232 -1.28854e-16 -0.0594333 0.999422 6.8879e-28 -0.0339908 0.999422 -3.12906e-24 -0.0339908 0.793469 -2.94096e-15 -0.608611 0.722657 -3.37078e-15 -0.691207 0.649612 -3.73253e-15 -0.760266 0.722662 -3.37075e-15 -0.691202 0.57015 -4.05603e-15 -0.821541 0.649616 -3.73251e-15 -0.760263 0.570154 -4.05601e-15 -0.821538 0.450121 -4.43784e-15 -0.892968 0.294924 -4.78082e-15 -0.955521 0.450125 -4.43782e-15 -0.892965 0.12997 -4.99121e-15 -0.991518 0.294927 -4.78082e-15 -0.95552 0.129971 -4.99121e-15 -0.991518 0.0678282 -5.03314e-15 -0.997697 0.0678282 -5.03314e-15 -0.997697 -0.331599 2.08067e-15 -0.94342 -0.480774 3.42218e-15 -0.876845 -0.331588 2.08057e-15 -0.943424 -0.617128 4.67246e-15 -0.786863 -0.480785 3.42228e-15 -0.876839 -0.617138 4.67255e-15 -0.786855 -0.010884 -7.31949e-16 -0.999941 -0.010884 -7.31949e-16 -0.999941 -0.173552 6.83432e-16 -0.984825 -0.173563 6.83529e-16 -0.984823 -0.723185 0 -0.690654 -0.623485 0 -0.781836 -0.623485 0 -0.781836 -0.723185 0 -0.690654 -0.746732 0 -0.665125 -0.746732 0 -0.665125 -0.750197 0 -0.661214 -0.750197 0 -0.661214 -0.765449 -3.11714e-16 -0.643496 -0.746966 3.21278e-16 -0.664863 -0.746966 3.21278e-16 -0.664863 -0.765449 -3.11708e-16 -0.643496 -0.727885 9.54008e-16 -0.685699 -0.727885 9.54008e-16 -0.685699 -0.435839 -0 -0.900025 -0.554933 -0 -0.831895 -0.435839 -0 -0.900025 -0.554933 -0 -0.831895 -0.637717 -0 -0.77027 -0.678606 -0 -0.734503 -0.637717 -0 -0.77027 -0.678606 -0 -0.734503 -0.285262 -0 -0.95845 -0.134122 -0 -0.990965 -0.285262 -0 -0.95845 -0.134122 -0 -0.990965 -0.0241011 -0 -0.99971 -0.0241011 -0 -0.99971 0.734335 0 -0.678787 0.633227 0 -0.773966 0.734335 0 -0.678787 0.633227 0 -0.773966 0.515071 0 -0.857148 0.381818 0 -0.924238 0.515071 0 -0.857148 0.237003 0 -0.971509 0.381818 0 -0.924238 0.237003 0 -0.971509 0.117925 0 -0.993023 0.0177209 0 -0.999843 0.117925 0 -0.993023 0.0177209 0 -0.999843 0.815896 0 -0.578199 0.892647 0 -0.450756 0.815896 0 -0.578199 0.892647 0 -0.450756 0.948511 0 -0.316744 0.977852 0 -0.209297 0.948511 0 -0.316744 0.995824 0 -0.091297 0.977852 0 -0.209297 0.995824 0 -0.091297 0.999816 0 -0.0191818 0.999816 0 -0.0191818 0.812296 0 0.583245 0.812296 0 0.583245 0.887171 0 0.461441 0.940232 0 0.340534 0.887171 0 0.461441 0.975929 0 0.218088 0.940232 0 0.340535 0.975929 0 0.218088 0.994764 0 0.102196 0.999843 0 0.0177245 0.994764 0 0.102196 0.999843 0 0.0177245 0.734276 0 0.678851 0.734276 0 0.678851 0.64784 0 0.761776 0.57756 0 0.816348 0.64784 0 0.761776 0.504119 0 0.863635 0.57756 0 0.816348 0.504118 0 0.863635 0.462801 0 0.886462 0.462801 0 0.886462 -0.857397 0 0.514656 -0.857397 0 0.514656 -0.857397 0 0.514656 -0.857397 0 0.514656 -0.675379 0 -0.737471 -0.619808 0 -0.784754 -0.675379 0 -0.737471 -0.619808 0 -0.784754 -0.743221 0 -0.669046 -0.567926 0 -0.82308 -0.567926 0 -0.82308 -0.517096 0 -0.855927 -0.743221 0 -0.669046 -0.517096 0 -0.855927 -0.498663 0 -0.866796 -0.498663 0 -0.866796 -0.812046 0 -0.583594 -0.812046 0 -0.583594 -0.882496 0 -0.47032 -0.943112 0 -0.332476 -0.882496 0 -0.47032 -0.988502 0 -0.151206 -0.943112 0 -0.332476 -0.988502 0 -0.151206 -0.998734 0 -0.0503075 -0.998734 0 -0.0503075 -0.811132 -1.04632e-16 0.584863 -0.86731 -8.76942e-17 0.497769 -0.811129 -1.04633e-16 0.584867 -0.867306 -8.76955e-17 0.497775 -0.913851 -6.99538e-17 0.406049 -0.913849 -6.9955e-17 0.406055 -0.946412 -5.39569e-17 0.322963 -0.971649 -3.73623e-17 0.236427 -0.946409 -5.39581e-17 0.322969 -0.990412 -1.85909e-17 0.138144 -0.971647 -3.73638e-17 0.236435 -0.990411 -1.85927e-17 0.138153 -0.997896 -4.63871e-18 0.0648323 -0.997896 -4.63967e-18 0.0648373 -0.999183 2.8903e-29 0.0404095 -0.999183 -5.60307e-26 0.0404095 -0.756904 -1.18061e-16 0.653526 -0.756906 -1.18061e-16 0.653523 -0.69747 -1.30474e-16 0.716614 -0.697466 -1.30475e-16 0.716617 -0.620112 -1.43936e-16 0.784514 -0.620115 -1.43935e-16 0.784511 -0.525379 -1.57238e-16 0.850868 -0.525382 -1.57238e-16 0.850866 -0.413158 -1.69431e-16 0.910659 -0.413155 -1.69431e-16 0.910661 -0.267875 -1.8055e-16 0.963454 -0.267877 -1.8055e-16 0.963453 -0.112734 -1.87458e-16 0.993625 -0.112735 -1.87458e-16 0.993625 -0.0580353 -1.88766e-16 0.998315 -0.0580353 -1.88766e-16 0.998315 0.637663 0 0.770315 0.637661 0 0.770317 0.567397 0 0.823444 0.682243 0 0.731126 0.682242 0 0.731127 0.46205 0 0.886854 0.5674 0 0.823442 0.462045 0 0.886856 0.338284 0 0.941044 0.338289 0 0.941042 0.167427 0 0.985884 0.0576077 0 0.998339 0.0576077 0 0.998339 0.167438 0 0.985883 0.710575 0 0.703621 0.710575 0 0.703622 0.724795 0 0.688965 0.724795 0 0.688965 0.734071 0 0.679073 0.734071 0 0.679073 0.74377 0 0.668435 0.743771 0 0.668435 0.753729 0 0.657186 0.753729 0 0.657186 0.761344 0 0.648348 0.761344 0 0.648348 0.763995 0 0.645222 0.763995 0 0.645222 0.671453 0 0.741047 0.700829 0 0.713329 0.671453 0 0.741047 0.700829 0 0.713329 0.719263 0 0.694738 0.737723 0 0.675103 0.719263 0 0.694738 0.74889 0 0.662695 0.737723 0 0.675103 0.74889 0 0.662695 0.759329 0 0.650707 0.763409 0 0.645916 0.759329 0 0.650707 0.763409 0 0.645916 0.616268 0 0.787536 0.529602 0 0.848246 0.616268 0 0.787536 0.529602 0 0.848246 0.426847 0 0.904324 0.313482 0 0.949594 0.426847 0 0.904324 0.151647 0 0.988435 0.313482 0 0.949594 0.151647 0 0.988435 0.0432991 0 0.999062 0.0432991 0 0.999062 -0.7662 0 0.642602 -0.669811 0 0.742532 -0.669813 0 0.74253 -0.568171 0 0.82291 -0.568168 0 0.822913 -0.435114 0 0.900375 -0.435119 0 0.900373 -0.280659 0 0.959807 -0.280665 0 0.959806 -0.141713 0 0.989908 -0.141707 0 0.989909 -0.0253283 0 0.999679 -0.0253283 0 0.999679 -0.766198 0 0.642604 -0.848222 0 0.52964 -0.848221 0 0.529642 -0.920382 0 0.39102 -0.920383 0 0.391018 -0.967142 0 0.254237 -0.967142 0 0.254238 -0.993142 0 0.116918 -0.993141 0 0.116919 -0.999655 0 0.0262696 -0.999655 0 0.0262696 -0.90752 -0 -0.420008 -0.838845 -0 -0.544371 -0.838847 -0 -0.544368 -0.959326 -0 -0.282302 -0.907519 -0 -0.420012 -0.959324 -0 -0.282306 -0.990232 -0 -0.139429 -0.999332 -0 -0.0365567 -0.990231 -0 -0.139435 -0.999332 -0 -0.0365567 -0.767707 -0 -0.640801 -0.719049 -0 -0.69496 -0.767708 -0 -0.640799 -0.676445 -0 -0.736493 -0.719049 -0 -0.694959 -0.676445 -0 -0.736493 -0.642771 -0 -0.766058 -0.642771 -0 -0.766058 0 1 0 0 1 0 0 1 0 0 1 0 0 1 0 0 1 0 0 1 0 0 1 0 0 1 0 0 1 0 0 1 0 0 1 0 0 1 0 0 1 0 0 1 0 0 1 0 0 1 0 0 1 0 0 1 0 0 1 0 0 1 0 0 1 0 0 1 0 0 1 0 0 1 0 0 1 0 0 1 0 0 1 0 0 1 0 0 1 0 0 1 0 0 1 0 0 1 0 0.944874 0 0.327433 0.944873 0 0.327436 0.898423 0 0.439131 0.898425 0 0.439127 0.971135 0 0.238532 0.829769 0 0.558107 0.829774 0 0.5581 0.971134 0 0.238534 0.752486 0 0.658608 0.752486 0 0.658608 0.987135 0 0.159888 0.994949 0 0.100382 0.987135 0 0.15989 0.999229 0 0.039263 0.994949 0 0.100383 0.999229 0 0.0392633 0.999916 0 0.0129652 0.999916 0 0.0129652 0.200575 0 0.979678 0.329726 0 0.944077 0.200575 0 0.979678 0.329726 0 0.944077 0.0884272 0 0.996083 0.018188 0 0.999835 0.0884271 0 0.996083 0.018188 0 0.999835 0.46725 0 0.884125 0.602415 0 0.798183 0.467249 0 0.884126 0.602415 0 0.798183 0.702626 0 0.71156 0.702626 0 0.71156 -0.908879 0 0.417059 -0.822113 0 0.569325 -0.822113 0 0.569325 -0.908879 0 0.417059 -0.961666 0 0.274224 -0.961666 0 0.274224 -0.984233 0 0.176877 -0.984233 0 0.176877 -0.728927 0 0.684592 -0.992955 0 0.118488 -0.992955 0 0.118488 -0.997759 0 0.0669084 -0.997759 0 0.0669084 -0.999658 0 0.0261641 -0.999988 0 0.00484235 -0.999658 0 0.0261641 -0.999988 0 0.00484235 -0.728927 0 0.684592 -0.626365 0 0.77953 -0.626365 0 0.77953 -0.527038 0 0.849842 -0.43053 0 0.902576 -0.527038 0 0.849842 -0.325089 0 0.945683 -0.43053 0 0.902576 -0.325089 0 0.945683 -0.224463 0 0.974483 -0.144637 0 0.989485 -0.224463 0 0.974483 -0.0600226 0 0.998197 -0.144637 0 0.989485 -0.0600226 0 0.998197 -0.0140457 0 0.999901 -0.0140457 0 0.999901 -1 0 0 -1 0 0 -1 0 0 -1 0 0 0 0 -1 0 0 -1 0 0 -1 0 0 -1 1 0 0 1 0 0 1 0 0 1 0 0 -1 0 0 -1 0 0 -1 0 0 -1 0 0 -0.681621 -6.0336e-17 -0.731706 -0.770267 -5.24862e-17 -0.637721 -0.770267 -5.24862e-17 -0.637721 -0.851393 -4.30467e-17 -0.524529 -0.851393 -4.30467e-17 -0.524529 -0.920407 -3.19233e-17 -0.390962 -0.920407 -3.19233e-17 -0.390962 -0.960941 -2.24223e-17 -0.276752 -0.960941 -2.24223e-17 -0.276752 -0.983785 -1.43263e-17 -0.17935 -0.983785 -1.43263e-17 -0.17935 -0.992249 -9.7499e-18 -0.124262 -0.992249 -9.7499e-18 -0.124262 -0.997387 -5.43009e-18 -0.0722435 -0.997387 -5.43009e-18 -0.0722435 -0.999528 -1.98175e-18 -0.0307054 -0.999528 -1.98175e-18 -0.0307054 -0.999977 -1.02744e-29 -0.0068283 -0.999977 -1.28086e-29 -0.0068283 -0.681621 -6.0336e-17 -0.731706 -0.594512 -6.6392e-17 -0.804087 -0.594512 -6.6392e-17 -0.804087 -0.517305 -7.07274e-17 -0.855801 -0.517305 -7.07274e-17 -0.855801 -0.42759 -7.47759e-17 -0.903973 -0.42759 -7.47759e-17 -0.903973 -0.329545 -7.81648e-17 -0.94414 -0.329545 -7.81648e-17 -0.94414 -0.237902 -8.04698e-17 -0.971289 -0.237902 -8.04698e-17 -0.971289 -0.151643 -8.19416e-17 -0.988435 -0.151643 -8.19416e-17 -0.988435 -0.0701479 -8.2743e-17 -0.997537 -0.0701479 -8.2743e-17 -0.997537 -0.0127549 -8.29732e-17 -0.999919 -0.0127549 -8.29732e-17 -0.999919 0.791693 0 -0.610919 0.714453 0 -0.699684 0.714453 0 -0.699684 0.623129 0 -0.782119 0.623128 0 -0.782119 0.52726 0 -0.849704 0.52726 0 -0.849704 0.430672 0 -0.902508 0.430672 0 -0.902508 0.341274 0 -0.939964 0.341274 0 -0.939964 0.249675 0 -0.96833 0.249675 0 -0.96833 0.162775 0 -0.986663 0.162775 0 -0.986663 0.0688958 0 -0.997624 0.0688958 0 -0.997624 0.0236648 0 -0.99972 0.0236648 0 -0.99972 0.791693 0 -0.610919 0.863439 0 -0.504454 0.863439 0 -0.504454 0.928235 0 -0.371995 0.928235 0 -0.371995 0.974982 0 -0.222283 0.974982 0 -0.222283 0.991237 0 -0.132097 0.991237 0 -0.132097 0.997194 0 -0.0748604 0.997194 0 -0.0748604 0.999167 0 -0.0408121 0.999167 0 -0.0408121 0.999814 0 -0.0193075 0.999814 0 -0.0193075 0.999991 0 -0.00418017 0.999991 0 -0.00418017 1 0 0 1 0 0 1 0 0 1 0 0 0 0 1 0 0 1 0 0 1 0 0 1 0 1 0 0 1 0 0 1 0 0 1 0 0 1 0 0 1 0 0 1 0 0 1 0 0 1 0 0 1 0 0 1 0 0 1 0 0 1 0 0 1 0 0 1 0 0 1 0 0 1 0 0 1 0 0 1 0 0 1 0 0 1 0 0 1 0 0 1 0 0 1 0 0 1 0 0 1 0 0 1 0 0 1 0 0 1 0 0 1 0 0 1 0 0 1 0 0 1 0 0 1 0 0 1 0 0 1 0 0 1 0 0 1 0 0 1 0 0 1 0 0 1 0 0 1 0 0 1 0 0 1 0 0 1 0 0 1 0 0 1 0 0 1 0 0 1 0 0 1 0 0 1 0 0 1 0 0 1 0 0 1 0 0 1 0 0 1 0 0 1 0 0 1 0 0 1 0 0 1 0 0 1 0 0 1 0 0 1 0 0 1 0 0 1 0 0 1 0 0 1 0 0 1 0 0 1 0 0 1 0 0 1 0 0 1 0 0 1 0 0 1 0 0 1 0 0 1 0 0 1 0 0 1 0 0 1 0 0 1 0 -1 0 0 -1 0 0 -1 0 0 -1 0 0 -0.567645 0 -0.823273 -0.567645 0 -0.823273 -0.567645 0 -0.823273 -0.567645 0 -0.823273 0 0 1 0 0 1 0 0 1 0 0 1 -1 0 0 -1 0 0 -1 0 0 -1 0 0 0 0 -1 0 0 -1 0 0 -1 0 0 -1 1 0 0 1 0 0 1 0 0 1 0 0 0.567798 0 0.823168 0.567798 0 0.823168 0.567798 0 0.823168 0.567798 0 0.823168 0 0 -1 0 0 -1 0 0 -1 0 0 -1 1 0 0 1 0 0 1 0 0 1 0 0 0 0 1 0 0 1 0 0 1 0 0 1 0 1 0 0 1 0 0 1 0 0 1 0 0 1 0 0 1 0 0 1 0 0 1 0 0 1 0 0 1 0 0 1 0 0 1 0 0 1 0 0 1 0 0 1 0 0 1 0 0 1 0 0 1 0 0 1 0 0 1 0 0 1 0 0 1 0 0 1 0 0 1 0 0 1 0 0 1 0 0 1 0 0 1 0 0 1 0 0 1 0 0 1 0 0 1 0 0 1 0 0 1 0 0 1 0 0 1 0 0 1 0 0 1 0 0 1 0 0 1 0 0 1 0 0 1 0 0 1 0 0 1 0 0 1 0 0 1 0 0 1 0 0 1 0 0 1 0 0 1 0 0 1 0 0 1 0 0 1 0 0 1 0 0 1 0 0 1 0 0 1 0 0 1 0 0 1 0 0 1 0 0 1 0 0 1 0 0 1 0 0 1 0 0 1 0 0 1 0 0 1 0 0 1 0 0 1 0 0 1 0 0 1 0 0 1 0 0 1 0 0 1 0 0 1 0 0 1 0 0 1 0 0 1 0 0 1 0 0 1 0 0 1 0 0 1 0 0 1 0 0 1 0 0 1 0 0 1 0 0 1 0 0 1 0 0 1 0 0 1 0 0 1 0 0 1 0 0 1 0 0.722387 0 -0.691489 0.722387 0 -0.691489 0.722387 0 -0.691489 0.722387 0 -0.691489 0.907367 0 0.420339 0.840446 0 0.541896 0.840446 0 0.541896 0.907367 0 0.420339 0.764125 0 0.645068 0.764125 0 0.645068 0.706683 0 0.70753 0.706683 0 0.70753 0.95963 0 0.281264 0.991133 0 0.132872 0.95963 0 0.281264 0.991133 0 0.132872 0.999496 0 0.0317353 0.999496 0 0.0317353 0.850928 0 -0.525283 0.766033 0 -0.642802 0.850932 0 -0.525276 0.919612 0 -0.392827 0.919616 0 -0.392819 0.967478 0 -0.252956 0.967476 0 -0.252965 0.993107 0 -0.117207 0.999671 0 -0.0256533 0.993106 0 -0.117217 0.766036 0 -0.642797 0.999671 0 -0.0256533 0.673721 0 -0.738986 0.673725 0 -0.738983 0.561622 0 -0.827394 0.561625 0 -0.827392 0.426126 0 -0.904664 0.426123 0 -0.904665 0.277808 0 -0.960637 0.27781 0 -0.960636 0.135735 0 -0.990745 0.135736 0 -0.990745 0.0254533 0 -0.999676 0.0254533 0 -0.999676 -0.722762 0 -0.691097 -0.635291 0 -0.772272 -0.635291 0 -0.772273 -0.527734 0 -0.84941 -0.527734 0 -0.84941 -0.392645 0 -0.91969 -0.392645 0 -0.91969 -0.256161 0 -0.966634 -0.1243 0 -0.992245 -0.1243 0 -0.992245 -0.256161 0 -0.966634 -0.0230121 0 -0.999735 -0.0230121 0 -0.999735 -0.722762 0 -0.691097 -0.807562 0 -0.589783 -0.876817 0 -0.480824 -0.807562 0 -0.589783 -0.876817 0 -0.480824 -0.936313 0 -0.351165 -0.973248 0 -0.229758 -0.936313 0 -0.351165 -0.994416 0 -0.105534 -0.973248 0 -0.229758 -0.994416 0 -0.105534 -0.999715 0 -0.0238559 -0.999715 0 -0.0238559 -0.883378 0 0.468662 -0.943228 0 0.332146 -0.883378 0 0.468662 -0.798139 0 0.602474 -0.943228 0 0.332146 -0.980627 0 0.195882 -0.980627 0 0.195882 -0.994708 0 0.102743 -0.999959 0 0.00902246 -0.994708 0 0.102743 -0.999959 0 0.00902246 -0.798139 0 0.602474 -0.701057 0 0.713105 -0.701057 0 0.713105 -0.589933 0 0.807452 -0.589933 0 0.807452 -0.499859 0 0.866107 -0.499859 0 0.866107 -0.429613 0 0.903013 -0.429613 0 0.903013 1 0 0 1 0 0 1 0 0 1 0 0 0 0 1 0 0 1 0 0 1 0 0 1 -1 0 0 -1 0 0 -1 0 0 -1 0 0 -0.0328461 0 -0.99946 -0.0328461 0 -0.99946 -0.0328461 0 -0.99946 -0.0328461 0 -0.99946 0.601994 0 -0.798501 0.69354 0 -0.720418 0.69354 0 -0.720418 0.520617 0 -0.853791 0.601994 0 -0.798501 0.520617 0 -0.853791 0.432144 0 -0.901804 0.333263 0 -0.942834 0.432144 0 -0.901804 0.223611 0 -0.974679 0.333264 0 -0.942834 0.223611 0 -0.974679 0.113378 0 -0.993552 0.0164399 0 -0.999865 0.113378 0 -0.993552 0.0164399 0 -0.999865 0.773307 0 -0.634032 0.849707 0 -0.527255 0.773307 0 -0.634032 0.906303 0 -0.422629 0.849707 0 -0.527255 0.906303 0 -0.422629 0.953321 0 -0.301958 0.982068 0 -0.188526 0.953321 0 -0.301958 0.995678 0 -0.0928678 0.982068 0 -0.188526 0.995678 0 -0.0928677 0.999889 0 -0.0149287 0.999889 0 -0.0149287 0.790922 0 0.611917 0.709977 0 0.704225 0.709977 0 0.704225 0.860398 0 0.509623 0.790922 0 0.611917 0.860398 0 0.509623 0.913705 0 0.406379 0.954579 0 0.297957 0.913705 0 0.406379 0.98273 0 0.185044 0.954579 0 0.297957 0.98273 0 0.185044 0.995782 0 0.0917508 0.999902 0 0.013986 0.995782 0 0.0917508 0.999902 0 0.013986 0.623502 0 0.781822 0.526011 0 0.850478 0.623502 0 0.781822 0.42927 0 0.903176 0.526011 0 0.850478 0.42927 0 0.903176 0.326234 0 0.945289 0.217439 0 0.976074 0.326234 0 0.945289 0.104043 0 0.994573 0.217439 0 0.976074 0.104043 0 0.994573 0.0221657 0 0.999754 0.0221657 0 0.999754 -0.355986 0 0.934491 -0.236049 0 0.971741 -0.355986 0 0.934491 -0.236049 0 0.971741 -0.112389 0 0.993664 0.0130431 0 0.999915 -0.112389 0 0.993664 0.0130431 0 0.999915 -0.470308 0 0.882503 -0.577211 0 0.816595 -0.470308 0 0.882503 -0.577211 0 0.816595 -0.675012 0 0.737807 -0.675012 0 0.737807 -0.868092 0 0.496403 -0.921461 0 0.388471 -0.921461 0 0.388471 -0.807795 0 0.589463 -0.868092 0 0.496403 -0.807795 0 0.589463 -0.738049 0 0.674747 -0.67393 0 0.738795 -0.738049 0 0.674747 -0.67393 0 0.738795 -0.958428 0 0.285335 -0.983691 0 0.179867 -0.958428 0 0.285335 -0.995851 0 0.0909993 -0.983691 0 0.179867 -0.995851 0 0.0909993 -0.999974 0 0.00723471 -0.999974 0 0.00723471 -0.982122 0 -0.188243 -0.982122 -0 -0.188246 -0.995779 0 -0.0917812 -0.999985 0 0.00555445 -0.995779 0 -0.0917798 -0.999985 0 0.00555445 -0.959144 -0 -0.282919 -0.959142 -0 -0.282924 -0.927064 -0 -0.374903 -0.927059 -0 -0.374916 -0.803729 1.45236e-15 -0.594996 -0.803735 1.4523e-15 -0.594988 -0.861009 8.25887e-16 -0.50859 -0.909034 1.90558e-16 -0.416722 -0.861001 8.25983e-16 -0.508604 -0.909023 1.9073e-16 -0.416747 -0.737821 2.06314e-15 -0.674996 -0.737825 2.06311e-15 -0.674992 -0.663987 2.65175e-15 -0.747744 -0.663987 2.65175e-15 -0.747744 0 1 0 0 1 0 0 1 0 0 1 0 0 1 0 0 1 0 0 1 0 0 1 0 0 1 0 0 1 0 -1 0 0 -1 0 0 -1 0 0 -1 0 0 -0.567645 0 -0.823273 -0.567645 0 -0.823273 -0.567645 0 -0.823273 -0.567645 0 -0.823273 0 0 1 0 0 1 0 0 1 0 0 1 -1 0 0 -1 0 0 -1 0 0 -1 0 0 0 0 -1 0 0 -1 0 0 -1 0 0 -1 1 0 0 1 0 0 1 0 0 1 0 0 0.567798 0 0.823168 0.567798 0 0.823168 0.567798 0 0.823168 0.567798 0 0.823168 0 0 -1 0 0 -1 0 0 -1 0 0 -1 1 0 0 1 0 0 1 0 0 1 0 0 0 0 1 0 0 1 0 0 1 0 0 1 0 1 0 0 1 0 0 1 0 0 1 0 -1 0 0 -1 0 0 -1 0 0 -1 0 0 0 0 -1 0 0 -1 0 0 -1 0 0 -1 1 0 0 1 0 0 1 0 0 1 0 0 0 0 1 0 0 1 0 0 1 0 0 1 0 1 0 0 1 0 0 1 0 0 1 0 0 1 0 0 1 0 0 1 0 -1 0 0 -1 0 0 -1 0 0 -1 0 0 -0.340231 0 -0.940342 -0.340231 0 -0.940342 -0.340231 0 -0.940342 -0.340231 0 -0.940342 -0.340934 0 0.940087 -0.340934 0 0.940087 -0.340934 0 0.940087 -0.340934 0 0.940087 -1 0 0 -1 0 0 -1 0 0 -1 0 0 0.340866 0 -0.940112 0.340866 0 -0.940112 0.340866 0 -0.940112 0.340866 0 -0.940112 1 0 0 1 0 0 1 0 0 1 0 0 0.340366 0 0.940293 0.340366 0 0.940293 0.340366 0 0.940293 0.340366 0 0.940293 0 1 0 0 1 0 0 1 0 0 1 0 0 1 0 0 1 0 0 1 0 0 1 0 0 1 0 0 1 0 0 1 0 0 1 0 0 1 0 0 1 0 0 1 0 0 1 0 0 1 0 0 1 0 0 1 0 0 1 0 0 1 0 0 1 0 0 1 0 0 1 0 0 1 0 0 1 0 0 1 0 0 1 0 0 1 0 0 1 0 0 1 0 0 1 0 0 1 0 0 1 0 0 1 0 0 1 0 0 1 0 0 1 0 0 1 0 0 1 0 0 1 0 0 1 0 0 1 0 0 1 0 0 1 0 0 1 0 0 1 0 0 1 0 0 1 0 0 1 0 0 1 0 0 1 0 0 1 0 0 1 0 0 1 0 0 1 0 0 1 0 0 1 0 0 1 0 0 1 0 0 1 0 0 1 0 0 1 0 0 1 0 0 1 0 0 1 0 0 1 0 0 1 0 0 1 0 0 1 0 0 1 0 0 1 0 0 1 0 0 1 0 0 1 0 0 1 0 0 1 0 0 1 0 0 1 0 0 1 0 0 1 0 0 1 0 0 1 0 0 1 0 0 1 0 0 1 0 0 1 0 0 1 0 0 1 0 0 1 0 0 1 0 0 1 0 0 1 0 0 1 0 0 1 0 0 1 0 0 1 0 0 1 0 0 1 0 0 1 0 0 1 0 0 1 0 0 1 0 0 1 0 0 1 0 0 1 0 0 1 0 0 1 0 0 1 0 0 1 0 0 1 0 0 1 0 0 1 0 0 1 0 0 1 0 0 1 0 0 1 0 0 1 0 0 1 0 0 1 0 0 1 0 0 1 0 0 1 0 0 1 0 0 1 0 0 1 0 0 1 0 0 1 0 0 1 0 0 1 0 0 1 0 0 1 0 0 -1 0 0 -1 0 0 -1 0 0 -1 0 0 -1 0 0 -1 0 0 -1 0 0 -1 0 0 -1 0 0 -1 0 0 -1 0 0 -1 0 0 -1 0 0 -1 0 0 -1 0 0 -1 0 0 -1 0 0 -1 0 0 -1 0 0 -1 0 0 -1 0 0 -1 0 0 -1 0 0 -1 0 0 -1 0 0 -1 0 0 -1 0 0 -1 0 0 -1 0 0 -1 0 0 -1 0 0 -1 0 0 -1 0 0 -1 0 0 -1 0 0 -1 0 0 -1 0 0 -1 0 0 -1 0 0 -1 0 0 -1 0 0 -1 0 0 -1 0 0 -1 0 0 -1 0 0 -1 0 0 -1 0 0 -1 0 0 -1 0 0 -1 0 0 -1 0 0 -1 0 0 -1 0 0 -1 0 0 -1 0 0 -1 0 0 -1 0 0 -1 0 0 -1 0 0 -1 0 0 -1 0 0 -1 0 0 -1 0 0 -1 0 0 -1 0 0 -1 0 0 -1 0 0 -1 0 0 -1 0 0 -1 0 0 -1 0 0 -1 0 0 -1 0 0 -1 0 0 -1 0 0 -1 0 0 -1 0 0 -1 0 0 -1 0 0 -1 0 0 -1 0 0 -1 0 0 -1 0 0 -1 0 0 -1 0 0 -1 0 0 -1 0 0 -1 0 0 -1 0 0 -1 0 0 -1 0 0 -1 0 0 -1 0 0 -1 0 0 -1 0 0 -1 0 0 -1 0 0 -1 0 0 -1 0 0 -1 0 0 -1 0 0 -1 0 0 -1 0 0 -1 0 0 -1 0 0 -1 0 0 -1 0 0 -1 0 0 -1 0 0 -1 0 0 -1 0 0 -1 0 0 -1 0 0 -1 0 0 -1 0 0 -1 0 0 -1 0 0 -1 0 0 -1 0 0 -1 0 0 -1 0 0 -1 0 0 -1 0 0 -1 0 0 -1 0 0 -1 0 0 -1 0 0 -1 0 0 -1 0 0 -1 0 0 -1 0 0 -1 0 0 1 0 0 1 0 0 1 0 0 1 0 0 1 0 0 1 0 0 1 0 0 1 0 0 1 0 0 1 0 0 1 0 0 1 0 0 1 0 0 1 0 0 1 0 0 1 0 0 1 0 0 1 0 0 1 0 0 1 0 0 1 0 0 1 0 0 1 0 0 1 0 0 1 0 0 1 0 0 1 0 0 1 0 0 1 0 0 1 0 0 1 0 0 1 0 0 1 0 0 1 0 0 1 0 0 1 0 0 1 0 0 1 0 0 1 0 0 1 0 0 1 0 0 1 0 0 1 0 0 1 0 0 1 0 0 1 0 0 1 0 0 1 0 0 1 0 0 1 0 0 1 0 0 1 0 0 1 0 0 1 0 0 1 0 0 1 0 0 1 0 0 1 0 0 1 0 0 1 0 0 1 0 0 1 0 0 1 0 0 1 0 0 1 0 0 1 0 0 1 0 0 1 0 0 1 0 0 1 0 0 1 0 0 1 0 0 1 0 0 1 0 0 1 0 0 1 0 0 1 0 0 1 0 0 1 0 0 1 0 0 1 0 0 1 0 0 1 0 0 1 0 0 1 0 0 1 0 0 1 0 0 1 0 0 1 0 0 1 0 0 1 0 0 1 0 0 1 0 0 1 0 0 1 0 0 1 0 0 1 0 0 1 0 0 1 0 0 1 0 0 1 0 0 1 0 0 1 0 0 1 0 0 1 0 0 1 0 0 1 0 0 1 0 0 1 0 0 1 0 0 1 0 0 1 0 0 1 0 0 1 0 0 1 0 0 1 0 0 1 0 0 1 0 0 1 0 0 1 0 0 1 0 0 1 0 0 1 0 0 1 0 0 1 0 0 1 0 0 1 0 0 1 0 0 1 0 0 1 0 0 1 0 0 1 0 0 -1 0 0 -1 0 0 -1 0 0 -1 0 0 -1 0 0 -1 0 0 -1 0 0 -1 0 0 -1 0 0 -1 0 0 -1 0 0 -1 0 0 -1 0 0 -1 0 0 -1 0 0 -1 0 0 -1 0 0 -1 0 0 -1 0 0 -1 0 0 -1 0 0 -1 0 0 -1 0 0 -1 0 0 -1 0 0 -1 0 0 -1 0 0 -1 0 0 -1 0 0 -1 0 0 -1 0 0 -1 0 0 -1 0 0 -1 0 0 -1 0 0 -1 0 0 -1 0 0 -1 0 0 -1 0 0 -1 0 0 -1 0 0 -1 0 0 -1 0 0 -1 0 0 -1 0 0 -1 0 0 -1 0 0 -1 0 0 -1 0 0 -1 0 0 -1 0 0 -1 0 0 -1 0 0 -1 0 0 -1 0 0 -1 0 0 -1 0 0 -1 0 0 -1 0 0 -1 0 0 -1 0 0 -1 0 0 -1 0 0 -1 0 0 -1 0 0 -1 0 0 -1 0 0 -1 0 0 -1 0 0 -1 0 0 -1 0 0 -1 0 0 -1 0 0 -1 0 0 -1 0 0 -1 0 0 -1 0 0 -1 0 0 -1 0 0 -1 0 0 -1 0 0 -1 0 0 -1 0 0 -1 0 0 -1 0 0 -1 0 0 -1 0 0 -1 0 0 -1 0 0 -1 0 0 -1 0 0 -1 0 0 -1 0 0 -1 0 0 -1 0 0 -1 0 0 -1 0 0 -1 0 0 -1 0 0 -1 0 0 -1 0 0 -1 0 0 -1 0 0 -1 0 0 -1 0 0 -1 0 0 -1 0 0 -1 0 0 -1 0 0 -1 0 0 -1 0 0 -1 0 0 -1 0 0 -1 0 0 -1 0 0 -1 0 0 -1 0 0 -1 0 0 -1 0 0 -1 0 0 -1 0 0 -1 0 0 -1 0 0 -1 0 0 -1 0 0 -1 0 0 -1 0 0 -1 0 0 -1 0 0 -1 0 0 -1 0 0 -1 0 0 1 0 0 1 0 0 1 0 0 1 0 0 1 0 0 1 0 0 1 0 0 1 0 0 1 0 0 1 0 0 1 0 0 1 0 0 1 0 0 1 0 0 1 0 0 1 0 0 1 0 0 1 0 0 1 0 0 1 0 0 1 0 0 1 0 0 1 0 0 1 0 0 1 0 0 1 0 0 1 0 0 1 0 0 1 0 0 1 0 0 1 0 0 1 0 0 1 0 0 1 0 0 1 0 0 1 0 0 1 0 0 1 0 0 1 0 0 1 0 0 1 0 0 1 0 0 1 0 0 1 0 0 1 0 0 1 0 0 1 0 0 1 0 0 1 0 0 1 0 0 1 0 0 1 0 0 1 0 0 1 0 0 1 0 0 1 0 0 1 0 0 1 0 0 1 0 0 1 0 0 1 0 0 1 0 0 1 0 0 1 0 0 1 0 0 1 0 0 1 0 0 1 0 0 1 0 0 1 0 0 1 0 0 1 0 0 1 0 0 1 0 0 1 0 0 1 0 0 1 0 0 1 0 0 1 0 0 1 0 0 1 0 0 1 0 0 1 0 0 1 0 0 1 0 0 1 0 0 1 0 0 1 0 0 1 0 0 1 0 0 1 0 0 1 0 0 1 0 0 1 0 0 1 0 0 1 0 0 1 0 0 1 0 0 1 0 0 1 0 0 1 0 0 1 0 0 1 0 0 1 0 0 1 0 0 1 0 0 1 0 0 1 0 0 1 0 0 1 0 0 1 0 0 1 0 0 1 0 0 1 0 0 1 0 0 1 0 0 1 0 0 1 0 0 1 0 0 1 0 0 1 0 0 1 0 0 1 0 0 1 0 0 1 0 0 1 0 0 1 0 0 1 0 0 1 0 0 1 0 0 1 0 0 1 0 0 -1 0 0 -1 0 0 -1 0 0 -1 0 0 -1 0 0 -1 0 0 -1 0 0 -1 0 0 -1 0 0 -1 0 0 -1 0 0 -1 0 0 -1 0 0 -1 0 0 -1 0 0 -1 0 0 -1 0 0 -1 0 0 -1 0 0 -1 0 0 -1 0 0 -1 0 0 -1 0 0 -1 0 0 -1 0 0 -1 0 0 -1 0 0 -1 0 0 -1 0 0 -1 0 0 -1 0 0 -1 0 0 -1 0 0 -1 0 0 -1 0 0 -1 0 0 -1 0 0 -1 0 0 -1 0 0 -1 0 0 -1 0 0 -1 0 0 -1 0 0 -1 0 0 -1 0 0 -1 0 0 -1 0 0 -1 0 0 -1 0 0 -1 0 0 -1 0 0 -1 0 0 -1 0 0 -1 0 0 -1 0 0 -1 0 0 -1 0 0 -1 0 0 -1 0 0 -1 0 0 -1 0 0 -1 0 0 -1 0 0 -1 0 0 -1 0 0 -1 0 0 -1 0 0 -1 0 0 -1 0 0 -1 0 0 -1 0 0 -1 0 0 -1 0 0 -1 0 0 -1 0 0 -1 0 0 -1 0 0 -1 0 0 -1 0 0 -1 0 0 -1 0 0 -1 0 0 -1 0 0 -1 0 0 -1 0 0 -1 0 0 -1 0 0 -1 0 0 -1 0 0 -1 0 0 -1 0 0 -1 0 0 -1 0 0 -1 0 0 -1 0 0 -1 0 0 -1 0 0 -1 0 0 -1 0 0 -1 0 0 -1 0 0 -1 0 0 -1 0 0 -1 0 0 -1 0 0 -1 0 0 -1 0 0 -1 0 0 -1 0 0 -1 0 0 -1 0 0 -1 0 0 -1 0 0 -1 0 0 -1 0 0 -1 0 0 -1 0 0 -1 0 0 -1 0 0 -1 0 0 -1 0 0 -1 0 0 -1 0 0 -1 0 0 -1 0 0 -1 0 0 -1 0 0 -1 0 0 -1 0 0 -1 0 0 -1 0 0 -1 0 0 1 0 0 1 0 0 1 0 0 1 0 0 1 0 0 1 0 0 1 0 0 1 0 0 1 0 0 1 0 0 1 0 0 1 0 0 1 0 0 1 0 0 1 0 0 1 0 0 1 0 0 1 0 0 1 0 0 1 0 0 1 0 0 1 0 0 1 0 0 1 0 0 1 0 0 1 0 0 1 0 0 1 0 0 1 0 0 1 0 0 1 0 0 1 0 0 1 0 0 1 0 0 1 0 0 1 0 0 1 0 0 1 0 0 1 0 0 1 0 0 1 0 0 1 0 0 1 0 0 1 0 0 1 0 0 1 0 0 1 0 0 1 0 0 1 0 0 1 0 0 1 0 0 1 0 0 1 0 0 1 0 0 1 0 0 1 0 0 1 0 0 1 0 0 1 0 0 1 0 0 1 0 0 1 0 0 1 0 0 1 0 0 1 0 0 1 0 0 1 0 0 1 0 0 1 0 0 1 0 0 1 0 0 1 0 0 1 0 0 1 0 0 1 0 0 1 0 0 1 0 0 1 0 0 1 0 0 1 0 0 1 0 0 1 0 0 1 0 0 1 0 0 1 0 0 1 0 0 1 0 0 1 0 0 1 0 0 1 0 0 1 0 0 1 0 0 1 0 0 1 0 0 1 0 0 1 0 0 1 0 0 1 0 0 1 0 0 1 0 0 1 0 0 1 0 0 1 0 0 1 0 0 1 0 0 1 0 0 1 0 0 1 0 0 1 0 0 1 0 0 1 0 0 1 0 0 1 0 0 1 0 0 1 0 0 1 0 0 1 0 0 1 0 0 1 0 0 1 0 0 1 0 0 1 0 0 1 0 0 1 0 0 1 0 0 1 0 0 1 0 0 1 0 0 1 0 0 1 0 0 1 0 0 1 0 0 -1 0 0 -1 0 0 -1 0 0 -1 0 0 -1 0 0 -1 0 0 -1 0 0 -1 0 0 -1 0 0 -1 0 0 -1 0 0 -1 0 0 -1 0 0 -1 0 0 -1 0 0 -1 0 0 -1 0 0 -1 0 0 -1 0 0 -1 0 0 -1 0 0 -1 0 0 -1 0 0 -1 0 0 -1 0 0 -1 0 0 -1 0 0 -1 0 0 -1 0 0 -1 0 0 -1 0 0 -1 0 0 -1 0 0 -1 0 0 -1 0 0 -1 0 0 -1 0 0 -1 0 0 -1 0 0 -1 0 0 -1 0 0 -1 0 0 -1 0 0 -1 0 0 -1 0 0 -1 0 0 -1 0 0 -1 0 0 -1 0 0 -1 0 0 -1 0 0 -1 0 0 -1 0 0 -1 0 0 -1 0 0 -1 0 0 -1 0 0 -1 0 0 -1 0 0 -1 0 0 -1 0 0 -1 0 0 -1 0 0 -1 0 0 -1 0 0 -1 0 0 -1 0 0 -1 0 0 -1 0 0 -1 0 0 -1 0 0 -1 0 0 -1 0 0 -1 0 0 -1 0 0 -1 0 0 -1 0 0 -1 0 0 -1 0 0 -1 0 0 -1 0 0 -1 0 0 -1 0 0 -1 0 0 -1 0 0 -1 0 0 -1 0 0 -1 0 0 -1 0 0 -1 0 0 -1 0 0 -1 0 0 -1 0 0 -1 0 0 -1 0 0 -1 0 0 -1 0 0 -1 0 0 -1 0 0 -1 0 0 -1 0 0 -1 0 0 -1 0 0 -1 0 0 -1 0 0 -1 0 0 -1 0 0 -1 0 0 -1 0 0 -1 0 0 -1 0 0 -1 0 0 -1 0 0 -1 0 0 -1 0 0 -1 0 0 -1 0 0 -1 0 0 -1 0 0 -1 0 0 -1 0 0 -1 0 0 -1 0 0 -1 0 0 -1 0 0 -1 0 0 -1 0 0 -1 0 0 -1 0 0 -1 0 0 -1 0 0 -1 0 0 1 0 0 1 0 0 1 0 0 1 0 0 1 0 0 1 0 0 1 0 0 1 0 0 1 0 0 1 0 0 1 0 0 1 0 0 1 0 0 1 0 0 1 0 0 1 0 0 1 0 0 1 0 0 1 0 0 1 0 0 1 0 0 1 0 0 1 0 0 1 0 0 1 0 0 1 0 0 1 0 0 1 0 0 1 0 0 1 0 0 1 0 0 1 0 0 1 0 0 1 0 0 1 0 0 1 0 0 1 0 0 1 0 0 1 0 0 1 0 0 1 0 0 1 0 0 1 0 0 1 0 0 1 0 0 1 0 0 1 0 0 1 0 0 1 0 0 1 0 0 1 0 0 1 0 0 1 0 0 1 0 0 1 0 0 1 0 0 1 0 0 1 0 0 1 0 0 1 0 0 1 0 0 1 0 0 1 0 0 1 0 0 1 0 0 1 0 0 1 0 0 1 0 0 1 0 0 1 0 0 1 0 0 1 0 0 1 0 0 1 0 0 1 0 0 1 0 0 1 0 0 1 0 0 1 0 0 1 0 0 1 0 0 1 0 0 1 0 0 1 0 0 1 0 0 1 0 0 1 0 0 1 0 0 1 0 0 1 0 0 1 0 0 1 0 0 1 0 0 1 0 0 1 0 0 1 0 0 1 0 0 1 0 0 1 0 0 1 0 0 1 0 0 1 0 0 1 0 0 1 0 0 1 0 0 1 0 0 1 0 0 1 0 0 1 0 0 1 0 0 1 0 0 1 0 0 1 0 0 1 0 0 1 0 0 1 0 0 1 0 0 1 0 0 1 0 0 1 0 0 1 0 0 1 0 0 1 0 0 1 0 0 1 0 0 1 0 0 1 0 0 1 0 0 1 0 0 1 0 0 1 0 0 1 0 0 -1 0 0 -1 0 0 -1 0 0 -1 0 0 -1 0 0 -1 0 0 -1 0 0 -1 0 0 -1 0 0 -1 0 0 -1 0 0 -1 0 0 -1 0 0 -1 0 0 -1 0 0 -1 0 0 -1 0 0 -1 0 0 -1 0 0 -1 0 0 -1 0 0 -1 0 0 -1 0 0 -1 0 0 -1 0 0 -1 0 0 -1 0 0 -1 0 0 -1 0 0 -1 0 0 -1 0 0 -1 0 0 -1 0 0 -1 0 0 -1 0 0 -1 0 0 -1 0 0 -1 0 0 -1 0 0 -1 0 0 -1 0 0 -1 0 0 -1 0 0 -1 0 0 -1 0 0 -1 0 0 -1 0 0 -1 0 0 -1 0 0 -1 0 0 -1 0 0 -1 0 0 -1 0 0 -1 0 0 -1 0 0 -1 0 0 -1 0 0 -1 0 0 -1 0 0 -1 0 0 -1 0 0 -1 0 0 -1 0 0 -1 0 0 -1 0 0 -1 0 0 -1 0 0 -1 0 0 -1 0 0 -1 0 0 -1 0 0 -1 0 0 -1 0 0 -1 0 0 -1 0 0 -1 0 0 -1 0 0 -1 0 0 -1 0 0 -1 0 0 -1 0 0 -1 0 0 -1 0 0 -1 0 0 -1 0 0 -1 0 0 -1 0 0 -1 0 0 -1 0 0 -1 0 0 -1 0 0 -1 0 0 -1 0 0 -1 0 0 -1 0 0 -1 0 0 -1 0 0 -1 0 0 -1 0 0 -1 0 0 -1 0 0 -1 0 0 -1 0 0 -1 0 0 -1 0 0 -1 0 0 -1 0 0 -1 0 0 -1 0 0 -1 0 0 -1 0 0 -1 0 0 -1 0 0 -1 0 0 -1 0 0 -1 0 0 -1 0 0 -1 0 0 -1 0 0 -1 0 0 -1 0 0 -1 0 0 -1 0 0 -1 0 0 -1 0 0 -1 0 0 -1 0 0 -1 0 0 -1 0 0 -1 0 0 -1 0 0 -1 0 0 1 0 0 1 0 0 1 0 0 1 0 0 1 0 0 1 0 0 1 0 0 1 0 0 1 0 0 1 0 0 1 0 0 1 0 0 1 0 0 1 0 0 1 0 0 1 0 0 1 0 0 1 0 0 1 0 0 1 0 0 1 0 0 1 0 0 1 0 0 1 0 0 1 0 0 1 0 0 1 0 0 1 0 0 1 0 0 1 0 0 1 0 0 1 0 0 1 0 0 1 0 0 1 0 0 1 0 0 1 0 0 1 0 0 1 0 0 1 0 0 1 0 0 1 0 0 1 0 0 1 0 0 1 0 0 1 0 0 1 0 0 1 0 0 1 0 0 1 0 0 1 0 0 1 0 0 1 0 0 1 0 0 1 0 0 1 0 0 1 0 0 1 0 0 1 0 0 1 0 0 1 0 0 1 0 0 1 0 0 1 0 0 1 0 0 1 0 0 1 0 0 1 0 0 1 0 0 1 0 0 1 0 0 1 0 0 1 0 0 1 0 0 1 0 0 1 0 0 1 0 0 1 0 0 1 0 0 1 0 0 1 0 0 1 0 0 1 0 0 1 0 0 1 0 0 1 0 0 1 0 0 1 0 0 1 0 0 1 0 0 1 0 0 1 0 0 1 0 0 1 0 0 1 0 0 1 0 0 1 0 0 1 0 0 1 0 0 1 0 0 1 0 0 1 0 0 1 0 0 1 0 0 1 0 0 1 0 0 1 0 0 1 0 0 1 0 0 1 0 0 1 0 0 1 0 0 1 0 0 1 0 0 1 0 0 1 0 0 1 0 0 1 0 0 1 0 0 1 0 0 1 0 0 1 0 0 1 0 0 1 0 0 1 0 0 1 0 0 1 0 0 1 0 0 1 0 0 1 0 0 1 0 0 1 0 0 -1 0 0 -1 0 0 -1 0 0 -1 0 0 -1 0 0 -1 0 0 -1 0 0 -1 0 0 -1 0 0 -1 0 0 -1 0 0 -1 0 0 -1 0 0 -1 0 0 -1 0 0 -1 0 0 -1 0 0 -1 0 0 -1 0 0 -1 0 0 -1 0 0 -1 0 0 -1 0 0 -1 0 0 -1 0 0 -1 0 0 -1 0 0 -1 0 0 -1 0 0 -1 0 0 -1 0 0 -1 0 0 -1 0 0 -1 0 0 -1 0 0 -1 0 0 -1 0 0 -1 0 0 -1 0 0 -1 0 0 -1 0 0 -1 0 0 -1 0 0 -1 0 0 -1 0 0 -1 0 0 -1 0 0 -1 0 0 -1 0 0 -1 0 0 -1 0 0 -1 0 0 -1 0 0 -1 0 0 -1 0 0 -1 0 0 -1 0 0 -1 0 0 -1 0 0 -1 0 0 -1 0 0 -1 0 0 -1 0 0 -1 0 0 -1 0 0 -1 0 0 -1 0 0 -1 0 0 -1 0 0 -1 0 0 -1 0 0 -1 0 0 -1 0 0 -1 0 0 -1 0 0 -1 0 0 -1 0 0 -1 0 0 -1 0 0 -1 0 0 -1 0 0 -1 0 0 -1 0 0 -1 0 0 -1 0 0 -1 0 0 -1 0 0 -1 0 0 -1 0 0 -1 0 0 -1 0 0 -1 0 0 -1 0 0 -1 0 0 -1 0 0 -1 0 0 -1 0 0 -1 0 0 -1 0 0 -1 0 0 -1 0 0 -1 0 0 -1 0 0 -1 0 0 -1 0 0 -1 0 0 -1 0 0 -1 0 0 -1 0 0 -1 0 0 -1 0 0 -1 0 0 -1 0 0 -1 0 0 -1 0 0 -1 0 0 -1 0 0 -1 0 0 -1 0 0 -1 0 0 -1 0 0 -1 0 0 -1 0 0 -1 0 0 -1 0 0 -1 0 0 -1 0 0 -1 0 0 -1 0 0 -1 0 0 -1 0 0 -1 0 0 1 0 0 1 0 0 1 0 0 1 0 0 1 0 0 1 0 0 1 0 0 1 0 0 1 0 0 1 0 0 1 0 0 1 0 0 1 0 0 1 0 0 1 0 0 1 0 0 1 0 0 1 0 0 1 0 0 1 0 0 1 0 0 1 0 0 1 0 0 1 0 0 1 0 0 1 0 0 1 0 0 1 0 0 1 0 0 1 0 0 1 0 0 1 0 0 1 0 0 1 0 0 1 0 0 1 0 0 1 0 0 1 0 0 1 0 0 1 0 0 1 0 0 1 0 0 1 0 0 1 0 0 1 0 0 1 0 0 1 0 0 1 0 0 1 0 0 1 0 0 1 0 0 1 0 0 1 0 0 1 0 0 1 0 0 1 0 0 1 0 0 1 0 0 1 0 0 1 0 0 1 0 0 1 0 0 1 0 0 1 0 0 1 0 0 1 0 0 1 0 0 1 0 0 1 0 0 1 0 0 1 0 0 1 0 0 1 0 0 1 0 0 1 0 0 1 0 0 1 0 0 1 0 0 1 0 0 1 0 0 1 0 0 1 0 0 1 0 0 1 0 0 1 0 0 1 0 0 1 0 0 1 0 0 1 0 0 1 0 0 1 0 0 1 0 0 1 0 0 1 0 0 1 0 0 1 0 0 1 0 0 1 0 0 1 0 0 1 0 0 1 0 0 1 0 0 1 0 0 1 0 0 1 0 0 1 0 0 1 0 0 1 0 0 1 0 0 1 0 0 1 0 0 1 0 0 1 0 0 1 0 0 1 0 0 1 0 0 1 0 0 1 0 0 1 0 0 1 0 0 1 0 0 1 0 0 1 0 0 1 0 0 1 0 0 1 0 0 1 0 0 1 0 0 1 0 0 1 0 0 1 0 0 1 0 0 1 0 0 1 0 0 1 0 0 1 0 0 1 0 0 1 0 0 1 0 0 1 0 0 1 0 0 1 0 0 1 0 0 1 0 0 1 0 0 1 0 0 1 0 0 1 0 0 1 0 0 1 0 0 1 0 0 1 0 0 1 0 0 1 0 0 1 0 0 1 0 0 1 0 0 1 0 0 1 0 0 1 0 0 1 0 0 1 0 0 1 0 0 1 0 0 1 0 0 1 0 0 1 0 0 1 0 0 1 0 0 1 0 0 1 0 0 1 0 0 1 0 0 1 0 0 1 0 0 1 0 0 1 0 0 1 0 0 1 0 0 1 0 0 1 0 0 1 0 0 1 0 0 -1 0 0 -1 0 0 -1 0 0 -1 0 0 -1 0 0 -1 0 0 -1 0 0 -1 0 0 -1 0 0 -1 0 0 -1 0 0 -1 0 0 -1 0 0 -1 0 0 -1 0 0 -1 0 0 -1 0 0 -1 0 0 -1 0 0 -1 0 0 -1 0 0 -1 0 0 -1 0 0 -1 0 0 -1 0 0 -1 0 0 -1 0 0 -1 0 0 -1 0 0 -1 0 0 -1 0 0 -1 0 0 -1 0 0 -1 0 0 -1 0 0 -1 0 0 -1 0 0 -1 0 0 -1 0 0 -1 0 0 -1 0 0 -1 0 0 -1 0 0 -1 0 0 -1 0 0 -1 0 0 -1 0 0 -1 0 0 -1 0 0 -1 0 0 -1 0 0 -1 0 0 -1 0 0 -1 0 0 -1 0 0 -1 0 0 -1 0 0 -1 0 0 -1 0 0 -1 0 0 -1 0 0 -1 0 0 -1 0 0 -1 0 0 -1 0 0 -1 0 0 -1 0 0 -1 0 0 -1 0 0 -1 0 0 -1 0 0 -1 0 0 -1 0 0 -1 0 0 -1 0 0 -1 0 0 -1 0 0 -1 0 0 -1 0 0 -1 0 0 -1 0 0 -1 0 0 -1 0 0 -1 0 0 -1 0 0 -1 0 0 -1 0 0 -1 0 0 -1 0 0 -1 0 0 -1 0 0 -1 0 0 -1 0 0 -1 0 0 -1 0 0 -1 0 0 -1 0 0 -1 0 0 -1 0 0 -1 0 0 -1 0 0 -1 0 0 -1 0 0 -1 0 0 -1 0 0 -1 0 0 -1 0 0 -1 0 0 -1 0 0 -1 0 0 -1 0 0 -1 0 0 -1 0 0 -1 0 0 -1 0 0 -1 0 0 -1 0 0 -1 0 0 -1 0 0 -1 0 0 -1 0 0 -1 0 0 -1 0 0 -1 0 0 -1 0 0 -1 0 0 -1 0 0 -1 0 0 -1 0 0 -1 0 0 -1 0 0 -1 0 0 -1 0 0 -1 0 0 -1 0 0 -1 0 0 -1 0 0 -1 0 0 -1 0 0 -1 0 0 -1 0 0 -1 0 0 -1 0 0 -1 0 0 -1 0 0 -1 0 0 -1 0 0 -1 0 0 -1 0 0 -1 0 0 -1 0 0 -1 0 0 -1 0 0 -1 0 0 -1 0 0 -1 0 0 -1 0 0 -1 0 0 -1 0 0 -1 0 0 -1 0 0 -1 0 0 -1 0 0 -1 0 0 -1 0 0 -1 0 0 -1 0 0 -1 0 0 -1 0 0 -1 0 0 -1 0 0 -1 0 0 -1 0 0 -1 0 0 -1 0 0 -1 0 0 -1 0 0 -1 0 0 -1 0 0 -1 0 0 -1 0 0 -1 0 0 -1 0 0 1 0 0 1 0 0 1 0 0 1 0 0 1 0 0 1 0 0 1 0 0 1 0 0 1 0 0 1 0 0 1 0 0 1 0 0 1 0 0 1 0 0 1 0 0 1 0 0 1 0 0 1 0 0 1 0 0 1 0 0 1 0 0 1 0 0 1 0 0 1 0 0 1 0 0 1 0 0 1 0 0 1 0 0 1 0 0 1 0 0 1 0 0 1 0 0 1 0 0 1 0 0 1 0 0 1 0 0 1 0 0 1 0 0 1 0 0 1 0 0 1 0 0 1 0 0 1 0 0 1 0 0 1 0 0 1 0 0 1 0 0 1 0 0 1 0 0 1 0 0 1 0 0 1 0 0 1 0 0 1 0 0 1 0 0 1 0 0 1 0 0 1 0 0 1 0 0 1 0 0 1 0 0 1 0 0 1 0 0 1 0 0 1 0 0 1 0 0 1 0 0 1 0 0 1 0 0 1 0 0 1 0 0 1 0 0 1 0 0 1 0 0 1 0 0 1 0 0 1 0 0 1 0 0 1 0 0 1 0 0 1 0 0 1 0 0 1 0 0 1 0 0 1 0 0 1 0 0 1 0 0 1 0 0 1 0 0 1 0 0 1 0 0 1 0 0 1 0 0 1 0 0 1 0 0 1 0 0 1 0 0 1 0 0 1 0 0 1 0 0 1 0 0 1 0 0 1 0 0 1 0 0 1 0 0 1 0 0 1 0 0 1 0 0 1 0 0 1 0 0 1 0 0 1 0 0 1 0 0 1 0 0 1 0 0 1 0 0 1 0 0 1 0 0 1 0 0 1 0 0 1 0 0 1 0 0 1 0 0 1 0 0 1 0 0 1 0 0 1 0 0 1 0 0 1 0 0 1 0 0 1 0 0 1 0 0 1 0 0 1 0 0 1 0 0 1 0 0 1 0 0 1 0 0 1 0 0 1 0 0 1 0 0 1 0 0 1 0 0 1 0 0 1 0 0 1 0 0 1 0 0 1 0 0 1 0 0 1 0 0 1 0 0 1 0 0 1 0 0 1 0 0 1 0 0 1 0 0 1 0 0 1 0 0 1 0 0 1 0 0 1 0 0 1 0 0 1 0 0 1 0 0 1 0 0 1 0 0 1 0 0 1 0 0 1 0 0 1 0 0 1 0 0 1 0 0 1 0 0 1 0 0 1 0 0 1 0 0 1 0 0 1 0 0 1 0 0 1 0 0 1 0 0 1 0 0 1 0 0 -1 0 0 -1 0 0 -1 0 0 -1 0 0 -1 0 0 -1 0 0 -1 0 0 -1 0 0 -1 0 0 -1 0 0 -1 0 0 -1 0 0 -1 0 0 -1 0 0 -1 0 0 -1 0 0 -1 0 0 -1 0 0 -1 0 0 -1 0 0 -1 0 0 -1 0 0 -1 0 0 -1 0 0 -1 0 0 -1 0 0 -1 0 0 -1 0 0 -1 0 0 -1 0 0 -1 0 0 -1 0 0 -1 0 0 -1 0 0 -1 0 0 -1 0 0 -1 0 0 -1 0 0 -1 0 0 -1 0 0 -1 0 0 -1 0 0 -1 0 0 -1 0 0 -1 0 0 -1 0 0 -1 0 0 -1 0 0 -1 0 0 -1 0 0 -1 0 0 -1 0 0 -1 0 0 -1 0 0 -1 0 0 -1 0 0 -1 0 0 -1 0 0 -1 0 0 -1 0 0 -1 0 0 -1 0 0 -1 0 0 -1 0 0 -1 0 0 -1 0 0 -1 0 0 -1 0 0 -1 0 0 -1 0 0 -1 0 0 -1 0 0 -1 0 0 -1 0 0 -1 0 0 -1 0 0 -1 0 0 -1 0 0 -1 0 0 -1 0 0 -1 0 0 -1 0 0 -1 0 0 -1 0 0 -1 0 0 -1 0 0 -1 0 0 -1 0 0 -1 0 0 -1 0 0 -1 0 0 -1 0 0 -1 0 0 -1 0 0 -1 0 0 -1 0 0 -1 0 0 -1 0 0 -1 0 0 -1 0 0 -1 0 0 -1 0 0 -1 0 0 -1 0 0 -1 0 0 -1 0 0 -1 0 0 -1 0 0 -1 0 0 -1 0 0 -1 0 0 -1 0 0 -1 0 0 -1 0 0 -1 0 0 -1 0 0 -1 0 0 -1 0 0 -1 0 0 -1 0 0 -1 0 0 -1 0 0 -1 0 0 -1 0 0 -1 0 0 -1 0 0 -1 0 0 -1 0 0 -1 0 0 -1 0 0 -1 0 0 -1 0 0 -1 0 0 -1 0 0 -1 0 0 -1 0 0 -1 0 0 -1 0 0 -1 0 0 -1 0 0 -1 0 0 -1 0 0 -1 0 0 -1 0 0 -1 0 0 -1 0 0 -1 0 0 -1 0 0 -1 0 0 -1 0 0 -1 0 0 -1 0 0 -1 0 0 -1 0 0 -1 0 0 -1 0 0 -1 0 0 -1 0 0 -1 0 0 -1 0 0 -1 0 0 -1 0 0 -1 0 0 -1 0 0 -1 0 0 -1 0 0 -1 0 0 -1 0 0 -1 0 0 -1 0 0 -1 0 0 -1 0 0 -1 0 0 -1 0 0 -1 0 0 -1 0 0 -1 0 0 -1 0 0 -1 0 0 -1 0 0 -1 0 0 -1 0 0 -1 0 0 1 0 0 1 0 0 1 0 0 1 0 0 0 1 0 0 1 0 0 1 0 0 1 1 0 0 1 0 0 1 0 0 1 0 0 -0 -0 -1 -0 -0 -1 -0 -0 -1 -0 -0 -1 -1 -0 -0 -1 -0 -0 -1 -0 -0 -1 -0 -0 0 1 0 0 1 0 0 1 0 0 1 0 0 0 1 0 0 1 0 0 1 0 0 1 1 0 0 1 0 0 1 0 0 1 0 0 -0 -0 -1 -0 -0 -1 -0 -0 -1 -0 -0 -1 -1 -0 -0 -1 -0 -0 -1 -0 -0 -1 -0 -0 0 1 0 0 1 0 0 1 0 0 1 0 0 1 0 0 1 0 0 1 0 0 1 0 0 1 0 0 1 0 0 1 0 0 1 0 6.50521e-17 0 1 6.50521e-17 0 1 6.50521e-17 0 1 6.50521e-17 0 1 -1 -0 -0 -1 -0 -0 -1 -0 -0 -1 -0 -0 -8.67362e-17 -0 -1 -8.67362e-17 -0 -1 -8.67362e-17 -0 -1 -8.67362e-17 -0 -1 1 0 0 1 0 0 1 0 0 1 0 0 -0 -0 -1 -0 -0 -1 -0 -0 -1 -0 -0 -1 0.998427 0 -0.0560704 1 0 8.74228e-08 1 0 8.74228e-08 0.993712 0 -0.111964 0.998427 0 -0.0560704 0.993712 0 -0.111964 0.985871 0 -0.167506 0.974928 0 -0.222521 0.985871 0 -0.167506 0.960917 0 -0.276836 0.974928 0 -0.222521 0.960917 0 -0.276836 0.943883 0 -0.330279 0.92388 0 -0.382683 0.943883 0 -0.330279 0.900969 0 -0.433884 0.92388 0 -0.382683 0.900969 0 -0.433884 0.875223 0 -0.483719 0.846724 0 -0.532032 0.875223 0 -0.483719 0.815561 0 -0.578671 0.846724 0 -0.532032 0.815561 0 -0.578671 0.781832 0 -0.62349 0.745642 0 -0.666347 0.781832 0 -0.62349 0.707107 0 -0.707107 0.745642 0 -0.666347 0.707107 0 -0.707107 0.666347 0 -0.745642 0.62349 0 -0.781832 0.666347 0 -0.745642 0.578671 0 -0.815561 0.62349 0 -0.781832 0.578671 0 -0.815561 0.532032 0 -0.846724 0.483719 0 -0.875223 0.532032 0 -0.846724 0.433884 0 -0.900969 0.483719 0 -0.875223 0.433884 0 -0.900969 0.382683 0 -0.92388 0.330279 0 -0.943883 0.382683 0 -0.92388 0.276836 0 -0.960917 0.330279 0 -0.943883 0.276836 0 -0.960917 0.222521 0 -0.974928 0.167506 0 -0.985871 0.222521 0 -0.974928 0.111964 0 -0.993712 0.167506 0 -0.985871 0.111964 0 -0.993712 0.0560704 0 -0.998427 4.37114e-08 0 -1 0.0560704 0 -0.998427 4.37114e-08 0 -1 0.998427 0 0.0560703 0.993712 0 0.111964 0.998427 0 0.0560703 0.985871 0 0.167506 0.993712 0 0.111964 0.985871 0 0.167506 0.974928 0 0.222521 0.960917 0 0.276835 0.974928 0 0.222521 0.943883 0 0.330279 0.960917 0 0.276835 0.943883 0 0.330279 0.92388 0 0.382683 0.900969 0 0.433884 0.92388 0 0.382683 0.875223 0 0.483719 0.900969 0 0.433884 0.875223 0 0.483719 0.846724 0 0.532032 0.815561 0 0.578671 0.846724 0 0.532032 0.781831 0 0.62349 0.815561 0 0.578671 0.781831 0 0.62349 0.745642 0 0.666346 0.707107 0 0.707107 0.745642 0 0.666346 0.666347 0 0.745642 0.707107 0 0.707107 0.666347 0 0.745642 0.62349 0 0.781831 0.578672 0 0.815561 0.62349 0 0.781831 0.532032 0 0.846724 0.578672 0 0.815561 0.532032 0 0.846724 0.483719 0 0.875224 0.433884 0 0.900969 0.483719 0 0.875224 0.382684 0 0.92388 0.433884 0 0.900969 0.382684 0 0.92388 0.330279 0 0.943883 0.276836 0 0.960917 0.330279 0 0.943883 0.222521 0 0.974928 0.276836 0 0.960917 0.222521 0 0.974928 0.167506 0 0.985871 0.111965 0 0.993712 0.167506 0 0.985871 0.0560705 0 0.998427 0.111965 0 0.993712 0.0560705 0 0.998427 -1.19249e-08 0 1 -1.19249e-08 0 1 0 0 1 0 0 1 0 0 1 0 0 1 1 0 0 1 0 0 1 0 0 1 0 0 0 0 1 0 0 1 0 0 1 0 0 1 -1 -0 -0 -1 -0 -0 -1 -0 -0 -1 -0 -0 0 0 1 0 0 1 0 0 1 0 0 1 -0.998427 0 0.0560704 -1 -0 -8.74228e-08 -1 -0 -8.74228e-08 -0.993712 0 0.111964 -0.998427 0 0.0560704 -0.993712 0 0.111964 -0.985871 0 0.167506 -0.974928 0 0.222521 -0.985871 0 0.167506 -0.960917 0 0.276836 -0.974928 0 0.222521 -0.960917 0 0.276836 -0.943883 0 0.330279 -0.92388 0 0.382683 -0.943883 0 0.330279 -0.900969 0 0.433884 -0.92388 0 0.382683 -0.900969 0 0.433884 -0.875223 0 0.483719 -0.846724 0 0.532032 -0.875223 0 0.483719 -0.815561 0 0.578671 -0.846724 0 0.532032 -0.815561 0 0.578671 -0.781832 0 0.62349 -0.745642 0 0.666347 -0.781832 0 0.62349 -0.707107 0 0.707107 -0.745642 0 0.666347 -0.707107 0 0.707107 -0.666347 0 0.745642 -0.62349 0 0.781832 -0.666347 0 0.745642 -0.578671 0 0.815561 -0.62349 0 0.781832 -0.578671 0 0.815561 -0.532032 0 0.846724 -0.483719 0 0.875223 -0.532032 0 0.846724 -0.433884 0 0.900969 -0.483719 0 0.875223 -0.433884 0 0.900969 -0.382683 0 0.92388 -0.330279 0 0.943883 -0.382683 0 0.92388 -0.276836 0 0.960917 -0.330279 0 0.943883 -0.276836 0 0.960917 -0.222521 0 0.974928 -0.167506 0 0.985871 -0.222521 0 0.974928 -0.111964 0 0.993712 -0.167506 0 0.985871 -0.111964 0 0.993712 -0.0560704 0 0.998427 -4.37114e-08 0 1 -0.0560704 0 0.998427 -4.37114e-08 0 1 -0.998427 -0 -0.0560703 -0.993712 -0 -0.111964 -0.998427 -0 -0.0560703 -0.985871 -0 -0.167506 -0.993712 -0 -0.111964 -0.985871 -0 -0.167506 -0.974928 -0 -0.222521 -0.960917 -0 -0.276835 -0.974928 -0 -0.222521 -0.943883 -0 -0.330279 -0.960917 -0 -0.276835 -0.943883 -0 -0.330279 -0.92388 -0 -0.382683 -0.900969 -0 -0.433884 -0.92388 -0 -0.382683 -0.875223 -0 -0.483719 -0.900969 -0 -0.433884 -0.875223 -0 -0.483719 -0.846724 -0 -0.532032 -0.815561 -0 -0.578671 -0.846724 -0 -0.532032 -0.781831 -0 -0.62349 -0.815561 -0 -0.578671 -0.781831 -0 -0.62349 -0.745642 -0 -0.666346 -0.707107 -0 -0.707107 -0.745642 -0 -0.666346 -0.666347 -0 -0.745642 -0.707107 -0 -0.707107 -0.666347 -0 -0.745642 -0.62349 -0 -0.781831 -0.578672 -0 -0.815561 -0.62349 -0 -0.781831 -0.532032 -0 -0.846724 -0.578672 -0 -0.815561 -0.532032 -0 -0.846724 -0.483719 -0 -0.875224 -0.433884 -0 -0.900969 -0.483719 -0 -0.875224 -0.382684 -0 -0.92388 -0.433884 -0 -0.900969 -0.382684 -0 -0.92388 -0.330279 -0 -0.943883 -0.276836 -0 -0.960917 -0.330279 -0 -0.943883 -0.222521 -0 -0.974928 -0.276836 -0 -0.960917 -0.222521 -0 -0.974928 -0.167506 -0 -0.985871 -0.111965 -0 -0.993712 -0.167506 -0 -0.985871 -0.0560705 -0 -0.998427 -0.111965 -0 -0.993712 -0.0560705 -0 -0.998427 1.19249e-08 0 -1 1.19249e-08 0 -1 -0 -0 -1 -0 -0 -1 -0 -0 -1 -0 -0 -1 -1 -0 -0 -1 -0 -0 -1 -0 -0 -1 -0 -0 -0 -0 -1 -0 -0 -1 -0 -0 -1 -0 -0 -1 1 0 0 1 0 0 1 0 0 1 0 0 0 1 0 0 1 0 0 1 0 0 1 0 0 1 0 0 1 0 0 1 0 0 1 0 0 1 0 0 1 0 0 1 0 0 1 0 0 1 0 0 1 0 0 1 0 0 1 0 0 1 0 0 1 0 0 1 0 0 1 0 0 1 0 0 1 0 0 1 0 0 1 0 0 1 0 0 1 0 0 1 0 0 1 0 0 1 0 0 1 0 0 1 0 0 1 0 0 1 0 0 1 0 0 1 0 0 1 0 0 1 0 0 1 0 0 1 0 0 1 0 0 1 0 0 1 0 0 1 0 0 1 0 0 1 0 0 1 0 0 1 0 0 1 0 0 1 0 0 1 0 0 1 0 0 1 0 0 1 0 0 1 0 0 1 0 0 1 0 0 1 0 0 1 0 0 1 0 0 1 0 0 1 0 0 1 0 0 1 0 0 1 0 0 1 0 0 1 0 0 1 0 0 1 0 0 1 0 0 1 0 0 1 0 0 1 0 0 1 0 0 1 0 0 1 0 0 1 0 0 1 0 0 1 0 0 1 0 0 1 0 0 1 0 0 1 0 0 1 0 0 1 0 0 1 0 0 1 0 0 1 0 0 1 0 0 1 0 0 1 0 0 1 0 0 1 0 0 1 0 0 1 0 0 1 0 0 1 0 0 1 0 0 1 0 0 1 0 0 1 0 0 1 0 0 1 0 0 1 0 0 1 0 0 1 0 0 1 0 0 1 0 0 1 0 0 1 0 0 1 0 0 1 0 0 1 0 0 1 0 0 1 0 0 1 0 0 1 0 0 1 0 0 1 0 0 1 0 0 1 0 0 1 0 0 1 0 0 1 0 0 1 0 0 1 0 0 1 0 0 1 0 0 1 0 0 1 0 0 1 0 0 1 0 0 1 0 0 1 0 0 1 0 0 1 0 0 1 0 0 1 0 0 1 0 0 1 0 0 1 0 0 1 0 0 1 0 0 1 0 0 1 0 0 1 0 0 1 0 0 1 0 0 1 0 0 1 0 0 1 0 0 1 0 0 1 0 0 1 0 0 1 0 0 1 0 0 1 0 0 1 0 0 1 0 0 1 0 0 1 0 0 1 0 0 1 0 0 1 0 0 1 0 0 1 0 0 1 0 0 1 0 0 1 0 0 1 0 0 1 0 0 1 0 0 1 0 0 1 0 0 1 0 0 1 0 0 1 0 0 1 0 0 1 0 0 1 0 0 1 0 0 1 0 0 1 0 0 1 0 0 1 0 0 1 0 0 1 0 0 1 0 0 1 0 0 1 0 0 1 0 0 1 0 0 1 0 0 1 0 0 1 0 0 1 0 0 1 0 0 1 0 0 1 0 0 1 0 0 1 0 0 1 0 0 1 0 0 1 0 0 1 0 0 1 0 0 1 0 0 1 0 0 1 0 0 1 0 0 1 0 0 1 0 0 1 0 0 1 0 0 1 0 0 1 0 0 1 0 0 1 0 0 1 0 0 1 0 0 1 0 0 1 0 0 1 0 0 1 0 0 1 0 0 1 0 0 1 0 0 1 0 0 1 0 0 1 0 0 1 0 0 1 0 0 1 0 0 1 0 0 1 0 0 1 0 0 1 0 0 1 0 0 1 0 0 1 0 0 1 0 0 1 0 0 1 0 0 1 0 0 1 0 0 1 0 0 1 0 0 1 0 0 1 0 0 1 0 0 1 0 0 1 0 0 1 0 0 1 0 0 1 0 0 1 0 0 1 0 0 1 0 0 1 0 0 1 0 0 1 0 0 1 0 0 1 0 0 1 0 0 1 0 0 1 0 0 1 0 0 1 0 0 1 0 0 1 0 0 1 0 0 1 0 0 1 0 0 1 0 0 1 0 0 1 0 0 1 0 0 1 0 0 1 0 0 1 0 0 1 0 0 1 0 0 1 0 0 1 0 0 1 0 0 1 0 0 1 0 0 1 0 0 1 0 0 1 0 0 1 0 0 1 0 0 1 0 0 1 0 0 1 0 0 1 0 0 1 0 0 1 0 0 1 0 0 1 0 0 1 0 0 1 0 0 1 0 0 1 0 0 1 0 0 1 0 0 1 0 0 1 0 0 1 0 0 1 0 0 1 0 0 1 0 0 1 0 0 1 0 0 1 0 0 1 0 0 1 0 0 1 0 0 1 0 0 1 0 0 1 0 0 1 0 0 1 0 0 1 0 0 1 0 0 1 0 0 1 0 0 1 0 0 1 0 0 1 0 0 1 0 0 1 0 0 1 0 0 1 0 0 1 0 0 1 0 0 1 0 0 1 0 0 1 0 0 1 0 0 1 0 0 1 0 0 1 0 0 1 0 0 1 0 0 1 0 0 1 0 0 1 0 0 1 0 0 1 0 0 1 0 0 1 0 0 1 0 0 1 0 0 1 0 0 1 0 0 1 0 0 1 0 0 1 0 0 1 0 0 1 0 0 1 0 0 1 0 0 1 0 0 1 0 0 1 0 0 1 0 0 1 0 0 1 0 0 1 0 0 1 0 0 1 0 0 1 0 0 1 0 0 1 0 0 1 0 0 1 0 0 1 0 0 1 0 0 1 0 0 1 0 0 1 0 0 1 0 0 1 0 0 1 0 0 1 0 0 1 0 0 1 0 0 1 0 0 1 0 0 1 0 0 1 0 0 1 0 0 1 0 0 1 0 0 1 0 0 1 0 0 1 0 0 1 0 0 1 0 0 1 0 0 1 0 0 1 0 0 1 0 0 1 0 0 1 0 0 1 0 0 1 0 0 1 0 0 1 0 0 1 0 0 1 0 0 1 0 0 1 0 0 1 0 0 1 0 0 1 0 0 1 0 0 1 0 0 1 0 0 1 0 0 1 0 0 1 0 0 1 0 0 1 0 0 1 0 0 1 0 0 1 0 0 1 0 0 1 0 0 1 0 0 1 0 0 1 0 0 1 0 0 1 0 0 1 0 0 1 0 0 1 0 0 1 0 0 1 0 0 1 0 0 1 0 0 1 0 0 1 0 0 1 0 0 1 0 0 1 0 0 1 0 0 1 0 0 1 0 0 1 0 0 1 0 0 1 0 0 1 0 0 1 0 0 1 0 0 1 0 0 1 0 0 1 0 0 1 0 0 1 0 0 1 0 0 1 0 0 1 0 0 1 0 0 1 0 0 1 0 0 1 0 0 1 0 0 1 0 0 1 0 0 1 0 0 1 0 0 1 0 0 1 0 0 1 0 0 1 0 0 1 0 0 1 0 0 1 0 0 1 0 0 1 0 0 1 0 0 1 0 0 1 0 0 1 0 0 1 0 0 1 0 0 1 0 0 1 0 0 1 0 0 1 0 0 1 0 0 1 0 0 1 0 0 1 0 0 1 0 0 1 0 0 1 0 0 1 0 0 1 0 0 1 0 0 1 0 0 1 0 0 1 0 0 1 0 0 1 0 0 1 0 0 1 0 0 1 0 0 1 0 0 1 0 0 1 0 0 1 0 0 1 0 0 1 0 0 1 0 0 1 0 0 1 0 0 1 0 0 1 0 0 1 0 0 1 0 0 1 0 0 1 0 0 1 0 0 1 0 0 1 0 0 1 0 0 1 0 0 1 0 0 1 0 0 1 0 0 1 0 0 1 0 0 1 0 0 1 0 0 1 0 0 1 0 0 1 0 0 1 0 0 1 0 0 1 0 0 1 0 0 1 0 0 1 0 0 1 0 0 1 0 0 1 0 0 1 0 0 1 0 0 1 0 0 1 0 0 1 0 0 1 0 0 1 0 0 1 0 0 1 0 0 1 0 0 1 0 0 1 0 0 1 0 0 1 0 0 1 0 0 1 0 0 1 0 0 1 0 0 1 0 0 1 0 0 1 0 0 1 0 0 1 0 0 1 0 0 1 0 0 1 0 0 1 0 0 1 0 0 1 0 0 1 0 0 1 0 0 1 0 0 1 0 0 1 0 0 1 0 0 1 0 0 1 0 0 1 0 0 1 0 0 1 0 0 1 0 0 1 0 0 1 0 0 1 0 0 1 0 0 1 0 0 1 0 0 1 0 0 1 0 0 1 0 0 1 0 0 1 0 0 1 0 0 1 0 0 1 0 0 1 0 0 1 0 0 1 0 0 1 0 0 1 0 0 1 0 0 1 0 0 1 0 0 1 0 0 1 0 0 1 0 0 1 0 0 1 0 0 1 0 0 1 0 0 1 0 0 1 0 0 1 0 0 1 0 0 1 0 0 1 0 0 1 0 0 1 0 0 1 0 0 1 0 0 1 0 0 1 0 0 1 0 0 1 0 0 1 0 0 1 0 0 1 0 0 1 0 0 1 0 0 1 0 0 1 0 0 1 0 0 1 0 0 1 0 0 1 0 0 1 0 0 1 0 0 1 0 0 1 0 0 1 0 0 1 0 0 1 0 0 1 0 0 1 0 0 1 0 0 1 0 0 1 0 0 1 0 0 1 0 0 1 0 0 1 0 0 1 0 0 1 0 0 1 0 0 1 0 0 1 0 0 1 0 0 1 0 0 1 0 0 1 0 0 1 0 0 1 0 0 1 0 0 1 0 0 1 0 0 1 0 0 1 0 0 1 0 0 1 0 0 1 0 0 1 0 0 1 0 0 1 0 0 1 0 0 1 0 0 1 0 0 1 0 0 1 0 0 1 0 0 1 0 0 1 0 0 1 0 0 1 0 0 1 0 0 1 0 0 1 0 0 1 0 0 1 0 0 1 0 0 1 0 0 1 0 0 1 0 0 1 0 0 1 0 0 1 0 0 1 0 0 1 0 0 1 0 0 1 0 0 1 0 0 1 0 0 1 0 0 1 0 0 1 0 0 1 0 0 1 0 0 1 0 0 1 0 0 1 0 0 1 0 0 1 0 0 1 0 0 1 0 0 1 0 0 1 0 0 1 0 0 1 0 0 1 0 0 1 0 0 1 0 0 1 0 0 1 0 0 1 0 0 1 0 0 1 0 0 1 0 0 1 0 0 1 0 0 1 0 0 1 0 0 1 0 0 1 0 0 1 0 0 1 0 0 1 0 0 1 0 0 1 0 0 1 0 0 1 0 0 1 0 0 1 0 0 1 0 0 1 0 0 1 0 0 1 0 0 1 0 0 1 0 0 1 0 0 1 0 0 1 0 0 1 0 0 1 0 0 1 0 0 1 0 0 1 0 0 1 0 0 1 0 0 1 0 0 1 0 0 1 0 0 1 0 0 1 0 0 1 0 0 1 0 0 1 0 0 1 0 0 1 0 0 1 0 0 1 0 0 1 0 0 1 0 0 1 0 0 1 0 0 1 0 0 1 0 0 1 0 0 1 0 0 1 0 0 1 0 0 1 0 0 1 0 0 1 0 0 1 0 0 1 0 0 1 0 0 1 0 0 1 0 0 1 0 0 1 0 0 1 0 0 1 0 0 1 0 0 1 0 0 1 0 0 1 0 0 1 0 0 1 0 0 1 0 0 1 0 0 1 0 0 1 0 0 1 0 0 1 0 0 1 0 0 1 0 0 1 0 0 1 0 0 1 0 0 1 0 0 1 0 0 1 0 0 1 0 0 1 0 0 1 0 0 1 0 0 1 0 0 1 0 0 1 0 0 1 0 0 1 0 0 1 0 0 1 0 0 1 0 0 1 0 0 1 0 0 1 0 0 1 0 0 1 0 0 1 0 0 1 0 0 1 0 0 1 0 0 1 0 0 1 0 0 1 0 0 1 0 0 1 0 0 1 0 0 1 0 0 1 0 0 1 0 0 1 0 0 1 0 0 1 0 0 1 0 0 1 0 0 1 0 0 1 0 0 1 0 0 1 0 0 1 0 0 1 0 0 1 0 0 1 0 0 1 0 0 1 0 0 1 0 0 1 0 0 1 0 0 1 0 0 1 0 0 1 0 0 1 0 0 1 0 0 1 0 0 1 0 0 1 0 0 1 0 0 1 0 0 1 0 0 1 0 0 1 0 0 1 0 0 1 0 0 1 0 0 1 0 0 1 0 0 1 0 0 1 0 0 1 0 0 1 0 0 1 0 0 1 0 0 1 0 0 1 0 0 1 0 0 1 0 0 1 0 0 1 0 0 1 0 0 1 0 0 1 0 0 1 0 0 1 0 0 1 0 0 1 0 0 1 0 0 1 0 0 1 0 0 1 0 0 1 0 0 1 0 0 1 0 0 1 0 0 1 0 0 1 0 0 1 0 0 1 0 0 1 0 0 1 0 0 1 0 0 1 0 0 1 0 0 1 0 0 1 0 0 1 0 0 1 0 0 1 0 0 1 0 0 1 0 0 1 0 0 1 0 0 1 0 0 1 0 0 1 0 0 1 0 0 1 0 0 1 0 0 1 0 0 1 0 0 1 0 0 1 0 0 1 0 0 1 0 0 1 0 0 1 0 0 1 0 0 1 0 0 1 0 0 1 0 0 1 0 0 1 0 0 1 0 0 1 0 0 1 0 0 1 0 0 1 0 0 1 0 0 1 0 0 1 0 0 1 0 0 1 0 0 1 0 0 1 0 0 1 0 0 1 0 0 1 0 0 1 0 0 1 0 0 1 0 0 1 0 0 1 0 0 1 0 0 1 0 0 1 0 0 1 0 0 1 0 0 1 0 0 1 0 0 1 0 0 1 0 0 1 0 0 1 0 0 1 0 0 1 0 0 1 0 0 1 0 0 1 0 0 1 0 0 1 0 0 1 0 0 1 0 0 1 0 0 1 0 0 1 0 0 1 0 0 1 0 0 1 0 0 1 0 0 1 0 0 1 0 0 1 0 0 1 0 0 1 0 0 1 0 0 1 0 0 1 0 0 1 0 0 1 0 0 1 0 0 1 0 0 1 0 0 1 0 0 1 0 0 1 0 0 1 0 0 1 0 0 1 0 0 1 0 0 1 0 0 1 0 0 1 0 0 1 0 0 1 0 0 1 0 0 1 0 0 1 0 0 1 0 0 1 0 0 1 0 0 1 0 0 1 0 0 1 0 0 1 0 0 1 0 0 1 0 0 1 0 0 1 0 0 1 0 0 1 0 0 1 0 0 1 0 0 1 0 0 1 0 0 1 0 0 1 0 0 1 0 0 1 0 0 1 0 0 1 0 0 1 0 0 1 0 0 1 0 0 1 0 0 1 0 0 1 0 0 1 0 0 1 0 0 1 0 0 1 0 0 1 0 0 1 0 0 1 0 0 1 0 0 1 0 0 1 0 0 1 0 0 1 0 0 1 0 0 1 0 0 1 0 0 1 0 0 1 0 0 1 0 0 1 0 0 1 0 0 1 0 0 1 0 0 1 0 0 1 0 0 1 0 0 1 0 0 1 0 0 1 0 0 1 0 0 1 0 0 1 0 0 1 0 0 1 0 0 1 0 0 1 0 0 1 0 0 1 0 0 1 0 0 1 0 0 1 0 0 1 0 0 1 0 0 1 0 0 1 0 0 1 0 0 1 0 0 1 0 0 1 0 0 1 0 0 1 0 0 1 0 0 1 0 0 1 0 0 1 0 0 1 0 0 1 0 0 1 0 0 1 0 0 1 0 0 1 0 0 1 0 0 1 0 0 1 0 0 1 0 0 1 0 0 1 0 0 1 0 0 1 0 0 1 0 0 1 0 0 1 0 0 1 0 0 1 0 0 1 0 0 1 0 0 1 0 0 1 0 0 1 0 0 1 0 0 1 0 0 1 0 0 1 0 0 1 0 0 1 0 0 1 0 0 1 0 0 1 0 0 1 0 0 1 0 0 1 0 0 1 0 0 1 0 0 1 0 0 1 0 0 1 0 0 1 0 0 1 0 0 1 0 0 1 0 0 1 0 0 1 0 0 1 0 0 1 0 0 1 0 0 1 0 0 1 0 0 1 0 0 1 0 0 1 0 0 1 0 0 1 0 0 1 0 0 1 0 0 1 0 0 1 0 0 1 0 0 1 0 0 1 0 0 1 0 0 1 0 0 1 0 0 1 0 0 1 0 0 1 0 0 1 0 0 1 0 0 1 0 0 1 0 0 1 0 0 1 0 0 1 0 0 1 0 0 1 0 0 1 0 0 1 0 0 1 0 0 1 0 0 1 0 0 1 0 0 1 0 0 1 0 0 1 0 0 1 0 0 1 0 0 1 0 0 1 0 0 1 0 0 1 0 0 1 0 0 1 0 0 1 0 0 1 0 0 1 0 0 1 0 0 1 0 0 1 0 0 1 0 0 1 0 0 1 0 0 1 0 0 1 0 0 1 0 0 1 0 0 1 0 0 1 0 0 1 0 0 1 0 0 1 0 0 1 0 0 1 0 0 1 0 0 1 0 0 1 0 0 1 0 0 1 0 0 1 0 0 1 0 0 1 0 0 1 0 0 1 0 0 1 0 0 1 0 0 1 0 0 1 0 0 1 0 0 1 0 0 1 0 0 1 0 0 1 0 0 1 0 0 1 0 0 1 0 0 1 0 0 1 0 0 1 0 0 1 0 0 1 0 0 1 0 0 1 0 0 1 0 0 1 0 0 1 0 0 1 0 0 1 0 0 1 0 0 1 0 0 1 0 0 1 0 0 1 0 0 1 0 0 1 0 0 1 0 0 1 0 0 1 0 0 1 0 0 1 0 0 1 0 0 1 0 0 1 0 0 1 0 0 1 0 0 1 0 0 1 0 0 1 0 0 1 0 0 1 0 0 1 0 0 1 0 0 1 0 0 1 0 0 1 0 0 1 0 0 1 0 0 1 0 0 1 0 0 1 0 0 1 0 0 1 0 0 1 0 0 1 0 0 1 0 0 1 0 0 1 0 0 1 0 0 1 0 0 1 0 0 1 0 0 1 0 0 1 0 0 1 0 0 1 0 0 1 0 0 1 0 0 1 0 0 1 0 0 1 0 0 1 0 0 1 0 0 1 0 0 1 0 0 1 0 0 1 0 0 1 0 0 1 0 0 1 0 0 1 0 0 1 0 0 1 0 0 1 0 0 1 0 0 1 0 0 1 0 0 1 0 0 1 0 0 1 0 0 1 0 0 1 0 0 1 0 0 1 0 0 1 0 0 1 0 0 1 0 0 1 0 0 1 0 0 1 0 0 1 0 0 1 0 0 1 0 0 1 0 0 1 0 0 1 0 0 1 0 0 1 0 0 1 0 0 1 0 0 1 0 0 1 0 0 1 0 0 1 0 0 1 0 0 1 0 0 1 0 0 1 0 0 1 0 0 1 0 0 1 0 0 1 0 0 1 0 0 1 0 0 1 0 0 1 0 0 1 0 0 1 0 0 1 0 0 1 0 0 1 0 0 1 0 0 1 0 0 1 0 0 1 0 0 1 0 0 1 0 0 1 0 0 1 0 0 1 0 0 1 0 0 1 0 0 1 0 0 1 0 0 1 0 0 1 0 0 1 0 0 1 0 0 1 0 0 1 0 0 1 0 0 1 0 0 1 0 0 1 0 0 1 0 0 1 0 0 1 0 0 1 0 0 1 0 0 1 0 0 1 0 0 1 0 0 1 0 0 1 0 0 1 0 0 1 0 0 1 0 0 1 0 0 1 0 0 1 0 0 1 0 0 1 0 0 1 0 0 1 0 0 1 0 0 1 0 0 1 0 0 1 0 0 1 0 0 1 0 0 1 0 0 1 0 0 1 0 0 1 0 0 1 0 0 1 0 0 1 0 0 1 0 0 1 0 0 1 0 0 1 0 0 1 0 0 1 0 0 1 0 0 1 0 0 1 0 0 1 0 0 1 0 0 1 0 0 1 0 0 1 0 0 1 0 0 1 0 0 1 0 0 1 0 0 1 0 0 1 0 0 1 0 0 1 0 0 1 0 0 1 0 0 1 0 0 1 0 0 1 0 0 1 0 0 1 0 0 1 0 0 1 0 0 1 0 0 1 0 0 1 0 0 1 0 0 1 0 0 1 0 0 1 0 0 1 0 0 1 0 0 1 0 0 1 0 0 1 0 0 1 0 0 1 0 0 1 0 0 1 0 0 1 0 0 1 0 0 1 0 0 1 0 0 1 0 0 1 0 0 1 0 0 1 0 0 1 0 0 1 0 0 1 0 0 1 0 0 1 0 0 1 0 0 1 0 0 1 0 0 1 0 0 1 0 0 1 0 0 1 0 0 1 0 0 1 0 0 1 0 0 1 0 0 1 0 0 1 0 0 1 0 0 1 0 0 1 0 0 1 0 0 1 0 0 1 0 0 1 0 0 1 0 0 1 0 0 1 0 0 1 0 0 1 0 0 1 0 0 1 0 0 1 0 0 1 0 0 1 0 0 1 0 0 1 0 0 1 0 0 1 0 0 1 0 0 1 0 0 1 0 0 1 0 0 1 0 0 1 0 0 1 0 0 1 0 0 1 0 0 1 0 0 1 0 0 1 0 0 1 0 0 1 0 0 1 0 0 1 0 0 1 0 0 1 0 0 1 0 0 1 0 0 1 0 0 1 0 0 1 0 0 1 0 0 1 0 0 1 0 0 1 0 0 1 0 0 1 0 0 1 0 0 1 0 0 1 0 0 1 0 0 1 0 0 1 0 0 1 0 0 1 0 0 1 0 0 1 0 0 1 0 0 1 0 0 1 0 0 1 0 0 1 0 0 1 0 0 1 0 0 1 0 0 1 0 0 1 0 0 1 0 0 1 0 0 1 0 0 1 0 0 1 0 0 1 0 0 1 0 0 1 0 0 1 0 0 1 0 0 1 0 0 1 0 0 1 0 0 1 0 0 1 0 0 1 0 0 1 0 0 1 0 0 1 0 0 1 0 0 1 0 0 1 0 0 1 0 0 1 0 0 1 0 0 1 0 0 1 0 0 1 0 0 1 0 0 1 0 0 1 0 0 1 0 0 1 0 0 1 0 0 1 0 0 1 0 0 1 0 0 1 0 0 1 0 0 1 0 0 1 0 0 1 0 0 1 0 0 1 0 0 1 0 0 1 0 0 1 0 0 1 0 0 1 0 0 1 0 0 1 0 0 1 0 0 1 0 0 1 0 0 1 0 0 1 0 0 1 0 0 1 0 0 1 0 0 1 0 0 1 0 0 1 0 0 1 0 0 1 0 0 1 0 0 1 0 0 1 0 0 1 0 0 1 0 0 1 0 0 1 0 0 1 0 0 1 0 0 1 0 0 1 0 0 1 0 0 1 0 0 1 0 0 1 0 0 1 0 0 1 0 0 1 0 0 1 0 0 1 0 0 1 0 0 1 0 0 1 0 0 1 0 0 1 0 0 1 0 0 1 0 0 1 0 0 1 0 0 1 0 0 1 0 0 1 0 0 1 0 0 1 0 0 1 0 0 1 0 0 1 0 0 1 0 0 1 0 0 1 0 0 1 0 0 1 0 0 1 0 0 1 0 0 1 0 0 1 0 0 1 0 0 1 0 0 1 0 0 1 0 0 1 0 0 1 0 0 1 0 0 1 0 0 1 0 0 1 0 0 1 0 0 1 0 0 1 0 0 1 0 0 1 0 0 1 0 0 1 0 0 1 0 0 1 0 0 1 0 0 1 0 0 1 0 0 1 0 0 1 0 0 1 0 0 1 0 0 1 0 0 1 0 0 1 0 0 1 0 0 1 0 0 1 0 0 1 0 0 1 0 0 1 0 0 1 0 0 1 0 0 1 0 0 1 0 0 1 0 0 1 0 0 1 0 0 1 0 0 1 0 0 1 0 0 1 0 0 1 0 0 1 0 0 1 0 0 1 0 0 1 0 0 1 0 0 1 0 0 1 0 0 1 0 0 1 0 0 1 0 0 1 0 0 1 0 0 1 0 0 1 0 0 1 0 0 1 0 0 1 0 0 1 0 0 1 0 0 1 0 0 1 0 0 1 0 0 1 0 0 1 0 0 1 0 0 1 0 0 1 0 0 1 0 0 1 0 0 1 0 0 1 0 0 1 0 0 1 0 0 1 0 0 1 0 0 1 0 0 1 0 0 1 0 0 1 0 0 1 0 0 1 0 0 1 0 0 1 0 0 1 0 0 1 0 0 1 0 0 1 0 0 1 0 0 1 0 0 1 0 0 1 0 0 1 0 0 1 0 0 1 0 0 1 0 0 1 0 0 1 0 0 1 0 0 1 0 0 1 0 0 1 0 0 1 0 0 1 0 0 1 0 0 1 0 0 1 0 0 1 0 0 1 0 0 1 0 0 1 0 0 1 0 0 1 0 0 1 0 0 1 0 0 1 0 0 1 0 0 1 0 0 1 0 0 1 0 0 1 0 0 1 0 0 1 0 0 1 0 0 1 0 0 1 0 0 1 0 0 1 0 0 1 0 0 1 0 0 1 0 0 1 0 0 1 0 0 1 0 0 1 0 0 1 0 0 1 0 0 1 0 0 1 0 0 1 0 0 1 0 0 1 0 0 1 0 0 1 0 0 1 0 0 1 0 0 1 0 0 1 0 0 1 0 0 1 0 0 1 0 0 1 0 0 1 0 0 1 0 0 1 0 0 1 0 0 1 0 0 1 0 0 1 0 0 1 0 0 1 0 0 1 0 0 1 0 0 1 0 0 1 0 0 1 0 0 1 0 0 1 0 0 1 0 0 1 0 0 1 0 0 1 0 0 1 0 0 1 0 0 1 0 0 1 0 0 1 0 0 1 0 0 1 0 0 1 0 0 1 0 0 1 0 0 1 0 0 1 0 0 1 0 0 1 0 0 1 0 0 1 0 0 1 0 0 1 0 0 1 0 0 1 0 0 1 0 0 1 0 0 1 0 0 1 0 0 1 0 0 1 0 0 1 0 0 1 0 0 1 0 0 1 0 0 1 0 0 1 0 0 1 0 0 1 0 0 1 0 0 1 0 0 1 0 0 1 0 0 1 0 0 1 0 0 1 0 0 1 0 0 1 0 0 1 0 0 1 0 0 1 0 0 1 0 0 1 0 0 1 0 0 1 0 0 1 0 0 1 0 0 1 0 0 1 0 0 1 0 0 1 0 0 1 0 0 1 0 0 1 0 0 1 0 0 1 0 0 1 0 0 1 0 0 1 0 0 1 0 0 1 0 0 1 0 0 1 0 0 1 0 0 1 0 0 1 0 0 1 0 0 1 0 0 1 0 0 1 0 0 1 0 0 1 0 0 1 0 0 1 0 0 1 0 0 1 0 0 1 0 0 1 0 0 1 0 0 1 0 0 1 0 0 1 0 0 1 0 0 1 0 0 1 0 0 1 0 0 1 0 0 1 0 0 1 0 0 1 0 0 1 0 0 1 0 0 1 0 0 1 0 0 1 0 0 1 0 0 1 0 0 1 0 0 1 0 0 1 0 0 1 0 0 1 0 0 1 0 0 1 0 0 1 0 0 1 0 0 1 0 0 1 0 0 1 0 0 1 0 0 1 0 0 1 0 0 1 0 0 1 0 0 1 0 0 1 0 0 1 0 0 1 0 0 1 0 0 1 0 0 1 0 0 1 0 0 1 0 0 1 0 0 1 0 0 1 0 0 1 0 0 1 0 0 1 0 0 1 0 0 1 0 0 1 0 0 1 0 0 1 0 0 1 0 0 1 0 0 1 0 0 1 0 0 1 0 0 1 0 0 1 0 0 1 0 0 1 0 0 1 0 0 1 0 0 1 0 0 1 0 0 1 0 0 1 0 0 1 0 0 1 0 0 1 0 0 1 0 0 1 0 0 1 0 0 1 0 0 1 0 0 1 0 0 1 0 0 1 0 0 1 0 0 1 0 0 1 0 0 1 0 0 1 0 0 1 0 0 1 0 0 1 0 0 1 0 0 1 0 0 1 0 0 1 0 0 1 0 0 1 0 0 1 0 0 1 0 0 1 0 0 1 0 0 1 0 0 1 0 0 1 0 0 1 0 0 1 0 0 1 0 0 1 0 0 1 0 0 1 0 0 1 0 0 1 0 0 1 0 0 1 0 0 1 0 0 1 0 0 1 0 0 1 0 0 1 0 0 1 0 0 1 0 0 1 0 0 1 0 0 1 0 0 1 0 0 1 0 0 1 0 0 1 0 0 1 0 0 1 0 0 1 0 0 1 0 0 1 0 0 1 0 0 1 0 0 1 0 0 1 0 0 1 0 0 1 0 0 1 0 0 1 0 0 1 0 0 1 0 0 1 0 0 1 0 0 1 0 0 1 0 0 1 0 0 1 0 0 1 0 0 1 0 0 1 0 0 1 0 0 1 0 0 1 0 0 1 0 0 1 0 0 1 0 0 1 0 0 1 0 0 1 0 0 1 0 0 1 0 0 1 0 0 1 0 0 1 0 0 1 0 0 1 0 0 1 0 0 1 0 0 1 0 0 1 0 0 1 0 0 1 0 0 1 0 0 1 0 0 1 0 0 1 0 0 1 0 -0 -1 -0 -0 -1 -0 -0 -1 -0 -0 -1 -0 -0 -1 -0 -0 -1 -0 -0 -1 -0 -0 -1 -0 -0 -1 -0 -0 -1 -0 -0 -1 -0 -0 -1 -0 -0 -1 -0 -0 -1 -0 -0 -1 -0 -0 -1 -0 -0 -1 -0 -0 -1 -0 -0 -1 -0 -0 -1 -0 -0 -1 -0 -0 -1 -0 -0 -1 -0 -0 -1 -0 -0 -1 -0 -0 -1 -0 -0 -1 -0 -0 -1 -0 -0 -1 -0 -0 -1 -0 -0 -1 -0 -0 -1 -0 -0 -1 -0 -0 -1 -0 -0 -1 -0 -0 -1 -0 -0 -1 -0 -0 -1 -0 -0 -1 -0 -0 -1 -0 -0 -1 -0 -0 -1 -0 -0 -1 -0 -0 -1 -0 -0 -1 -0 -0 -1 -0 -0 -1 -0 -0 -1 -0 -0 -1 -0 -0 -1 -0 -0 -1 -0 -0 -1 -0 -0 -1 -0 -0 -1 -0 -0 -1 -0 -0 -1 -0 -0 -1 -0 -0 -1 -0 -0 -1 -0 -0 -1 -0 -0 -1 -0 -0 -1 -0 -0 -1 -0 -0 -1 -0 -0 -1 -0 -0 -1 -0 -0 -1 -0 -0 -1 -0 -0 -1 -0 -0 -1 -0 -0 -1 -0 -0 -1 -0 -0 -1 -0 -0 -1 -0 -0 -1 -0 -0 -1 -0 -0 -1 -0 -0 -1 -0 -0 -1 -0 -0 -1 -0 -0 -1 -0 -0 -1 -0 -0 -1 -0 -0 -1 -0 -0 -1 -0 -0 -1 -0 -0 -1 -0 -0 -1 -0 -0 -1 -0 -0 -1 -0 -0 -1 -0 -0 -1 -0 -0 -1 -0 -0 -1 -0 -0 -1 -0 -0 -1 -0 -0 -1 -0 -0 -1 -0 -0 -1 -0 -0 -1 -0 -0 -1 -0 -0 -1 -0 -0 -1 -0 -0 -1 -0 -0 -1 -0 -0 -1 -0 -0 -1 -0 -0 -1 -0 -0 -1 -0 -0 -1 -0 -0 -1 -0 -0 -1 -0 -0 -1 -0 -0 -1 -0 -0 -1 -0 -0 -1 -0 -0 -1 -0 -0 -1 -0 -0 -1 -0 -0 -1 -0 -0 -1 -0 -0 -1 -0 -0 -1 -0 -0 -1 -0 -0 -1 -0 -0 -1 -0 -0 -1 -0 -0 -1 -0 -0 -1 -0 -0 -1 -0 -0 -1 -0 -0 -1 -0 -0 -1 -0 -0 -1 -0 -0 -1 -0 -0 -1 -0 -0 -1 -0 -0 -1 -0 -0 -1 -0 -0 -1 -0 -0 -1 -0 -0 -1 -0 -0 -1 -0 -0 -1 -0 -0 -1 -0 -0 -1 -0 -0 -1 -0 -0 -1 -0 -0 -1 -0 -0 -1 -0 -0 -1 -0 -0 -1 -0 -0 -1 -0 -0 -1 -0 -0 -1 -0 -0 -1 -0 -0 -1 -0 -0 -1 -0 -0 -1 -0 -0 -1 -0 -0 -1 -0 -0 -1 -0 -0 -1 -0 -0 -1 -0 -0 -1 -0 -0 -1 -0 -0 -1 -0 -0 -1 -0 -0 -1 -0 -0 -1 -0 -0 -1 -0 -0 -1 -0 -0 -1 -0 -0 -1 -0 -0 -1 -0 -0 -1 -0 -0 -1 -0 -0 -1 -0 -0 -1 -0 -0 -1 -0 -0 -1 -0 -0 -1 -0 -0 -1 -0 -0 -1 -0 -0 -1 -0 -0 -1 -0 -0 -1 -0 -0 -1 -0 -0 -1 -0 -0 -1 -0 -0 -1 -0 -0 -1 -0 -0 -1 -0 -0 -1 -0 -0 -1 -0 -0 -1 -0 -0 -1 -0 -0 -1 -0 -0 -1 -0 -0 -1 -0 -0 -1 -0 -0 -1 -0 -0 -1 -0 -0 -1 -0 -0 -1 -0 -0 -1 -0 -0 -1 -0 -0 -1 -0 -0 -1 -0 -0 -1 -0 -0 -1 -0 -0 -1 -0 -0 -1 -0 -0 -1 -0 -0 -1 -0 -0 -1 -0 -0 -1 -0 -0 -1 -0 -0 -1 -0 -0 -1 -0 -0 -1 -0 -0 -1 -0 -0 -1 -0 -0 -1 -0 -0 -1 -0 -0 -1 -0 -0 -1 -0 -0 -1 -0 -0 -1 -0 -0 -1 -0 -0 -1 -0 -0 -1 -0 -0 -1 -0 -0 -1 -0 -0 -1 -0 -0 -1 -0 -0 -1 -0 -0 -1 -0 -0 -1 -0 -0 -1 -0 -0 -1 -0 -0 -1 -0 -0 -1 -0 -0 -1 -0 -0 -1 -0 -0 -1 -0 -0 -1 -0 -0 -1 -0 -0 -1 -0 -0 -1 -0 -0 -1 -0 -0 -1 -0 -0 -1 -0 -0 -1 -0 -0 -1 -0 -0 -1 -0 -0 -1 -0 -0 -1 -0 -0 -1 -0 -0 -1 -0 -0 -1 -0 -0 -1 -0 -0 -1 -0 -0 -1 -0 -0 -1 -0 -0 -1 -0 -0 -1 -0 -0 -1 -0 -0 -1 -0 -0 -1 -0 -0 -1 -0 -0 -1 -0 -0 -1 -0 -0 -1 -0 -0 -1 -0 -0 -1 -0 -0 -1 -0 -0 -1 -0 -0 -1 -0 -0 -1 -0 -0 -1 -0 -0 -1 -0 -0 -1 -0 -0 -1 -0 -0 -1 -0 -0 -1 -0 -0 -1 -0 -0 -1 -0 -0 -1 -0 -0 -1 -0 -0 -1 -0 -0 -1 -0 -0 -1 -0 -0 -1 -0 -0 -1 -0 -0 -1 -0 -0 -1 -0 -0 -1 -0 -0 -1 -0 -0 -1 -0 -0 -1 -0 -0 -1 -0 -0 -1 -0 -0 -1 -0 -0 -1 -0 -0 -1 -0 -0 -1 -0 -0 -1 -0 -0 -1 -0 -0 -1 -0 -0 -1 -0 -0 -1 -0 -0 -1 -0 -0 -1 -0 -0 -1 -0 -0 -1 -0 -0 -1 -0 -0 -1 -0 -0 -1 -0 -0 -1 -0 -0 -1 -0 -0 -1 -0 -0 -1 -0 -0 -1 -0 -0 -1 -0 -0 -1 -0 -0 -1 -0 -0 -1 -0 -0 -1 -0 -0 -1 -0 -0 -1 -0 -0 -1 -0 -0 -1 -0 -0 -1 -0 -0 -1 -0 -0 -1 -0 -0 -1 -0 -0 -1 -0 -0 -1 -0 -0 -1 -0 -0 -1 -0 -0 -1 -0 -0 -1 -0 -0 -1 -0 -0 -1 -0 -0 -1 -0 -0 -1 -0 -0 -1 -0 -0 -1 -0 -0 -1 -0 -0 -1 -0 -0 -1 -0 -0 -1 -0 -0 -1 -0 -0 -1 -0 -0 -1 -0 -0 -1 -0 -0 -1 -0 -0 -1 -0 -0 -1 -0 -0 -1 -0 -0 -1 -0 -0 -1 -0 -0 -1 -0 -0 -1 -0 -0 -1 -0 -0 -1 -0 -0 -1 -0 -0 -1 -0 -0 -1 -0 -0 -1 -0 -0 -1 -0 -0 -1 -0 -0 -1 -0 -0 -1 -0 -0 -1 -0 -0 -1 -0 -0 -1 -0 -0 -1 -0 -0 -1 -0 -0 -1 -0 -0 -1 -0 -0 -1 -0 -0 -1 -0 -0 -1 -0 -0 -1 -0 -0 -1 -0 -0 -1 -0 -0 -1 -0 -0 -1 -0 -0 -1 -0 -0 -1 -0 -0 -1 -0 -0 -1 -0 -0 -1 -0 -0 -1 -0 -0 -1 -0 -0 -1 -0 -0 -1 -0 -0 -1 -0 -0 -1 -0 -0 -1 -0 -0 -1 -0 -0 -1 -0 -0 -1 -0 -0 -1 -0 -0 -1 -0 -0 -1 -0 -0 -1 -0 -0 -1 -0 -0 -1 -0 -0 -1 -0 -0 -1 -0 -0 -1 -0 -0 -1 -0 -0 -1 -0 -0 -1 -0 -0 -1 -0 -0 -1 -0 -0 -1 -0 -0 -1 -0 -0 -1 -0 -0 -1 -0 -0 -1 -0 -0 -1 -0 -0 -1 -0 -0 -1 -0 -0 -1 -0 -0 -1 -0 -0 -1 -0 -0 -1 -0 -0 -1 -0 -0 -1 -0 -0 -1 -0 -0 -1 -0 -0 -1 -0 -0 -1 -0 -0 -1 -0 -0 -1 -0 -0 -1 -0 -0 -1 -0 -0 -1 -0 -0 -1 -0 -0 -1 -0 -0 -1 -0 -0 -1 -0 -0 -1 -0 -0 -1 -0 -0 -1 -0 -0 -1 -0 -0 -1 -0 -0 -1 -0 -0 -1 -0 -0 -1 -0 -0 -1 -0 -0 -1 -0 -0 -1 -0 -0 -1 -0 -0 -1 -0 -0 -1 -0 -0 -1 -0 -0 -1 -0 -0 -1 -0 -0 -1 -0 -0 -1 -0 -0 -1 -0 -0 -1 -0 -0 -1 -0 -0 -1 -0 -0 -1 -0 -0 -1 -0 -0 -1 -0 -0 -1 -0 -0 -1 -0 -0 -1 -0 -0 -1 -0 -0 -1 -0 -0 -1 -0 -0 -1 -0 -0 -1 -0 -0 -1 -0 -0 -1 -0 -0 -1 -0 -0 -1 -0 -0 -1 -0 -0 -1 -0 -0 -1 -0 -0 -1 -0 -0 -1 -0 -0 -1 -0 -0 -1 -0 -0 -1 -0 -0 -1 -0 -0 -1 -0 -0 -1 -0 -0 -1 -0 -0 -1 -0 -0 -1 -0 -0 -1 -0 -0 -1 -0 -0 -1 -0 -0 -1 -0 -0 -1 -0 -0 -1 -0 -0 -1 -0 -0 -1 -0 -0 -1 -0 -0 -1 -0 -0 -1 -0 -0 -1 -0 -0 -1 -0 -0 -1 -0 -0 -1 -0 -0 -1 -0 -0 -1 -0 -0 -1 -0 -0 -1 -0 -0 -1 -0 -0 -1 -0 -0 -1 -0 -0 -1 -0 -0 -1 -0 -0 -1 -0 -0 -1 -0 -0 -1 -0 -0 -1 -0 -0 -1 -0 -0 -1 -0 -0 -1 -0 -0 -1 -0 -0 -1 -0 -0 -1 -0 -0 -1 -0 -0 -1 -0 -0 -1 -0 -0 -1 -0 -0 -1 -0 -0 -1 -0 -0 -1 -0 -0 -1 -0 -0 -1 -0 -0 -1 -0 -0 -1 -0 -0 -1 -0 -0 -1 -0 -0 -1 -0 -0 -1 -0 -0 -1 -0 -0 -1 -0 -0 -1 -0 -0 -1 -0 -0 -1 -0 -0 -1 -0 -0 -1 -0 -0 -1 -0 -0 -1 -0 -0 -1 -0 -0 -1 -0 -0 -1 -0 -0 -1 -0 -0 -1 -0 -0 -1 -0 -0 -1 -0 -0 -1 -0 -0 -1 -0 -0 -1 -0 -0 -1 -0 -0 -1 -0 -0 -1 -0 -0 -1 -0 -0 -1 -0 -0 -1 -0 -0 -1 -0 -0 -1 -0 -0 -1 -0 -0 -1 -0 -0 -1 -0 -0 -1 -0 -0 -1 -0 -0 -1 -0 -0 -1 -0 -0 -1 -0 -0 -1 -0 -0 -1 -0 -0 -1 -0 -0 -1 -0 -0 -1 -0 -0 -1 -0 -0 -1 -0 -0 -1 -0 -0 -1 -0 -0 -1 -0 -0 -1 -0 -0 -1 -0 -0 -1 -0 -0 -1 -0 -0 -1 -0 -0 -1 -0 -0 -1 -0 -0 -1 -0 -0 -1 -0 -0 -1 -0 -0 -1 -0 -0 -1 -0 -0 -1 -0 -0 -1 -0 -0 -1 -0 -0 -1 -0 -0 -1 -0 -0 -1 -0 -0 -1 -0 -0 -1 -0 -0 -1 -0 -0 -1 -0 -0 -1 -0 -0 -1 -0 -0 -1 -0 -0 -1 -0 -0 -1 -0 -0 -1 -0 -0 -1 -0 -0 -1 -0 -0 -1 -0 -0 -1 -0 -0 -1 -0 -0 -1 -0 -0 -1 -0 -0 -1 -0 -0 -1 -0 -0 -1 -0 -0 -1 -0 -0 -1 -0 -0 -1 -0 -0 -1 -0 -0 -1 -0 -0 -1 -0 -0 -1 -0 -0 -1 -0 -0 -1 -0 -0 -1 -0 -0 -1 -0 -0 -1 -0 -0 -1 -0 -0 -1 -0 -0 -1 -0 -0 -1 -0 -0 -1 -0 -0 -1 -0 -0 -1 -0 -0 -1 -0 -0 -1 -0 -0 -1 -0 -0 -1 -0 -0 -1 -0 -0 -1 -0 -0 -1 -0 -0 -1 -0 -0 -1 -0 -0 -1 -0 -0 -1 -0 -0 -1 -0 -0 -1 -0 -0 -1 -0 -0 -1 -0 -0 -1 -0 -0 -1 -0 -0 -1 -0 -0 -1 -0 -0 -1 -0 -0 -1 -0 -0 -1 -0 -0 -1 -0 -0 -1 -0 -0 -1 -0 -0 -1 -0 -0 -1 -0 -0 -1 -0 -0 -1 -0 -0 -1 -0 -0 -1 -0 -0 -1 -0 -0 -1 -0 -0 -1 -0 -0 -1 -0 -0 -1 -0 -0 -1 -0 -0 -1 -0 -0 -1 -0 -0 -1 -0 -0 -1 -0 -0 -1 -0 -0 -1 -0 -0 -1 -0 -0 -1 -0 -0 -1 -0 -0 -1 -0 -0 -1 -0 -0 -1 -0 -0 -1 -0 -0 -1 -0 -0 -1 -0 -0 -1 -0 -0 -1 -0 -0 -1 -0 -0 -1 -0 -0 -1 -0 -0 -1 -0 -0 -1 -0 -0 -1 -0 -0 -1 -0 -0 -1 -0 -0 -1 -0 -0 -1 -0 -0 -1 -0 -0 -1 -0 -0 -1 -0 -0 -1 -0 -0 -1 -0 -0 -1 -0 -0 -1 -0 -0 -1 -0 -0 -1 -0 -0 -1 -0 -0 -1 -0 -0 -1 -0 -0 -1 -0 -0 -1 -0 -0 -1 -0 -0 -1 -0 -0 -1 -0 -0 -1 -0 -0 -1 -0 -0 -1 -0 -0 -1 -0 -0 -1 -0 -0 -1 -0 -0 -1 -0 -0 -1 -0 -0 -1 -0 -0 -1 -0 -0 -1 -0 -0 -1 -0 -0 -1 -0 -0 -1 -0 -0 -1 -0 -0 -1 -0 -0 -1 -0 -0 -1 -0 -0 -1 -0 -0 -1 -0 -0 -1 -0 -0 -1 -0 -0 -1 -0 -0 -1 -0 -0 -0 -1 -0 -0 -1 -0 -0 -1 -0 -0 -1 -1 -0 -0 -1 -0 -0 -1 -0 -0 -1 -0 -0 0 0 1 0 0 1 0 0 1 0 0 1 1 0 0 1 0 0 1 0 0 1 0 0 -0 -0 -1 -0 -0 -1 -0 -0 -1 -0 -0 -1 -1 -0 -0 -1 -0 -0 -1 -0 -0 -1 -0 -0 0 0 1 0 0 1 0 0 1 0 0 1 1 0 0 1 0 0 1 0 0 1 0 0 -0 -0 -1 -0 -0 -1 -0 -0 -1 -0 -0 -1 -1 -0 -0 -1 -0 -0 -1 -0 -0 -1 -0 -0 0 0 1 0 0 1 0 0 1 0 0 1 1 0 0 1 0 0 1 0 0 1 0 0 -0 -0 -1 -0 -0 -1 -0 -0 -1 -0 -0 -1 -1 -0 -0 -1 -0 -0 -1 -0 -0 -1 -0 -0 0 0 1 0 0 1 0 0 1 0 0 1 1 0 0 1 0 0 1 0 0 1 0 0 -0 -0 -1 -0 -0 -1 -0 -0 -1 -0 -0 -1 -1 -0 -0 -1 -0 -0 -1 -0 -0 -1 -0 -0 0 0 1 0 0 1 0 0 1 0 0 1 1 0 0 1 0 0 1 0 0 1 0 0 -0.0323817 0 -0.999476 0.0323817 0 -0.999476 -8.74228e-08 0 -1 0.0654031 0 -0.997859 0.0970098 0 -0.995283 0.161231 0 -0.986917 0.130526 0 -0.991445 0.224776 0 -0.974411 0.19509 0 -0.980785 0.258819 0 -0.965926 0.287378 0 -0.957817 0.348774 0 -0.937207 0.321439 0 -0.94693 0.408708 0 -0.912665 0.382683 0 -0.92388 0.442289 0 -0.896873 0.466928 0 -0.884295 0.523189 0 -0.852217 0.5 0 -0.866025 0.577255 0 -0.816564 0.55557 0 -0.83147 0.608761 0 -0.793353 0.628901 0 -0.777486 0.677908 0 -0.735146 0.659346 0 -0.75184 0.724073 0 -0.689724 0.707107 0 -0.707107 0.75184 0 -0.659346 0.7672 0 -0.641408 0.807109 0 -0.590402 0.793353 0 -0.608761 0.843633 0 -0.53692 0.83147 0 -0.55557 0.866025 0 -0.5 0.876619 0 -0.481186 0.905927 0 -0.423433 0.896873 0 -0.442289 0.931436 0 -0.363905 0.92388 0 -0.382683 0.94693 0 -0.32144 0.953038 0 -0.30285 0.970643 0 -0.240525 0.965926 0 -0.258819 0.984177 0 -0.177191 0.980785 0 -0.19509 0.991445 0 -0.130526 0.993582 0 -0.113114 0.99882 0 -0.0485622 0.997859 0 -0.065403 0.999869 0 0.016193 1 0 -4.37114e-08 0.997859 0 0.0654032 0.996724 0 0.0808804 0.989398 0 0.145229 0.991445 0 0.130526 0.977923 0 0.208968 0.980785 0 0.19509 0.965926 0 0.258819 0.962345 0 0.27183 0.942732 0 0.333552 0.94693 0 0.321439 0.919164 0 0.393876 0.92388 0 0.382683 0.896873 0 0.442289 0.891741 0 0.452547 0.860577 0 0.50932 0.866025 0 0.5 0.825804 0 0.563957 0.83147 0 0.55557 0.793353 0 0.608761 0.787567 0 0.616228 0.746027 0 0.665915 0.75184 0 0.659346 0.701358 0 0.712809 0.707107 0 0.707107 0.659346 0 0.75184 0.653747 0 0.756713 0.603395 0 0.797443 0.608761 0 0.793353 0.550511 0 0.834828 0.55557 0 0.83147 0.5 0 0.866025 0.495318 0 0.868712 0.438048 0 0.898952 0.442289 0 0.896873 0.37894 0 0.925421 0.382683 0 0.92388 0.321439 0 0.94693 0.318243 0 0.948009 0.256211 0 0.966621 0.258819 0 0.965926 0.193105 0 0.981178 0.19509 0 0.980785 0.130526 0 0.991445 0.129188 0 0.99162 0.0647298 0 0.997903 0.0654031 0 0.997859 -1.37186e-11 0 1 1.40125e-22 0 1 -0.0654033 0 -0.997859 -0.130526 0 -0.991445 -0.0970098 0 -0.995283 -0.161231 0 -0.986917 -0.19509 0 -0.980785 -0.258819 0 -0.965926 -0.224776 0 -0.974411 -0.321439 0 -0.94693 -0.287378 0 -0.957817 -0.348774 0 -0.937207 -0.382683 0 -0.92388 -0.442289 0 -0.896873 -0.408708 0 -0.912665 -0.5 0 -0.866025 -0.466928 0 -0.884296 -0.523189 0 -0.852217 -0.55557 0 -0.83147 -0.608762 0 -0.793353 -0.577255 0 -0.816564 -0.659346 0 -0.75184 -0.628901 0 -0.777486 -0.677908 0 -0.735146 -0.707107 0 -0.707107 -0.75184 0 -0.659346 -0.724072 0 -0.689724 -0.793353 0 -0.608761 -0.7672 0 -0.641408 -0.807109 0 -0.590402 -0.831469 0 -0.55557 -0.866025 0 -0.5 -0.843633 0 -0.53692 -0.896873 0 -0.442289 -0.876619 0 -0.481186 -0.905927 0 -0.423433 -0.92388 0 -0.382684 -0.94693 0 -0.321439 -0.931436 0 -0.363905 -0.965926 0 -0.258819 -0.953038 0 -0.30285 -0.970643 0 -0.240525 -0.980785 0 -0.19509 -0.991445 0 -0.130526 -0.984176 0 -0.177191 -0.997859 0 -0.0654035 -0.993582 0 -0.113114 -0.99882 0 -0.0485625 -1 0 1.19249e-08 -0.997859 0 0.0654035 -0.999869 0 0.0161932 -0.991445 0 0.130526 -0.996724 0 0.0808804 -0.989398 0 0.145228 -0.980785 0 0.19509 -0.965926 0 0.258819 -0.977923 0 0.208967 -0.94693 0 0.321439 -0.962345 0 0.27183 -0.942732 0 0.333552 -0.923879 0 0.382684 -0.896873 0 0.442289 -0.919164 0 0.393876 -0.866025 0 0.5 -0.891741 0 0.452547 -0.860577 0 0.50932 -0.83147 0 0.55557 -0.793353 0 0.608762 -0.825804 0 0.563957 -0.75184 0 0.659346 -0.787567 0 0.616228 -0.746028 0 0.665915 -0.707107 0 0.707107 -0.659346 0 0.75184 -0.701358 0 0.712809 -0.608761 0 0.793353 -0.653747 0 0.756713 -0.603395 0 0.797443 -0.55557 0 0.83147 -0.5 0 0.866026 -0.550511 0 0.834828 -0.442289 0 0.896873 -0.495318 0 0.868712 -0.438048 0 0.898952 -0.382683 0 0.92388 -0.321439 0 0.94693 -0.37894 0 0.925421 -0.258819 0 0.965926 -0.318243 0 0.948009 -0.256211 0 0.966621 -0.19509 0 0.980785 -0.130526 0 0.991445 -0.193105 0 0.981178 -0.0654033 0 0.997859 -0.129188 0 0.99162 -0.06473 0 0.997903 -0.0721578 0 0.997393 9.59975e-23 0 1 1.37193e-11 0 1 -0.284881 0 0.958563 -0.21497 0 0.976621 -0.21497 0 0.976621 -0.143939 0 0.989587 -0.0721578 0 0.997393 -0.143939 0 0.989587 -0.419889 0 0.907575 -0.484283 0 0.874911 -0.419889 0 0.907575 -0.284881 0 0.958563 -0.353306 0 0.935508 -0.353306 0 0.935508 -0.605174 0 0.796093 -0.605174 0 0.796093 -0.661041 0 0.75035 -0.546152 0 0.837686 -0.484283 0 0.874911 -0.546152 0 0.837686 -0.806889 0 0.590703 -0.762162 0 0.647386 -0.762162 0 0.647386 -0.713461 0 0.700695 -0.713461 0 0.700695 -0.661041 0 0.75035 -0.883512 0 0.468408 -0.915008 0 0.403435 -0.883512 0 0.468408 -0.806889 0 0.590703 -0.84741 0 0.53094 -0.84741 0 0.53094 -0.96355 0 0.267528 -0.96355 0 0.267528 -0.980343 0 0.197303 -0.941734 0 0.336359 -0.915008 0 0.403435 -0.941734 0 0.336359 -0.999837 -0 -0.0180541 -0.998533 0 0.054139 -0.998533 0 0.0541388 -0.992024 0 0.12605 -0.992024 0 0.12605 -0.980343 0 0.197303 -0.986827 -0 -0.161782 -0.97258 -0 -0.232567 -0.986827 -0 -0.161782 -0.999837 -0 -0.0180543 -0.995928 -0 -0.0901531 -0.995928 -0 -0.0901531 -0.928977 -0 -0.370138 -0.928977 -0 -0.370138 -0.899847 -0 -0.436206 -0.953263 -0 -0.30214 -0.97258 -0 -0.232567 -0.953263 -0 -0.30214 -0.785037 -0 -0.619448 -0.827689 -0 -0.561187 -0.827689 -0 -0.561187 -0.866026 -0 -0.5 -0.866025 -0 -0.5 -0.899847 -0 -0.436206 -0.687699 -0 -0.725995 -0.633521 -0 -0.773726 -0.687699 -0 -0.725995 -0.785037 -0 -0.619448 -0.738293 -0 -0.67448 -0.738293 -0 -0.67448 -0.515554 -0 -0.856857 -0.515554 -0 -0.856857 -0.452381 -0 -0.891825 -0.576039 -0 -0.817422 -0.633521 -0 -0.773726 -0.576039 -0 -0.817422 -0.250089 -0 -0.968223 -0.319302 -0 -0.947653 -0.319302 -0 -0.947653 -0.38685 -0 -0.922143 -0.38685 -0 -0.922143 -0.452381 -0 -0.891825 -0.108119 -0 -0.994138 -0.0361025 -0 -0.999348 -0.108119 -0 -0.994138 -0.250089 -0 -0.968223 -0.179572 -0 -0.983745 -0.179572 -0 -0.983745 0.108119 0 -0.994138 0.108119 0 -0.994138 0.179572 0 -0.983745 0.0361024 0 -0.999348 -0.0361025 -0 -0.999348 0.0361026 0 -0.999348 0.38685 0 -0.922143 0.319301 0 -0.947653 0.319301 0 -0.947653 0.250089 0 -0.968223 0.250089 0 -0.968223 0.179572 0 -0.983745 0.515554 0 -0.856857 0.576039 0 -0.817422 0.515554 0 -0.856857 0.386849 0 -0.922143 0.452381 0 -0.891825 0.452381 0 -0.891825 0.687699 0 -0.725996 0.687699 0 -0.725996 0.738293 0 -0.67448 0.633521 0 -0.773726 0.576039 0 -0.817422 0.633521 0 -0.773726 0.866025 0 -0.5 0.827689 0 -0.561187 0.827689 0 -0.561187 0.785037 0 -0.619448 0.785037 0 -0.619448 0.738293 0 -0.67448 0.928977 0 -0.370138 0.953263 0 -0.30214 0.928977 0 -0.370138 0.866025 0 -0.5 0.899847 0 -0.436206 0.899847 0 -0.436206 0.986826 0 -0.161782 0.986827 0 -0.161782 0.995928 0 -0.0901532 0.97258 0 -0.232568 0.953263 0 -0.30214 0.97258 0 -0.232567 0.998533 0 0.0541389 0.999837 0 -0.0180544 0.998533 0 0.0541389 0.999837 0 -0.018054 0.995928 0 -0.0901532 0.992024 0 0.12605 0.992024 0 0.12605 0.980342 0 0.197303 0.980342 0 0.197303 0.96355 0 0.267528 0.96355 0 0.267528 0.941734 0 0.336358 0.941734 0 0.336358 0.915008 0 0.403435 0.915008 0 0.403435 0.883512 0 0.468409 0.883512 0 0.468408 0.84741 0 0.53094 0.84741 0 0.53094 0.806889 0 0.590703 0.806889 0 0.590703 0.762162 0 0.647386 0.762162 0 0.647386 0.713461 0 0.700695 0.713461 0 0.700695 0.661041 0 0.75035 0.661041 0 0.75035 0.605174 0 0.796093 0.605174 0 0.796093 0.546153 0 0.837686 0.546153 0 0.837686 0.484283 0 0.874911 0.484283 0 0.874911 0.419889 0 0.907575 0.419889 0 0.907575 0.353306 0 0.935508 0.353306 0 0.935508 0.284881 0 0.958563 0.284881 0 0.958563 0.214971 0 0.97662 0.214971 0 0.97662 0.143939 0 0.989587 0.143939 0 0.989587 0.0721579 0 0.997393 0.0721579 0 0.997393 1 0 -4.37114e-08 0.997859 0 0.0654031 0.999869 0 0.0161931 -0.0323817 0 -0.999476 -0.0970098 0 -0.995283 -0.0654033 0 -0.997859 0.996724 0 0.0808805 0.991445 0 0.130526 0.980785 0 0.19509 0.989398 0 0.145229 0.965926 0 0.258819 0.977923 0 0.208968 0.962345 0 0.27183 0.94693 0 0.321439 0.92388 0 0.382683 0.942731 0 0.333552 0.896873 0 0.442289 0.919164 0 0.393876 0.891741 0 0.452547 0.866025 0 0.5 0.83147 0 0.55557 0.860577 0 0.50932 0.793353 0 0.608761 0.825804 0 0.563957 0.787567 0 0.616228 0.75184 0 0.659346 0.707107 0 0.707107 0.746027 0 0.665915 0.659346 0 0.75184 0.701358 0 0.712809 0.653747 0 0.756713 0.608761 0 0.793353 0.55557 0 0.83147 0.603395 0 0.797443 0.5 0 0.866025 0.550511 0 0.834828 0.495318 0 0.868712 0.442289 0 0.896873 0.382683 0 0.92388 0.438048 0 0.898952 0.321439 0 0.94693 0.37894 0 0.925421 0.318243 0 0.948009 0.258819 0 0.965926 0.19509 0 0.980785 0.256211 0 0.966621 0.130526 0 0.991445 0.193105 0 0.981178 0.129188 0 0.99162 0.0654031 0 0.997859 -1.37159e-11 0 1 0.0647298 0 0.997903 -6.16795e-24 0 1 0.99882 0 -0.0485622 0.993582 0 -0.113114 0.997859 0 -0.0654032 0.991445 0 -0.130526 0.984177 0 -0.177191 0.970643 0 -0.240525 0.980785 0 -0.19509 0.953038 0 -0.30285 0.965926 0 -0.258819 0.94693 0 -0.321439 0.931436 0 -0.363905 0.905927 0 -0.423433 0.92388 0 -0.382684 0.876619 0 -0.481186 0.896873 0 -0.442289 0.866026 0 -0.5 0.843633 0 -0.53692 0.807109 0 -0.590402 0.83147 0 -0.55557 0.7672 0 -0.641408 0.793353 0 -0.608761 0.75184 0 -0.659346 0.724073 0 -0.689724 0.677908 0 -0.735146 0.707107 0 -0.707107 0.628901 0 -0.777485 0.659346 0 -0.75184 0.608761 0 -0.793353 0.577255 0 -0.816564 0.523189 0 -0.852217 0.55557 0 -0.83147 0.466928 0 -0.884295 0.5 0 -0.866025 0.442289 0 -0.896873 0.408708 0 -0.912665 0.348774 0 -0.937207 0.382683 0 -0.92388 0.287378 0 -0.957817 0.321439 0 -0.94693 0.258819 0 -0.965926 0.224776 0 -0.974411 0.161231 0 -0.986917 0.19509 0 -0.980785 0.0970098 0 -0.995283 0.130526 0 -0.991445 0.0654031 0 -0.997859 0.032382 0 -0.999476 -8.74228e-08 0 -1 -0.19509 0 -0.980785 -0.130526 0 -0.991445 -0.161231 0 -0.986917 -0.382683 0 -0.92388 -0.321439 0 -0.94693 -0.348774 0 -0.937207 -0.258819 0 -0.965926 -0.224776 0 -0.974411 -0.287378 0 -0.957817 -0.5 0 -0.866025 -0.523189 0 -0.852217 -0.55557 0 -0.83147 -0.408708 0 -0.912665 -0.466928 0 -0.884296 -0.442289 0 -0.896873 -0.677908 0 -0.735146 -0.707107 0 -0.707107 -0.659346 0 -0.75184 -0.628901 0 -0.777486 -0.608762 0 -0.793353 -0.577255 0 -0.816564 -0.83147 0 -0.55557 -0.793353 0 -0.608761 -0.807109 0 -0.590402 -0.75184 0 -0.659346 -0.724072 0 -0.689724 -0.7672 0 -0.641408 -0.896873 0 -0.442289 -0.905927 0 -0.423433 -0.92388 0 -0.382684 -0.843633 0 -0.53692 -0.876619 0 -0.481186 -0.866025 0 -0.5 -0.970643 0 -0.240525 -0.980785 0 -0.19509 -0.965926 0 -0.258819 -0.953038 0 -0.30285 -0.94693 0 -0.321439 -0.931436 0 -0.363905 -1 0 1.19249e-08 -0.997859 0 -0.065403 -0.99882 0 -0.0485625 -0.991445 0 -0.130526 -0.984176 0 -0.177191 -0.993582 0 -0.113114 -0.991445 0 0.130526 -0.989398 0 0.145228 -0.980785 0 0.19509 -0.999869 0 0.0161932 -0.996724 0 0.0808804 -0.997859 0 0.0654035 -0.942732 0 0.333552 -0.923879 0 0.382684 -0.94693 0 0.321439 -0.962345 0 0.27183 -0.965926 0 0.258819 -0.977923 0 0.208967 -0.831469 0 0.55557 -0.866025 0 0.5 -0.860577 0 0.50932 -0.896873 0 0.442289 -0.919164 0 0.393876 -0.891741 0 0.452547 -0.75184 0 0.659346 -0.746028 0 0.665915 -0.707107 0 0.707107 -0.825804 0 0.563957 -0.787567 0 0.616228 -0.793353 0 0.608762 -0.659346 0 0.75184 -0.701358 0 0.712809 -0.653747 0 0.756713 -0.603395 0 0.797443 -0.608761 0 0.793353 -0.550511 0 0.834828 -0.55557 0 0.83147 -0.5 0 0.866026 -0.495318 0 0.868712 -0.438048 0 0.898952 -0.442289 0 0.896873 -0.37894 0 0.925421 -0.382683 0 0.92388 -0.321439 0 0.94693 -0.318243 0 0.948009 -0.256211 0 0.966621 -0.258819 0 0.965926 -0.193105 0 0.981178 -0.19509 0 0.980785 -0.130526 0 0.991445 -0.129188 0 0.99162 -0.06473 0 0.997903 -0.0654033 0 0.997859 -0.0323817 0 -0.999476 0.0323817 0 -0.999476 -8.74228e-08 0 -1 0.0654031 0 -0.997859 0.0970098 0 -0.995283 0.161231 0 -0.986917 0.130526 0 -0.991445 0.224776 0 -0.974411 0.19509 0 -0.980785 0.258819 0 -0.965926 0.287378 0 -0.957817 0.348774 0 -0.937207 0.321439 0 -0.94693 0.408708 0 -0.912665 0.382683 0 -0.92388 0.442289 0 -0.896873 0.466928 0 -0.884295 0.523189 0 -0.852217 0.5 0 -0.866025 0.577255 0 -0.816564 0.55557 0 -0.83147 0.608761 0 -0.793353 0.628901 0 -0.777486 0.677908 0 -0.735146 0.659346 0 -0.75184 0.724073 0 -0.689724 0.707107 0 -0.707107 0.75184 0 -0.659346 0.7672 0 -0.641408 0.807109 0 -0.590402 0.793353 0 -0.608761 0.843633 0 -0.53692 0.83147 0 -0.55557 0.866025 0 -0.5 0.876619 0 -0.481186 0.905927 0 -0.423433 0.896873 0 -0.442289 0.931436 0 -0.363905 0.92388 0 -0.382683 0.94693 0 -0.32144 0.953038 0 -0.30285 0.970643 0 -0.240525 0.965926 0 -0.258819 0.984177 0 -0.177191 0.980785 0 -0.19509 0.991445 0 -0.130526 0.993582 0 -0.113114 0.99882 0 -0.0485622 0.997859 0 -0.065403 0.999869 0 0.016193 1 0 -4.37114e-08 0.997859 0 0.0654032 0.996724 0 0.0808804 0.989398 0 0.145229 0.991445 0 0.130526 0.977923 0 0.208968 0.980785 0 0.19509 0.965926 0 0.258819 0.962345 0 0.27183 0.942732 0 0.333552 0.94693 0 0.321439 0.919164 0 0.393876 0.92388 0 0.382683 0.896873 0 0.442289 0.891741 0 0.452547 0.860577 0 0.50932 0.866025 0 0.5 0.825804 0 0.563957 0.83147 0 0.55557 0.793353 0 0.608761 0.787567 0 0.616228 0.746027 0 0.665915 0.75184 0 0.659346 0.701358 0 0.712809 0.707107 0 0.707107 0.659346 0 0.75184 0.653747 0 0.756713 0.603395 0 0.797443 0.608761 0 0.793353 0.550511 0 0.834828 0.55557 0 0.83147 0.5 0 0.866025 0.495318 0 0.868712 0.438048 0 0.898952 0.442289 0 0.896873 0.37894 0 0.925421 0.382683 0 0.92388 0.321439 0 0.94693 0.318243 0 0.948009 0.256211 0 0.966621 0.258819 0 0.965926 0.193105 0 0.981178 0.19509 0 0.980785 0.130526 0 0.991445 0.129188 0 0.99162 0.0647298 0 0.997903 0.0654031 0 0.997859 -1.37186e-11 0 1 1.40125e-22 0 1 -0.0654033 0 -0.997859 -0.130526 0 -0.991445 -0.0970098 0 -0.995283 -0.161231 0 -0.986917 -0.19509 0 -0.980785 -0.258819 0 -0.965926 -0.224776 0 -0.974411 -0.321439 0 -0.94693 -0.287378 0 -0.957817 -0.348774 0 -0.937207 -0.382683 0 -0.92388 -0.442289 0 -0.896873 -0.408708 0 -0.912665 -0.5 0 -0.866025 -0.466928 0 -0.884296 -0.523189 0 -0.852217 -0.55557 0 -0.83147 -0.608762 0 -0.793353 -0.577255 0 -0.816564 -0.659346 0 -0.75184 -0.628901 0 -0.777486 -0.677908 0 -0.735146 -0.707107 0 -0.707107 -0.75184 0 -0.659346 -0.724072 0 -0.689724 -0.793353 0 -0.608761 -0.7672 0 -0.641408 -0.807109 0 -0.590402 -0.831469 0 -0.55557 -0.866025 0 -0.5 -0.843633 0 -0.53692 -0.896873 0 -0.442289 -0.876619 0 -0.481186 -0.905927 0 -0.423433 -0.92388 0 -0.382684 -0.94693 0 -0.321439 -0.931436 0 -0.363905 -0.965926 0 -0.258819 -0.953038 0 -0.30285 -0.970643 0 -0.240525 -0.980785 0 -0.19509 -0.991445 0 -0.130526 -0.984176 0 -0.177191 -0.997859 0 -0.0654035 -0.993582 0 -0.113114 -0.99882 0 -0.0485625 -1 0 1.19249e-08 -0.997859 0 0.0654035 -0.999869 0 0.0161932 -0.991445 0 0.130526 -0.996724 0 0.0808804 -0.989398 0 0.145228 -0.980785 0 0.19509 -0.965926 0 0.258819 -0.977923 0 0.208967 -0.94693 0 0.321439 -0.962345 0 0.27183 -0.942732 0 0.333552 -0.923879 0 0.382684 -0.896873 0 0.442289 -0.919164 0 0.393876 -0.866025 0 0.5 -0.891741 0 0.452547 -0.860577 0 0.50932 -0.83147 0 0.55557 -0.793353 0 0.608762 -0.825804 0 0.563957 -0.75184 0 0.659346 -0.787567 0 0.616228 -0.746028 0 0.665915 -0.707107 0 0.707107 -0.659346 0 0.75184 -0.701358 0 0.712809 -0.608761 0 0.793353 -0.653747 0 0.756713 -0.603395 0 0.797443 -0.55557 0 0.83147 -0.5 0 0.866026 -0.550511 0 0.834828 -0.442289 0 0.896873 -0.495318 0 0.868712 -0.438048 0 0.898952 -0.382683 0 0.92388 -0.321439 0 0.94693 -0.37894 0 0.925421 -0.258819 0 0.965926 -0.318243 0 0.948009 -0.256211 0 0.966621 -0.19509 0 0.980785 -0.130526 0 0.991445 -0.193105 0 0.981178 -0.0654033 0 0.997859 -0.129188 0 0.99162 -0.06473 0 0.997903 -0.0721578 0 0.997393 9.59975e-23 0 1 1.37193e-11 0 1 -0.284881 0 0.958563 -0.21497 0 0.976621 -0.21497 0 0.976621 -0.143939 0 0.989587 -0.0721578 0 0.997393 -0.143939 0 0.989587 -0.419889 0 0.907575 -0.484283 0 0.874911 -0.419889 0 0.907575 -0.284881 0 0.958563 -0.353306 0 0.935508 -0.353306 0 0.935508 -0.605174 0 0.796093 -0.605174 0 0.796093 -0.661041 0 0.75035 -0.546152 0 0.837686 -0.484283 0 0.874911 -0.546152 0 0.837686 -0.806889 0 0.590703 -0.762162 0 0.647386 -0.762162 0 0.647386 -0.713461 0 0.700695 -0.713461 0 0.700695 -0.661041 0 0.75035 -0.883512 0 0.468408 -0.915008 0 0.403435 -0.883512 0 0.468408 -0.806889 0 0.590703 -0.84741 0 0.53094 -0.84741 0 0.53094 -0.96355 0 0.267528 -0.96355 0 0.267528 -0.980343 0 0.197303 -0.941734 0 0.336359 -0.915008 0 0.403435 -0.941734 0 0.336359 -0.999837 -0 -0.0180541 -0.998533 0 0.054139 -0.998533 0 0.0541388 -0.992024 0 0.12605 -0.992024 0 0.12605 -0.980343 0 0.197303 -0.986827 -0 -0.161782 -0.97258 -0 -0.232567 -0.986827 -0 -0.161782 -0.999837 -0 -0.0180543 -0.995928 -0 -0.0901531 -0.995928 -0 -0.0901531 -0.928977 -0 -0.370138 -0.928977 -0 -0.370138 -0.899847 -0 -0.436206 -0.953263 -0 -0.30214 -0.97258 -0 -0.232567 -0.953263 -0 -0.30214 -0.785037 -0 -0.619448 -0.827689 -0 -0.561187 -0.827689 -0 -0.561187 -0.866026 -0 -0.5 -0.866025 -0 -0.5 -0.899847 -0 -0.436206 -0.687699 -0 -0.725995 -0.633521 -0 -0.773726 -0.687699 -0 -0.725995 -0.785037 -0 -0.619448 -0.738293 -0 -0.67448 -0.738293 -0 -0.67448 -0.515554 -0 -0.856857 -0.515554 -0 -0.856857 -0.452381 -0 -0.891825 -0.576039 -0 -0.817422 -0.633521 -0 -0.773726 -0.576039 -0 -0.817422 -0.250089 -0 -0.968223 -0.319302 -0 -0.947653 -0.319302 -0 -0.947653 -0.38685 -0 -0.922143 -0.38685 -0 -0.922143 -0.452381 -0 -0.891825 -0.108119 -0 -0.994138 -0.0361025 -0 -0.999348 -0.108119 -0 -0.994138 -0.250089 -0 -0.968223 -0.179572 -0 -0.983745 -0.179572 -0 -0.983745 0.108119 0 -0.994138 0.108119 0 -0.994138 0.179572 0 -0.983745 0.0361024 0 -0.999348 -0.0361025 -0 -0.999348 0.0361026 0 -0.999348 0.38685 0 -0.922143 0.319301 0 -0.947653 0.319301 0 -0.947653 0.250089 0 -0.968223 0.250089 0 -0.968223 0.179572 0 -0.983745 0.515554 0 -0.856857 0.576039 0 -0.817422 0.515554 0 -0.856857 0.386849 0 -0.922143 0.452381 0 -0.891825 0.452381 0 -0.891825 0.687699 0 -0.725996 0.687699 0 -0.725996 0.738293 0 -0.67448 0.633521 0 -0.773726 0.576039 0 -0.817422 0.633521 0 -0.773726 0.866025 0 -0.5 0.827689 0 -0.561187 0.827689 0 -0.561187 0.785037 0 -0.619448 0.785037 0 -0.619448 0.738293 0 -0.67448 0.928977 0 -0.370138 0.953263 0 -0.30214 0.928977 0 -0.370138 0.866025 0 -0.5 0.899847 0 -0.436206 0.899847 0 -0.436206 0.986826 0 -0.161782 0.986827 0 -0.161782 0.995928 0 -0.0901532 0.97258 0 -0.232568 0.953263 0 -0.30214 0.97258 0 -0.232567 0.998533 0 0.0541389 0.999837 0 -0.0180544 0.998533 0 0.0541389 0.999837 0 -0.018054 0.995928 0 -0.0901532 0.992024 0 0.12605 0.992024 0 0.12605 0.980342 0 0.197303 0.980342 0 0.197303 0.96355 0 0.267528 0.96355 0 0.267528 0.941734 0 0.336358 0.941734 0 0.336358 0.915008 0 0.403435 0.915008 0 0.403435 0.883512 0 0.468409 0.883512 0 0.468408 0.84741 0 0.53094 0.84741 0 0.53094 0.806889 0 0.590703 0.806889 0 0.590703 0.762162 0 0.647386 0.762162 0 0.647386 0.713461 0 0.700695 0.713461 0 0.700695 0.661041 0 0.75035 0.661041 0 0.75035 0.605174 0 0.796093 0.605174 0 0.796093 0.546153 0 0.837686 0.546153 0 0.837686 0.484283 0 0.874911 0.484283 0 0.874911 0.419889 0 0.907575 0.419889 0 0.907575 0.353306 0 0.935508 0.353306 0 0.935508 0.284881 0 0.958563 0.284881 0 0.958563 0.214971 0 0.97662 0.214971 0 0.97662 0.143939 0 0.989587 0.143939 0 0.989587 0.0721579 0 0.997393 0.0721579 0 0.997393 1 0 -4.37114e-08 0.997859 0 0.0654031 0.999869 0 0.0161931 -0.0323817 0 -0.999476 -0.0970098 0 -0.995283 -0.0654033 0 -0.997859 0.996724 0 0.0808805 0.991445 0 0.130526 0.980785 0 0.19509 0.989398 0 0.145229 0.965926 0 0.258819 0.977923 0 0.208968 0.962345 0 0.27183 0.94693 0 0.321439 0.92388 0 0.382683 0.942731 0 0.333552 0.896873 0 0.442289 0.919164 0 0.393876 0.891741 0 0.452547 0.866025 0 0.5 0.83147 0 0.55557 0.860577 0 0.50932 0.793353 0 0.608761 0.825804 0 0.563957 0.787567 0 0.616228 0.75184 0 0.659346 0.707107 0 0.707107 0.746027 0 0.665915 0.659346 0 0.75184 0.701358 0 0.712809 0.653747 0 0.756713 0.608761 0 0.793353 0.55557 0 0.83147 0.603395 0 0.797443 0.5 0 0.866025 0.550511 0 0.834828 0.495318 0 0.868712 0.442289 0 0.896873 0.382683 0 0.92388 0.438048 0 0.898952 0.321439 0 0.94693 0.37894 0 0.925421 0.318243 0 0.948009 0.258819 0 0.965926 0.19509 0 0.980785 0.256211 0 0.966621 0.130526 0 0.991445 0.193105 0 0.981178 0.129188 0 0.99162 0.0654031 0 0.997859 -1.37159e-11 0 1 0.0647298 0 0.997903 -6.16795e-24 0 1 0.99882 0 -0.0485622 0.993582 0 -0.113114 0.997859 0 -0.0654032 0.991445 0 -0.130526 0.984177 0 -0.177191 0.970643 0 -0.240525 0.980785 0 -0.19509 0.953038 0 -0.30285 0.965926 0 -0.258819 0.94693 0 -0.321439 0.931436 0 -0.363905 0.905927 0 -0.423433 0.92388 0 -0.382684 0.876619 0 -0.481186 0.896873 0 -0.442289 0.866026 0 -0.5 0.843633 0 -0.53692 0.807109 0 -0.590402 0.83147 0 -0.55557 0.7672 0 -0.641408 0.793353 0 -0.608761 0.75184 0 -0.659346 0.724073 0 -0.689724 0.677908 0 -0.735146 0.707107 0 -0.707107 0.628901 0 -0.777485 0.659346 0 -0.75184 0.608761 0 -0.793353 0.577255 0 -0.816564 0.523189 0 -0.852217 0.55557 0 -0.83147 0.466928 0 -0.884295 0.5 0 -0.866025 0.442289 0 -0.896873 0.408708 0 -0.912665 0.348774 0 -0.937207 0.382683 0 -0.92388 0.287378 0 -0.957817 0.321439 0 -0.94693 0.258819 0 -0.965926 0.224776 0 -0.974411 0.161231 0 -0.986917 0.19509 0 -0.980785 0.0970098 0 -0.995283 0.130526 0 -0.991445 0.0654031 0 -0.997859 0.032382 0 -0.999476 -8.74228e-08 0 -1 -0.19509 0 -0.980785 -0.130526 0 -0.991445 -0.161231 0 -0.986917 -0.382683 0 -0.92388 -0.321439 0 -0.94693 -0.348774 0 -0.937207 -0.258819 0 -0.965926 -0.224776 0 -0.974411 -0.287378 0 -0.957817 -0.5 0 -0.866025 -0.523189 0 -0.852217 -0.55557 0 -0.83147 -0.408708 0 -0.912665 -0.466928 0 -0.884296 -0.442289 0 -0.896873 -0.677908 0 -0.735146 -0.707107 0 -0.707107 -0.659346 0 -0.75184 -0.628901 0 -0.777486 -0.608762 0 -0.793353 -0.577255 0 -0.816564 -0.83147 0 -0.55557 -0.793353 0 -0.608761 -0.807109 0 -0.590402 -0.75184 0 -0.659346 -0.724072 0 -0.689724 -0.7672 0 -0.641408 -0.896873 0 -0.442289 -0.905927 0 -0.423433 -0.92388 0 -0.382684 -0.843633 0 -0.53692 -0.876619 0 -0.481186 -0.866025 0 -0.5 -0.970643 0 -0.240525 -0.980785 0 -0.19509 -0.965926 0 -0.258819 -0.953038 0 -0.30285 -0.94693 0 -0.321439 -0.931436 0 -0.363905 -1 0 1.19249e-08 -0.997859 0 -0.065403 -0.99882 0 -0.0485625 -0.991445 0 -0.130526 -0.984176 0 -0.177191 -0.993582 0 -0.113114 -0.991445 0 0.130526 -0.989398 0 0.145228 -0.980785 0 0.19509 -0.999869 0 0.0161932 -0.996724 0 0.0808804 -0.997859 0 0.0654035 -0.942732 0 0.333552 -0.923879 0 0.382684 -0.94693 0 0.321439 -0.962345 0 0.27183 -0.965926 0 0.258819 -0.977923 0 0.208967 -0.831469 0 0.55557 -0.866025 0 0.5 -0.860577 0 0.50932 -0.896873 0 0.442289 -0.919164 0 0.393876 -0.891741 0 0.452547 -0.75184 0 0.659346 -0.746028 0 0.665915 -0.707107 0 0.707107 -0.825804 0 0.563957 -0.787567 0 0.616228 -0.793353 0 0.608762 -0.659346 0 0.75184 -0.701358 0 0.712809 -0.653747 0 0.756713 -0.603395 0 0.797443 -0.608761 0 0.793353 -0.550511 0 0.834828 -0.55557 0 0.83147 -0.5 0 0.866026 -0.495318 0 0.868712 -0.438048 0 0.898952 -0.442289 0 0.896873 -0.37894 0 0.925421 -0.382683 0 0.92388 -0.321439 0 0.94693 -0.318243 0 0.948009 -0.256211 0 0.966621 -0.258819 0 0.965926 -0.193105 0 0.981178 -0.19509 0 0.980785 -0.130526 0 0.991445 -0.129188 0 0.99162 -0.06473 0 0.997903 -0.0654033 0 0.997859 0.0896393 0 -0.995974 -8.74228e-08 0 -1 0.0455145 0 -0.998964 0.136167 0 -0.990686 0.178557 0 -0.98393 0.22569 0 -0.974199 0.266037 0 -0.963963 0.351375 0 -0.936235 0.313344 0 -0.94964 0.398401 0 -0.917211 0.433884 0 -0.900969 0.480157 0 -0.877183 0.512899 0 -0.858449 0.587785 0 -0.809017 0.557934 0 -0.829885 0.631088 0 -0.775711 0.657939 0 -0.753071 0.699012 0 -0.71511 0.722795 0 -0.691063 0.781832 0 -0.62349 0.761145 0 -0.648582 0.81697 0 -0.57668 0.834573 0 -0.550897 0.866026 0 -0.5 0.880595 0 -0.473869 0.919528 0 -0.393025 0.907905 0 -0.419176 0.942261 0 -0.33488 0.951056 0 -0.309017 0.968809 0 -0.247808 0.974928 0 -0.222521 0.99095 0 -0.134233 0.98733 0 -0.158683 0.997669 0 -0.0682424 0.998993 0 -0.0448649 0.999741 0 0.0227633 0.998993 0 0.0448648 0.99095 0 0.134233 0.993529 0 0.11358 0.979084 0 0.203456 0.974928 0 0.222521 0.956526 0 0.291646 0.951057 0 0.309017 0.919528 0 0.393025 0.926042 0 0.377419 0.887885 0 0.460065 0.880596 0 0.473869 0.842371 0 0.538899 0.834573 0 0.550897 0.781832 0 0.62349 0.789876 0 0.613267 0.730836 0 0.682553 0.722795 0 0.691063 0.66574 0 0.746184 0.657939 0 0.753071 0.587785 0 0.809017 0.595128 0 0.803631 0.519584 0 0.854419 0.512899 0 0.858449 0.439735 0 0.898128 0.433884 0 0.900969 0.351375 0 0.936235 0.356242 0 0.934394 0.269797 0 0.962917 0.266037 0 0.963963 0.181116 0 0.983462 0.178557 0 0.98393 0.0896393 0 0.995974 0.0909349 0 0.995857 -1.37186e-11 0 1 1.40125e-22 0 1 -0.0455147 0 -0.998964 -0.136167 0 -0.990686 -0.0896394 0 -0.995974 -0.178557 0 -0.98393 -0.22569 0 -0.974199 -0.266037 0 -0.963963 -0.313344 0 -0.94964 -0.398401 0 -0.917211 -0.351375 0 -0.936235 -0.433884 0 -0.900969 -0.480157 0 -0.877183 -0.512899 0 -0.858449 -0.557934 0 -0.829885 -0.631088 0 -0.775711 -0.587785 0 -0.809017 -0.657939 0 -0.753072 -0.699012 0 -0.71511 -0.722795 0 -0.691063 -0.761145 0 -0.648582 -0.81697 0 -0.576681 -0.781831 0 -0.62349 -0.834573 0 -0.550897 -0.866025 0 -0.5 -0.880595 0 -0.473869 -0.907905 0 -0.419176 -0.942261 0 -0.33488 -0.919528 0 -0.393025 -0.951056 0 -0.309017 -0.968809 0 -0.247808 -0.974928 0 -0.222521 -0.98733 0 -0.158683 -0.997669 0 -0.0682424 -0.99095 0 -0.134233 -0.998993 0 -0.0448648 -0.998993 0 0.0448649 -0.999741 0 0.0227632 -0.993529 0 0.11358 -0.99095 0 0.134233 -0.974928 0 0.222521 -0.979084 0 0.203456 -0.951056 0 0.309017 -0.956526 0 0.291646 -0.926043 0 0.377419 -0.919528 0 0.393025 -0.880595 0 0.473869 -0.887885 0 0.460065 -0.834573 0 0.550897 -0.842371 0 0.538899 -0.789876 0 0.613267 -0.781831 0 0.62349 -0.722795 0 0.691063 -0.730836 0 0.682553 -0.657939 0 0.753071 -0.66574 0 0.746184 -0.595128 0 0.803631 -0.587785 0 0.809017 -0.512899 0 0.858449 -0.519584 0 0.85442 -0.433884 0 0.900969 -0.439734 0 0.898128 -0.356241 0 0.934394 -0.351375 0 0.936235 -0.266037 0 0.963963 -0.269797 0 0.962917 -0.178557 0 0.98393 -0.181116 0 0.983462 -0.0909347 0 0.995857 -0.0896396 0 0.995974 -0.998717 -0 -0.0506491 -0.998717 0 0.0506491 -0.998716 -0 -0.0506493 0.101168 0 0.994869 8.74228e-08 0 1 8.74228e-08 0 1 -0.988468 -0 -0.151428 -0.988468 -0 -0.151428 -0.968077 -0 -0.250653 -0.968077 -0 -0.250653 -0.937752 -0 -0.347305 -0.937752 -0 -0.347305 -0.897804 -0 -0.440394 -0.897805 -0 -0.440394 -0.848644 -0 -0.528964 -0.848644 -0 -0.528964 -0.790776 -0 -0.612106 -0.790776 -0 -0.612106 -0.724793 -0 -0.688967 -0.724793 -0 -0.688967 -0.651372 -0 -0.758758 -0.651372 -0 -0.758758 -0.571268 -0 -0.820763 -0.571268 -0 -0.820763 -0.485302 -0 -0.874347 -0.485302 -0 -0.874347 -0.394356 -0 -0.918958 -0.394356 -0 -0.918958 -0.299363 -0 -0.954139 -0.299363 -0 -0.954139 -0.201299 -0 -0.97953 -0.201299 -0 -0.97953 -0.101168 -0 -0.994869 -0.101168 -0 -0.994869 1.37152e-11 0 -1 8.40523e-26 0 -1 -0.998717 0 0.0506492 -0.988468 0 0.151428 -0.988468 0 0.151428 -0.968077 0 0.250653 -0.968077 0 0.250653 -0.937752 0 0.347305 -0.937752 0 0.347305 -0.897804 0 0.440394 -0.897804 0 0.440394 -0.848644 0 0.528964 -0.848644 0 0.528964 -0.790776 0 0.612106 -0.790776 0 0.612106 -0.724793 0 0.688967 -0.724793 0 0.688967 -0.651373 0 0.758758 -0.651373 0 0.758758 -0.571268 0 0.820764 -0.571268 0 0.820763 -0.485302 0 0.874347 -0.485302 0 0.874347 -0.394356 0 0.918958 -0.394356 0 0.918958 -0.299363 0 0.954139 -0.299363 0 0.954139 -0.201298 0 0.97953 -0.201298 0 0.97953 -0.101168 0 0.994869 -0.101168 0 0.994869 0.394356 0 0.918958 0.299363 0 0.954139 0.299363 0 0.954139 0.201299 0 0.97953 0.101168 0 0.994869 0.201298 0 0.97953 0.571268 0 0.820764 0.651372 0 0.758758 0.571268 0 0.820763 0.394356 0 0.918958 0.485302 0 0.874347 0.485302 0 0.874347 0.790776 0 0.612106 0.790776 0 0.612106 0.848644 0 0.528964 0.724793 0 0.688967 0.651372 0 0.758758 0.724793 0 0.688967 0.968077 0 0.250653 0.937752 0 0.347305 0.937752 0 0.347305 0.897805 0 0.440394 0.897805 0 0.440394 0.848644 0 0.528964 0.998717 0 0.0506489 0.998717 0 -0.050649 0.998717 0 0.0506489 0.968077 0 0.250653 0.988468 0 0.151428 0.988468 0 0.151428 0.968077 0 -0.250653 0.968077 0 -0.250653 0.937752 0 -0.347305 0.988468 0 -0.151428 0.998717 0 -0.050649 0.988468 0 -0.151428 0.790776 0 -0.612106 0.848644 0 -0.528964 0.848644 0 -0.528964 0.897805 0 -0.440394 0.897805 0 -0.440394 0.937752 0 -0.347305 0.651372 0 -0.758758 0.651372 0 -0.758758 0.724793 0 -0.688967 0.790776 0 -0.612106 0.724793 0 -0.688967 0.571268 0 -0.820763 0.571268 0 -0.820763 0.485302 0 -0.874347 0.485302 0 -0.874347 0.394356 0 -0.918958 0.394356 0 -0.918958 0.299363 0 -0.954139 0.299363 0 -0.954139 0.201299 0 -0.97953 0.201299 0 -0.97953 0.101168 0 -0.994869 0.101168 0 -0.994869 0.999741 0 0.0227631 0.998993 0 -0.0448648 0.998993 0 0.0448649 -0.0455147 0 -0.998964 -8.74228e-08 0 -1 0.0455145 0 -0.998964 0.99095 0 0.134233 0.993529 0 0.11358 0.974928 0 0.222521 0.979084 0 0.203456 0.956526 0 0.291646 0.951056 0 0.309017 0.919528 0 0.393025 0.926042 0 0.377419 0.880596 0 0.473869 0.887885 0 0.460065 0.842371 0 0.538899 0.834573 0 0.550897 0.781832 0 0.62349 0.789876 0 0.613267 0.722795 0 0.691063 0.730836 0 0.682553 0.66574 0 0.746184 0.657939 0 0.753071 0.587785 0 0.809017 0.595128 0 0.803631 0.512899 0 0.858449 0.519584 0 0.854419 0.439735 0 0.898128 0.433884 0 0.900969 0.351375 0 0.936235 0.356242 0 0.934394 0.266037 0 0.963963 0.269797 0 0.962917 0.181116 0 0.983462 0.178557 0 0.98393 0.0896393 0 0.995974 0.0909349 0 0.995857 -1.37155e-11 0 1 1.17475e-23 0 1 0.997669 0 -0.0682424 0.99095 0 -0.134233 0.98733 0 -0.158683 0.968809 0 -0.247808 0.974928 0 -0.222521 0.942261 0 -0.33488 0.951057 0 -0.309017 0.919528 0 -0.393025 0.907905 0 -0.419177 0.866025 0 -0.5 0.880596 0 -0.473869 0.81697 0 -0.57668 0.834573 0 -0.550897 0.781832 0 -0.62349 0.761145 0 -0.648582 0.699012 0 -0.71511 0.722795 0 -0.691063 0.631088 0 -0.775711 0.657939 0 -0.753071 0.587785 0 -0.809017 0.557934 0 -0.829885 0.480157 0 -0.877183 0.512899 0 -0.858449 0.398401 0 -0.917211 0.433884 0 -0.900969 0.351375 0 -0.936235 0.313344 0 -0.94964 0.22569 0 -0.974199 0.266037 0 -0.963963 0.136167 0 -0.990686 0.178557 0 -0.98393 0.0896393 0 -0.995974 -0.313344 0 -0.94964 -0.266037 0 -0.963963 -0.22569 0 -0.974199 -0.136167 0 -0.990686 -0.178557 0 -0.98393 -0.0896392 0 -0.995974 -0.512899 0 -0.858449 -0.480157 0 -0.877183 -0.557934 0 -0.829885 -0.351375 0 -0.936235 -0.398401 0 -0.917211 -0.433884 0 -0.900969 -0.699012 0 -0.71511 -0.761145 0 -0.648582 -0.722795 0 -0.691063 -0.631088 0 -0.775711 -0.657939 0 -0.753072 -0.587785 0 -0.809017 -0.907905 0 -0.419176 -0.880595 0 -0.473869 -0.866025 0 -0.5 -0.834573 0 -0.550897 -0.781832 0 -0.62349 -0.81697 0 -0.57668 -0.974928 0 -0.222521 -0.968809 0 -0.247808 -0.98733 0 -0.158683 -0.919528 0 -0.393025 -0.942261 0 -0.33488 -0.951056 0 -0.309017 -0.999741 0 0.0227632 -0.993529 0 0.11358 -0.998993 0 0.0448649 -0.997669 0 -0.0682424 -0.998993 0 -0.0448648 -0.99095 0 -0.134233 -0.926043 0 0.377419 -0.951056 0 0.309017 -0.956526 0 0.291646 -0.974928 0 0.222521 -0.99095 0 0.134233 -0.979084 0 0.203456 -0.834573 0 0.550897 -0.842371 0 0.538899 -0.789876 0 0.613267 -0.919528 0 0.393025 -0.887885 0 0.460065 -0.880595 0 0.473869 -0.722795 0 0.691063 -0.66574 0 0.746184 -0.657939 0 0.753071 -0.730836 0 0.682553 -0.781831 0 0.62349 -0.587785 0 0.809017 -0.595128 0 0.803631 -0.519584 0 0.85442 -0.512899 0 0.858449 -0.439734 0 0.898128 -0.433884 0 0.900969 -0.351375 0 0.936235 -0.356241 0 0.934394 -0.269797 0 0.962917 -0.266037 0 0.963963 -0.181116 0 0.983462 -0.178557 0 0.98393 -0.0896396 0 0.995974 -0.0909347 0 0.995857 0.0896393 0 -0.995974 -8.74228e-08 0 -1 0.0455145 0 -0.998964 0.136167 0 -0.990686 0.178557 0 -0.98393 0.22569 0 -0.974199 0.266037 0 -0.963963 0.351375 0 -0.936235 0.313344 0 -0.94964 0.398401 0 -0.917211 0.433884 0 -0.900969 0.480157 0 -0.877183 0.512899 0 -0.858449 0.587785 0 -0.809017 0.557934 0 -0.829885 0.631088 0 -0.775711 0.657939 0 -0.753071 0.699012 0 -0.71511 0.722795 0 -0.691063 0.781832 0 -0.62349 0.761145 0 -0.648582 0.81697 0 -0.57668 0.834573 0 -0.550897 0.866026 0 -0.5 0.880595 0 -0.473869 0.919528 0 -0.393025 0.907905 0 -0.419176 0.942261 0 -0.33488 0.951056 0 -0.309017 0.968809 0 -0.247808 0.974928 0 -0.222521 0.99095 0 -0.134233 0.98733 0 -0.158683 0.997669 0 -0.0682424 0.998993 0 -0.0448649 0.999741 0 0.0227633 0.998993 0 0.0448648 0.99095 0 0.134233 0.993529 0 0.11358 0.979084 0 0.203456 0.974928 0 0.222521 0.956526 0 0.291646 0.951057 0 0.309017 0.919528 0 0.393025 0.926042 0 0.377419 0.887885 0 0.460065 0.880596 0 0.473869 0.842371 0 0.538899 0.834573 0 0.550897 0.781832 0 0.62349 0.789876 0 0.613267 0.730836 0 0.682553 0.722795 0 0.691063 0.66574 0 0.746184 0.657939 0 0.753071 0.587785 0 0.809017 0.595128 0 0.803631 0.519584 0 0.854419 0.512899 0 0.858449 0.439735 0 0.898128 0.433884 0 0.900969 0.351375 0 0.936235 0.356242 0 0.934394 0.269797 0 0.962917 0.266037 0 0.963963 0.181116 0 0.983462 0.178557 0 0.98393 0.0896393 0 0.995974 0.0909349 0 0.995857 -1.37186e-11 0 1 1.40125e-22 0 1 -0.0455147 0 -0.998964 -0.136167 0 -0.990686 -0.0896394 0 -0.995974 -0.178557 0 -0.98393 -0.22569 0 -0.974199 -0.266037 0 -0.963963 -0.313344 0 -0.94964 -0.398401 0 -0.917211 -0.351375 0 -0.936235 -0.433884 0 -0.900969 -0.480157 0 -0.877183 -0.512899 0 -0.858449 -0.557934 0 -0.829885 -0.631088 0 -0.775711 -0.587785 0 -0.809017 -0.657939 0 -0.753072 -0.699012 0 -0.71511 -0.722795 0 -0.691063 -0.761145 0 -0.648582 -0.81697 0 -0.576681 -0.781831 0 -0.62349 -0.834573 0 -0.550897 -0.866025 0 -0.5 -0.880595 0 -0.473869 -0.907905 0 -0.419176 -0.942261 0 -0.33488 -0.919528 0 -0.393025 -0.951056 0 -0.309017 -0.968809 0 -0.247808 -0.974928 0 -0.222521 -0.98733 0 -0.158683 -0.997669 0 -0.0682424 -0.99095 0 -0.134233 -0.998993 0 -0.0448648 -0.998993 0 0.0448649 -0.999741 0 0.0227632 -0.993529 0 0.11358 -0.99095 0 0.134233 -0.974928 0 0.222521 -0.979084 0 0.203456 -0.951056 0 0.309017 -0.956526 0 0.291646 -0.926043 0 0.377419 -0.919528 0 0.393025 -0.880595 0 0.473869 -0.887885 0 0.460065 -0.834573 0 0.550897 -0.842371 0 0.538899 -0.789876 0 0.613267 -0.781831 0 0.62349 -0.722795 0 0.691063 -0.730836 0 0.682553 -0.657939 0 0.753071 -0.66574 0 0.746184 -0.595128 0 0.803631 -0.587785 0 0.809017 -0.512899 0 0.858449 -0.519584 0 0.85442 -0.433884 0 0.900969 -0.439734 0 0.898128 -0.356241 0 0.934394 -0.351375 0 0.936235 -0.266037 0 0.963963 -0.269797 0 0.962917 -0.178557 0 0.98393 -0.181116 0 0.983462 -0.0909347 0 0.995857 -0.0896396 0 0.995974 -0.998717 -0 -0.0506491 -0.998717 0 0.0506491 -0.998716 -0 -0.0506493 0.101168 0 0.994869 8.74228e-08 0 1 8.74228e-08 0 1 -0.988468 -0 -0.151428 -0.988468 -0 -0.151428 -0.968077 -0 -0.250653 -0.968077 -0 -0.250653 -0.937752 -0 -0.347305 -0.937752 -0 -0.347305 -0.897804 -0 -0.440394 -0.897805 -0 -0.440394 -0.848644 -0 -0.528964 -0.848644 -0 -0.528964 -0.790776 -0 -0.612106 -0.790776 -0 -0.612106 -0.724793 -0 -0.688967 -0.724793 -0 -0.688967 -0.651372 -0 -0.758758 -0.651372 -0 -0.758758 -0.571268 -0 -0.820763 -0.571268 -0 -0.820763 -0.485302 -0 -0.874347 -0.485302 -0 -0.874347 -0.394356 -0 -0.918958 -0.394356 -0 -0.918958 -0.299363 -0 -0.954139 -0.299363 -0 -0.954139 -0.201299 -0 -0.97953 -0.201299 -0 -0.97953 -0.101168 -0 -0.994869 -0.101168 -0 -0.994869 1.37152e-11 0 -1 8.40523e-26 0 -1 -0.998717 0 0.0506492 -0.988468 0 0.151428 -0.988468 0 0.151428 -0.968077 0 0.250653 -0.968077 0 0.250653 -0.937752 0 0.347305 -0.937752 0 0.347305 -0.897804 0 0.440394 -0.897804 0 0.440394 -0.848644 0 0.528964 -0.848644 0 0.528964 -0.790776 0 0.612106 -0.790776 0 0.612106 -0.724793 0 0.688967 -0.724793 0 0.688967 -0.651373 0 0.758758 -0.651373 0 0.758758 -0.571268 0 0.820764 -0.571268 0 0.820763 -0.485302 0 0.874347 -0.485302 0 0.874347 -0.394356 0 0.918958 -0.394356 0 0.918958 -0.299363 0 0.954139 -0.299363 0 0.954139 -0.201298 0 0.97953 -0.201298 0 0.97953 -0.101168 0 0.994869 -0.101168 0 0.994869 0.394356 0 0.918958 0.299363 0 0.954139 0.299363 0 0.954139 0.201299 0 0.97953 0.101168 0 0.994869 0.201298 0 0.97953 0.571268 0 0.820764 0.651372 0 0.758758 0.571268 0 0.820763 0.394356 0 0.918958 0.485302 0 0.874347 0.485302 0 0.874347 0.790776 0 0.612106 0.790776 0 0.612106 0.848644 0 0.528964 0.724793 0 0.688967 0.651372 0 0.758758 0.724793 0 0.688967 0.968077 0 0.250653 0.937752 0 0.347305 0.937752 0 0.347305 0.897805 0 0.440394 0.897805 0 0.440394 0.848644 0 0.528964 0.998717 0 0.0506489 0.998717 0 -0.050649 0.998717 0 0.0506489 0.968077 0 0.250653 0.988468 0 0.151428 0.988468 0 0.151428 0.968077 0 -0.250653 0.968077 0 -0.250653 0.937752 0 -0.347305 0.988468 0 -0.151428 0.998717 0 -0.050649 0.988468 0 -0.151428 0.790776 0 -0.612106 0.848644 0 -0.528964 0.848644 0 -0.528964 0.897805 0 -0.440394 0.897805 0 -0.440394 0.937752 0 -0.347305 0.651372 0 -0.758758 0.651372 0 -0.758758 0.724793 0 -0.688967 0.790776 0 -0.612106 0.724793 0 -0.688967 0.571268 0 -0.820763 0.571268 0 -0.820763 0.485302 0 -0.874347 0.485302 0 -0.874347 0.394356 0 -0.918958 0.394356 0 -0.918958 0.299363 0 -0.954139 0.299363 0 -0.954139 0.201299 0 -0.97953 0.201299 0 -0.97953 0.101168 0 -0.994869 0.101168 0 -0.994869 0.999741 0 0.0227631 0.998993 0 -0.0448648 0.998993 0 0.0448649 -0.0455147 0 -0.998964 -8.74228e-08 0 -1 0.0455145 0 -0.998964 0.99095 0 0.134233 0.993529 0 0.11358 0.974928 0 0.222521 0.979084 0 0.203456 0.956526 0 0.291646 0.951056 0 0.309017 0.919528 0 0.393025 0.926042 0 0.377419 0.880596 0 0.473869 0.887885 0 0.460065 0.842371 0 0.538899 0.834573 0 0.550897 0.781832 0 0.62349 0.789876 0 0.613267 0.722795 0 0.691063 0.730836 0 0.682553 0.66574 0 0.746184 0.657939 0 0.753071 0.587785 0 0.809017 0.595128 0 0.803631 0.512899 0 0.858449 0.519584 0 0.854419 0.439735 0 0.898128 0.433884 0 0.900969 0.351375 0 0.936235 0.356242 0 0.934394 0.266037 0 0.963963 0.269797 0 0.962917 0.181116 0 0.983462 0.178557 0 0.98393 0.0896393 0 0.995974 0.0909349 0 0.995857 -1.37155e-11 0 1 1.17475e-23 0 1 0.997669 0 -0.0682424 0.99095 0 -0.134233 0.98733 0 -0.158683 0.968809 0 -0.247808 0.974928 0 -0.222521 0.942261 0 -0.33488 0.951057 0 -0.309017 0.919528 0 -0.393025 0.907905 0 -0.419177 0.866025 0 -0.5 0.880596 0 -0.473869 0.81697 0 -0.57668 0.834573 0 -0.550897 0.781832 0 -0.62349 0.761145 0 -0.648582 0.699012 0 -0.71511 0.722795 0 -0.691063 0.631088 0 -0.775711 0.657939 0 -0.753071 0.587785 0 -0.809017 0.557934 0 -0.829885 0.480157 0 -0.877183 0.512899 0 -0.858449 0.398401 0 -0.917211 0.433884 0 -0.900969 0.351375 0 -0.936235 0.313344 0 -0.94964 0.22569 0 -0.974199 0.266037 0 -0.963963 0.136167 0 -0.990686 0.178557 0 -0.98393 0.0896393 0 -0.995974 -0.313344 0 -0.94964 -0.266037 0 -0.963963 -0.22569 0 -0.974199 -0.136167 0 -0.990686 -0.178557 0 -0.98393 -0.0896392 0 -0.995974 -0.512899 0 -0.858449 -0.480157 0 -0.877183 -0.557934 0 -0.829885 -0.351375 0 -0.936235 -0.398401 0 -0.917211 -0.433884 0 -0.900969 -0.699012 0 -0.71511 -0.761145 0 -0.648582 -0.722795 0 -0.691063 -0.631088 0 -0.775711 -0.657939 0 -0.753072 -0.587785 0 -0.809017 -0.907905 0 -0.419176 -0.880595 0 -0.473869 -0.866025 0 -0.5 -0.834573 0 -0.550897 -0.781832 0 -0.62349 -0.81697 0 -0.57668 -0.974928 0 -0.222521 -0.968809 0 -0.247808 -0.98733 0 -0.158683 -0.919528 0 -0.393025 -0.942261 0 -0.33488 -0.951056 0 -0.309017 -0.999741 0 0.0227632 -0.993529 0 0.11358 -0.998993 0 0.0448649 -0.997669 0 -0.0682424 -0.998993 0 -0.0448648 -0.99095 0 -0.134233 -0.926043 0 0.377419 -0.951056 0 0.309017 -0.956526 0 0.291646 -0.974928 0 0.222521 -0.99095 0 0.134233 -0.979084 0 0.203456 -0.834573 0 0.550897 -0.842371 0 0.538899 -0.789876 0 0.613267 -0.919528 0 0.393025 -0.887885 0 0.460065 -0.880595 0 0.473869 -0.722795 0 0.691063 -0.66574 0 0.746184 -0.657939 0 0.753071 -0.730836 0 0.682553 -0.781831 0 0.62349 -0.587785 0 0.809017 -0.595128 0 0.803631 -0.519584 0 0.85442 -0.512899 0 0.858449 -0.439734 0 0.898128 -0.433884 0 0.900969 -0.351375 0 0.936235 -0.356241 0 0.934394 -0.269797 0 0.962917 -0.266037 0 0.963963 -0.181116 0 0.983462 -0.178557 0 0.98393 -0.0896396 0 0.995974 -0.0909347 0 0.995857 0.0896393 0 -0.995974 -8.74228e-08 0 -1 0.0455145 0 -0.998964 0.136167 0 -0.990686 0.178557 0 -0.98393 0.22569 0 -0.974199 0.266037 0 -0.963963 0.351375 0 -0.936235 0.313344 0 -0.94964 0.398401 0 -0.917211 0.433884 0 -0.900969 0.480157 0 -0.877183 0.512899 0 -0.858449 0.587785 0 -0.809017 0.557934 0 -0.829885 0.631088 0 -0.775711 0.657939 0 -0.753071 0.699012 0 -0.71511 0.722795 0 -0.691063 0.781832 0 -0.62349 0.761145 0 -0.648582 0.81697 0 -0.57668 0.834573 0 -0.550897 0.866026 0 -0.5 0.880595 0 -0.473869 0.919528 0 -0.393025 0.907905 0 -0.419176 0.942261 0 -0.33488 0.951056 0 -0.309017 0.968809 0 -0.247808 0.974928 0 -0.222521 0.99095 0 -0.134233 0.98733 0 -0.158683 0.997669 0 -0.0682424 0.998993 0 -0.0448649 0.999741 0 0.0227633 0.998993 0 0.0448648 0.99095 0 0.134233 0.993529 0 0.11358 0.979084 0 0.203456 0.974928 0 0.222521 0.956526 0 0.291646 0.951057 0 0.309017 0.919528 0 0.393025 0.926042 0 0.377419 0.887885 0 0.460065 0.880596 0 0.473869 0.842371 0 0.538899 0.834573 0 0.550897 0.781832 0 0.62349 0.789876 0 0.613267 0.730836 0 0.682553 0.722795 0 0.691063 0.66574 0 0.746184 0.657939 0 0.753071 0.587785 0 0.809017 0.595128 0 0.803631 0.519584 0 0.854419 0.512899 0 0.858449 0.439735 0 0.898128 0.433884 0 0.900969 0.351375 0 0.936235 0.356242 0 0.934394 0.269797 0 0.962917 0.266037 0 0.963963 0.181116 0 0.983462 0.178557 0 0.98393 0.0896393 0 0.995974 0.0909349 0 0.995857 -1.37186e-11 0 1 1.40125e-22 0 1 -0.0455147 0 -0.998964 -0.136167 0 -0.990686 -0.0896394 0 -0.995974 -0.178557 0 -0.98393 -0.22569 0 -0.974199 -0.266037 0 -0.963963 -0.313344 0 -0.94964 -0.398401 0 -0.917211 -0.351375 0 -0.936235 -0.433884 0 -0.900969 -0.480157 0 -0.877183 -0.512899 0 -0.858449 -0.557934 0 -0.829885 -0.631088 0 -0.775711 -0.587785 0 -0.809017 -0.657939 0 -0.753072 -0.699012 0 -0.71511 -0.722795 0 -0.691063 -0.761145 0 -0.648582 -0.81697 0 -0.576681 -0.781831 0 -0.62349 -0.834573 0 -0.550897 -0.866025 0 -0.5 -0.880595 0 -0.473869 -0.907905 0 -0.419176 -0.942261 0 -0.33488 -0.919528 0 -0.393025 -0.951056 0 -0.309017 -0.968809 0 -0.247808 -0.974928 0 -0.222521 -0.98733 0 -0.158683 -0.997669 0 -0.0682424 -0.99095 0 -0.134233 -0.998993 0 -0.0448648 -0.998993 0 0.0448649 -0.999741 0 0.0227632 -0.993529 0 0.11358 -0.99095 0 0.134233 -0.974928 0 0.222521 -0.979084 0 0.203456 -0.951056 0 0.309017 -0.956526 0 0.291646 -0.926043 0 0.377419 -0.919528 0 0.393025 -0.880595 0 0.473869 -0.887885 0 0.460065 -0.834573 0 0.550897 -0.842371 0 0.538899 -0.789876 0 0.613267 -0.781831 0 0.62349 -0.722795 0 0.691063 -0.730836 0 0.682553 -0.657939 0 0.753071 -0.66574 0 0.746184 -0.595128 0 0.803631 -0.587785 0 0.809017 -0.512899 0 0.858449 -0.519584 0 0.85442 -0.433884 0 0.900969 -0.439734 0 0.898128 -0.356241 0 0.934394 -0.351375 0 0.936235 -0.266037 0 0.963963 -0.269797 0 0.962917 -0.178557 0 0.98393 -0.181116 0 0.983462 -0.0909347 0 0.995857 -0.0896396 0 0.995974 -0.998717 -0 -0.0506491 -0.998717 0 0.0506491 -0.998716 -0 -0.0506493 0.101168 0 0.994869 8.74228e-08 0 1 8.74228e-08 0 1 -0.988468 -0 -0.151428 -0.988468 -0 -0.151428 -0.968077 -0 -0.250653 -0.968077 -0 -0.250653 -0.937752 -0 -0.347305 -0.937752 -0 -0.347305 -0.897804 -0 -0.440394 -0.897805 -0 -0.440394 -0.848644 -0 -0.528964 -0.848644 -0 -0.528964 -0.790776 -0 -0.612106 -0.790776 -0 -0.612106 -0.724793 -0 -0.688967 -0.724793 -0 -0.688967 -0.651372 -0 -0.758758 -0.651372 -0 -0.758758 -0.571268 -0 -0.820763 -0.571268 -0 -0.820763 -0.485302 -0 -0.874347 -0.485302 -0 -0.874347 -0.394356 -0 -0.918958 -0.394356 -0 -0.918958 -0.299363 -0 -0.954139 -0.299363 -0 -0.954139 -0.201299 -0 -0.97953 -0.201299 -0 -0.97953 -0.101168 -0 -0.994869 -0.101168 -0 -0.994869 1.37152e-11 0 -1 8.40523e-26 0 -1 -0.998717 0 0.0506492 -0.988468 0 0.151428 -0.988468 0 0.151428 -0.968077 0 0.250653 -0.968077 0 0.250653 -0.937752 0 0.347305 -0.937752 0 0.347305 -0.897804 0 0.440394 -0.897804 0 0.440394 -0.848644 0 0.528964 -0.848644 0 0.528964 -0.790776 0 0.612106 -0.790776 0 0.612106 -0.724793 0 0.688967 -0.724793 0 0.688967 -0.651373 0 0.758758 -0.651373 0 0.758758 -0.571268 0 0.820764 -0.571268 0 0.820763 -0.485302 0 0.874347 -0.485302 0 0.874347 -0.394356 0 0.918958 -0.394356 0 0.918958 -0.299363 0 0.954139 -0.299363 0 0.954139 -0.201298 0 0.97953 -0.201298 0 0.97953 -0.101168 0 0.994869 -0.101168 0 0.994869 0.394356 0 0.918958 0.299363 0 0.954139 0.299363 0 0.954139 0.201299 0 0.97953 0.101168 0 0.994869 0.201298 0 0.97953 0.571268 0 0.820764 0.651372 0 0.758758 0.571268 0 0.820763 0.394356 0 0.918958 0.485302 0 0.874347 0.485302 0 0.874347 0.790776 0 0.612106 0.790776 0 0.612106 0.848644 0 0.528964 0.724793 0 0.688967 0.651372 0 0.758758 0.724793 0 0.688967 0.968077 0 0.250653 0.937752 0 0.347305 0.937752 0 0.347305 0.897805 0 0.440394 0.897805 0 0.440394 0.848644 0 0.528964 0.998717 0 0.0506489 0.998717 0 -0.050649 0.998717 0 0.0506489 0.968077 0 0.250653 0.988468 0 0.151428 0.988468 0 0.151428 0.968077 0 -0.250653 0.968077 0 -0.250653 0.937752 0 -0.347305 0.988468 0 -0.151428 0.998717 0 -0.050649 0.988468 0 -0.151428 0.790776 0 -0.612106 0.848644 0 -0.528964 0.848644 0 -0.528964 0.897805 0 -0.440394 0.897805 0 -0.440394 0.937752 0 -0.347305 0.651372 0 -0.758758 0.651372 0 -0.758758 0.724793 0 -0.688967 0.790776 0 -0.612106 0.724793 0 -0.688967 0.571268 0 -0.820763 0.571268 0 -0.820763 0.485302 0 -0.874347 0.485302 0 -0.874347 0.394356 0 -0.918958 0.394356 0 -0.918958 0.299363 0 -0.954139 0.299363 0 -0.954139 0.201299 0 -0.97953 0.201299 0 -0.97953 0.101168 0 -0.994869 0.101168 0 -0.994869 0.999741 0 0.0227631 0.998993 0 -0.0448648 0.998993 0 0.0448649 -0.0455147 0 -0.998964 -8.74228e-08 0 -1 0.0455145 0 -0.998964 0.99095 0 0.134233 0.993529 0 0.11358 0.974928 0 0.222521 0.979084 0 0.203456 0.956526 0 0.291646 0.951056 0 0.309017 0.919528 0 0.393025 0.926042 0 0.377419 0.880596 0 0.473869 0.887885 0 0.460065 0.842371 0 0.538899 0.834573 0 0.550897 0.781832 0 0.62349 0.789876 0 0.613267 0.722795 0 0.691063 0.730836 0 0.682553 0.66574 0 0.746184 0.657939 0 0.753071 0.587785 0 0.809017 0.595128 0 0.803631 0.512899 0 0.858449 0.519584 0 0.854419 0.439735 0 0.898128 0.433884 0 0.900969 0.351375 0 0.936235 0.356242 0 0.934394 0.266037 0 0.963963 0.269797 0 0.962917 0.181116 0 0.983462 0.178557 0 0.98393 0.0896393 0 0.995974 0.0909349 0 0.995857 -1.37155e-11 0 1 1.17475e-23 0 1 0.997669 0 -0.0682424 0.99095 0 -0.134233 0.98733 0 -0.158683 0.968809 0 -0.247808 0.974928 0 -0.222521 0.942261 0 -0.33488 0.951057 0 -0.309017 0.919528 0 -0.393025 0.907905 0 -0.419177 0.866025 0 -0.5 0.880596 0 -0.473869 0.81697 0 -0.57668 0.834573 0 -0.550897 0.781832 0 -0.62349 0.761145 0 -0.648582 0.699012 0 -0.71511 0.722795 0 -0.691063 0.631088 0 -0.775711 0.657939 0 -0.753071 0.587785 0 -0.809017 0.557934 0 -0.829885 0.480157 0 -0.877183 0.512899 0 -0.858449 0.398401 0 -0.917211 0.433884 0 -0.900969 0.351375 0 -0.936235 0.313344 0 -0.94964 0.22569 0 -0.974199 0.266037 0 -0.963963 0.136167 0 -0.990686 0.178557 0 -0.98393 0.0896393 0 -0.995974 -0.313344 0 -0.94964 -0.266037 0 -0.963963 -0.22569 0 -0.974199 -0.136167 0 -0.990686 -0.178557 0 -0.98393 -0.0896392 0 -0.995974 -0.512899 0 -0.858449 -0.480157 0 -0.877183 -0.557934 0 -0.829885 -0.351375 0 -0.936235 -0.398401 0 -0.917211 -0.433884 0 -0.900969 -0.699012 0 -0.71511 -0.761145 0 -0.648582 -0.722795 0 -0.691063 -0.631088 0 -0.775711 -0.657939 0 -0.753072 -0.587785 0 -0.809017 -0.907905 0 -0.419176 -0.880595 0 -0.473869 -0.866025 0 -0.5 -0.834573 0 -0.550897 -0.781832 0 -0.62349 -0.81697 0 -0.57668 -0.974928 0 -0.222521 -0.968809 0 -0.247808 -0.98733 0 -0.158683 -0.919528 0 -0.393025 -0.942261 0 -0.33488 -0.951056 0 -0.309017 -0.999741 0 0.0227632 -0.993529 0 0.11358 -0.998993 0 0.0448649 -0.997669 0 -0.0682424 -0.998993 0 -0.0448648 -0.99095 0 -0.134233 -0.926043 0 0.377419 -0.951056 0 0.309017 -0.956526 0 0.291646 -0.974928 0 0.222521 -0.99095 0 0.134233 -0.979084 0 0.203456 -0.834573 0 0.550897 -0.842371 0 0.538899 -0.789876 0 0.613267 -0.919528 0 0.393025 -0.887885 0 0.460065 -0.880595 0 0.473869 -0.722795 0 0.691063 -0.66574 0 0.746184 -0.657939 0 0.753071 -0.730836 0 0.682553 -0.781831 0 0.62349 -0.587785 0 0.809017 -0.595128 0 0.803631 -0.519584 0 0.85442 -0.512899 0 0.858449 -0.439734 0 0.898128 -0.433884 0 0.900969 -0.351375 0 0.936235 -0.356241 0 0.934394 -0.269797 0 0.962917 -0.266037 0 0.963963 -0.181116 0 0.983462 -0.178557 0 0.98393 -0.0896396 0 0.995974 -0.0909347 0 0.995857 0.0896393 0 -0.995974 -8.74228e-08 0 -1 0.0455145 0 -0.998964 0.136167 0 -0.990686 0.178557 0 -0.98393 0.22569 0 -0.974199 0.266037 0 -0.963963 0.351375 0 -0.936235 0.313344 0 -0.94964 0.398401 0 -0.917211 0.433884 0 -0.900969 0.480157 0 -0.877183 0.512899 0 -0.858449 0.587785 0 -0.809017 0.557934 0 -0.829885 0.631088 0 -0.775711 0.657939 0 -0.753071 0.699012 0 -0.71511 0.722795 0 -0.691063 0.781832 0 -0.62349 0.761145 0 -0.648582 0.81697 0 -0.57668 0.834573 0 -0.550897 0.866026 0 -0.5 0.880595 0 -0.473869 0.919528 0 -0.393025 0.907905 0 -0.419176 0.942261 0 -0.33488 0.951056 0 -0.309017 0.968809 0 -0.247808 0.974928 0 -0.222521 0.99095 0 -0.134233 0.98733 0 -0.158683 0.997669 0 -0.0682424 0.998993 0 -0.0448649 0.999741 0 0.0227633 0.998993 0 0.0448648 0.99095 0 0.134233 0.993529 0 0.11358 0.979084 0 0.203456 0.974928 0 0.222521 0.956526 0 0.291646 0.951057 0 0.309017 0.919528 0 0.393025 0.926042 0 0.377419 0.887885 0 0.460065 0.880596 0 0.473869 0.842371 0 0.538899 0.834573 0 0.550897 0.781832 0 0.62349 0.789876 0 0.613267 0.730836 0 0.682553 0.722795 0 0.691063 0.66574 0 0.746184 0.657939 0 0.753071 0.587785 0 0.809017 0.595128 0 0.803631 0.519584 0 0.854419 0.512899 0 0.858449 0.439735 0 0.898128 0.433884 0 0.900969 0.351375 0 0.936235 0.356242 0 0.934394 0.269797 0 0.962917 0.266037 0 0.963963 0.181116 0 0.983462 0.178557 0 0.98393 0.0896393 0 0.995974 0.0909349 0 0.995857 -1.37186e-11 0 1 1.40125e-22 0 1 -0.0455147 0 -0.998964 -0.136167 0 -0.990686 -0.0896394 0 -0.995974 -0.178557 0 -0.98393 -0.22569 0 -0.974199 -0.266037 0 -0.963963 -0.313344 0 -0.94964 -0.398401 0 -0.917211 -0.351375 0 -0.936235 -0.433884 0 -0.900969 -0.480157 0 -0.877183 -0.512899 0 -0.858449 -0.557934 0 -0.829885 -0.631088 0 -0.775711 -0.587785 0 -0.809017 -0.657939 0 -0.753072 -0.699012 0 -0.71511 -0.722795 0 -0.691063 -0.761145 0 -0.648582 -0.81697 0 -0.576681 -0.781831 0 -0.62349 -0.834573 0 -0.550897 -0.866025 0 -0.5 -0.880595 0 -0.473869 -0.907905 0 -0.419176 -0.942261 0 -0.33488 -0.919528 0 -0.393025 -0.951056 0 -0.309017 -0.968809 0 -0.247808 -0.974928 0 -0.222521 -0.98733 0 -0.158683 -0.997669 0 -0.0682424 -0.99095 0 -0.134233 -0.998993 0 -0.0448648 -0.998993 0 0.0448649 -0.999741 0 0.0227632 -0.993529 0 0.11358 -0.99095 0 0.134233 -0.974928 0 0.222521 -0.979084 0 0.203456 -0.951056 0 0.309017 -0.956526 0 0.291646 -0.926043 0 0.377419 -0.919528 0 0.393025 -0.880595 0 0.473869 -0.887885 0 0.460065 -0.834573 0 0.550897 -0.842371 0 0.538899 -0.789876 0 0.613267 -0.781831 0 0.62349 -0.722795 0 0.691063 -0.730836 0 0.682553 -0.657939 0 0.753071 -0.66574 0 0.746184 -0.595128 0 0.803631 -0.587785 0 0.809017 -0.512899 0 0.858449 -0.519584 0 0.85442 -0.433884 0 0.900969 -0.439734 0 0.898128 -0.356241 0 0.934394 -0.351375 0 0.936235 -0.266037 0 0.963963 -0.269797 0 0.962917 -0.178557 0 0.98393 -0.181116 0 0.983462 -0.0909347 0 0.995857 -0.0896396 0 0.995974 -0.998717 -0 -0.0506491 -0.998717 0 0.0506491 -0.998716 -0 -0.0506493 0.101168 0 0.994869 8.74228e-08 0 1 8.74228e-08 0 1 -0.988468 -0 -0.151428 -0.988468 -0 -0.151428 -0.968077 -0 -0.250653 -0.968077 -0 -0.250653 -0.937752 -0 -0.347305 -0.937752 -0 -0.347305 -0.897804 -0 -0.440394 -0.897805 -0 -0.440394 -0.848644 -0 -0.528964 -0.848644 -0 -0.528964 -0.790776 -0 -0.612106 -0.790776 -0 -0.612106 -0.724793 -0 -0.688967 -0.724793 -0 -0.688967 -0.651372 -0 -0.758758 -0.651372 -0 -0.758758 -0.571268 -0 -0.820763 -0.571268 -0 -0.820763 -0.485302 -0 -0.874347 -0.485302 -0 -0.874347 -0.394356 -0 -0.918958 -0.394356 -0 -0.918958 -0.299363 -0 -0.954139 -0.299363 -0 -0.954139 -0.201299 -0 -0.97953 -0.201299 -0 -0.97953 -0.101168 -0 -0.994869 -0.101168 -0 -0.994869 1.37152e-11 0 -1 8.40523e-26 0 -1 -0.998717 0 0.0506492 -0.988468 0 0.151428 -0.988468 0 0.151428 -0.968077 0 0.250653 -0.968077 0 0.250653 -0.937752 0 0.347305 -0.937752 0 0.347305 -0.897804 0 0.440394 -0.897804 0 0.440394 -0.848644 0 0.528964 -0.848644 0 0.528964 -0.790776 0 0.612106 -0.790776 0 0.612106 -0.724793 0 0.688967 -0.724793 0 0.688967 -0.651373 0 0.758758 -0.651373 0 0.758758 -0.571268 0 0.820764 -0.571268 0 0.820763 -0.485302 0 0.874347 -0.485302 0 0.874347 -0.394356 0 0.918958 -0.394356 0 0.918958 -0.299363 0 0.954139 -0.299363 0 0.954139 -0.201298 0 0.97953 -0.201298 0 0.97953 -0.101168 0 0.994869 -0.101168 0 0.994869 0.394356 0 0.918958 0.299363 0 0.954139 0.299363 0 0.954139 0.201299 0 0.97953 0.101168 0 0.994869 0.201298 0 0.97953 0.571268 0 0.820764 0.651372 0 0.758758 0.571268 0 0.820763 0.394356 0 0.918958 0.485302 0 0.874347 0.485302 0 0.874347 0.790776 0 0.612106 0.790776 0 0.612106 0.848644 0 0.528964 0.724793 0 0.688967 0.651372 0 0.758758 0.724793 0 0.688967 0.968077 0 0.250653 0.937752 0 0.347305 0.937752 0 0.347305 0.897805 0 0.440394 0.897805 0 0.440394 0.848644 0 0.528964 0.998717 0 0.0506489 0.998717 0 -0.050649 0.998717 0 0.0506489 0.968077 0 0.250653 0.988468 0 0.151428 0.988468 0 0.151428 0.968077 0 -0.250653 0.968077 0 -0.250653 0.937752 0 -0.347305 0.988468 0 -0.151428 0.998717 0 -0.050649 0.988468 0 -0.151428 0.790776 0 -0.612106 0.848644 0 -0.528964 0.848644 0 -0.528964 0.897805 0 -0.440394 0.897805 0 -0.440394 0.937752 0 -0.347305 0.651372 0 -0.758758 0.651372 0 -0.758758 0.724793 0 -0.688967 0.790776 0 -0.612106 0.724793 0 -0.688967 0.571268 0 -0.820763 0.571268 0 -0.820763 0.485302 0 -0.874347 0.485302 0 -0.874347 0.394356 0 -0.918958 0.394356 0 -0.918958 0.299363 0 -0.954139 0.299363 0 -0.954139 0.201299 0 -0.97953 0.201299 0 -0.97953 0.101168 0 -0.994869 0.101168 0 -0.994869 0.999741 0 0.0227631 0.998993 0 -0.0448648 0.998993 0 0.0448649 -0.0455147 0 -0.998964 -8.74228e-08 0 -1 0.0455145 0 -0.998964 0.99095 0 0.134233 0.993529 0 0.11358 0.974928 0 0.222521 0.979084 0 0.203456 0.956526 0 0.291646 0.951056 0 0.309017 0.919528 0 0.393025 0.926042 0 0.377419 0.880596 0 0.473869 0.887885 0 0.460065 0.842371 0 0.538899 0.834573 0 0.550897 0.781832 0 0.62349 0.789876 0 0.613267 0.722795 0 0.691063 0.730836 0 0.682553 0.66574 0 0.746184 0.657939 0 0.753071 0.587785 0 0.809017 0.595128 0 0.803631 0.512899 0 0.858449 0.519584 0 0.854419 0.439735 0 0.898128 0.433884 0 0.900969 0.351375 0 0.936235 0.356242 0 0.934394 0.266037 0 0.963963 0.269797 0 0.962917 0.181116 0 0.983462 0.178557 0 0.98393 0.0896393 0 0.995974 0.0909349 0 0.995857 -1.37155e-11 0 1 1.17475e-23 0 1 0.997669 0 -0.0682424 0.99095 0 -0.134233 0.98733 0 -0.158683 0.968809 0 -0.247808 0.974928 0 -0.222521 0.942261 0 -0.33488 0.951057 0 -0.309017 0.919528 0 -0.393025 0.907905 0 -0.419177 0.866025 0 -0.5 0.880596 0 -0.473869 0.81697 0 -0.57668 0.834573 0 -0.550897 0.781832 0 -0.62349 0.761145 0 -0.648582 0.699012 0 -0.71511 0.722795 0 -0.691063 0.631088 0 -0.775711 0.657939 0 -0.753071 0.587785 0 -0.809017 0.557934 0 -0.829885 0.480157 0 -0.877183 0.512899 0 -0.858449 0.398401 0 -0.917211 0.433884 0 -0.900969 0.351375 0 -0.936235 0.313344 0 -0.94964 0.22569 0 -0.974199 0.266037 0 -0.963963 0.136167 0 -0.990686 0.178557 0 -0.98393 0.0896393 0 -0.995974 -0.313344 0 -0.94964 -0.266037 0 -0.963963 -0.22569 0 -0.974199 -0.136167 0 -0.990686 -0.178557 0 -0.98393 -0.0896392 0 -0.995974 -0.512899 0 -0.858449 -0.480157 0 -0.877183 -0.557934 0 -0.829885 -0.351375 0 -0.936235 -0.398401 0 -0.917211 -0.433884 0 -0.900969 -0.699012 0 -0.71511 -0.761145 0 -0.648582 -0.722795 0 -0.691063 -0.631088 0 -0.775711 -0.657939 0 -0.753072 -0.587785 0 -0.809017 -0.907905 0 -0.419176 -0.880595 0 -0.473869 -0.866025 0 -0.5 -0.834573 0 -0.550897 -0.781832 0 -0.62349 -0.81697 0 -0.57668 -0.974928 0 -0.222521 -0.968809 0 -0.247808 -0.98733 0 -0.158683 -0.919528 0 -0.393025 -0.942261 0 -0.33488 -0.951056 0 -0.309017 -0.999741 0 0.0227632 -0.993529 0 0.11358 -0.998993 0 0.0448649 -0.997669 0 -0.0682424 -0.998993 0 -0.0448648 -0.99095 0 -0.134233 -0.926043 0 0.377419 -0.951056 0 0.309017 -0.956526 0 0.291646 -0.974928 0 0.222521 -0.99095 0 0.134233 -0.979084 0 0.203456 -0.834573 0 0.550897 -0.842371 0 0.538899 -0.789876 0 0.613267 -0.919528 0 0.393025 -0.887885 0 0.460065 -0.880595 0 0.473869 -0.722795 0 0.691063 -0.66574 0 0.746184 -0.657939 0 0.753071 -0.730836 0 0.682553 -0.781831 0 0.62349 -0.587785 0 0.809017 -0.595128 0 0.803631 -0.519584 0 0.85442 -0.512899 0 0.858449 -0.439734 0 0.898128 -0.433884 0 0.900969 -0.351375 0 0.936235 -0.356241 0 0.934394 -0.269797 0 0.962917 -0.266037 0 0.963963 -0.181116 0 0.983462 -0.178557 0 0.98393 -0.0896396 0 0.995974 -0.0909347 0 0.995857 0.0896393 0 -0.995974 -8.74228e-08 0 -1 0.0455145 0 -0.998964 0.136167 0 -0.990686 0.178557 0 -0.98393 0.22569 0 -0.974199 0.266037 0 -0.963963 0.351375 0 -0.936235 0.313344 0 -0.94964 0.398401 0 -0.917211 0.433884 0 -0.900969 0.480157 0 -0.877183 0.512899 0 -0.858449 0.587785 0 -0.809017 0.557934 0 -0.829885 0.631088 0 -0.775711 0.657939 0 -0.753071 0.699012 0 -0.71511 0.722795 0 -0.691063 0.781832 0 -0.62349 0.761145 0 -0.648582 0.81697 0 -0.57668 0.834573 0 -0.550897 0.866026 0 -0.5 0.880595 0 -0.473869 0.919528 0 -0.393025 0.907905 0 -0.419176 0.942261 0 -0.33488 0.951056 0 -0.309017 0.968809 0 -0.247808 0.974928 0 -0.222521 0.99095 0 -0.134233 0.98733 0 -0.158683 0.997669 0 -0.0682424 0.998993 0 -0.0448649 0.999741 0 0.0227633 0.998993 0 0.0448648 0.99095 0 0.134233 0.993529 0 0.11358 0.979084 0 0.203456 0.974928 0 0.222521 0.956526 0 0.291646 0.951057 0 0.309017 0.919528 0 0.393025 0.926042 0 0.377419 0.887885 0 0.460065 0.880596 0 0.473869 0.842371 0 0.538899 0.834573 0 0.550897 0.781832 0 0.62349 0.789876 0 0.613267 0.730836 0 0.682553 0.722795 0 0.691063 0.66574 0 0.746184 0.657939 0 0.753071 0.587785 0 0.809017 0.595128 0 0.803631 0.519584 0 0.854419 0.512899 0 0.858449 0.439735 0 0.898128 0.433884 0 0.900969 0.351375 0 0.936235 0.356242 0 0.934394 0.269797 0 0.962917 0.266037 0 0.963963 0.181116 0 0.983462 0.178557 0 0.98393 0.0896393 0 0.995974 0.0909349 0 0.995857 -1.37186e-11 0 1 1.40125e-22 0 1 -0.0455147 0 -0.998964 -0.136167 0 -0.990686 -0.0896394 0 -0.995974 -0.178557 0 -0.98393 -0.22569 0 -0.974199 -0.266037 0 -0.963963 -0.313344 0 -0.94964 -0.398401 0 -0.917211 -0.351375 0 -0.936235 -0.433884 0 -0.900969 -0.480157 0 -0.877183 -0.512899 0 -0.858449 -0.557934 0 -0.829885 -0.631088 0 -0.775711 -0.587785 0 -0.809017 -0.657939 0 -0.753072 -0.699012 0 -0.71511 -0.722795 0 -0.691063 -0.761145 0 -0.648582 -0.81697 0 -0.576681 -0.781831 0 -0.62349 -0.834573 0 -0.550897 -0.866025 0 -0.5 -0.880595 0 -0.473869 -0.907905 0 -0.419176 -0.942261 0 -0.33488 -0.919528 0 -0.393025 -0.951056 0 -0.309017 -0.968809 0 -0.247808 -0.974928 0 -0.222521 -0.98733 0 -0.158683 -0.997669 0 -0.0682424 -0.99095 0 -0.134233 -0.998993 0 -0.0448648 -0.998993 0 0.0448649 -0.999741 0 0.0227632 -0.993529 0 0.11358 -0.99095 0 0.134233 -0.974928 0 0.222521 -0.979084 0 0.203456 -0.951056 0 0.309017 -0.956526 0 0.291646 -0.926043 0 0.377419 -0.919528 0 0.393025 -0.880595 0 0.473869 -0.887885 0 0.460065 -0.834573 0 0.550897 -0.842371 0 0.538899 -0.789876 0 0.613267 -0.781831 0 0.62349 -0.722795 0 0.691063 -0.730836 0 0.682553 -0.657939 0 0.753071 -0.66574 0 0.746184 -0.595128 0 0.803631 -0.587785 0 0.809017 -0.512899 0 0.858449 -0.519584 0 0.85442 -0.433884 0 0.900969 -0.439734 0 0.898128 -0.356241 0 0.934394 -0.351375 0 0.936235 -0.266037 0 0.963963 -0.269797 0 0.962917 -0.178557 0 0.98393 -0.181116 0 0.983462 -0.0909347 0 0.995857 -0.0896396 0 0.995974 -0.998717 -0 -0.0506491 -0.998717 0 0.0506491 -0.998716 -0 -0.0506493 0.101168 0 0.994869 8.74228e-08 0 1 8.74228e-08 0 1 -0.988468 -0 -0.151428 -0.988468 -0 -0.151428 -0.968077 -0 -0.250653 -0.968077 -0 -0.250653 -0.937752 -0 -0.347305 -0.937752 -0 -0.347305 -0.897804 -0 -0.440394 -0.897805 -0 -0.440394 -0.848644 -0 -0.528964 -0.848644 -0 -0.528964 -0.790776 -0 -0.612106 -0.790776 -0 -0.612106 -0.724793 -0 -0.688967 -0.724793 -0 -0.688967 -0.651372 -0 -0.758758 -0.651372 -0 -0.758758 -0.571268 -0 -0.820763 -0.571268 -0 -0.820763 -0.485302 -0 -0.874347 -0.485302 -0 -0.874347 -0.394356 -0 -0.918958 -0.394356 -0 -0.918958 -0.299363 -0 -0.954139 -0.299363 -0 -0.954139 -0.201299 -0 -0.97953 -0.201299 -0 -0.97953 -0.101168 -0 -0.994869 -0.101168 -0 -0.994869 1.37152e-11 0 -1 8.40523e-26 0 -1 -0.998717 0 0.0506492 -0.988468 0 0.151428 -0.988468 0 0.151428 -0.968077 0 0.250653 -0.968077 0 0.250653 -0.937752 0 0.347305 -0.937752 0 0.347305 -0.897804 0 0.440394 -0.897804 0 0.440394 -0.848644 0 0.528964 -0.848644 0 0.528964 -0.790776 0 0.612106 -0.790776 0 0.612106 -0.724793 0 0.688967 -0.724793 0 0.688967 -0.651373 0 0.758758 -0.651373 0 0.758758 -0.571268 0 0.820764 -0.571268 0 0.820763 -0.485302 0 0.874347 -0.485302 0 0.874347 -0.394356 0 0.918958 -0.394356 0 0.918958 -0.299363 0 0.954139 -0.299363 0 0.954139 -0.201298 0 0.97953 -0.201298 0 0.97953 -0.101168 0 0.994869 -0.101168 0 0.994869 0.394356 0 0.918958 0.299363 0 0.954139 0.299363 0 0.954139 0.201299 0 0.97953 0.101168 0 0.994869 0.201298 0 0.97953 0.571268 0 0.820764 0.651372 0 0.758758 0.571268 0 0.820763 0.394356 0 0.918958 0.485302 0 0.874347 0.485302 0 0.874347 0.790776 0 0.612106 0.790776 0 0.612106 0.848644 0 0.528964 0.724793 0 0.688967 0.651372 0 0.758758 0.724793 0 0.688967 0.968077 0 0.250653 0.937752 0 0.347305 0.937752 0 0.347305 0.897805 0 0.440394 0.897805 0 0.440394 0.848644 0 0.528964 0.998717 0 0.0506489 0.998717 0 -0.050649 0.998717 0 0.0506489 0.968077 0 0.250653 0.988468 0 0.151428 0.988468 0 0.151428 0.968077 0 -0.250653 0.968077 0 -0.250653 0.937752 0 -0.347305 0.988468 0 -0.151428 0.998717 0 -0.050649 0.988468 0 -0.151428 0.790776 0 -0.612106 0.848644 0 -0.528964 0.848644 0 -0.528964 0.897805 0 -0.440394 0.897805 0 -0.440394 0.937752 0 -0.347305 0.651372 0 -0.758758 0.651372 0 -0.758758 0.724793 0 -0.688967 0.790776 0 -0.612106 0.724793 0 -0.688967 0.571268 0 -0.820763 0.571268 0 -0.820763 0.485302 0 -0.874347 0.485302 0 -0.874347 0.394356 0 -0.918958 0.394356 0 -0.918958 0.299363 0 -0.954139 0.299363 0 -0.954139 0.201299 0 -0.97953 0.201299 0 -0.97953 0.101168 0 -0.994869 0.101168 0 -0.994869 0.999741 0 0.0227631 0.998993 0 -0.0448648 0.998993 0 0.0448649 -0.0455147 0 -0.998964 -8.74228e-08 0 -1 0.0455145 0 -0.998964 0.99095 0 0.134233 0.993529 0 0.11358 0.974928 0 0.222521 0.979084 0 0.203456 0.956526 0 0.291646 0.951056 0 0.309017 0.919528 0 0.393025 0.926042 0 0.377419 0.880596 0 0.473869 0.887885 0 0.460065 0.842371 0 0.538899 0.834573 0 0.550897 0.781832 0 0.62349 0.789876 0 0.613267 0.722795 0 0.691063 0.730836 0 0.682553 0.66574 0 0.746184 0.657939 0 0.753071 0.587785 0 0.809017 0.595128 0 0.803631 0.512899 0 0.858449 0.519584 0 0.854419 0.439735 0 0.898128 0.433884 0 0.900969 0.351375 0 0.936235 0.356242 0 0.934394 0.266037 0 0.963963 0.269797 0 0.962917 0.181116 0 0.983462 0.178557 0 0.98393 0.0896393 0 0.995974 0.0909349 0 0.995857 -1.37155e-11 0 1 1.17475e-23 0 1 0.997669 0 -0.0682424 0.99095 0 -0.134233 0.98733 0 -0.158683 0.968809 0 -0.247808 0.974928 0 -0.222521 0.942261 0 -0.33488 0.951057 0 -0.309017 0.919528 0 -0.393025 0.907905 0 -0.419177 0.866025 0 -0.5 0.880596 0 -0.473869 0.81697 0 -0.57668 0.834573 0 -0.550897 0.781832 0 -0.62349 0.761145 0 -0.648582 0.699012 0 -0.71511 0.722795 0 -0.691063 0.631088 0 -0.775711 0.657939 0 -0.753071 0.587785 0 -0.809017 0.557934 0 -0.829885 0.480157 0 -0.877183 0.512899 0 -0.858449 0.398401 0 -0.917211 0.433884 0 -0.900969 0.351375 0 -0.936235 0.313344 0 -0.94964 0.22569 0 -0.974199 0.266037 0 -0.963963 0.136167 0 -0.990686 0.178557 0 -0.98393 0.0896393 0 -0.995974 -0.313344 0 -0.94964 -0.266037 0 -0.963963 -0.22569 0 -0.974199 -0.136167 0 -0.990686 -0.178557 0 -0.98393 -0.0896392 0 -0.995974 -0.512899 0 -0.858449 -0.480157 0 -0.877183 -0.557934 0 -0.829885 -0.351375 0 -0.936235 -0.398401 0 -0.917211 -0.433884 0 -0.900969 -0.699012 0 -0.71511 -0.761145 0 -0.648582 -0.722795 0 -0.691063 -0.631088 0 -0.775711 -0.657939 0 -0.753072 -0.587785 0 -0.809017 -0.907905 0 -0.419176 -0.880595 0 -0.473869 -0.866025 0 -0.5 -0.834573 0 -0.550897 -0.781832 0 -0.62349 -0.81697 0 -0.57668 -0.974928 0 -0.222521 -0.968809 0 -0.247808 -0.98733 0 -0.158683 -0.919528 0 -0.393025 -0.942261 0 -0.33488 -0.951056 0 -0.309017 -0.999741 0 0.0227632 -0.993529 0 0.11358 -0.998993 0 0.0448649 -0.997669 0 -0.0682424 -0.998993 0 -0.0448648 -0.99095 0 -0.134233 -0.926043 0 0.377419 -0.951056 0 0.309017 -0.956526 0 0.291646 -0.974928 0 0.222521 -0.99095 0 0.134233 -0.979084 0 0.203456 -0.834573 0 0.550897 -0.842371 0 0.538899 -0.789876 0 0.613267 -0.919528 0 0.393025 -0.887885 0 0.460065 -0.880595 0 0.473869 -0.722795 0 0.691063 -0.66574 0 0.746184 -0.657939 0 0.753071 -0.730836 0 0.682553 -0.781831 0 0.62349 -0.587785 0 0.809017 -0.595128 0 0.803631 -0.519584 0 0.85442 -0.512899 0 0.858449 -0.439734 0 0.898128 -0.433884 0 0.900969 -0.351375 0 0.936235 -0.356241 0 0.934394 -0.269797 0 0.962917 -0.266037 0 0.963963 -0.181116 0 0.983462 -0.178557 0 0.98393 -0.0896396 0 0.995974 -0.0909347 0 0.995857 0.0896393 0 -0.995974 -8.74228e-08 0 -1 0.0455145 0 -0.998964 0.136167 0 -0.990686 0.178557 0 -0.98393 0.22569 0 -0.974199 0.266037 0 -0.963963 0.351375 0 -0.936235 0.313344 0 -0.94964 0.398401 0 -0.917211 0.433884 0 -0.900969 0.480157 0 -0.877183 0.512899 0 -0.858449 0.587785 0 -0.809017 0.557934 0 -0.829885 0.631088 0 -0.775711 0.657939 0 -0.753071 0.699012 0 -0.71511 0.722795 0 -0.691063 0.781832 0 -0.62349 0.761145 0 -0.648582 0.81697 0 -0.57668 0.834573 0 -0.550897 0.866026 0 -0.5 0.880595 0 -0.473869 0.919528 0 -0.393025 0.907905 0 -0.419176 0.942261 0 -0.33488 0.951056 0 -0.309017 0.968809 0 -0.247808 0.974928 0 -0.222521 0.99095 0 -0.134233 0.98733 0 -0.158683 0.997669 0 -0.0682424 0.998993 0 -0.0448649 0.999741 0 0.0227633 0.998993 0 0.0448648 0.99095 0 0.134233 0.993529 0 0.11358 0.979084 0 0.203456 0.974928 0 0.222521 0.956526 0 0.291646 0.951057 0 0.309017 0.919528 0 0.393025 0.926042 0 0.377419 0.887885 0 0.460065 0.880596 0 0.473869 0.842371 0 0.538899 0.834573 0 0.550897 0.781832 0 0.62349 0.789876 0 0.613267 0.730836 0 0.682553 0.722795 0 0.691063 0.66574 0 0.746184 0.657939 0 0.753071 0.587785 0 0.809017 0.595128 0 0.803631 0.519584 0 0.854419 0.512899 0 0.858449 0.439735 0 0.898128 0.433884 0 0.900969 0.351375 0 0.936235 0.356242 0 0.934394 0.269797 0 0.962917 0.266037 0 0.963963 0.181116 0 0.983462 0.178557 0 0.98393 0.0896393 0 0.995974 0.0909349 0 0.995857 -1.37186e-11 0 1 1.40125e-22 0 1 -0.0455147 0 -0.998964 -0.136167 0 -0.990686 -0.0896394 0 -0.995974 -0.178557 0 -0.98393 -0.22569 0 -0.974199 -0.266037 0 -0.963963 -0.313344 0 -0.94964 -0.398401 0 -0.917211 -0.351375 0 -0.936235 -0.433884 0 -0.900969 -0.480157 0 -0.877183 -0.512899 0 -0.858449 -0.557934 0 -0.829885 -0.631088 0 -0.775711 -0.587785 0 -0.809017 -0.657939 0 -0.753072 -0.699012 0 -0.71511 -0.722795 0 -0.691063 -0.761145 0 -0.648582 -0.81697 0 -0.576681 -0.781831 0 -0.62349 -0.834573 0 -0.550897 -0.866025 0 -0.5 -0.880595 0 -0.473869 -0.907905 0 -0.419176 -0.942261 0 -0.33488 -0.919528 0 -0.393025 -0.951056 0 -0.309017 -0.968809 0 -0.247808 -0.974928 0 -0.222521 -0.98733 0 -0.158683 -0.997669 0 -0.0682424 -0.99095 0 -0.134233 -0.998993 0 -0.0448648 -0.998993 0 0.0448649 -0.999741 0 0.0227632 -0.993529 0 0.11358 -0.99095 0 0.134233 -0.974928 0 0.222521 -0.979084 0 0.203456 -0.951056 0 0.309017 -0.956526 0 0.291646 -0.926043 0 0.377419 -0.919528 0 0.393025 -0.880595 0 0.473869 -0.887885 0 0.460065 -0.834573 0 0.550897 -0.842371 0 0.538899 -0.789876 0 0.613267 -0.781831 0 0.62349 -0.722795 0 0.691063 -0.730836 0 0.682553 -0.657939 0 0.753071 -0.66574 0 0.746184 -0.595128 0 0.803631 -0.587785 0 0.809017 -0.512899 0 0.858449 -0.519584 0 0.85442 -0.433884 0 0.900969 -0.439734 0 0.898128 -0.356241 0 0.934394 -0.351375 0 0.936235 -0.266037 0 0.963963 -0.269797 0 0.962917 -0.178557 0 0.98393 -0.181116 0 0.983462 -0.0909347 0 0.995857 -0.0896396 0 0.995974 -0.998717 -0 -0.0506491 -0.998717 0 0.0506491 -0.998716 -0 -0.0506493 0.101168 0 0.994869 8.74228e-08 0 1 8.74228e-08 0 1 -0.988468 -0 -0.151428 -0.988468 -0 -0.151428 -0.968077 -0 -0.250653 -0.968077 -0 -0.250653 -0.937752 -0 -0.347305 -0.937752 -0 -0.347305 -0.897804 -0 -0.440394 -0.897805 -0 -0.440394 -0.848644 -0 -0.528964 -0.848644 -0 -0.528964 -0.790776 -0 -0.612106 -0.790776 -0 -0.612106 -0.724793 -0 -0.688967 -0.724793 -0 -0.688967 -0.651372 -0 -0.758758 -0.651372 -0 -0.758758 -0.571268 -0 -0.820763 -0.571268 -0 -0.820763 -0.485302 -0 -0.874347 -0.485302 -0 -0.874347 -0.394356 -0 -0.918958 -0.394356 -0 -0.918958 -0.299363 -0 -0.954139 -0.299363 -0 -0.954139 -0.201299 -0 -0.97953 -0.201299 -0 -0.97953 -0.101168 -0 -0.994869 -0.101168 -0 -0.994869 1.37152e-11 0 -1 8.40523e-26 0 -1 -0.998717 0 0.0506492 -0.988468 0 0.151428 -0.988468 0 0.151428 -0.968077 0 0.250653 -0.968077 0 0.250653 -0.937752 0 0.347305 -0.937752 0 0.347305 -0.897804 0 0.440394 -0.897804 0 0.440394 -0.848644 0 0.528964 -0.848644 0 0.528964 -0.790776 0 0.612106 -0.790776 0 0.612106 -0.724793 0 0.688967 -0.724793 0 0.688967 -0.651373 0 0.758758 -0.651373 0 0.758758 -0.571268 0 0.820764 -0.571268 0 0.820763 -0.485302 0 0.874347 -0.485302 0 0.874347 -0.394356 0 0.918958 -0.394356 0 0.918958 -0.299363 0 0.954139 -0.299363 0 0.954139 -0.201298 0 0.97953 -0.201298 0 0.97953 -0.101168 0 0.994869 -0.101168 0 0.994869 0.394356 0 0.918958 0.299363 0 0.954139 0.299363 0 0.954139 0.201299 0 0.97953 0.101168 0 0.994869 0.201298 0 0.97953 0.571268 0 0.820764 0.651372 0 0.758758 0.571268 0 0.820763 0.394356 0 0.918958 0.485302 0 0.874347 0.485302 0 0.874347 0.790776 0 0.612106 0.790776 0 0.612106 0.848644 0 0.528964 0.724793 0 0.688967 0.651372 0 0.758758 0.724793 0 0.688967 0.968077 0 0.250653 0.937752 0 0.347305 0.937752 0 0.347305 0.897805 0 0.440394 0.897805 0 0.440394 0.848644 0 0.528964 0.998717 0 0.0506489 0.998717 0 -0.050649 0.998717 0 0.0506489 0.968077 0 0.250653 0.988468 0 0.151428 0.988468 0 0.151428 0.968077 0 -0.250653 0.968077 0 -0.250653 0.937752 0 -0.347305 0.988468 0 -0.151428 0.998717 0 -0.050649 0.988468 0 -0.151428 0.790776 0 -0.612106 0.848644 0 -0.528964 0.848644 0 -0.528964 0.897805 0 -0.440394 0.897805 0 -0.440394 0.937752 0 -0.347305 0.651372 0 -0.758758 0.651372 0 -0.758758 0.724793 0 -0.688967 0.790776 0 -0.612106 0.724793 0 -0.688967 0.571268 0 -0.820763 0.571268 0 -0.820763 0.485302 0 -0.874347 0.485302 0 -0.874347 0.394356 0 -0.918958 0.394356 0 -0.918958 0.299363 0 -0.954139 0.299363 0 -0.954139 0.201299 0 -0.97953 0.201299 0 -0.97953 0.101168 0 -0.994869 0.101168 0 -0.994869 0.999741 0 0.0227631 0.998993 0 -0.0448648 0.998993 0 0.0448649 -0.0455147 0 -0.998964 -8.74228e-08 0 -1 0.0455145 0 -0.998964 0.99095 0 0.134233 0.993529 0 0.11358 0.974928 0 0.222521 0.979084 0 0.203456 0.956526 0 0.291646 0.951056 0 0.309017 0.919528 0 0.393025 0.926042 0 0.377419 0.880596 0 0.473869 0.887885 0 0.460065 0.842371 0 0.538899 0.834573 0 0.550897 0.781832 0 0.62349 0.789876 0 0.613267 0.722795 0 0.691063 0.730836 0 0.682553 0.66574 0 0.746184 0.657939 0 0.753071 0.587785 0 0.809017 0.595128 0 0.803631 0.512899 0 0.858449 0.519584 0 0.854419 0.439735 0 0.898128 0.433884 0 0.900969 0.351375 0 0.936235 0.356242 0 0.934394 0.266037 0 0.963963 0.269797 0 0.962917 0.181116 0 0.983462 0.178557 0 0.98393 0.0896393 0 0.995974 0.0909349 0 0.995857 -1.37155e-11 0 1 1.17475e-23 0 1 0.997669 0 -0.0682424 0.99095 0 -0.134233 0.98733 0 -0.158683 0.968809 0 -0.247808 0.974928 0 -0.222521 0.942261 0 -0.33488 0.951057 0 -0.309017 0.919528 0 -0.393025 0.907905 0 -0.419177 0.866025 0 -0.5 0.880596 0 -0.473869 0.81697 0 -0.57668 0.834573 0 -0.550897 0.781832 0 -0.62349 0.761145 0 -0.648582 0.699012 0 -0.71511 0.722795 0 -0.691063 0.631088 0 -0.775711 0.657939 0 -0.753071 0.587785 0 -0.809017 0.557934 0 -0.829885 0.480157 0 -0.877183 0.512899 0 -0.858449 0.398401 0 -0.917211 0.433884 0 -0.900969 0.351375 0 -0.936235 0.313344 0 -0.94964 0.22569 0 -0.974199 0.266037 0 -0.963963 0.136167 0 -0.990686 0.178557 0 -0.98393 0.0896393 0 -0.995974 -0.313344 0 -0.94964 -0.266037 0 -0.963963 -0.22569 0 -0.974199 -0.136167 0 -0.990686 -0.178557 0 -0.98393 -0.0896392 0 -0.995974 -0.512899 0 -0.858449 -0.480157 0 -0.877183 -0.557934 0 -0.829885 -0.351375 0 -0.936235 -0.398401 0 -0.917211 -0.433884 0 -0.900969 -0.699012 0 -0.71511 -0.761145 0 -0.648582 -0.722795 0 -0.691063 -0.631088 0 -0.775711 -0.657939 0 -0.753072 -0.587785 0 -0.809017 -0.907905 0 -0.419176 -0.880595 0 -0.473869 -0.866025 0 -0.5 -0.834573 0 -0.550897 -0.781832 0 -0.62349 -0.81697 0 -0.57668 -0.974928 0 -0.222521 -0.968809 0 -0.247808 -0.98733 0 -0.158683 -0.919528 0 -0.393025 -0.942261 0 -0.33488 -0.951056 0 -0.309017 -0.999741 0 0.0227632 -0.993529 0 0.11358 -0.998993 0 0.0448649 -0.997669 0 -0.0682424 -0.998993 0 -0.0448648 -0.99095 0 -0.134233 -0.926043 0 0.377419 -0.951056 0 0.309017 -0.956526 0 0.291646 -0.974928 0 0.222521 -0.99095 0 0.134233 -0.979084 0 0.203456 -0.834573 0 0.550897 -0.842371 0 0.538899 -0.789876 0 0.613267 -0.919528 0 0.393025 -0.887885 0 0.460065 -0.880595 0 0.473869 -0.722795 0 0.691063 -0.66574 0 0.746184 -0.657939 0 0.753071 -0.730836 0 0.682553 -0.781831 0 0.62349 -0.587785 0 0.809017 -0.595128 0 0.803631 -0.519584 0 0.85442 -0.512899 0 0.858449 -0.439734 0 0.898128 -0.433884 0 0.900969 -0.351375 0 0.936235 -0.356241 0 0.934394 -0.269797 0 0.962917 -0.266037 0 0.963963 -0.181116 0 0.983462 -0.178557 0 0.98393 -0.0896396 0 0.995974 -0.0909347 0 0.995857</float_array>
          <technique_common>
            <accessor count="14880" source="#ID7" stride="3">
              <param name="X" type="float"/>
              <param name="Y" type="float"/>
              <param name="Z" type="float"/>
            </accessor>
          </technique_common>
        </source>
        <vertices id="ID8">
          <input semantic="POSITION" source="#ID4"/>
          <input semantic="NORMAL" source="#ID6"/>
        </vertices>
        <triangles count="3191" material="ID9">
          <input offset="0" semantic="VERTEX" source="#ID8"/>
          <p>430 431 432 433 434 435 436 437 438 438 432 431 439 438 437 437 440 439 441 430 432 431 436 438 442 441 443 432 443 441 443 444 445 445 442 443 446 444 447 444 446 445 448 446 447 448 449 450 449 448 447 451 450 452 449 452 450 452 453 454 454 451 452 453 455 454 456 457 458 459 460 461 462 463 464 465 464 466 457 462 465 464 465 462 467 457 456 465 458 457 467 468 457 460 457 469 468 469 457 459 461 470 460 469 461 471 472 459 459 470 471 473 474 472 473 472 471 455 453 474 474 453 472 475 476 477 435 478 479 480 481 482 480 483 484 485 486 487 488 486 481 489 490 491 485 487 490 488 487 486 485 490 489 483 480 482 481 486 482 476 483 477 476 484 483 433 475 434 434 475 477 474 479 478 434 478 435 474 492 455 492 474 478 493 494 495 492 496 493 497 498 499 497 495 500 501 502 503 499 504 501 501 503 499 504 499 498 502 505 503 495 494 500 497 499 495 492 493 455 496 494 493 2560 2561 2562 2563 2560 2564 2565 2566 2560 2565 2560 2562 2567 2568 2560 2567 2560 2566 2569 2560 2568 2560 2570 2571 2569 2570 2560 2571 2564 2560 2572 2564 2571 2573 2574 2575 2576 2577 2578 2578 2577 2573 2573 2575 2578 2579 2580 2581 2576 2582 2580 2582 2576 2578 2581 2580 2582 2576 2563 2564 2577 2576 2564 2583 2563 2584 2585 2586 2587 2588 2589 2590 2585 2589 2588 2588 2586 2585 2584 2590 2589 2584 2591 2592 2589 2591 2584 2584 2593 2583 2592 2593 2584 2576 2584 2563 2594 2595 2596 2594 2596 2597 2598 2594 2597 2595 2599 2563 2596 2595 2563 2563 2599 2560 2600 2601 2602 2601 2600 2603 2560 2599 2603 2599 2601 2603 2939 2940 2941 2942 2943 2944 2945 2946 2947 2941 2948 2949 2946 2950 2951 2952 2953 2954 2955 2954 2956 2954 2957 2958 2959 2960 2958 2954 2958 2952 2952 2958 2960 2953 2961 2954 2956 2954 2962 2954 2961 2962 2963 2964 2965 2966 2963 2965 2966 2941 2949 2941 2966 2965 2940 2939 2956 2941 2940 2948 2955 2939 2950 2955 2956 2939 2946 2951 2947 2950 2939 2951 2967 2968 2945 2947 2967 2945 2943 2967 2944 2967 2943 2968 2944 2969 2942 3491 3492 3493 3549 3550 3551 3550 3549 3552 3553 3554 3555 3556 3557 3558 3559 3560 3561 3562 3563 3564 3565 3566 3567 3568 3569 3570 3571 3572 3573 3572 3568 3573 3570 3573 3568 3572 3571 3574 3574 3575 3576 3575 3574 3571 3563 3562 3577 3578 3579 3575 3563 3577 3578 3578 3575 3580 3563 3578 3580 3576 3579 3581 3575 3579 3576 3565 3581 3566 3579 3566 3581 3567 3582 3565 3556 3558 3582 3582 3567 3556 3557 3559 3561 3558 3557 3561 3560 3553 3555 3560 3559 3553 3550 3552 3554 3552 3555 3554 5015 5016 5017 5016 5015 5018 5019 5020 5021 5022 5023 5024 5025 5026 5027 5028 5029 5030 5031 5032 5033 5034 5035 5036 5037 5038 5039 5038 5034 5039 5036 5039 5034 5038 5037 5040 5040 5041 5042 5041 5040 5037 5028 5030 5043 5028 5044 5041 5029 5028 5045 5042 5041 5044 5041 5045 5028 5046 5044 5032 5044 5046 5042 5031 5033 5047 5046 5032 5031 5022 5024 5047 5047 5033 5022 5023 5025 5027 5024 5023 5027 5026 5019 5021 5026 5025 5019 5016 5018 5020 5018 5021 5020 8262 8263 8264 8262 8265 8263 8396 8397 8398 8399 8400 8401 8402 8403 8404 8405 8406 8407 8408 8405 8409 8410 8411 8412 8407 8406 8410 8413 8398 8414 8414 8412 8415 8416 8417 8418 8419 8417 8397 8420 8421 8422 8423 8418 8422 8424 8425 8426 8427 8424 8426 8428 8424 8427 8429 8430 8431 8432 8431 8428 8433 8434 8435 8436 8430 8429 8437 8438 8439 8434 8433 8439 8440 8441 8442 8443 8444 8445 8446 8447 8448 8449 8450 8451 8452 8450 8453 8452 8451 8450 8452 8453 8454 8455 8456 8457 8458 8459 8460 8461 8462 8463 8464 8465 8466 8467 8468 8469 8460 8459 8470 8471 8472 8473 8474 8475 8476 8477 8478 8479 8478 8480 8481 8482 8483 8484 8485 8477 8486 8485 8484 8483 8483 8482 8487 8477 8488 8486 8477 8485 8483 8479 8478 8481 8488 8477 8479 8481 8480 8489 8490 8491 8492 8493 8494 8495 8496 8497 8498 8499 8500 8474 8501 8502 8480 8503 8504 8505 8506 8507 8508 8509 8510 8511 8512 8513 8514 8453 8515 8454 8516 8517 8518 8519 8516 8520 8521 8522 8523 8521 8524 8525 8401 8524 8521 8526 8527 8528 8521 8523 8528 8529 8530 8531 8527 8532 8531 8533 8534 8535 8536 8529 8537 8538 8539 8540 8533 8541 8542 8543 8544 8545 8546 8547 8548 8549 8550 8551 8552 8553 8554 8546 8548 8555 8555 8556 8557 8558 8557 8559 8560 8561 8562 8563 8564 8565 8566 8567 8568 8565 8569 8563 8561 8570 8571 8572 8561 8573 8574 8575 8576 8575 8577 8576 8578 8579 8580 8581 8571 8570 8582 8583 8584 8585 8586 8587 8588 8589 8590 8591 8585 8592 8592 8593 8591 8594 8595 8596 8597 8578 8580 8598 8599 8600 8601 8602 8603 8604 8605 8606 8607 8596 8608 8609 8610 8599 8608 8611 8612 8613 8614 8615 8608 8616 8617 8616 8608 8618 8617 8619 8608 8620 8621 8608 8613 8610 8622 8615 8623 8624 8608 8596 8595 8605 8578 8606 8625 8626 8627 8628 8629 8630 8631 8632 8633 8634 8635 8636 8637 8638 8639 8640 8641 8642 8643 8644 8645 8646 8645 8647 8648 8649 8650 8643 8649 8648 8651 8652 8653 8653 8648 8650 8652 8654 8655 8656 8652 8651 8657 8658 8654 8655 8654 8659 8627 8626 8660 8661 8662 8516 8663 8628 8664 8663 8629 8628 8661 8665 8666 8630 8667 8628 8668 8669 8628 8670 8627 8671 8627 8670 8672 8627 8672 8673 8674 8627 8675 8627 8673 8675 8625 8627 8676 8627 8674 8676 8644 8647 8645 8627 8677 8678 8660 8677 8627 8627 8679 8680 8678 8679 8627 8637 8646 8647 8652 8656 8654 8680 8681 8627 8681 8682 8627 8683 8684 8685 8682 8683 8627 8654 8686 8659 8631 8687 8632 8685 8684 8688 8685 8627 8683 8657 8631 8689 8685 8690 8691 8688 8690 8685 8685 8692 8693 8691 8692 8685 8516 8694 8695 8693 8696 8685 8627 8685 8608 8696 8697 8685 8685 8698 8608 8450 8699 8700 8628 8701 8664 8662 8702 8516 8519 8631 8628 8633 8689 8631 8631 8657 8654 8654 8658 8686 8650 8651 8653 8644 8643 8648 8642 8639 8638 8639 8646 8637 8634 8641 8640 8640 8642 8638 8635 8402 8636 8634 8636 8641 8703 8403 8635 8402 8635 8403 8687 8519 8704 8519 8687 8631 8667 8705 8628 8668 8628 8705 8670 8706 8707 8670 8707 8672 8701 8628 8631 8707 8628 8672 8669 8708 8628 8672 8628 8708 8709 8710 8711 8704 8519 8520 8712 8671 8713 8573 8561 8568 8714 8715 8716 8627 8715 8714 8671 8627 8713 8627 8714 8713 8671 8712 8717 8712 8718 8717 8516 8695 8665 8516 8665 8661 8719 8720 8721 8722 8723 8694 8721 8665 8719 8724 8709 8725 8726 8721 8720 8727 8728 8729 8715 8726 8720 8719 8665 8695 8730 8731 8539 8666 8732 8733 8726 8661 8733 8734 8735 8736 8661 8666 8733 8662 8737 8738 8739 8726 8733 8739 8721 8726 8715 8627 8726 8627 8727 8726 8740 8741 8742 8743 8744 8745 8746 8727 8747 8748 8749 8750 8751 8747 8752 8751 8742 8753 8747 8754 8752 8727 8627 8747 8755 8747 8627 8756 8727 8757 8727 8746 8757 8758 8759 8727 8727 8756 8728 8760 8727 8761 8727 8729 8761 8762 8727 8763 8727 8760 8763 8764 8727 8765 8727 8762 8765 8766 8727 8767 8727 8764 8767 8727 8766 8758 8727 8768 8769 8759 8768 8727 8727 8770 8771 8769 8770 8727 8727 8772 8737 8771 8772 8727 8662 8773 8774 8727 8737 8662 8775 8662 8776 8662 8738 8776 8777 8662 8778 8662 8775 8778 8779 8662 8780 8662 8777 8780 8781 8662 8782 8662 8779 8782 8783 8662 8784 8662 8781 8784 8662 8783 8773 8785 8662 8774 8786 8785 8774 8785 8745 8662 8787 8785 8786 8788 8789 8785 8788 8785 8790 8791 8792 8793 8794 8793 8792 8795 8791 8796 8791 8793 8796 8797 8791 8798 8791 8795 8798 8799 8800 8801 8797 8802 8791 8803 8742 8804 8791 8804 8742 8805 8742 8806 8742 8803 8806 8805 8807 8742 8808 8740 8742 8808 8742 8807 8785 8789 8792 8789 8809 8792 8810 8742 8741 8742 8810 8811 8811 8812 8742 8753 8742 8812 8804 8791 8802 8809 8813 8792 8794 8792 8813 8787 8814 8785 8790 8785 8814 8815 8816 8817 8818 8742 8752 8819 8820 8821 8822 8823 8824 8825 8750 8826 8827 8828 8829 8818 8830 8831 8832 8750 8833 8834 8800 8835 8836 8750 8837 8838 8839 8840 8841 8842 8822 8823 8822 8842 8843 8844 8842 8845 8846 8847 8842 8848 8849 8742 8751 8752 8848 8754 8849 8747 8755 8754 8849 8754 8755 8850 8818 8851 8818 8752 8851 8852 8818 8853 8818 8850 8853 8854 8855 8834 8818 8852 8830 8856 8750 8825 8818 8857 8858 8859 8818 8860 8818 8831 8860 8818 8859 8857 8818 8858 8861 8862 8863 8864 8861 8864 8818 8865 8866 8867 8868 8869 8870 8869 8868 8862 8871 8872 8873 8872 8871 8870 8874 8875 8876 8877 8878 8818 8870 8869 8872 8873 8879 8871 8863 8862 8868 8880 8881 8874 8863 8882 8864 8883 8884 8874 8818 8882 8877 8864 8882 8818 8874 8885 8886 8887 8745 8878 8818 8878 8745 8702 8888 8889 8890 8745 8891 8745 8887 8891 8892 8893 8894 8895 8896 8897 8898 8745 8899 8745 8890 8899 8895 8897 8900 8901 8902 8903 8904 8745 8905 8745 8898 8905 8906 8902 8907 8907 8902 8901 8744 8908 8745 8745 8904 8743 8745 8909 8702 8908 8909 8745 8909 8910 8702 8911 8912 8702 8889 8913 8702 8914 8915 8916 8917 8918 8916 8919 8920 8921 8922 8914 8920 8901 8903 8923 8924 8925 8839 8919 8921 8840 8895 8900 8926 8927 8928 8929 8929 8928 8925 8930 8931 8932 8914 8922 8915 8894 8933 8892 8933 8885 8934 8935 8936 8906 8937 8938 8923 8935 8939 8936 8902 8906 8936 8923 8903 8937 8926 8938 8937 8900 8938 8926 8893 8897 8896 8894 8893 8896 8933 8934 8892 8934 8885 8874 8874 8886 8880 8883 8874 8940 8874 8881 8940 8884 8941 8874 8941 8875 8874 8942 8876 8943 8944 8942 8943 8874 8942 8945 8942 8874 8876 8874 8946 8932 8945 8946 8874 8932 8947 8927 8823 8948 8949 8949 8837 8750 8750 8950 8951 8836 8950 8750 8951 8952 8750 8953 8954 8865 8750 8952 8867 8954 8866 8865 8955 8750 8866 8866 8750 8867 8749 8833 8750 8750 8955 8748 8826 8750 8832 8856 8828 8750 8827 8829 8820 8750 8828 8827 8819 8821 8956 8820 8829 8821 8956 8817 8816 8816 8819 8956 8815 8799 8801 8815 8817 8799 8855 8801 8800 8834 8855 8800 8957 8837 8949 8958 8959 8960 8842 8841 8843 8844 8961 8842 8848 8842 8961 8949 8962 8823 8823 8962 8824 8845 8963 8846 8963 8964 8846 8964 8948 8823 8964 8823 8846 8965 8957 8949 8948 8965 8949 8837 8966 8967 8957 8966 8837 8968 8969 8970 8837 8930 8932 8967 8930 8837 8971 8972 8973 8974 8975 8976 8927 8874 8932 8931 8947 8932 8976 8977 8978 8979 8980 8976 8874 8927 8929 8925 8924 8929 8981 8982 8979 8840 8921 8838 8839 8838 8924 8920 8919 8922 8983 8984 8985 8986 8987 8988 8917 8916 8915 8989 8990 8991 8911 8918 8917 8992 8993 8994 8994 8990 8992 8913 8911 8702 8911 8913 8918 8995 8702 8996 8996 8702 8912 8997 8998 8999 9000 9001 8702 9002 8442 8441 9003 8702 9001 9004 9001 9000 9005 9006 9001 9005 9001 9007 8992 8990 8989 9008 8994 8993 8447 9009 9010 9001 9006 9011 8960 9011 8958 9012 8493 9013 8987 9014 8988 8993 9015 9008 8986 8989 8991 8987 8986 8991 8988 9016 9017 9016 8988 9014 8979 9017 9018 9016 9018 9017 8982 9019 8979 8979 9018 8981 9019 9020 8979 9020 8980 8979 9021 8976 8975 9021 8971 9022 8973 8972 8969 9023 9024 9025 9026 9027 9023 9023 9027 9024 9024 9028 9025 8970 9026 8968 8968 9026 9023 8970 8969 8972 8973 9022 8971 9021 9022 8976 8978 8974 8976 8976 8959 8958 8980 8977 8976 8958 8979 8976 9011 9006 9029 8849 9030 8959 8849 8755 9030 8755 9031 9030 9030 8960 8959 9029 9032 9011 8958 9011 9032 9004 9033 9001 9007 9001 9033 9003 9031 9034 9035 9036 9037 9035 9037 8755 8755 9038 9039 8755 9037 9038 9038 9040 9039 9031 8755 9034 8755 9039 9034 9041 9003 9034 9042 8699 8450 8698 8520 8516 9043 9044 9045 8608 8698 8607 8516 8518 8698 9046 9047 9048 9049 9050 9051 9052 8597 8593 9053 8605 9054 9055 9056 9057 9058 9059 9060 9061 9062 9063 9064 9065 9066 9067 9068 9069 9070 8574 8576 9071 9072 9073 9074 9056 9075 9076 9077 9078 9079 9070 9080 8574 9070 9079 9081 9082 9075 9083 9080 9084 9070 9084 9080 9084 9071 9073 9073 9083 9084 9085 9073 9086 9072 9086 9073 8561 8566 8568 9087 9073 9088 9073 9085 9088 8570 8561 8572 8593 8592 9052 8605 9089 8579 9090 9091 9092 8570 9056 9055 9057 9056 9074 9069 9068 9093 9094 9068 9095 8587 8586 9081 9096 9097 9098 9093 9097 9069 8587 9081 9075 9099 9089 8605 9100 9101 9102 9102 9096 9098 9097 9093 9098 9098 9100 9102 8605 9103 9104 8605 9105 9106 9094 9095 9091 9068 9067 9095 9107 9091 9090 9107 9094 9091 9091 9087 9108 9091 9108 9092 9109 9073 9091 9091 9073 9087 9063 9109 9091 8607 8518 8709 9053 9110 9061 8605 9053 9111 9061 9111 9053 8605 9111 9105 8605 9106 9103 8605 9104 9099 9112 8564 8539 9112 8539 9113 8539 8564 8563 8538 9114 9113 9115 8547 9114 8560 9116 8561 8551 9117 8736 9118 8552 9119 9120 9119 9121 8561 9122 9123 8561 9116 9122 8561 9124 9125 9123 9124 8561 9126 8561 9127 9059 9128 9129 9130 9126 9131 9132 9133 9134 9125 9127 8561 9131 9126 9127 9132 9134 9135 9136 9109 9137 9138 9063 9062 8546 9114 8547 8562 8561 8571 9139 9140 9141 9142 9143 8566 8566 9143 8563 9140 8735 9144 9145 9146 9147 9148 9149 9150 9151 9132 9152 9148 9150 9153 9151 9148 9153 9152 9154 9155 9151 9153 9156 9157 9158 9159 9151 9156 9157 9160 9161 9162 9163 9164 9165 9166 9167 9168 9169 9164 9163 9167 9163 9165 9169 9170 9164 9168 9167 9165 9171 9167 9166 9169 9145 9170 9147 9170 9145 9145 9172 9146 9145 9173 9174 9174 9172 9145 9175 9176 9173 9173 9176 9174 9177 9173 9178 9177 9175 9173 9179 9180 9181 9173 9182 9183 9178 9173 9183 9182 9184 9185 9184 9182 9173 9186 9187 9188 9185 9184 9189 9180 9190 9187 9184 9191 9189 9192 9191 9193 9184 9193 9191 8545 9194 9187 9195 9196 9197 9198 9193 9199 9198 9192 9193 9200 9201 9202 9203 9151 9204 9205 9199 9193 8543 9187 9206 9207 9208 9201 9201 9208 9202 9193 9209 9205 9161 9160 9193 9209 9193 9160 9200 9210 9211 9212 9213 9214 9158 9157 9162 9160 9162 9157 9215 9216 9217 9159 9218 9157 9219 9220 9221 9157 9204 9151 9218 9204 9157 9151 9203 8539 9222 8539 9223 8539 9203 9223 8730 8539 9224 8539 9222 9224 8731 8540 8539 9225 9226 9227 8544 8558 8545 9197 8400 8399 9228 9229 9226 9230 9231 9206 9206 9231 9232 9233 9214 9234 9197 9196 9235 9236 9237 9238 9239 9240 9241 9195 9197 8399 9241 9242 9239 9197 9235 9230 9243 9244 9240 9187 9245 9246 9194 9245 9187 9246 9188 9187 9179 9247 9180 9239 9248 9181 9211 9237 9236 9200 9249 9210 9236 9238 9250 9251 9212 9252 9252 9250 9251 9233 9253 9254 9255 9216 9254 9234 9253 9233 9215 9256 9257 9258 9216 9255 9259 9257 9260 9257 9256 9261 9219 9262 9263 9259 9264 9262 9263 9265 9219 9219 9265 9220 9259 9260 9264 9264 9263 9262 9260 9257 9261 9217 9256 9215 9217 9216 9258 9254 9253 9255 9234 9214 9213 9212 9214 9252 9250 9238 9251 9237 9211 9210 9200 9202 9249 9244 9207 9201 9240 9244 9201 9243 9240 9239 9242 9248 9239 9239 9181 9180 9266 9267 9268 9269 9270 9180 9180 9247 9269 9271 9180 9270 9272 9271 9270 9273 9271 9272 9271 9274 9275 9276 9277 9278 9275 9279 9271 9280 9281 9271 9280 9271 9279 9282 9283 9284 9285 8984 9286 9287 8984 9285 9288 9149 9148 9206 9289 9290 9291 9292 9293 9294 9295 9296 8984 9287 9297 9298 9289 9299 9273 9274 9271 9300 9288 9148 9301 9302 9045 9045 9303 9304 9190 9180 9271 9232 9305 9206 9186 9180 9187 9206 9187 9299 9206 9299 9289 9290 9306 9307 9308 9309 9310 9311 9312 8709 9313 9314 9315 9316 9317 9318 8717 8516 8519 8516 8717 8718 8698 8518 8607 8607 8709 9110 9286 8984 9058 9319 9320 9321 9322 9323 9045 9045 9304 9043 9324 9276 9325 9326 9327 9325 9313 9328 9329 8985 8984 9330 9331 9315 9314 9313 9329 9314 9332 9333 9334 9321 9335 9336 9321 9337 9335 9061 9338 9339 9319 9321 9336 9340 9341 9342 9110 9343 9338 9321 9320 9344 9344 9320 9064 8711 9345 9346 9066 9347 9348 9066 9065 9347 9348 9349 9066 8711 9350 9066 8711 9349 9345 9066 9349 8711 8711 9351 9352 9346 9351 8711 9353 9311 8709 9352 9354 8711 8711 9353 8709 9354 9353 8711 8725 8709 9312 9343 9110 8724 9110 8709 8724 9061 9110 9338 9062 9061 9339 9355 9063 9138 9356 9357 9063 9356 9063 9355 9109 9357 9358 9357 9109 9063 9358 9137 9109 9131 9136 9359 9136 9131 9109 9131 9360 9130 9359 9360 9131 9130 9361 9126 9362 9363 9059 9361 9362 9126 9059 9129 9364 9059 9126 9362 9135 9059 9152 9059 9364 9365 9135 9152 9132 9060 9059 9365 9058 8984 9059 9044 9300 9045 9148 9366 9367 8984 9297 9330 9368 9369 9331 9370 8984 9371 9126 9059 9135 9128 9059 9363 9372 9373 9374 9375 9370 9376 9377 9378 9379 9380 9381 9382 9371 9383 9370 9384 9385 9152 9386 9371 9387 9388 9387 9371 9389 9390 9371 9371 9391 9389 9392 9370 9382 9371 9393 9383 9394 9370 9395 9370 9392 9395 9370 9396 9376 9370 9394 9396 9152 9370 9397 9375 9397 9370 9398 9152 9399 9152 9397 9399 9400 9152 9401 9152 9398 9401 9384 9152 9155 9152 9400 9154 9148 9152 9385 9148 9385 9402 9403 9148 9402 9148 9045 9300 9148 9151 9152 9366 9148 9403 9276 9278 9325 9404 9405 9374 9406 9374 9407 9373 9407 9374 9406 9408 9409 9406 9407 9408 9410 9411 9294 9412 9325 9413 9414 9415 9412 9416 9417 9418 9293 9419 9277 9418 9420 9421 9422 9423 9424 9421 9425 9422 9426 9427 9428 9425 9429 9422 9422 9429 9423 9430 9431 9432 9433 9434 9435 9420 9418 9417 9421 9420 9425 9436 9437 9438 9439 9440 9441 9417 9416 9291 9442 9443 9444 9292 9291 9416 9445 9446 9447 9295 9448 9449 9292 9419 9293 9450 9451 9452 9294 9411 9453 9277 9419 9278 9267 9295 9454 9325 9278 9413 9412 9413 9414 9295 9449 9455 9324 9325 9456 9457 9412 9458 9456 9325 9459 9460 9295 9294 9271 9461 9462 9463 9464 9325 9457 9465 9412 9466 9322 9045 9412 9465 9467 9467 9468 9412 9327 9463 9325 9271 9469 9294 9470 9412 9468 9462 9471 9271 9412 9472 9473 9470 9472 9412 9303 9302 9281 9326 9325 9474 9412 9473 9475 9323 9301 9045 9325 9409 9476 9476 9474 9325 9045 9477 9478 9415 9479 9412 9412 9479 9458 9464 9459 9325 9409 9480 9406 9476 9409 9408 9406 9480 9045 9045 9480 9477 9045 9478 9466 9045 9302 9303 9271 9281 9461 9302 9461 9281 9471 9469 9271 9294 9469 9410 9453 9481 9294 9481 9460 9294 9295 9460 9448 9455 9454 9295 9267 9454 9482 9308 9310 9483 9484 9443 9485 9486 9487 9488 9489 9490 9491 9492 9493 9494 9495 9435 9334 9496 9497 9435 9498 9426 9499 9499 9500 9501 9502 9503 9504 9426 9505 9427 9506 9507 9508 9509 9510 9435 8998 9511 9512 9513 9514 9515 9405 9372 9374 9516 9517 9374 9518 9519 9520 8983 9328 9313 9321 9369 9368 9369 9315 9331 8702 8662 8745 8465 9521 9522 9344 9064 9066 9337 9321 9368 9371 8984 9313 8983 9313 8984 9380 9370 9383 9523 9524 9525 9526 9527 9528 9527 9529 9528 9530 9531 9532 9531 9533 9532 9530 9534 9531 9535 9536 9537 9538 9539 9540 9541 9542 9543 9540 9542 9538 9542 9540 9544 9542 9541 9538 9545 9537 9544 9542 9544 9537 9546 9537 9547 9537 9545 9547 9537 9546 9535 9548 9371 9536 9537 9536 9371 9390 9393 9371 9388 9371 9549 9371 9548 9549 9386 9391 9371 9381 9380 9550 9370 9380 9382 9550 9379 9378 9378 9381 9550 9379 9551 9377 9552 9551 9553 9379 9553 9551 9518 9520 9552 9552 9553 9518 9554 9519 9518 9555 9554 9556 9554 9555 9519 9406 9555 9557 9556 9557 9555 9374 9406 9558 9406 9557 9558 9435 9510 9496 9559 9560 9561 9503 9562 9504 9504 9562 9563 9525 8463 9523 9560 9503 9561 9564 8998 9565 9566 8998 9567 9568 9569 9570 8998 9564 9568 9571 9374 9572 9573 9574 9575 9505 9426 9498 9499 9501 9498 9576 9500 9430 9576 9501 9500 9576 9430 9577 9431 9430 9497 9430 9432 9577 9435 9434 9509 9497 9430 9435 9435 9495 9433 9578 9579 9580 9334 9333 9495 9581 9334 9582 9581 9332 9334 9583 9515 9514 9584 9585 9404 9506 9508 9586 9513 9587 9514 9588 9589 9590 9506 9588 9507 9591 9592 9593 9589 9594 9595 9596 9597 9284 9598 9599 9600 9601 9594 9598 9596 9602 9597 9603 9604 9605 9606 9582 9607 9606 9581 9582 9507 9588 9590 9404 9374 9608 9582 9609 9610 9607 9582 9610 9587 9513 9586 9571 9608 9374 9493 9583 9494 9582 9611 9609 9575 9574 9582 9611 9582 9574 9585 9584 9492 9612 9613 9614 9569 9568 9573 9574 9573 9568 9615 9616 9617 9570 9618 9568 9619 9620 9621 9568 9511 8998 9618 9511 9568 9374 9517 9572 8998 9512 9374 9622 9374 9623 9374 9512 9623 9374 9622 9516 9608 9584 9404 9605 9624 9625 9492 9494 9585 9603 9626 9604 9493 9515 9583 9626 9603 9627 9628 9629 9630 9631 9617 9632 9587 9586 9508 9633 9612 9634 9635 9636 9592 9590 9589 9595 9637 9638 9639 9601 9598 9600 9595 9594 9601 9592 9636 9640 9641 9283 9282 9642 9643 9644 9282 9645 9646 9647 9635 9648 9649 9650 9651 9652 9653 9654 9655 9656 9657 9658 9659 9660 9661 9662 9663 9625 9638 9637 9605 9664 9624 9637 9639 9665 9634 9665 9633 9614 9666 9667 9667 9668 9632 9666 9668 9667 9616 9669 9629 9670 9617 9631 9629 9669 9671 9621 9672 9673 9628 9674 9672 9673 9675 9621 9621 9675 9619 9628 9630 9674 9674 9673 9672 9630 9629 9671 9615 9669 9616 9615 9617 9670 9632 9668 9631 9666 9614 9613 9612 9614 9634 9665 9639 9633 9638 9625 9624 9605 9604 9664 9647 9627 9603 9635 9647 9603 9648 9635 9592 9640 9593 9592 9676 9677 9678 9678 9645 9591 9679 9680 9681 9682 9683 9677 9684 9685 9686 9687 9688 9689 9690 9691 9689 9692 9693 9694 9690 9695 9696 9697 9698 9699 9697 9699 9700 9701 9702 9703 9704 9703 9705 9706 9559 9707 9523 9708 9524 9709 9537 9710 8458 8457 8459 9709 9542 9537 9344 9066 9711 9036 8702 9041 9710 9344 9709 9708 9559 9706 9712 9713 9714 9715 9716 9714 9717 9718 9716 9717 9716 9719 9720 9716 9721 9721 9716 9718 9542 9721 9722 9721 9718 9722 9539 9723 9724 9725 9726 9727 9728 9729 9533 9729 9532 9533 9730 9528 9529 9529 9729 9730 9731 9526 8462 8461 8463 9525 9708 9706 9524 9559 9561 9707 9732 9733 9734 9562 9503 9560 9735 9736 9737 9703 9702 9705 9738 9699 9739 9738 9700 9699 9740 9741 9698 9698 9742 9743 9744 9745 9746 9747 9748 9742 9736 9735 9701 8998 9749 9567 9749 8998 8997 9750 9751 9752 9753 9750 9754 9755 9756 9757 9758 9759 8999 9753 9754 9760 9761 9762 9760 9763 9764 9765 9766 9762 9767 9527 9526 9731 9731 8462 8461 9768 9766 9769 9728 9730 9729 9770 8999 9759 9771 9772 9768 9530 9773 9534 9758 9752 9751 9774 9772 9775 9773 9776 9777 9777 9534 9773 9724 9778 9779 9761 9767 9762 9780 9777 9776 9781 9780 9782 9780 9781 9777 9769 9766 9767 9768 9769 9771 9783 9784 9782 9781 9782 9784 9771 9775 9772 9783 9725 9785 9785 9784 9783 9778 9724 9723 9726 9786 9727 9725 9727 9785 9722 9786 9726 9722 9726 9543 9722 9543 9542 9723 9539 9538 9774 9779 9778 9774 9775 9779 9762 9753 9760 9750 9752 9754 9751 9759 9758 9770 8997 8999 9787 9788 9789 9790 9692 9694 9791 9792 9793 9740 9698 9697 9793 9792 9789 9794 9795 9796 9689 9797 9694 9798 9698 9799 9800 9801 9802 9732 9734 9801 9803 9804 8514 8514 9804 9805 9806 9807 9808 9807 9809 9808 9732 9810 9811 9812 9810 9732 8467 8469 9813 8467 9814 8468 8467 9712 9714 9689 9815 9816 9817 9698 9743 9818 9819 9820 9821 9807 9822 9823 9812 9732 9732 9801 9823 9698 9798 9824 9732 9825 9826 9817 9827 9698 9799 9698 9827 9828 9578 9580 9787 9829 9788 9792 9787 9789 9693 9788 9829 9830 9792 9791 9829 9694 9693 9831 9790 9694 9797 9689 9816 9831 9694 9797 9688 9815 9689 9689 9691 9687 9832 9833 9834 9689 9695 9690 9835 9695 9836 9835 9696 9695 9837 9838 9757 9836 9695 9738 9580 9839 9828 9840 9841 9839 9746 9745 9842 9843 9844 9845 9744 9746 9845 9846 9847 9843 9848 9849 9850 9851 9341 9852 9853 9851 9852 9853 9847 9854 9853 9854 9851 9855 9856 9857 9858 9738 9859 9858 9836 9738 9860 9861 9849 9756 9755 9862 9738 9863 9864 9859 9738 9864 9579 9578 9842 9862 9755 9565 9862 8998 9865 9738 9739 9863 9742 9741 9747 9742 9698 9741 9866 9865 8998 9736 9748 9737 9747 9737 9748 9867 9868 9869 9566 9866 8998 9870 9871 9872 9873 9866 9566 9701 9735 9702 9765 9704 9705 9873 9763 9765 9764 9704 9765 9873 9566 9763 8998 9862 9565 9874 9875 9876 9837 9841 9838 9756 9837 9757 9877 9855 9878 9840 9839 9580 9838 9841 9840 9857 9856 9879 9880 9881 9882 9883 9879 9856 9884 9885 9867 9579 9842 9745 9886 9887 9876 9744 9845 9844 9888 9889 9890 9847 9846 9854 9843 9845 9846 9861 9891 9849 9342 9341 9892 9650 9342 9892 9893 9894 9860 9895 9896 9897 9898 9650 9649 9899 9900 9901 9902 9903 9904 9905 9906 9907 9877 9889 9888 9855 9908 9878 9888 9890 9909 9886 9909 9887 9875 9910 9911 9911 9912 9884 9910 9912 9911 9869 9913 9882 9914 9867 9885 9882 9913 9915 9872 9916 9917 9881 9918 9916 9917 9919 9872 9872 9919 9870 9881 9880 9918 9918 9917 9916 9880 9882 9915 9868 9913 9869 9868 9867 9914 9884 9912 9885 9910 9875 9874 9876 9875 9886 9909 9890 9887 9889 9877 9878 9855 9857 9908 9894 9883 9856 9860 9894 9856 9893 9860 9849 9891 9850 9849 9920 9848 9921 9920 9922 9848 9923 9924 9925 9926 9927 9928 9929 9930 9931 9932 9933 9437 9934 9935 9936 9937 9938 9939 9940 9941 9942 9943 9944 9942 9945 9946 9947 9948 9941 9949 8514 9950 8512 9951 9947 9952 9953 9809 9807 8470 8510 9954 9711 9955 9956 9957 8515 8453 9711 9709 9344 8449 9958 8450 9959 9317 9960 9961 8450 9958 9962 9963 9964 9964 9965 9966 9967 8437 9963 9035 9968 9969 9035 9970 9971 9972 9968 9035 9035 9973 9711 9711 9973 9974 9974 9975 9711 9036 9035 9711 9976 9711 9975 8702 9003 9041 9977 9711 9976 8702 9978 9000 9711 9977 9979 9711 9980 9981 9979 9980 9711 9981 9955 9711 9982 9983 9711 9982 9711 9956 9522 9711 8465 8465 9711 9983 9984 8465 9985 8465 9983 9985 9986 8465 9987 8465 9984 9987 8466 8465 9988 8465 9986 9988 8464 9989 8465 9720 9721 9989 8465 9989 9721 9814 9732 9811 9939 9938 9943 9814 8467 9732 9819 9990 9991 9991 8506 9992 8506 9990 9993 9994 9715 9714 8507 9720 9995 8504 9996 9997 8453 9995 9998 9719 9716 9715 8507 9716 9720 9994 9714 9713 9714 9999 8467 9712 8467 9813 9951 9952 9806 9818 9820 10000 10001 10002 9818 9819 9818 10002 10002 10003 10004 10002 10001 10003 9948 9949 9946 9807 9952 9950 10005 10006 10007 10008 10009 10010 9938 9944 9943 9938 9937 10011 9944 9940 9942 9940 9949 9941 10012 9834 10013 10014 10015 10005 10016 10017 10018 10013 10017 10019 10020 10021 9934 9934 10021 10022 10023 9935 10024 10024 10025 10023 10026 10027 10028 10029 10030 10031 10032 10030 10033 10031 10034 10035 10022 10036 10018 9947 9951 9945 9946 9945 9948 10025 10024 10032 10037 9833 10038 9935 10023 9936 9807 9950 8514 10020 9934 9936 9806 9952 9807 10037 10039 10040 10021 10036 10022 10036 10016 10018 10041 10040 10042 8514 10043 9803 10044 10041 9698 10045 9698 9824 10046 9807 10047 9832 9834 10012 9805 10048 8514 9821 10047 9807 9833 9832 10038 10038 10039 10037 10049 8514 10048 10042 10040 10039 10040 10041 10044 8514 10050 10051 10049 10050 8514 9698 10045 10044 9802 9824 9800 9822 9807 10052 8514 10051 10053 9733 9732 9826 9807 10004 10054 10054 10052 9807 9732 10055 10056 8513 10057 8514 8514 10057 10043 10046 9953 9807 10004 10058 10002 10054 10004 10003 10002 10058 9732 9732 10058 10055 9732 10056 9825 9823 9801 9800 10045 9824 9802 10013 10019 10012 10017 10016 10019 10059 10060 10061 10062 10063 10059 10064 10065 10061 10066 10067 10068 10069 10070 10071 10072 10073 10074 10075 10076 10077 10078 10079 10080 10081 10082 10083 10084 10085 10086 10087 10006 10005 10088 10089 10090 10007 10091 10005 10092 10093 10005 10094 9820 10095 10095 9820 10093 10096 9820 10097 9820 10094 10097 9995 8508 8507 8500 9997 9996 8506 8508 9992 8505 8509 10098 8450 9961 10099 10100 9965 9316 10101 9042 8450 10102 8436 8433 8443 8441 8440 8427 8432 8428 10101 8450 10099 9957 8453 9998 8453 10103 8508 9995 8453 8508 9990 9819 10002 8475 8502 8501 10104 9012 10105 9992 10106 10107 9992 10107 9991 8506 9991 9990 10091 10108 10005 10092 10005 10108 10109 10110 10111 8473 10085 8471 10093 9820 10005 8491 8473 8472 10112 8496 10113 10114 10115 10107 9819 10113 8496 10000 9820 10096 9820 9819 8496 9290 10116 9306 10117 10118 9206 9900 10119 10120 10120 10119 10121 10122 10123 10124 10125 10126 10127 10128 9661 9657 10129 10130 10131 10132 10133 9442 10133 10134 10130 10135 10136 10137 10135 9491 10138 10139 10140 10141 10142 10141 10143 9642 10144 10145 10146 10147 10148 10146 10149 10150 10151 9644 9643 10152 10153 10154 10152 10154 10155 10156 10149 9439 9309 10157 10158 9441 9440 10158 10157 9309 9308 10159 10160 9290 9450 9483 10161 10161 9483 9310 9451 9450 10161 9451 9447 9452 10162 9290 10163 10164 9267 10165 9267 10154 10165 9268 9267 10166 9267 10164 10166 9266 10167 9267 10168 10163 10167 9267 10167 10163 10163 10168 10162 9290 10162 10159 9290 10160 10116 9307 10169 9290 9206 9290 10170 10169 10170 9290 10171 9206 10172 9206 10170 10172 10173 9206 10174 9206 10171 10174 10175 9206 10176 9206 10173 10176 9206 10175 10117 9901 9206 10177 10118 10177 9206 10178 9901 10179 9901 10177 10179 10180 9901 10181 9901 10178 10181 10182 9901 10183 9901 10180 10183 10184 9901 10185 9901 10182 10185 10186 9901 10187 9901 10184 10187 10188 9901 10189 9901 10186 10189 10190 9901 10191 9901 10188 10191 10192 9901 10193 9901 10190 10193 9899 9901 10194 9901 10192 10194 10195 10196 10197 10198 9655 10197 10122 9901 10123 10199 10200 10201 10202 10203 10204 9901 10122 10109 10205 10206 10207 10208 10209 10210 10211 10212 9905 10209 10213 9904 10214 10215 10216 10217 10210 10215 9485 9490 9489 9895 10218 10219 10220 10218 9658 10138 9491 9490 10221 10222 10223 9897 9896 10223 10135 10138 10136 10148 10224 10225 10226 10227 10228 10143 10137 10142 10229 10230 10231 10232 10233 10234 10141 10140 10143 10235 10236 10237 10238 10239 10240 10139 10145 10144 10225 9600 10241 9487 10151 9488 9602 10242 9597 10242 10243 9599 9486 9488 10153 9284 9283 9596 10241 9600 9599 9602 10243 10242 10225 10224 9600 10148 10147 10224 10146 10150 10147 10149 10156 10150 9439 9441 10156 10155 9267 10244 9309 10158 9440 10244 9267 9445 9446 9445 9482 9447 9446 9452 9267 9482 9445 9267 10155 10154 10152 9486 10153 9487 9644 10151 9643 9642 10145 10139 10144 10140 10136 10142 10137 9444 9443 9484 9484 9485 9489 10132 9442 9444 10134 10133 10132 10131 10130 10134 9663 10129 10131 9661 10128 9662 9663 9662 10129 9657 9656 10128 9655 10198 9656 10197 10196 10198 10195 10127 10196 10125 10121 10126 10195 10125 10127 10120 9901 9900 10126 10121 10119 10123 9901 10120 10207 10245 10246 10247 9906 10246 10122 10248 10109 10122 10249 10248 10250 10251 10252 10253 10254 10255 10250 10256 10257 10258 10259 10260 10261 10262 10260 10263 10258 9933 10264 10074 10068 10265 10226 10266 9660 9659 10216 10267 10268 10269 10270 10228 10271 10220 9658 9660 10268 10272 10273 10274 10275 10089 10218 10220 10219 10276 10277 10278 10279 10280 10281 9852 9341 9340 10282 10283 10284 10029 10031 10035 9897 10223 10222 10285 10286 10287 10288 10289 10290 10234 10221 10232 10233 10230 10229 9649 9922 10291 10239 10292 10293 9649 10294 9898 9654 9653 10231 9892 9651 9650 9652 9654 10236 10295 10296 10240 10238 10240 10296 10295 9684 9686 9686 10296 10295 9592 9591 9645 9680 9685 9684 9681 9682 9679 9680 9679 9685 9683 9678 9677 9681 9683 9682 9678 9591 9676 10235 10237 10297 9592 9645 9282 10297 10241 10243 10243 10241 9599 9282 9646 9641 10241 10297 10237 10235 9652 10236 9653 10229 10231 10230 10233 10232 10221 10234 10222 10219 9896 9895 10217 10215 10214 10214 10216 9659 10208 10210 10217 10213 10209 10208 9902 9904 10213 10212 9903 9902 9905 9907 10211 10212 10211 9903 9906 10247 9907 10246 10245 10247 10207 10206 10245 10205 10199 10206 10200 10202 10201 10205 10200 10199 10204 10203 10124 10201 10202 10204 10122 10124 10203 10257 10298 10299 10300 10009 10299 10301 10302 10303 10248 10304 10305 10306 10307 10308 10309 10310 10311 10312 10313 10314 10306 10315 10313 10316 10317 10318 10109 10248 10305 10318 10073 10319 10088 10320 10321 10265 10266 9438 10322 10323 10324 10227 10226 10265 10325 10326 10327 10328 10279 10329 10228 10227 10271 10034 10062 10035 10330 10326 10331 10332 10333 10334 10269 10270 10267 10335 10336 10337 10338 10339 10340 10269 10268 10273 10336 10335 9795 10331 10065 10341 10277 10272 10278 10342 10341 10065 10282 10276 10283 10059 10063 10060 10034 10063 10062 10285 10287 10284 10029 10033 10030 10285 10293 10286 10288 10335 10289 10343 9931 10290 10290 10289 10343 9922 9849 9848 9924 9930 9929 9929 9931 10343 9925 9926 9923 9924 9923 9930 9927 9920 9928 9925 9927 9926 9928 9920 9921 10292 10239 10344 9849 9922 9649 10238 9852 10344 10344 9852 9340 9649 10291 10294 10238 10344 10239 10292 10286 10293 10287 10282 10284 10283 10276 10278 10272 10277 10273 10271 10267 10270 9932 9437 9436 9436 9438 10266 10263 9933 9932 10259 10258 10263 10261 10260 10259 10008 10262 10261 10009 10300 10010 10008 10010 10262 10299 10298 10300 10257 10256 10298 10250 10252 10256 10251 10255 10252 10253 10069 10254 10251 10253 10255 10071 10070 10249 10254 10069 10071 10248 10249 10070 10312 10345 10346 10347 10348 10346 10349 10350 10351 10109 10305 10352 10353 10354 10355 10356 10357 10358 10359 10360 10361 10353 10362 10360 10359 10363 10323 10325 10364 10365 10366 10367 10368 10366 10369 10370 10352 10350 10349 10371 10372 10367 10066 10275 10274 10373 10374 10375 10376 10377 10375 10090 10089 10275 10320 10088 10090 10378 10379 10365 10380 10381 10374 10382 10077 10383 10280 10321 10281 10328 10280 10279 10014 10005 10384 10385 10386 10387 10329 10333 10332 10388 10081 10083 10389 10390 10391 10334 10026 10028 10392 10393 10085 10391 10082 10389 8473 10394 10395 10027 10340 10339 10337 10338 10340 10085 10396 10005 10379 10378 10397 10398 10087 10399 10365 10364 10378 10325 10327 10364 10326 10330 10327 10331 10341 10330 10065 10064 10342 10288 9796 9795 10061 10060 10064 9794 9796 10025 10025 10032 10033 10025 10033 9794 10288 9795 10335 10336 10338 10337 10339 10028 10027 10026 10334 10333 10329 10332 10328 10320 10281 10321 10264 10068 10067 10067 10066 10274 10072 10074 10264 10319 10073 10072 10316 10318 10319 10348 10317 10316 10346 10345 10347 10348 10347 10317 10312 10314 10345 10313 10315 10314 10306 10308 10315 10307 10311 10308 10309 10302 10310 10307 10309 10311 10301 10303 10304 10310 10302 10301 10305 10304 10303 10371 10400 10401 10402 10403 10400 10404 10109 10405 10109 10406 10405 10407 10109 10408 10109 10404 10408 10409 10109 10410 10109 10407 10410 10411 10109 10412 10109 10409 10412 10413 10414 10109 10109 10411 10110 10402 10377 10376 10415 10109 10416 10109 10111 10416 10377 10373 10375 10417 10109 10418 10109 10415 10418 10380 10374 10373 10109 10419 10413 10109 10417 10419 10075 10381 10076 8473 10109 10420 10414 10420 10109 10075 10077 10382 10421 8473 10422 8473 10420 10422 10383 10386 10385 8473 10421 10394 10387 10080 10079 8473 10423 10424 10395 10423 8473 10390 10078 10391 10425 10426 10388 10427 10085 10424 8473 10424 10085 10426 10425 10379 10398 10379 10397 10085 10427 10086 10087 10398 10397 10428 10085 10429 10085 10084 10429 10085 10428 10392 10085 10430 10431 10393 10430 10085 10399 10005 10432 10431 10396 10085 10015 10432 10005 10005 10396 10384 10087 10005 10399 10379 10398 10426 10425 10388 10083 10081 10389 10082 10390 10079 10078 10080 10387 10386 10383 10385 10382 10380 10076 10381 10401 10400 10403 10403 10402 10376 10372 10371 10401 10368 10367 10372 10369 10366 10368 10322 10370 10369 10323 10363 10324 10322 10324 10370 10359 10361 10363 10360 10362 10361 10353 10355 10362 10354 10358 10355 10356 10351 10357 10354 10356 10358 10352 10349 10109 10357 10351 10350 10406 10109 10349 10106 10433 10434 8502 8489 8480 8493 9012 10104 8475 8501 8476 8474 8476 8499 8500 8499 9997 9996 8504 8503 8503 8505 10098 10098 8509 8511 8511 8510 8470 9954 8460 8470 10435 10436 10437 8455 9010 8456 8458 8455 8457 9009 8447 8446 8456 9010 9009 8446 8448 9002 9012 10438 10439 10437 10440 10441 9002 8448 8442 8443 8440 8444 10436 10438 10437 8443 8445 9960 10437 10442 10435 9317 9959 9318 9960 8445 9959 9316 9318 10100 10443 10437 10441 9965 10100 9966 9964 9966 9962 9963 9962 9967 10444 10440 8450 8437 9967 8438 10445 10446 8450 8439 8438 8434 10102 8433 8435 8700 10447 10445 10102 8430 8436 10447 10448 10449 8432 8429 8431 10450 10451 10452 8396 8398 8413 8425 8420 8426 8421 8423 8422 8425 8421 8420 8423 8416 8418 8417 8419 8418 8396 8419 8397 8411 8415 8412 8413 8414 8415 8406 8405 8408 8410 8412 8407 10453 8405 10452 10453 8409 8405 10451 10454 10452 10453 10452 10454 10455 10452 10456 10452 10455 10450 10455 10457 10458 10456 10457 10455 9035 10455 10459 10458 10459 10455 10460 9035 10461 9035 10459 10461 10462 9035 10463 9972 9035 10464 9035 10460 10464 9035 9969 10463 9971 10448 9035 9035 10462 9970 10447 9973 10448 9035 10448 9973 10447 10449 10445 10445 8450 8700 10446 10444 8450 8450 10440 10437 10443 10442 10437 10438 9012 10437 10439 10105 9012 8493 10465 8494 10104 10465 8493 10466 8493 8495 10106 10466 10433 10466 10106 8493 10434 10107 10106 10115 10113 10107 10434 10114 10107 10113 10467 10112 10115 10467 10113 10112 8497 8496 8498 8491 8496 8490 8473 8491 8498 8492 8491 8473 10468 10469 8490 10468 8473 10470 8487 10469 8473 10469 8487 10471 8487 10472 8487 10470 10472 8483 8487 10471 10473 10474 8542 9206 9305 8543 9197 9230 9206 8545 9187 8543 8558 8544 8557 8556 8559 8557 8555 8548 10475 10475 8556 8555 9077 10476 9139 9078 10477 9076 9114 8538 9115 8549 9121 8550 10477 8582 8584 8538 9113 8539 8584 8583 10478 8551 8550 9117 8569 8566 8563 8734 8736 9117 10479 10478 10480 10481 10482 10479 8569 8567 8566 8735 8734 9144 8601 8603 10483 9140 9144 9141 9055 8581 8570 9077 9139 9141 8602 8601 10484 10485 10484 10486 10486 10487 10488 10487 10489 10490 9075 9082 9074 9078 8582 10477 10491 10492 10493 10494 10495 10496 8592 8585 8587 8583 10480 10478 10497 10498 8588 10481 10479 10480 10499 10500 8589 10501 10499 9049 8597 9052 8578 10483 8603 10482 10502 9050 9046 8598 9048 9047 8605 8579 8578 8602 10484 10485 10503 8605 8604 10488 10487 10490 8595 10503 10504 10503 8595 8605 10489 10491 10493 8595 10505 10506 10504 10505 8595 10494 10492 10495 8595 10507 10508 10506 10507 8595 10496 10497 10494 8595 8611 8608 10508 8611 8595 10509 8615 10510 10510 10511 10509 8612 8620 8608 10512 10510 8619 8608 8619 10510 8621 8618 8608 10512 10511 10510 8624 10510 8615 8615 8614 8623 8615 8610 8613 8622 8610 8609 8599 8610 8600 8598 8600 9048 9046 9048 10502 9050 10502 9051 9049 9051 10501 10499 10501 10500 8589 10500 8590 8589 8588 10498 10498 10497 10496 10495 10492 10491 10489 10493 10490 10486 10488 10513 10486 10513 10485 10481 10483 10482 10476 9077 9076 9118 9119 9120 9120 9121 8549 8553 8552 9118 9227 8552 8554 9228 9226 9225 9225 9227 8554 10474 9229 9228 8542 8541 10473 10474 10473 9229 8533 8535 8541 8534 8537 8535 8536 8530 8529 8534 8536 8537 8530 8527 8531 8532 8527 8526 8526 8528 8523 8521 8525 8522 8521 8399 8401 8888 8702 8910 8702 8995 9978 8718 8722 8516 8694 8516 8722 9350 8517 9066 8516 9066 8517 9709 9711 9522 8702 9036 9711 10514 10515 10516 10517 10518 10519 10520 10521 10522 10523 10524 10525 10526 10525 10527 10523 10519 10524 10528 10529 10530 10529 10531 10527 10532 10533 10534 10533 10535 10530 10536 10537 10538 10539 10536 10534 10538 10540 10541 10542 10516 10543 10544 10545 10542 10546 10515 10514 10543 10544 10542 10547 10548 10549 10547 10546 10550 10551 10552 10553 10549 10554 10551 10555 10556 10557 10553 10552 10558 10559 10560 10561 10562 10560 10555 10563 10564 10565 10566 10565 10567 10568 10569 10570 10563 10571 10569 10572 10573 10574 10575 10576 10577 10578 10579 10580 10581 10582 10583 10584 10585 10586 10587 10588 10589 10590 10591 10592 10593 10594 10595 10596 10597 10598 10599 10600 10601 10602 10603 10593 10602 10601 10600 10601 10604 10599 10593 10603 10605 10593 10601 10602 10594 10597 10595 10605 10594 10593 10588 10606 10607 10597 10596 10595 10608 10609 10596 10589 10610 10611 10592 10612 10613 10591 10609 10608 10583 10614 10615 10581 10612 10582 10580 10616 10586 10617 10618 10615 10619 10576 10620 10621 10622 10623 10624 10625 10626 10627 10628 10629 10630 10631 10632 10633 10634 10635 10634 10636 10635 10637 10638 10636 10635 10639 10640 10635 10640 10641 10642 10643 10644 10645 10639 10643 10646 10647 10648 10646 10644 10649 10650 10651 10652 10651 10653 10654 10655 10656 10657 10658 10659 10652 10655 10660 10661 10662 10638 10637 10663 10664 10665 10666 10663 10667 10668 10638 10662 10669 10665 10670 10671 10672 10673 10671 10674 10675 10676 10677 10678 10678 10679 10672 10680 10681 10682 10682 10683 10684 10685 10632 10686 10687 10680 10688 10669 10689 10690 10632 10691 10692 10693 10694 10695 10632 10696 10697 10698 10699 10700 10701 10702 10703 10704 10705 10706 10707 10708 10709 10710 10711 10708 10708 10707 10712 10708 10713 10709 10714 10715 10708 10706 10716 10717 10701 10718 10716 10719 10720 10721 10722 10705 10721 10723 10724 10725 10688 10726 10687 10727 10695 10728 10729 10699 10727 10730 10731 10732 10733 10734 10693 10735 10736 10737 10738 10521 10520 10739 10740 10741 10632 10742 10743 10744 10556 10558 10618 10745 10585 10746 10522 10747 10516 10515 10543 10748 10749 10587 10750 10751 10752 10753 10754 10755 10521 10756 10522 10757 10758 10759 10521 10749 10756 10758 10757 10760 10761 10762 10725 10588 10587 10763 10753 10750 10752 10754 10764 10765 10751 10708 10752 10766 10725 10767 10768 10769 10770 10739 10771 10772 10771 10773 10772 10774 10775 10776 10777 10778 10779 10780 10781 10777 10782 10783 10784 10785 10778 10786 10787 10788 10789 10787 10784 10790 10791 10792 10793 10792 10789 10794 10795 10796 10797 10624 10796 10798 10799 10800 10801 10628 10802 10803 10804 10805 10806 10807 10808 10809 10810 10811 10812 10813 10814 10815 10809 10808 10816 10817 10818 10819 10819 10816 10817 10820 10821 10822 10820 10818 10821 10823 10824 10825 10822 10826 10827 10828 10829 10830 10831 10832 10833 10834 10835 10829 10836 10837 10632 10725 10632 10837 10838 10839 10632 10632 10839 10836 10840 10841 10632 10632 10841 10838 10842 10843 10632 10632 10843 10840 10844 10845 10632 10632 10845 10842 10846 10847 10632 10632 10847 10844 10848 10849 10632 10632 10849 10846 10850 10851 10632 10632 10851 10848 10632 10743 10850 10741 10852 10632 10742 10632 10852 10853 10854 10741 10741 10854 10852 10855 10856 10741 10741 10856 10853 10857 10858 10741 10741 10858 10855 10859 10860 10741 10741 10860 10857 10861 10862 10741 10741 10862 10859 10863 10864 10741 10741 10864 10861 10865 10866 10741 10741 10866 10863 10867 10868 10741 10741 10868 10865 10740 10869 10741 10741 10869 10867 10870 10871 10872 10873 10871 10781 10768 10770 10741 10874 10875 10876 10877 10878 10879 10880 10881 10882 10768 10741 10883 10884 10885 10886 10887 10881 10888 10889 10890 10891 10889 10886 10892 10893 10894 10895 10893 10891 10896 10625 10791 10626 10622 10897 10898 10624 10798 10625 10899 10900 10901 10902 10903 10897 10798 10796 10795 10904 10905 10906 10907 10908 10901 10803 10802 10797 10909 10910 10911 10803 10629 10628 10826 10912 10827 10913 10914 10915 10627 10800 10799 10804 10801 10805 10916 10917 10918 10919 10912 10826 10806 10811 10810 10807 10810 10812 10903 10898 10897 10837 10912 10919 10920 10921 10922 10923 10924 10925 10926 10921 10927 10920 10927 10921 10919 10928 10837 10929 10930 10931 10932 10766 10926 10932 10933 10934 10837 10928 10725 10932 10725 10766 10725 10928 10767 10820 10822 10827 10818 10817 10821 10819 10809 10816 10808 10807 10812 10811 10806 10805 10804 10799 10801 10627 10629 10800 10795 10797 10802 10794 10793 10792 10793 10626 10791 10788 10794 10789 10790 10788 10787 10783 10790 10784 10786 10783 10782 10778 10785 10779 10786 10782 10785 10777 10779 10780 10781 10780 10873 10871 10873 10872 10870 10872 10775 10774 10776 10773 10870 10775 10774 10771 10739 10741 10776 10772 10773 10770 10771 10741 10815 10935 10936 10937 10935 10880 10938 10939 10940 10768 10941 10942 10943 10833 10944 10945 10946 10947 10913 10915 10948 10949 10950 10951 10883 10941 10768 10952 10953 10948 10916 10954 10955 10953 10952 10956 10834 10918 10957 10958 10959 10960 10895 10621 10623 10961 10962 10956 10963 10964 10965 10960 10964 10966 10623 10622 10898 10962 10961 10967 10920 10922 10967 10924 10968 10969 10970 10971 10972 10900 10899 10902 10907 10901 10900 10973 10974 10975 10976 10977 10978 10906 10905 10908 10979 10980 10981 10909 10904 10910 10824 10911 10825 10823 10914 10824 10964 10963 10966 10982 10930 10983 10969 10968 10965 10926 10927 10933 10974 10978 10975 10977 10976 10971 10984 10985 10588 10986 10987 10932 10933 10932 10926 10932 10934 10986 10962 10967 10922 10956 10952 10961 10953 10913 10948 10915 10914 10823 10825 10911 10910 10909 10905 10904 10908 10907 10906 10903 10902 10899 10896 10894 10893 10894 10621 10895 10890 10896 10891 10892 10890 10889 10885 10892 10886 10888 10885 10884 10881 10887 10882 10888 10884 10887 10880 10882 10937 10935 10937 10936 10815 10936 10813 10814 10813 10875 10874 10876 10877 10814 10875 10874 10878 10769 10879 10876 10878 10877 10768 10879 10769 10831 10988 10989 10990 10988 10949 10991 10992 10993 10941 10994 10995 10996 10997 10998 10999 11000 11001 10996 10979 11002 11003 11004 11005 11006 11007 11008 10941 10883 10994 11003 11005 11009 11010 11011 11012 11010 11008 11013 11009 11014 11015 11016 11017 11018 11016 11012 11019 10959 10958 10828 11020 11015 11014 11021 11022 11023 11024 11022 11025 10960 10966 10958 11020 11026 11027 11026 11028 11027 11029 11023 11030 11031 11032 11033 11034 11035 11028 11036 11037 11038 10969 10925 10924 11035 11034 11039 11040 11041 11042 11043 11044 11045 10923 10970 10972 11039 11034 11046 11047 11048 11049 10987 11039 11046 11022 11021 11025 11004 10974 10973 11050 10987 11046 11030 10982 10983 11032 11036 11038 11051 11052 11053 10883 10588 11054 11055 11056 10883 10987 11050 10932 10763 11057 10588 11058 11059 11057 10932 11050 11060 11057 10932 11060 11027 11028 11035 11020 11014 11026 11015 11003 11009 11005 11004 10973 10975 10978 10977 10976 10972 10971 10923 10925 10970 10963 10965 10968 10835 10830 10829 10830 10959 10828 10957 10835 10834 10917 10957 10918 10955 10917 10916 10950 10955 10954 10949 10951 10990 10950 10954 10951 10988 10990 10989 10831 10989 10832 10833 10832 10944 10943 10944 10946 10945 10947 10940 10943 10946 10945 10938 10942 10939 10947 10938 10940 10941 10939 10942 10980 11061 11062 11063 11061 11064 11065 11066 11067 10883 11068 10994 11069 11070 11071 11072 11073 11074 11075 11076 11077 11069 11077 11078 11079 11080 11081 11075 11079 11082 11083 11084 11085 11086 11087 11088 11086 11042 11089 11025 11018 11024 11085 11090 11083 11067 11068 11065 11090 11091 11092 11093 11094 11095 11093 11096 11049 11021 11023 11029 11097 11092 11091 11098 11099 11100 11101 11102 11098 11097 11103 11104 11103 11105 11104 11106 11107 11108 10931 10930 10982 11109 11110 11105 11111 11112 11113 11031 11033 10929 11114 11110 11109 11115 11116 11117 11115 11117 11118 11109 11119 11114 11037 11044 11043 11084 11043 11045 11119 11059 11114 11120 11121 10588 11122 11123 10588 11124 11059 11119 11125 11126 10588 11057 11059 11124 11057 11127 11128 11129 11130 10588 11057 11131 11132 11127 11057 11132 11131 11057 11124 11104 11105 11110 11097 11091 11103 11092 11083 11090 11085 11084 11045 11044 11037 11036 11038 11033 11032 10929 10931 11031 11029 11030 10983 11019 11017 11016 11017 11024 11018 11011 11019 11012 11013 11011 11010 11007 11013 11008 11064 11007 11006 11061 11063 11062 11064 11006 11063 10980 11062 10981 10979 10981 11002 10996 11002 10997 10998 10997 11000 10999 11001 10993 10998 11000 10999 10991 10995 10992 11001 10991 10993 10994 10992 10995 11088 11133 11134 11135 11134 11136 11137 11138 10883 10883 11138 11139 11140 11141 10883 10883 11141 11137 11142 11143 10883 10883 11143 11140 11144 11145 10883 10883 11145 11142 11146 11147 10883 10883 11147 11144 11047 11135 11048 11148 11149 10883 10883 11149 11146 11096 11047 11049 11150 11151 10883 10883 11151 11148 11093 11095 11096 10883 11056 11152 10883 11152 11150 11094 11102 11101 11153 11116 11154 11055 10883 11054 11099 11098 11102 11154 11155 11153 10588 11121 11054 11108 11107 11100 11106 11111 11113 11156 11155 11157 10588 10985 11120 11112 11053 11052 11157 11158 11156 10588 11123 10984 11052 11051 11118 11158 11159 11160 11161 11162 10588 10588 11162 11122 11128 11160 11159 11163 11164 10588 10588 11164 11161 11165 11128 11159 11057 11128 11165 10588 11126 11163 11166 11167 10588 10588 11167 11125 11057 11165 11168 11130 11169 10588 10588 11169 11166 11129 10588 11168 11168 10588 11057 11156 11158 11160 11155 11154 11157 11153 11117 11116 11115 11118 11051 11053 11112 11111 11113 11107 11106 11100 11099 11108 11095 11094 11101 11133 11136 11134 11136 11048 11135 11087 11133 11088 11089 11087 11086 11041 11089 11042 11080 11041 11040 11079 11081 11082 11080 11040 11081 11075 11082 11076 11077 11076 11078 11069 11078 11070 11071 11070 11073 11072 11074 11066 11071 11073 11072 11068 10883 11065 11074 11067 11066 11139 11065 10883 10579 10578 11170 10598 10608 10596 10591 10590 10609 10592 10613 10590 10612 10581 10613 10582 10614 10583 10614 10617 10615 10617 10745 10618 10745 10586 10585 10584 10586 10616 10616 10580 10579 11171 11172 11173 10574 10573 11170 11170 10578 10574 10573 10572 10577 11173 11174 11175 10575 10620 10576 10572 10575 10577 10620 10568 10619 11173 11176 11177 10569 10571 10570 10568 10570 10619 10569 10564 10563 11178 11171 11173 10564 10567 10565 11173 11172 11179 10567 10559 10566 10560 10562 10561 10559 10561 10566 10555 10557 10562 10748 11173 11180 10556 10744 10557 10558 10552 10744 11181 10748 11182 10551 10553 10549 10554 10549 10548 10749 11181 10756 10548 10547 10550 11183 11184 10522 10550 10546 10514 11185 11186 11187 10522 11188 11189 10535 10528 10530 10545 10544 10541 10540 10538 10537 10545 10541 10540 10537 10536 10539 10534 10536 10532 10535 10533 10532 10526 10527 10531 10528 10531 10529 10523 10517 10519 10525 10524 10527 11190 11187 10519 11190 10519 10518 11185 11187 11191 11190 11191 11187 11192 11193 11187 11187 11186 11192 11192 11194 11195 11193 11192 11195 10522 11196 11192 11194 11192 11196 11197 11198 10522 10522 11198 11196 11199 11200 10522 10522 10746 11197 10522 11200 10747 11199 10522 11189 11184 11188 10522 10756 11183 10522 11181 10749 10748 11182 10748 11180 11173 11179 11180 11178 11173 11177 11176 11173 11175 11173 11201 11202 11174 11173 11202 11203 11201 10589 11173 10589 11201 11204 11205 10589 10589 11205 11203 10610 10589 11206 10589 10611 11204 10589 11207 11208 11206 10589 11208 10589 11209 11210 11207 10589 11210 11211 11209 10588 10589 10588 11209 10607 11212 10588 10588 11212 11211 10606 10588 11213 10588 11214 11215 11213 10588 11215 11216 11214 10604 10588 10604 11214 11217 11218 10604 10604 11218 11216 10601 11217 10604 10690 10689 11219 11220 11219 10675 10662 11221 11222 10668 10662 11222 10662 10632 10685 11221 10662 10685 10688 11223 10726 10632 11224 11225 10686 10632 11225 11223 11226 11227 11228 11229 11230 11224 10632 10631 11230 11231 11232 11232 11233 11234 10630 10632 10692 11235 11234 11236 11237 11235 11238 10691 10632 10697 10690 11219 11220 11239 10696 10725 10632 10725 10696 10674 11220 10675 10761 10725 11240 10725 10762 11239 10673 10674 10671 10672 10679 10673 10725 11241 11242 11240 10725 11242 10679 10678 10677 10725 11243 11244 11241 10725 11244 10684 10683 10677 10725 11245 11246 11243 10725 11246 10681 10683 10682 11245 10725 10724 10681 10680 10687 10698 11247 11248 11249 10725 11250 11249 10723 10725 11223 11227 10726 10719 11248 10720 10725 10752 11251 11251 11250 10725 11228 11226 11229 11231 11230 11229 10752 11252 11253 11251 10752 11253 11231 11233 11232 10752 11254 11255 11252 10752 11255 11238 11235 11236 10752 11256 11257 11254 10752 11257 10735 10737 11237 10752 11258 11259 11256 10752 11259 10731 10736 10732 10734 10730 10732 11260 11258 10708 10752 10708 11258 10708 10715 11260 11261 11262 10701 11262 11261 11263 10714 10708 10711 11264 10713 11262 10708 11262 10713 10710 10708 10712 11264 11262 11263 10702 10701 11262 10701 10703 10718 10701 10716 10706 10717 10704 10706 10705 10722 10706 10721 10720 10722 11248 11247 10720 10698 10700 11247 10699 10729 10700 10727 10728 10729 10695 10694 10728 10695 10733 10693 10733 10730 10734 10731 10737 10736 11237 11238 10735 11234 11265 11236 11234 11233 11265 11227 11226 11228 10676 10684 10677 10664 10670 10665 10670 10689 10669 10666 10664 10663 10661 10667 10663 10657 10660 10655 10660 10667 10661 10658 10657 10656 10652 10659 10650 10658 10656 10659 10651 10650 10653 10654 10653 10648 10647 10646 10649 10654 10648 10647 10649 10644 10643 10642 10645 10643 10645 10640 10639 10635 10641 10633 10635 10636 10638 10764 10738 10759 11266 10759 10738 10522 11267 10520 10757 11266 11267 10522 10757 11267 10757 10759 11266 10752 10754 10753 10765 10755 10754 10765 10760 10755 10760 10757 10750 10760 10765 10758 10757 10751 10750 11060 11058 11057 10932 11057 10521 10587 10749 10763 10521 10738 10764 10932 10521 10754 10764 10754 10521</p>
        </triangles>
        <triangles count="242" material="ID10">
          <input offset="0" semantic="VERTEX" source="#ID8"/>
          <p>8128 8129 8130 8128 8131 8129 8132 8133 8134 8132 8135 8136 8136 8133 8132 8137 8135 8138 8135 8137 8136 8139 8140 8138 8137 8138 8140 8139 8141 8142 8142 8140 8139 8143 8141 8144 8141 8143 8142 8145 8146 8144 8143 8144 8146 8145 8147 8148 8148 8146 8145 8149 8147 8150 8147 8149 8148 8151 8152 8150 8149 8150 8152 8151 8153 8154 8154 8152 8151 8155 8153 8156 8153 8155 8154 8157 8158 8156 8155 8156 8158 8157 8159 8160 8160 8158 8157 8161 8159 8162 8159 8161 8160 8163 8164 8162 8161 8162 8164 8163 8165 8166 8166 8164 8163 8167 8165 8168 8165 8167 8166 8169 8170 8168 8167 8168 8170 8169 8171 8172 8172 8170 8169 8173 8171 8174 8171 8173 8172 8175 8176 8174 8173 8174 8176 8175 8177 8178 8178 8176 8175 8179 8177 8180 8177 8179 8178 8181 8182 8180 8179 8180 8182 8181 8183 8184 8184 8182 8181 8185 8183 8186 8183 8185 8184 8187 8188 8186 8185 8186 8188 8189 8188 8187 8190 8134 8133 8191 8192 8190 8134 8190 8192 8191 8193 8194 8194 8192 8191 8195 8193 8196 8193 8195 8194 8197 8198 8196 8195 8196 8198 8197 8199 8200 8200 8198 8197 8201 8199 8202 8199 8201 8200 8203 8204 8202 8201 8202 8204 8203 8205 8206 8206 8204 8203 8207 8205 8208 8205 8207 8206 8209 8210 8208 8207 8208 8210 8209 8211 8212 8212 8210 8209 8213 8211 8214 8211 8213 8212 8215 8216 8214 8213 8214 8216 8215 8217 8218 8218 8216 8215 8219 8217 8220 8217 8219 8218 8221 8222 8220 8219 8220 8222 8221 8223 8224 8224 8222 8221 8225 8223 8226 8223 8225 8224 8227 8228 8226 8225 8226 8228 8227 8229 8230 8230 8228 8227 8231 8229 8232 8229 8231 8230 8233 8234 8232 8231 8232 8234 8233 8235 8236 8236 8234 8233 8237 8235 8238 8235 8237 8236 8239 8240 8238 8237 8238 8240 8239 8241 8242 8242 8240 8239 8243 8241 8244 8241 8243 8242 8243 8244 8245 8246 8247 8248 8246 8249 8247 8250 8251 8252 8250 8253 8251 8254 8255 8256 8254 8257 8255 8258 8259 8260 8258 8261 8259 8266 8267 8268 8266 8269 8270 8270 8267 8266 8271 8269 8272 8269 8271 8270 8273 8274 8272 8271 8272 8274 8273 8275 8276 8276 8274 8273 8277 8275 8278 8275 8277 8276 8279 8280 8278 8277 8278 8280 8279 8281 8282 8282 8280 8279 8283 8281 8284 8281 8283 8282 8285 8286 8284 8283 8284 8286 8285 8287 8288 8288 8286 8285 8289 8287 8290 8287 8289 8288 8291 8292 8290 8289 8290 8292 8291 8293 8294 8294 8292 8291 8295 8293 8296 8293 8295 8294 8297 8298 8296 8295 8296 8298 8297 8299 8300 8300 8298 8297 8301 8299 8302 8299 8301 8300 8303 8304 8302 8301 8302 8304 8303 8305 8306 8306 8304 8303 8307 8305 8308 8305 8307 8306 8309 8310 8308 8307 8308 8310 8309 8311 8312 8312 8310 8309 8313 8311 8314 8311 8313 8312 8315 8316 8314 8313 8314 8316 8315 8317 8318 8318 8316 8315 8319 8317 8320 8317 8319 8318 8321 8322 8320 8319 8320 8322 8323 8322 8321 8324 8268 8267 8325 8326 8324 8268 8324 8326 8325 8327 8328 8328 8326 8325 8329 8327 8330 8327 8329 8328 8331 8332 8330 8329 8330 8332 8331 8333 8334 8334 8332 8331 8335 8333 8336 8333 8335 8334 8337 8338 8336 8335 8336 8338 8337 8339 8340 8340 8338 8337 8341 8339 8342 8339 8341 8340 8343 8344 8342 8341 8342 8344 8343 8345 8346 8346 8344 8343 8347 8345 8348 8345 8347 8346 8349 8350 8348 8347 8348 8350 8349 8351 8352 8352 8350 8349 8353 8351 8354 8351 8353 8352 8355 8356 8354 8353 8354 8356 8355 8357 8358 8358 8356 8355 8359 8357 8360 8357 8359 8358 8361 8362 8360 8359 8360 8362 8361 8363 8364 8364 8362 8361 8365 8363 8366 8363 8365 8364 8367 8368 8366 8365 8366 8368 8367 8369 8370 8370 8368 8367 8371 8369 8372 8369 8371 8370 8373 8374 8372 8371 8372 8374 8373 8375 8376 8376 8374 8373 8377 8375 8378 8375 8377 8376 8377 8378 8379 8380 8381 8382 8380 8383 8381 8384 8385 8386 8384 8387 8385 8388 8389 8390 8388 8391 8389 8392 8393 8394 8392 8395 8393</p>
        </triangles>
        <triangles count="4859" material="ID11">
          <input offset="0" semantic="VERTEX" source="#ID8"/>
          <p>0 1 2 0 2 3 4 5 6 4 6 7 8 9 10 8 10 11 12 13 14 12 14 15 16 17 18 16 18 19 20 21 22 20 22 23 24 25 26 26 27 24 28 29 30 30 31 28 32 33 34 34 35 32 36 37 38 38 39 36 40 41 42 43 44 45 46 47 48 49 43 50 51 52 53 54 52 55 56 57 58 59 60 61 62 63 64 65 66 64 67 68 69 63 70 71 72 73 74 75 76 77 78 76 73 79 80 81 82 83 75 84 85 86 87 88 86 89 85 84 89 90 85 91 84 86 88 91 86 79 81 87 81 88 87 80 92 93 92 94 93 95 96 97 98 94 99 100 98 101 98 99 101 102 98 100 98 102 95 103 96 95 95 104 103 104 95 102 94 92 99 68 74 69 105 83 106 106 40 107 81 80 93 90 108 40 89 109 90 109 108 90 108 41 40 107 40 42 105 106 107 82 106 83 77 82 75 78 77 76 72 78 73 68 72 74 69 110 67 110 71 70 71 110 69 111 70 63 112 62 64 62 111 63 56 66 65 66 112 64 60 58 57 56 65 57 59 61 51 60 57 61 53 52 54 59 51 53 54 55 46 47 45 48 55 47 46 43 49 44 45 44 48 113 114 115 114 113 116 117 118 119 120 118 121 118 120 119 122 123 121 120 121 123 122 124 125 125 123 122 126 124 127 124 126 125 128 129 127 126 127 129 130 129 128 131 117 119 131 132 133 133 117 131 134 132 135 132 134 133 136 137 135 134 135 137 136 138 139 139 137 136 140 138 141 138 140 139 140 141 142 143 144 145 146 145 147 144 147 145 148 149 146 146 147 148 149 150 151 150 149 148 152 151 153 150 153 151 154 155 152 152 153 154 144 143 156 156 157 158 157 156 143 159 158 160 157 160 158 161 162 159 159 160 161 162 163 164 163 162 161 163 165 164 164 165 166 167 168 169 170 171 167 167 169 170 171 172 173 172 171 170 174 173 175 172 175 173 176 177 174 174 175 176 169 168 178 179 178 180 168 180 178 181 182 179 179 180 181 182 183 184 183 182 181 183 185 184 184 185 186 187 188 189 188 187 190 191 192 193 192 191 194 195 196 197 196 195 198 199 200 201 200 199 202 203 204 205 204 203 206 207 208 209 208 207 210 211 212 213 212 214 213 211 215 216 211 213 215 214 212 217 218 219 220 215 220 216 219 216 220 218 221 219 214 217 222 223 222 217 224 223 225 223 224 222 226 227 225 224 225 227 226 228 229 229 227 226 230 228 231 228 230 229 230 231 232 233 234 235 236 237 238 239 240 241 242 243 244 245 246 247 248 249 250 247 251 252 252 245 247 253 254 251 252 251 254 248 246 245 240 250 249 250 246 248 239 241 242 240 249 241 244 243 235 239 242 244 233 237 234 243 233 235 236 234 237 255 256 257 257 256 258 256 255 259 257 258 260 258 261 260 262 260 261 263 264 265 263 262 264 263 265 266 267 268 266 266 265 267 262 261 264 269 268 267 269 270 268 255 271 259 272 273 271 259 271 273 272 274 275 275 273 272 276 274 277 274 276 275 278 279 277 276 277 279 278 280 281 281 279 278 282 280 283 280 282 281 282 283 284 285 286 287 287 288 285 289 285 290 285 289 286 291 285 288 292 293 294 293 292 295 296 297 298 297 296 299 300 301 302 301 300 303 304 305 306 305 304 307 308 309 310 309 308 311 312 313 314 313 312 315 316 317 318 317 316 319 320 321 322 323 324 325 326 322 324 323 325 327 328 325 329 328 330 325 329 322 321 329 325 322 326 331 322 325 324 322 332 333 334 333 332 335 336 337 338 337 336 339 340 341 342 341 340 343 344 345 346 345 344 347 348 349 350 349 348 351 352 353 354 353 352 355 356 357 358 357 356 359 360 361 362 361 360 363 364 365 366 365 364 367 368 369 370 369 368 371 372 373 374 373 372 375 376 377 378 377 376 379 380 381 382 380 382 383 384 382 381 382 384 385 386 387 388 387 386 389 390 391 392 391 390 393 394 395 396 395 394 397 398 399 400 399 398 401 402 403 404 403 402 405 406 407 408 407 406 409 410 411 412 412 413 410 414 415 416 415 414 417 418 419 420 419 418 421 422 423 424 423 422 425 426 427 428 427 426 429 506 507 508 509 510 511 508 510 509 507 510 508 511 512 509 507 506 513 513 506 514 514 515 516 516 513 514 517 515 518 515 517 516 517 518 519 520 521 522 523 524 525 524 523 521 526 525 527 523 525 526 521 520 524 527 528 526 522 529 520 522 530 529 531 532 530 529 530 532 531 533 534 534 532 531 535 533 536 533 535 534 535 536 537 538 539 540 541 542 538 539 538 542 543 544 545 544 543 546 544 540 545 540 539 545 547 546 543 548 549 550 547 549 551 546 547 551 551 549 548 552 553 554 552 555 550 554 553 556 552 554 555 548 550 555 553 557 556 557 558 556 542 541 559 541 560 559 561 562 560 559 560 562 561 563 564 564 562 561 565 563 566 563 565 564 567 568 566 565 566 568 567 569 570 570 568 567 571 569 572 569 571 570 573 574 572 571 572 574 573 575 576 576 574 573 577 575 578 575 577 576 577 578 579 580 581 582 583 581 584 580 584 581 585 586 587 584 587 583 586 583 587 585 588 589 585 589 586 590 591 592 593 588 594 592 595 596 595 593 594 596 595 594 592 596 590 591 597 598 590 597 591 588 593 589 597 599 598 599 600 598 580 582 601 582 602 601 603 604 602 601 602 604 603 605 606 606 604 603 607 605 608 605 607 606 609 610 608 607 608 610 609 611 612 612 610 609 613 611 614 611 613 612 615 616 614 613 614 616 615 617 618 618 616 615 619 617 620 617 619 618 619 620 621 622 623 624 623 625 624 626 627 628 628 622 626 628 623 622 626 629 627 630 631 632 630 629 631 627 629 630 633 632 631 634 632 633 633 635 634 636 637 638 639 635 638 639 634 635 637 639 638 640 641 642 636 641 640 636 640 637 641 643 642 643 644 642 624 625 645 646 645 625 647 646 648 646 647 645 649 650 648 647 648 650 649 651 652 652 650 649 653 651 654 651 653 652 655 656 654 653 654 656 655 657 658 658 656 655 659 657 660 657 659 658 661 662 660 659 660 662 661 663 664 664 662 661 665 663 666 663 665 664 665 666 667 668 669 670 671 672 670 668 670 672 671 673 674 674 672 671 675 673 676 673 675 674 677 678 676 675 676 678 677 679 680 680 678 677 681 679 682 679 681 680 683 684 682 681 682 684 685 684 683 686 669 668 687 686 688 686 687 669 689 690 688 687 688 690 689 691 692 692 690 689 693 691 694 691 693 692 695 696 694 693 694 696 695 697 698 698 696 695 699 697 700 697 699 698 699 700 701 702 703 704 705 704 706 703 706 704 707 708 705 705 706 707 708 709 710 709 708 707 711 710 712 709 712 710 713 714 711 711 712 713 714 715 716 715 714 713 717 716 718 715 718 716 719 720 717 717 718 719 703 702 721 721 722 723 722 721 702 724 723 725 722 725 723 726 727 724 724 725 726 727 728 729 728 727 726 730 729 731 728 731 729 732 733 730 730 731 732 733 734 735 734 733 732 734 736 735 735 736 737 738 739 740 741 742 740 738 740 742 741 743 744 744 742 741 745 743 746 743 745 744 747 748 746 745 746 748 747 749 750 750 748 747 751 749 752 749 751 750 753 754 752 751 752 754 755 754 753 756 739 738 757 756 758 756 757 739 759 760 758 757 758 760 759 761 762 762 760 759 763 761 764 761 763 762 765 766 764 763 764 766 765 767 768 768 766 765 769 767 770 767 769 768 769 770 771 772 773 774 773 775 776 775 773 772 777 776 778 775 778 776 779 780 777 777 778 779 772 774 781 782 783 781 781 774 782 783 784 785 784 783 782 784 786 785 785 786 787 788 789 790 789 791 792 791 789 788 793 792 794 791 794 792 795 796 793 793 794 795 788 790 797 798 799 797 797 790 798 799 800 801 800 799 798 800 802 801 801 802 803 804 805 806 807 808 809 809 808 810 807 811 812 807 812 813 814 815 810 812 816 813 817 814 818 819 820 816 821 822 823 819 824 820 825 826 827 819 828 824 829 830 831 832 833 834 835 836 837 838 839 840 841 842 843 805 844 845 846 845 847 848 846 849 848 840 850 851 843 839 804 806 852 852 853 854 837 836 855 856 836 853 857 858 859 842 860 857 861 830 829 861 835 862 863 864 865 866 867 868 869 870 865 871 870 872 869 872 870 872 873 871 871 873 867 869 865 864 865 874 863 863 874 875 867 866 871 876 877 878 868 879 866 880 881 882 868 883 879 884 885 886 887 888 889 890 891 892 893 894 895 896 897 898 899 900 901 902 903 904 905 906 907 900 898 908 893 909 910 911 912 903 913 914 915 916 917 918 895 919 920 921 922 923 858 924 925 890 906 891 926 875 927 874 927 875 876 926 877 877 926 927 878 928 929 929 876 878 928 882 881 929 928 881 924 880 930 882 930 880 925 924 930 859 858 925 842 857 859 842 841 860 843 851 841 839 838 851 839 850 840 850 846 848 849 846 847 847 845 844 805 845 806 854 804 852 836 854 853 836 856 855 835 837 862 835 861 829 829 831 828 931 824 828 828 831 931 816 820 813 807 809 811 808 814 810 815 814 817 818 823 822 817 818 822 932 933 823 821 823 933 934 932 825 932 934 933 827 934 825 826 935 936 936 827 826 935 832 834 936 935 834 923 833 937 832 937 833 921 923 937 920 919 921 921 919 922 893 895 920 893 910 894 890 892 909 909 892 910 907 899 905 890 907 906 899 901 905 900 896 898 900 908 901 896 902 897 903 912 904 902 904 897 911 938 912 938 917 916 917 938 911 939 916 918 918 913 915 915 939 918 914 913 885 885 884 940 914 885 940 884 886 941 888 942 886 941 886 942 888 879 889 888 887 942 883 889 879 943 944 945 945 946 947 943 945 948 946 945 944 949 950 951 950 949 952 953 954 955 954 953 956 957 958 959 958 957 960 961 962 963 962 961 964 965 966 967 966 965 968 969 970 971 970 969 972 973 974 975 976 977 978 975 974 979 977 976 980 976 978 981 980 976 982 983 984 985 986 987 988 989 990 991 992 993 994 995 996 997 998 999 1000 1001 999 998 1002 1003 974 1003 1004 1005 1006 1007 1008 1009 979 974 1008 1007 1010 1011 1008 1010 1006 1009 1007 1011 1010 1012 1009 1006 979 1013 1004 1003 1014 1002 974 1015 1016 1017 1018 1017 1019 1020 1021 1022 1023 1024 1025 1026 1027 1028 1021 1020 1026 1026 1029 1027 1026 1028 1021 1027 1029 1030 1030 1029 1031 1031 1032 1033 1034 1033 1032 1034 1023 1025 1025 1033 1034 1035 1036 1037 1038 1039 1040 1041 1039 1024 1042 1043 1044 1045 1046 1047 1048 1049 1050 1051 1050 1042 1047 1046 1044 1052 1053 1054 1054 1055 1052 1056 1057 1058 1059 1060 1061 1062 1056 1058 1058 1057 1061 1053 1061 1060 1061 1057 1059 974 1063 1064 1054 1053 1060 1065 1055 1049 1055 1065 1052 1048 1065 1049 1051 1048 1050 1043 1042 1050 1047 1044 1043 1047 1038 1045 1039 1066 1040 1038 1040 1045 1024 1067 1041 1039 1041 1066 1068 1069 1036 1068 1070 1071 1024 1023 1067 1072 1073 1070 1033 1030 1031 1074 1075 1072 1076 1072 1020 1020 1022 1076 1076 1074 1072 1073 1072 1075 1071 1070 1073 1036 1070 1068 1036 1069 1037 1077 1064 1035 1035 1037 1077 1063 974 1078 1077 974 1064 974 1005 1079 1078 974 1079 1019 1080 1018 1013 1015 1004 1081 1082 1083 1082 1081 1084 1085 1084 1086 1084 1085 1082 1085 1086 1087 1088 1087 1086 1080 1083 1082 993 1001 994 1000 1089 1090 1080 1019 1083 1091 1089 1092 1015 1017 1018 1092 1093 1094 1013 1016 1015 1095 1096 1093 1003 1005 974 1097 1095 1011 973 1014 974 1098 1011 1099 1011 1012 1099 1098 1097 1011 1095 1093 1011 1094 1093 1096 1089 1093 1092 1089 1091 1090 1000 1090 998 994 1001 998 992 1100 993 1100 1101 1102 1101 1100 992 1101 997 996 996 1102 1101 1103 995 997 986 988 1103 1103 997 986 988 987 1104 990 989 987 1104 987 989 990 984 991 984 982 985 984 983 991 976 985 982 1105 1106 1107 1106 1105 1108 1109 1110 1111 1112 1113 1111 1109 1111 1113 1114 1113 1112 1115 1110 1109 1116 1115 1117 1115 1116 1110 1116 1117 1118 1119 1120 1121 1122 1121 1123 1120 1123 1121 1124 1125 1122 1122 1123 1124 1120 1119 1126 1126 1127 1128 1127 1126 1119 1127 1129 1128 1128 1129 1130 1131 1132 1133 1134 1133 1135 1132 1135 1133 1136 1137 1134 1134 1135 1136 1137 1138 1139 1138 1137 1136 1140 1139 1141 1138 1141 1139 1142 1143 1140 1140 1141 1142 1132 1131 1144 1144 1145 1146 1145 1144 1131 1147 1146 1148 1145 1148 1146 1149 1150 1147 1147 1148 1149 1150 1151 1152 1151 1150 1149 1151 1153 1152 1152 1153 1154 1155 1156 1157 1156 1158 1159 1158 1156 1155 1160 1159 1161 1158 1161 1159 1162 1163 1160 1160 1161 1162 1155 1157 1164 1165 1166 1164 1164 1157 1165 1166 1167 1168 1167 1166 1165 1167 1169 1168 1168 1169 1170 1171 1172 1173 1171 1174 1175 1175 1172 1171 1176 1174 1177 1174 1176 1175 1178 1179 1177 1176 1177 1179 1180 1179 1178 1181 1173 1172 1182 1183 1181 1173 1181 1183 1182 1184 1185 1185 1183 1182 1186 1184 1187 1184 1186 1185 1186 1187 1188 1189 1190 1191 1192 1191 1193 1190 1193 1191 1194 1195 1192 1192 1193 1194 1195 1196 1197 1196 1195 1194 1198 1197 1199 1196 1199 1197 1200 1201 1198 1198 1199 1200 1190 1189 1202 1202 1203 1204 1203 1202 1189 1205 1204 1206 1203 1206 1204 1207 1208 1205 1205 1206 1207 1208 1209 1210 1209 1208 1207 1209 1211 1210 1210 1211 1212 1213 1214 1215 1216 1215 1217 1214 1217 1215 1218 1219 1216 1216 1217 1218 1219 1220 1221 1220 1219 1218 1222 1221 1223 1220 1223 1221 1224 1225 1222 1222 1223 1224 1214 1213 1226 1226 1227 1228 1227 1226 1213 1229 1228 1230 1227 1230 1228 1231 1232 1229 1229 1230 1231 1232 1233 1234 1233 1232 1231 1233 1235 1234 1234 1235 1236 1237 1238 1239 1238 1237 1240 1241 1242 1243 1244 1245 1246 1245 1241 1246 1241 1243 1246 1247 1248 1249 1244 1249 1248 1250 1247 1251 1247 1249 1251 1248 1245 1244 1252 1250 1251 1252 1253 1250 1243 1242 1254 1254 1255 1256 1255 1254 1242 1257 1256 1258 1255 1258 1256 1259 1260 1257 1257 1258 1259 1260 1261 1262 1261 1260 1259 1261 1263 1262 1262 1263 1264 1265 1266 1267 1267 1268 1269 1267 1269 1265 1266 1270 1271 1265 1270 1266 1272 1269 1268 1273 1272 1268 1272 1273 1274 1273 1275 1274 1275 1276 1274 1270 1277 1271 1278 1271 1277 1278 1279 1280 1279 1278 1277 1281 1280 1282 1279 1282 1280 1283 1284 1281 1281 1282 1283 1284 1285 1286 1285 1284 1283 1285 1287 1286 1286 1287 1288 1289 1290 1291 1290 1292 1291 1290 1293 1292 1294 1289 1291 1295 1296 1297 1295 1297 1294 1292 1293 1298 1294 1297 1289 1299 1300 1301 1300 1296 1295 1296 1300 1299 1301 1302 1299 1301 1303 1302 1303 1304 1302 1298 1293 1305 1305 1306 1298 1307 1306 1308 1305 1308 1306 1309 1310 1307 1307 1308 1309 1310 1311 1312 1311 1310 1309 1313 1312 1314 1311 1314 1312 1315 1316 1313 1313 1314 1315 1316 1317 1318 1317 1316 1315 1317 1319 1318 1318 1319 1320 1321 1322 1323 1322 1321 1324 1325 1326 1327 1326 1328 1327 1329 1330 1325 1329 1325 1327 1331 1332 1333 1331 1330 1329 1334 1335 1336 1334 1333 1332 1337 1336 1335 1335 1334 1332 1337 1338 1339 1339 1336 1337 1333 1330 1331 1338 1340 1339 1338 1341 1340 1341 1342 1340 1328 1326 1343 1344 1328 1343 1344 1345 1346 1345 1344 1343 1347 1346 1348 1345 1348 1346 1349 1350 1347 1347 1348 1349 1350 1351 1352 1351 1350 1349 1353 1352 1354 1351 1354 1352 1355 1356 1353 1353 1354 1355 1356 1357 1358 1357 1356 1355 1357 1359 1358 1358 1359 1360 1361 1362 1363 1364 1365 1366 1367 1368 1369 1370 1371 1372 1373 1374 1375 1376 1377 1378 1375 1379 1380 1380 1373 1375 1381 1382 1379 1380 1379 1382 1378 1374 1376 1376 1374 1373 1368 1377 1369 1368 1378 1377 1367 1370 1372 1367 1369 1370 1371 1361 1363 1372 1371 1363 1365 1364 1362 1361 1365 1362 1383 1384 1385 1386 1387 1388 1389 1390 1391 1392 1393 1394 1395 1396 1397 1397 1398 1395 1399 1400 1396 1397 1396 1400 1390 1395 1398 1391 1390 1398 1389 1392 1394 1391 1392 1389 1393 1383 1385 1393 1385 1394 1386 1384 1387 1387 1384 1383 1401 1402 1403 1404 1405 1406 1407 1408 1409 1410 1411 1408 1407 1410 1408 1412 1413 1414 1415 1416 1417 1418 1419 1420 1421 1422 1418 1423 1415 1424 1425 1422 1421 1426 1415 1417 1416 1415 1423 1427 1404 1426 1428 1429 1420 1404 1427 1405 1426 1417 1427 1406 1430 1404 1431 1432 1433 1434 1435 1430 1435 1436 1437 1438 1436 1439 1440 1413 1441 1442 1439 1443 1442 1444 1445 1446 1447 1403 1448 1445 1444 1448 1449 1450 1450 1445 1448 1451 1452 1453 1450 1449 1451 1452 1454 1455 1452 1455 1453 1456 1454 1452 1452 1457 1456 1458 1459 1460 1447 1461 1462 1451 1449 1452 1463 1464 1461 1443 1444 1442 1438 1439 1442 1437 1436 1438 1430 1435 1437 1430 1406 1434 1433 1465 1466 1467 1468 1465 1469 1429 1467 1424 1425 1470 1423 1424 1470 1470 1425 1421 1418 1422 1419 1420 1419 1428 1420 1429 1469 1469 1467 1465 1468 1466 1465 1466 1431 1433 1440 1441 1432 1432 1441 1433 1414 1413 1440 1401 1412 1402 1402 1412 1414 1446 1403 1402 1461 1447 1446 1461 1464 1462 1471 1463 1472 1463 1471 1464 1473 1472 1474 1473 1471 1472 1474 1472 1475 1474 1475 1476 1477 1476 1411 1475 1411 1476 1460 1411 1458 1478 1479 1411 1411 1479 1477 1411 1460 1480 1411 1480 1478 1411 1410 1458 1481 1482 1483 1482 1481 1484 1485 1486 1487 1486 1485 1488 1489 1490 1491 1490 1489 1492 1493 1494 1495 1494 1493 1496 1497 1498 1499 1500 1498 1497 1498 1501 1499 1499 1501 1502 1503 1504 1505 1506 1505 1507 1504 1507 1505 1508 1509 1506 1506 1507 1508 1509 1510 1511 1510 1509 1508 1512 1511 1513 1510 1513 1511 1514 1515 1512 1512 1513 1514 1504 1503 1516 1516 1517 1518 1517 1516 1503 1519 1518 1520 1517 1520 1518 1521 1522 1519 1519 1520 1521 1522 1523 1524 1523 1522 1521 1523 1525 1524 1524 1525 1526 1527 1528 1529 1530 1529 1531 1528 1531 1529 1532 1533 1530 1530 1531 1532 1533 1534 1535 1534 1533 1532 1536 1535 1537 1534 1537 1535 1538 1539 1536 1536 1537 1538 1528 1527 1540 1540 1541 1542 1541 1540 1527 1543 1542 1544 1541 1544 1542 1545 1546 1543 1543 1544 1545 1546 1547 1548 1547 1546 1545 1547 1549 1548 1548 1549 1550 1551 1552 1553 1554 1555 1553 1551 1553 1555 1554 1556 1557 1557 1555 1554 1558 1556 1559 1556 1558 1557 1560 1561 1559 1558 1559 1561 1562 1561 1560 1563 1552 1551 1564 1563 1565 1563 1564 1552 1566 1567 1565 1564 1565 1567 1566 1568 1569 1569 1567 1566 1570 1568 1571 1568 1570 1569 1570 1571 1572 1573 1574 1575 1574 1573 1576 1577 1578 1579 1580 1581 1582 1583 1584 1585 1586 1587 1588 1589 1590 1591 1591 1584 1589 1585 1584 1591 1589 1592 1590 1585 1586 1583 1579 1588 1587 1588 1583 1586 1578 1577 1581 1579 1587 1577 1581 1580 1578 1593 1594 1595 1596 1597 1598 1594 1593 1599 1600 1601 1597 1596 1602 1599 1602 1596 1598 1597 1601 1598 1594 1599 1602 1600 1603 1601 1603 1600 1604 1604 1605 1603 1595 1606 1593 1606 1595 1607 1607 1608 1609 1609 1606 1607 1610 1608 1611 1608 1610 1609 1612 1613 1611 1610 1611 1613 1612 1614 1615 1615 1613 1612 1616 1614 1617 1614 1616 1615 1616 1617 1618 1619 1620 1621 1622 1623 1624 1621 1625 1626 1625 1623 1626 1622 1626 1623 1627 1624 1628 1624 1627 1622 1625 1621 1620 1627 1628 1629 1628 1630 1629 1631 1629 1630 1632 1631 1630 1632 1633 1631 1619 1634 1620 1635 1636 1634 1634 1619 1635 1636 1637 1638 1637 1636 1635 1639 1638 1640 1637 1640 1638 1641 1642 1639 1639 1640 1641 1642 1643 1644 1643 1642 1641 1643 1645 1644 1644 1645 1646 1647 1648 1649 1650 1651 1652 1649 1651 1650 1648 1651 1649 1650 1652 1653 1654 1653 1652 1654 1655 1653 1648 1647 1656 1657 1658 1656 1656 1647 1657 1658 1659 1660 1659 1658 1657 1659 1661 1660 1660 1661 1662 1663 1664 1665 1664 1663 1666 1667 1668 1669 1668 1667 1670 1671 1672 1673 1673 1674 1675 1671 1673 1676 1674 1673 1672 1677 1678 1679 1678 1677 1680 1681 1682 1683 1682 1681 1684 1685 1686 1687 1686 1685 1688 1689 1690 1691 1690 1689 1692 1693 1694 1695 1694 1693 1696 1697 1698 1699 1698 1697 1700 1701 1702 1703 1703 1704 1701 1705 1701 1706 1701 1705 1702 1707 1701 1704 1708 1709 1710 1709 1708 1711 1712 1713 1714 1713 1712 1715 1716 1717 1718 1717 1716 1719 1720 1721 1722 1721 1720 1723 1724 1725 1726 1725 1724 1727 1728 1729 1730 1729 1728 1731 1732 1733 1734 1733 1732 1735 1736 1737 1738 1736 1739 1740 1736 1738 1741 1738 1742 1741 1736 1741 1739 1741 1742 1743 1744 1745 1746 1745 1744 1747 1748 1749 1750 1749 1748 1751 1752 1753 1754 1753 1752 1755 1756 1757 1758 1757 1756 1759 1760 1761 1762 1761 1760 1763 1764 1765 1766 1765 1764 1767 1768 1769 1770 1769 1768 1771 1772 1773 1774 1773 1772 1775 1776 1777 1778 1779 1780 1781 1782 1783 1784 1785 1786 1787 1786 1781 1787 1788 1789 1790 1789 1788 1785 1790 1791 1792 1790 1792 1788 1793 1794 1795 1796 1791 1794 1797 1795 1794 1797 1798 1799 1795 1797 1800 1801 1802 1803 1804 1805 1802 1806 1807 1808 1803 1807 1809 1808 1810 1806 1811 1812 1813 1814 1812 1810 1815 1816 1817 1813 1817 1816 1818 1819 1820 1821 1819 1815 1782 1784 1822 1822 1818 1823 1824 1783 1825 1826 1784 1783 1825 1827 1828 1828 1824 1825 1827 1829 1830 1828 1827 1830 1831 1829 1832 1827 1832 1829 1783 1824 1826 1831 1832 1833 1820 1823 1818 1822 1784 1818 1821 1820 1819 1817 1821 1815 1816 1811 1813 1814 1813 1812 1808 1814 1810 1807 1803 1808 1803 1809 1801 1802 1801 1804 1802 1805 1798 1799 1800 1797 1805 1799 1798 1794 1793 1796 1787 1789 1785 1791 1796 1792 1779 1834 1780 1781 1786 1779 1834 1835 1836 1835 1834 1779 1835 1837 1836 1836 1838 1839 1838 1836 1837 1778 1777 1839 1839 1838 1778 1840 1776 1778 1840 1841 1776 1842 1843 1844 1843 1842 1845 1846 1847 1848 1847 1846 1849 1850 1851 1852 1850 1852 1853 1854 1855 1856 1851 1855 1854 1857 1856 1858 1855 1858 1856 1858 1859 1857 1859 1860 1861 1859 1861 1857 1862 1860 1863 1860 1862 1861 1854 1852 1851 1862 1863 1864 1865 1864 1863 1865 1866 1864 1853 1867 1850 1868 1867 1869 1853 1869 1867 1870 1871 1868 1868 1869 1870 1871 1872 1873 1872 1871 1870 1874 1873 1875 1872 1875 1873 1876 1877 1874 1874 1875 1876 1877 1878 1879 1878 1877 1876 1878 1880 1879 1879 1880 1881 1882 1883 1884 1882 1885 1883 1885 1886 1887 1888 1887 1886 1887 1888 1889 1890 1889 1888 1889 1890 1891 1891 1890 1892 1886 1885 1882 1893 1891 1892 1894 1895 1896 1894 1893 1895 1894 1896 1897 1897 1898 1899 1896 1898 1897 1892 1895 1893 1883 1900 1884 1901 1884 1900 1901 1902 1903 1902 1901 1900 1904 1903 1905 1902 1905 1903 1906 1907 1904 1904 1905 1906 1907 1908 1909 1908 1907 1906 1910 1909 1911 1908 1911 1909 1912 1913 1910 1910 1911 1912 1913 1914 1915 1914 1913 1912 1914 1916 1915 1915 1916 1917 1918 1919 1920 1919 1918 1921 1922 1923 1924 1923 1922 1925 1926 1927 1928 1927 1926 1929 1930 1931 1932 1930 1933 1934 1934 1931 1930 1935 1933 1936 1933 1935 1934 1937 1938 1936 1935 1936 1938 1937 1939 1940 1940 1938 1937 1941 1939 1942 1939 1941 1940 1943 1944 1942 1941 1942 1944 1945 1944 1943 1946 1932 1931 1947 1948 1946 1932 1946 1948 1947 1949 1950 1950 1948 1947 1951 1949 1952 1949 1951 1950 1953 1954 1952 1951 1952 1954 1953 1955 1956 1956 1954 1953 1957 1955 1958 1955 1957 1956 1957 1958 1959 1960 1961 1962 1961 1963 1964 1963 1961 1960 1965 1964 1966 1963 1966 1964 1967 1968 1965 1965 1966 1967 1968 1969 1970 1969 1968 1967 1971 1970 1972 1969 1972 1970 1973 1974 1971 1971 1972 1973 1975 1974 1973 1976 1977 1962 1960 1962 1977 1976 1978 1979 1979 1977 1976 1980 1978 1981 1978 1980 1979 1982 1983 1981 1980 1981 1983 1982 1984 1985 1985 1983 1982 1986 1984 1987 1984 1986 1985 1986 1987 1988 1988 1987 1989 1990 1991 1992 1991 1990 1993 1994 1995 1996 1996 1997 1994 1998 1999 2000 2001 1998 2000 2002 2001 2003 1996 2004 1997 2002 1997 1998 1998 2001 2002 2005 1997 2004 1997 2002 1994 2006 2007 2008 2007 2006 2009 2010 2011 2012 2011 2010 2013 2014 2015 2016 2015 2014 2017 2018 2019 2020 2019 2018 2021 2022 2023 2024 2023 2022 2025 2026 2027 2028 2027 2026 2029 2030 2031 2032 2031 2030 2033 2034 2035 2036 2035 2034 2037 2038 2039 2040 2039 2038 2041 2042 2043 2044 2043 2042 2045 2046 2047 2048 2047 2046 2049 2050 2051 2052 2051 2050 2053 2054 2055 2056 2057 2058 2059 2058 2060 2061 2056 2061 2062 2059 2063 2064 2057 2059 2065 2066 2067 2068 2069 2070 2063 2071 2072 2073 2068 2072 2074 2075 2076 2073 2075 2077 2076 2078 2077 2075 2079 2080 2081 2079 2078 2080 2082 2083 2084 2085 2081 2083 2086 2087 2088 2087 2086 2084 2089 2090 2091 2088 2092 2090 2090 2089 2088 2093 2094 2088 2095 2091 2096 2097 2098 2099 2100 2101 2102 2103 2104 2105 2106 2107 2108 2109 2110 2111 2112 2113 2114 2114 2115 2116 2117 2118 2119 2120 2121 2122 2123 2124 2125 2118 2117 2126 2125 2118 2123 2124 2127 2128 2118 2125 2119 2129 2130 2131 2130 2112 2114 2132 2106 2108 2116 2133 2134 2135 2136 2111 2107 2136 2135 2137 2138 2139 2135 2111 2110 2140 2141 2142 2109 2143 2110 2110 2143 2097 2098 2144 2145 2145 2099 2098 2146 2147 2148 2149 2102 2101 2101 2150 2149 2100 2151 2146 2152 2150 2094 2093 2153 2094 2152 2094 2153 2154 2155 2156 2097 2143 2098 2141 2154 2157 2107 2106 2158 2107 2158 2136 2132 2108 2159 2160 2142 2141 2133 2159 2134 2108 2134 2159 2116 2161 2133 2141 2140 2162 2163 2164 2165 2114 2166 2115 2116 2115 2161 2113 2166 2114 2139 2162 2167 2168 2163 2169 2131 2130 2170 2130 2129 2112 2171 2169 2172 2122 2170 2120 2130 2120 2170 2120 2128 2121 2173 2169 2174 2128 2125 2124 2128 2127 2121 2117 2174 2126 2169 2126 2174 2175 2172 2169 2169 2173 2175 2168 2169 2171 2165 2169 2163 2137 2164 2138 2137 2165 2164 2139 2138 2162 2140 2167 2162 2157 2160 2141 2176 2156 2155 2154 2141 2155 2177 2155 2104 2177 2176 2155 2104 2155 2105 2148 2103 2105 2151 2147 2146 2148 2105 2146 2102 2151 2100 2152 2149 2150 2093 2088 2089 2088 2087 2092 2089 2091 2095 2083 2082 2085 2086 2082 2084 2080 2083 2081 2072 2075 2073 2078 2075 2080 2072 2071 2178 2068 2074 2066 2072 2178 2074 2063 2068 2069 2068 2067 2069 2070 2064 2063 2057 2060 2058 2064 2065 2059 2056 2062 2054 2061 2056 2058 2179 2180 2055 2179 2055 2054 2179 2181 2180 2182 2183 2184 2183 2182 2185 2186 2187 2188 2186 2189 2187 2190 2191 2192 2190 2189 2191 2190 2187 2189 2193 2194 2195 2196 2193 2192 2192 2191 2196 2193 2196 2194 2186 2188 2197 2198 2197 2188 2199 2198 2200 2198 2199 2197 2201 2202 2200 2199 2200 2202 2201 2203 2204 2204 2202 2201 2205 2203 2206 2203 2205 2204 2205 2206 2207 2208 2209 2210 2211 2212 2213 2210 2211 2208 2208 2211 2213 2214 2213 2212 2215 2216 2217 2217 2214 2212 2218 2216 2215 2218 2219 2220 2215 2219 2218 2216 2214 2217 2219 2221 2220 2221 2222 2220 2223 2210 2209 2209 2224 2223 2225 2226 2224 2223 2224 2226 2225 2227 2228 2228 2226 2225 2229 2227 2230 2227 2229 2228 2231 2232 2230 2229 2230 2232 2231 2233 2234 2234 2232 2231 2235 2233 2236 2233 2235 2234 2235 2236 2237 2238 2239 2240 2241 2242 2243 2244 2245 2246 2245 2247 2246 2246 2247 2240 2238 2242 2239 2247 2238 2240 2241 2239 2242 2248 2249 2250 2249 2248 2251 2251 2248 2252 2252 2253 2251 2252 2254 2253 2253 2254 2255 2256 2257 2258 2259 2257 2256 2260 2258 2257 2258 2260 2261 2262 2263 2264 2265 2263 2266 2263 2265 2264 2267 2268 2266 2265 2266 2268 2269 2268 2267 2270 2262 2264 2270 2271 2272 2272 2262 2270 2273 2271 2274 2271 2273 2272 2273 2274 2275 2276 2277 2278 2279 2278 2280 2277 2280 2278 2281 2282 2279 2279 2280 2281 2282 2283 2284 2283 2282 2281 2285 2284 2286 2283 2286 2284 2287 2288 2285 2285 2286 2287 2277 2276 2289 2289 2290 2291 2290 2289 2276 2292 2291 2293 2290 2293 2291 2294 2295 2292 2292 2293 2294 2295 2296 2297 2296 2295 2294 2296 2298 2297 2297 2298 2299 2300 2301 2302 2300 2303 2304 2304 2301 2300 2305 2303 2306 2303 2305 2304 2307 2308 2306 2305 2306 2308 2307 2309 2310 2310 2308 2307 2311 2302 2312 2301 2312 2302 2313 2314 2311 2311 2312 2313 2314 2315 2316 2315 2314 2313 2317 2316 2318 2315 2318 2316 2317 2318 2319 2320 2321 2322 2321 2320 2323 2324 2325 2326 2327 2326 2325 2326 2328 2324 2329 2327 2330 2330 2327 2325 2324 2328 2331 2330 2332 2329 2333 2329 2332 2334 2333 2332 2334 2335 2333 2336 2331 2328 2337 2336 2338 2336 2337 2331 2339 2340 2338 2337 2338 2340 2339 2341 2342 2342 2340 2339 2343 2341 2344 2341 2343 2342 2343 2344 2345 2346 2347 2348 2349 2350 2351 2348 2352 2346 2349 2353 2354 2352 2354 2353 2351 2350 2355 2351 2353 2349 2352 2348 2354 2356 2355 2350 2357 2358 2359 2356 2357 2359 2356 2359 2355 2358 2357 2360 2360 2361 2358 2347 2346 2362 2362 2363 2347 2364 2363 2365 2362 2365 2363 2366 2367 2364 2364 2365 2366 2367 2368 2369 2368 2367 2366 2370 2369 2371 2368 2371 2369 2372 2373 2370 2370 2371 2372 2373 2374 2375 2374 2373 2372 2374 2376 2375 2375 2376 2377 2378 2379 2380 2381 2380 2382 2378 2380 2381 2381 2382 2383 2384 2385 2386 2384 2383 2385 2383 2382 2385 2386 2387 2384 2388 2389 2390 2387 2388 2390 2386 2388 2387 2389 2391 2390 2392 2379 2378 2379 2392 2393 2394 2395 2393 2393 2392 2394 2395 2396 2397 2396 2395 2394 2398 2397 2399 2396 2399 2397 2400 2401 2398 2398 2399 2400 2401 2402 2403 2402 2401 2400 2402 2404 2403 2403 2404 2405 2406 2407 2408 2409 2407 2410 2407 2409 2408 2411 2412 2410 2409 2410 2412 2411 2413 2414 2414 2412 2411 2415 2413 2416 2413 2415 2414 2417 2418 2416 2415 2416 2418 2419 2418 2417 2420 2406 2408 2420 2421 2422 2422 2406 2420 2423 2421 2424 2421 2423 2422 2425 2426 2424 2423 2424 2426 2425 2427 2428 2428 2426 2425 2429 2427 2430 2427 2429 2428 2429 2430 2431 2432 2433 2434 2435 2436 2434 2432 2434 2436 2435 2437 2438 2438 2436 2435 2439 2437 2440 2437 2439 2438 2441 2442 2440 2439 2440 2442 2443 2442 2441 2444 2433 2432 2445 2444 2446 2444 2445 2433 2447 2448 2446 2445 2446 2448 2447 2449 2450 2450 2448 2447 2451 2449 2452 2449 2451 2450 2451 2452 2453 2454 2455 2456 2455 2457 2458 2457 2455 2454 2459 2458 2460 2457 2460 2458 2461 2462 2459 2459 2460 2461 2454 2456 2463 2464 2465 2463 2463 2456 2464 2465 2466 2467 2466 2465 2464 2466 2468 2467 2467 2468 2469 2470 2471 2472 2473 2474 2475 2476 2473 2477 2474 2473 2478 2476 2471 2473 2470 2479 2480 2478 2470 2480 2478 2473 2470 2472 2481 2470 2473 2471 2470 2482 2483 2484 2483 2482 2485 2486 2487 2488 2487 2486 2489 2490 2491 2492 2491 2490 2493 2494 2495 2496 2495 2494 2497 2498 2499 2500 2499 2498 2501 2502 2503 2504 2503 2502 2505 2506 2507 2508 2507 2506 2509 2510 2511 2512 2511 2510 2513 2514 2515 2516 2515 2514 2517 2518 2519 2520 2519 2518 2521 2522 2523 2524 2523 2522 2525 2526 2527 2528 2527 2526 2529 2530 2531 2532 2533 2530 2534 2532 2534 2530 2530 2533 2535 2536 2537 2538 2537 2536 2539 2540 2541 2542 2541 2540 2543 2544 2545 2546 2545 2544 2547 2548 2549 2550 2549 2548 2551 2552 2553 2554 2553 2552 2555 2556 2557 2558 2557 2556 2559 2604 2605 2606 2607 2608 2609 2604 2609 2608 2607 2610 2611 2607 2611 2608 2604 2606 2609 2611 2610 2612 2613 2614 2615 2612 2610 2613 2613 2615 2612 2614 2616 2615 2606 2605 2617 2617 2618 2619 2618 2617 2605 2620 2619 2621 2618 2621 2619 2622 2623 2620 2620 2621 2622 2623 2624 2625 2624 2623 2622 2624 2626 2625 2625 2626 2627 2628 2629 2630 2631 2632 2633 2634 2635 2636 2636 2637 2638 2634 2636 2638 2634 2639 2635 2637 2630 2638 2629 2628 2632 2630 2637 2628 2632 2631 2629 2640 2641 2642 2641 2643 2642 2644 2645 2646 2640 2644 2646 2640 2642 2644 2645 2647 2646 2648 2643 2641 2648 2649 2650 2650 2643 2648 2651 2649 2652 2649 2651 2650 2651 2652 2653 2654 2655 2656 2655 2657 2656 2655 2654 2658 2659 2660 2661 2659 2658 2660 2661 2662 2659 2663 2662 2661 2664 2662 2663 2660 2658 2654 2664 2663 2665 2665 2666 2664 2657 2667 2656 2667 2668 2669 2668 2667 2657 2670 2669 2671 2668 2671 2669 2672 2673 2670 2670 2671 2672 2673 2674 2675 2674 2673 2672 2674 2676 2675 2675 2676 2677 2678 2679 2680 2681 2682 2683 2684 2685 2686 2687 2688 2689 2690 2691 2692 2693 2694 2695 2696 2697 2698 2697 2696 2692 2699 2700 2698 2698 2697 2699 2692 2696 2690 2699 2701 2700 2693 2691 2690 2685 2695 2694 2695 2691 2693 2684 2686 2687 2685 2694 2686 2689 2688 2680 2684 2687 2689 2678 2682 2679 2688 2678 2680 2681 2679 2682 2702 2703 2704 2702 2705 2706 2706 2703 2702 2707 2705 2708 2705 2707 2706 2709 2710 2708 2707 2708 2710 2709 2711 2712 2712 2710 2709 2713 2711 2714 2711 2713 2712 2715 2716 2714 2713 2714 2716 2717 2716 2715 2718 2704 2703 2719 2720 2718 2704 2718 2720 2719 2721 2722 2722 2720 2719 2723 2721 2724 2721 2723 2722 2725 2726 2724 2723 2724 2726 2725 2727 2728 2728 2726 2725 2729 2727 2730 2727 2729 2728 2729 2730 2731 2732 2733 2734 2732 2735 2736 2736 2733 2732 2737 2735 2738 2735 2737 2736 2739 2740 2738 2737 2738 2740 2739 2741 2742 2742 2740 2739 2743 2741 2744 2741 2743 2742 2745 2746 2744 2743 2744 2746 2747 2746 2745 2748 2734 2733 2749 2750 2748 2734 2748 2750 2749 2751 2752 2752 2750 2749 2753 2751 2754 2751 2753 2752 2755 2756 2754 2753 2754 2756 2755 2757 2758 2758 2756 2755 2759 2757 2760 2757 2759 2758 2759 2760 2761 2762 2763 2764 2762 2765 2766 2766 2763 2762 2767 2765 2768 2765 2767 2766 2769 2770 2768 2767 2768 2770 2769 2771 2772 2772 2770 2769 2773 2771 2774 2771 2773 2772 2775 2776 2774 2773 2774 2776 2777 2776 2775 2778 2764 2763 2779 2780 2778 2764 2778 2780 2779 2781 2782 2782 2780 2779 2783 2781 2784 2781 2783 2782 2785 2786 2784 2783 2784 2786 2785 2787 2788 2788 2786 2785 2789 2787 2790 2787 2789 2788 2789 2790 2791 2792 2793 2794 2793 2795 2796 2795 2793 2792 2797 2796 2798 2795 2798 2796 2799 2800 2797 2797 2798 2799 2800 2801 2802 2801 2800 2799 2803 2802 2804 2801 2804 2802 2805 2806 2803 2803 2804 2805 2792 2794 2807 2808 2809 2807 2807 2794 2808 2809 2810 2811 2810 2809 2808 2812 2811 2813 2810 2813 2811 2814 2815 2812 2812 2813 2814 2815 2816 2817 2816 2815 2814 2816 2818 2817 2817 2818 2819 2820 2821 2822 2823 2824 2825 2826 2820 2827 2828 2829 2821 2830 2826 2827 2831 2828 2832 2833 2834 2835 2836 2837 2835 2835 2837 2838 2839 2840 2841 2836 2840 2842 2843 2844 2845 2846 2847 2848 2849 2850 2851 2852 2844 2850 2851 2847 2846 2824 2843 2825 2853 2854 2855 2856 2854 2857 2858 2859 2860 2858 2860 2855 2861 2862 2859 2863 2848 2856 2834 2864 2865 2866 2841 2824 2861 2867 2868 2869 2870 2871 2872 2873 2871 2874 2873 2875 2876 2867 2874 2870 2869 2877 2876 2878 2867 2879 2880 2881 2882 2877 2869 2883 2884 2879 2880 2879 2884 2883 2882 2885 2884 2883 2885 2882 2869 2885 2886 2887 2888 2889 2826 2890 2891 2892 2893 2894 2888 2895 2896 2895 2897 2898 2899 2900 2901 2902 2903 2904 2905 2897 2906 2907 2908 2906 2908 2909 2910 2911 2912 2913 2906 2911 2914 2912 2889 2900 2915 2881 2916 2865 2864 2909 2901 2903 2872 2871 2870 2875 2873 2872 2876 2874 2875 2868 2867 2878 2862 2861 2868 2860 2859 2862 2855 2854 2858 2857 2854 2853 2863 2856 2857 2846 2848 2863 2851 2850 2847 2852 2850 2849 2845 2844 2852 2825 2843 2845 2866 2824 2823 2839 2841 2866 2842 2840 2839 2837 2836 2842 2833 2835 2838 2864 2834 2833 2916 2832 2865 2831 2832 2917 2916 2917 2832 2829 2828 2831 2822 2821 2829 2827 2820 2822 2890 2826 2830 2914 2889 2890 2910 2912 2914 2913 2911 2910 2907 2906 2913 2901 2909 2908 2902 2904 2903 2896 2897 2905 2905 2904 2902 2918 2895 2896 2888 2894 2886 2895 2918 2894 2887 2886 2893 2892 2891 2898 2887 2893 2892 2899 2915 2900 2891 2899 2898 2881 2880 2900 2919 2920 2921 2921 2922 2919 2923 2924 2925 2924 2923 2926 2927 2928 2929 2928 2927 2930 2931 2932 2933 2932 2931 2934 2935 2936 2937 2936 2935 2938 2970 2971 2972 2971 2970 2973 2974 2975 2976 2974 2977 2975 2976 2975 2978 2978 2979 2980 2980 2976 2978 2979 2981 2980 2977 2974 2982 2982 2983 2984 2984 2977 2982 2985 2983 2986 2983 2985 2984 2985 2986 2987 2988 2989 2990 2991 2992 2993 2994 2995 2996 2997 2998 2999 3000 3001 3002 3002 2995 3000 2996 2995 3002 3000 3003 3001 2996 2997 2994 2990 2999 2998 2999 2994 2997 2989 2988 2992 2990 2998 2988 2992 2991 2989 3004 3005 3006 3007 3008 3009 3009 3006 3005 3009 3008 3006 3007 3010 3008 3004 3011 3005 3012 3013 3014 3010 3007 3012 3013 3015 3016 3016 3014 3013 3017 3015 3018 3015 3017 3016 3014 3010 3012 3019 3017 3018 3020 3011 3004 3020 3021 3011 3022 3021 3023 3020 3023 3021 3024 3025 3022 3022 3023 3024 3025 3026 3027 3026 3025 3024 3028 3027 3029 3026 3029 3027 3030 3031 3028 3028 3029 3030 3031 3032 3033 3032 3031 3030 3032 3034 3033 3033 3034 3035 3036 3037 3038 3037 3036 3039 3040 3041 3042 3041 3040 3043 3044 3045 3046 3045 3044 3047 3048 3049 3050 3048 3051 3052 3052 3049 3048 3053 3051 3054 3051 3053 3052 3055 3056 3054 3053 3054 3056 3055 3057 3058 3058 3056 3055 3059 3057 3060 3057 3059 3058 3061 3062 3060 3059 3060 3062 3063 3062 3061 3064 3050 3049 3065 3066 3064 3050 3064 3066 3065 3067 3068 3068 3066 3065 3069 3067 3070 3067 3069 3068 3071 3072 3070 3069 3070 3072 3071 3073 3074 3074 3072 3071 3075 3073 3076 3073 3075 3074 3075 3076 3077 3078 3079 3080 3081 3082 3080 3078 3080 3082 3081 3083 3084 3084 3082 3081 3085 3083 3086 3083 3085 3084 3087 3088 3086 3085 3086 3088 3089 3088 3087 3090 3079 3078 3091 3090 3092 3090 3091 3079 3093 3094 3092 3091 3092 3094 3093 3095 3096 3096 3094 3093 3097 3095 3098 3095 3097 3096 3097 3098 3099 3100 3101 3102 3103 3104 3100 3100 3102 3103 3102 3101 3105 3101 3106 3105 3105 3106 3107 3108 3109 3110 3109 3108 3111 3112 3113 3114 3113 3112 3115 3116 3117 3118 3117 3116 3119 3120 3121 3122 3123 3124 3125 3126 3120 3122 3127 3121 3120 3121 3127 3128 3126 3129 3120 3128 3127 3130 3129 3126 3131 3132 3128 3130 3129 3133 3134 3132 3135 3128 3136 3137 3138 3139 3140 3141 3140 3142 3143 3144 3145 3143 3124 3143 3146 3145 3146 3143 3146 3147 3124 3136 3138 3148 3149 3148 3150 3124 3147 3125 3123 3151 3152 3153 3154 3137 3155 3123 3152 3156 3157 3158 3159 3123 3155 3160 3161 3162 3163 3164 3165 3143 3166 3144 3167 3168 3169 3140 3170 3142 3143 3142 3166 3154 3153 3164 3171 3167 3172 3140 3135 3141 3140 3139 3170 3167 3173 3172 3173 3174 3175 3135 3132 3141 3176 3174 3129 3129 3131 3133 3134 3176 3129 3176 3175 3174 3173 3167 3174 3168 3167 3171 3177 3167 3169 3177 3178 3150 3178 3177 3169 3150 3178 3149 3148 3149 3136 3153 3137 3136 3179 3154 3164 3163 3179 3164 3165 3162 3161 3161 3163 3165 3180 3160 3162 3157 3156 3180 3180 3162 3157 3125 3151 3123 3156 3158 3181 3158 3152 3181 3152 3151 3181 3182 3183 3184 3185 3186 3187 3188 3189 3190 3191 3192 3193 3182 3194 3195 3196 3193 3197 3198 3199 3200 3201 3202 3203 3198 3204 3205 3200 3206 3198 3207 3208 3209 3207 3205 3210 3211 3212 3213 3211 3209 3214 3214 3212 3211 3215 3216 3217 3213 3218 3217 3219 3220 3221 3216 3222 3221 3223 3224 3225 3220 3226 3227 3227 3228 3229 3230 3231 3232 3233 3230 3225 3234 3235 3236 3234 3232 3237 3238 3239 3240 3239 3241 3242 3241 3239 3238 3243 3244 3245 3245 3240 3246 3247 3248 3249 3250 3251 3247 3252 3248 3253 3254 3255 3256 3257 3253 3254 3258 3259 3260 3261 3255 3258 3193 3262 3263 3264 3259 3265 3193 3266 3267 3192 3266 3193 3193 3263 3191 3267 3197 3193 3265 3262 3264 3193 3264 3262 3264 3260 3259 3260 3261 3258 3261 3256 3255 3256 3257 3254 3257 3252 3253 3252 3249 3248 3249 3250 3247 3250 3244 3251 3245 3246 3243 3244 3243 3251 3245 3238 3240 3236 3242 3241 3235 3234 3237 3242 3236 3235 3231 3230 3233 3231 3237 3232 3223 3225 3230 3228 3224 3229 3223 3229 3224 3227 3226 3228 3220 3219 3226 3221 3268 3219 3216 3215 3222 3221 3222 3268 3213 3212 3218 3217 3218 3215 3269 3214 3209 3208 3207 3210 3269 3209 3208 3204 3210 3205 3206 3204 3198 3200 3199 3201 3202 3185 3203 3199 3202 3201 3187 3270 3185 3185 3270 3203 3187 3186 3271 3271 3195 3194 3195 3271 3186 3272 3182 3184 3182 3272 3194 3183 3189 3273 3183 3273 3184 3190 3274 3188 3273 3189 3188 3275 3276 3277 3276 3275 3278 3279 3280 3281 3281 3282 3279 3282 3281 3283 3282 3283 3284 3285 3284 3283 3285 3286 3284 3280 3279 3287 3287 3288 3289 3289 3280 3287 3290 3288 3291 3288 3290 3289 3290 3291 3292 3293 3294 3295 3296 3297 3293 3294 3293 3297 3295 3294 3298 3299 3296 3300 3299 3300 3301 3302 3303 3304 3300 3303 3301 3302 3301 3303 3296 3299 3297 3304 3305 3302 3298 3306 3295 3306 3307 3308 3307 3306 3298 3309 3308 3310 3307 3310 3308 3311 3312 3309 3309 3310 3311 3312 3313 3314 3313 3312 3311 3313 3315 3314 3314 3315 3316 3317 3318 3319 3320 3321 3322 3322 3321 3319 3323 3320 3324 3320 3323 3321 3322 3319 3318 3324 3325 3323 3326 3327 3328 3328 3327 3325 3324 3328 3325 3326 3329 3327 3317 3330 3318 3330 3317 3331 3331 3332 3333 3333 3330 3331 3334 3332 3335 3332 3334 3333 3336 3337 3335 3334 3335 3337 3336 3338 3339 3339 3337 3336 3340 3338 3341 3338 3340 3339 3340 3341 3342 3343 3344 3345 3343 3346 3347 3347 3346 3348 3345 3344 3349 3343 3347 3344 3350 3351 3352 3348 3350 3352 3348 3346 3350 3351 3353 3352 3345 3349 3354 3355 3354 3356 3349 3356 3354 3357 3358 3355 3355 3356 3357 3358 3359 3360 3359 3358 3357 3359 3361 3360 3360 3361 3362 3363 3364 3365 3364 3363 3366 3367 3368 3369 3368 3367 3370 3371 3372 3373 3372 3371 3374 3375 3376 3377 3376 3375 3378 3379 3380 3381 3379 3382 3383 3383 3380 3379 3384 3382 3385 3382 3384 3383 3386 3387 3385 3384 3385 3387 3386 3388 3389 3389 3387 3386 3390 3388 3391 3388 3390 3389 3392 3393 3391 3390 3391 3393 3394 3393 3392 3395 3381 3380 3396 3397 3395 3381 3395 3397 3396 3398 3399 3399 3397 3396 3400 3398 3401 3398 3400 3399 3402 3403 3401 3400 3401 3403 3402 3404 3405 3405 3403 3402 3406 3404 3407 3404 3406 3405 3406 3407 3408 3409 3410 3411 3409 3412 3413 3413 3410 3409 3414 3412 3415 3412 3414 3413 3416 3417 3415 3414 3415 3417 3416 3418 3419 3419 3417 3416 3420 3418 3421 3418 3420 3419 3422 3423 3421 3420 3421 3423 3424 3423 3422 3425 3411 3410 3426 3427 3425 3411 3425 3427 3426 3428 3429 3429 3427 3426 3430 3428 3431 3428 3430 3429 3432 3433 3431 3430 3431 3433 3432 3434 3435 3435 3433 3432 3436 3434 3437 3434 3436 3435 3436 3437 3438 3439 3440 3441 3442 3440 3443 3440 3442 3441 3444 3445 3443 3442 3443 3445 3446 3445 3444 3447 3439 3441 3447 3448 3449 3449 3439 3447 3450 3448 3451 3448 3450 3449 3450 3451 3452 3453 3454 3455 3453 3456 3457 3457 3454 3453 3458 3456 3459 3456 3458 3457 3460 3461 3459 3458 3459 3461 3462 3461 3460 3463 3455 3454 3464 3465 3463 3455 3463 3465 3464 3466 3467 3467 3465 3464 3468 3466 3469 3466 3468 3467 3468 3469 3470 3471 3472 3473 3474 3475 3473 3471 3473 3475 3476 3475 3474 3477 3472 3471 3478 3477 3479 3477 3478 3472 3478 3479 3480 3481 3482 3483 3484 3485 3483 3481 3483 3485 3486 3485 3484 3487 3482 3481 3488 3487 3489 3487 3488 3482 3488 3489 3490 3494 3495 3496 3495 3494 3497 3498 3499 3500 3499 3498 3501 3502 3503 3504 3503 3502 3505 3506 3507 3508 3507 3506 3509 3510 3511 3512 3511 3510 3513 3514 3515 3516 3515 3514 3517 3518 3519 3520 3519 3518 3521 3522 3523 3524 3523 3522 3525 3526 3527 3528 3527 3526 3529 3530 3531 3532 3531 3530 3533 3534 3535 3536 3535 3534 3537 3538 3539 3540 3541 3538 3540 3542 3543 3544 3545 3546 3547 3548 3546 3545 3544 3545 3547 3546 3538 3541 3547 3546 3541 3544 3547 3542 3542 3541 3543 3540 3543 3541 3583 3584 3585 3586 3584 3587 3584 3586 3585 3588 3589 3590 3589 3587 3590 3586 3587 3589 3588 3590 3591 3591 3592 3588 3593 3583 3585 3594 3595 3593 3583 3593 3595 3594 3596 3597 3597 3595 3594 3598 3596 3599 3596 3598 3597 3598 3599 3600 3601 3602 3603 3604 3602 3605 3602 3604 3603 3606 3607 3608 3608 3605 3606 3604 3605 3608 3609 3601 3603 3601 3609 3610 3611 3612 3610 3610 3609 3611 3612 3613 3614 3613 3612 3611 3613 3615 3614 3614 3615 3616 3617 3618 3619 3617 3620 3618 3621 3622 3623 3623 3620 3621 3624 3622 3625 3625 3622 3621 3626 3624 3625 3627 3628 3626 3624 3626 3628 3629 3630 3627 3627 3630 3628 3631 3629 3632 3629 3631 3630 3623 3618 3620 3632 3633 3631 3634 3617 3619 3635 3634 3619 3636 3635 3637 3635 3636 3634 3638 3639 3637 3636 3637 3639 3638 3640 3641 3641 3639 3638 3642 3640 3643 3640 3642 3641 3644 3645 3643 3642 3643 3645 3644 3646 3647 3647 3645 3644 3648 3646 3649 3646 3648 3647 3648 3649 3650 3651 3652 3653 3652 3651 3654 3655 3656 3657 3656 3655 3658 3659 3660 3661 3660 3659 3662 3663 3664 3665 3664 3663 3666 3667 3668 3669 3668 3670 3671 3670 3668 3667 3672 3671 3673 3670 3673 3671 3674 3675 3672 3672 3673 3674 3675 3676 3677 3676 3675 3674 3678 3677 3679 3676 3679 3677 3680 3681 3678 3678 3679 3680 3681 3682 3683 3682 3681 3680 3684 3683 3685 3682 3685 3683 3686 3687 3684 3684 3685 3686 3667 3669 3688 3689 3690 3688 3688 3669 3689 3690 3691 3692 3691 3690 3689 3693 3692 3694 3691 3694 3692 3695 3696 3693 3693 3694 3695 3696 3697 3698 3697 3696 3695 3699 3698 3700 3697 3700 3698 3701 3702 3699 3699 3700 3701 3702 3703 3704 3703 3702 3701 3703 3705 3704 3704 3705 3706 3707 3708 3709 3708 3710 3711 3710 3708 3707 3712 3711 3713 3710 3713 3711 3714 3715 3712 3712 3713 3714 3715 3716 3717 3716 3715 3714 3718 3717 3719 3716 3719 3717 3720 3721 3718 3718 3719 3720 3721 3722 3723 3722 3721 3720 3724 3723 3725 3722 3725 3723 3726 3727 3724 3724 3725 3726 3707 3709 3728 3729 3730 3728 3728 3709 3729 3730 3731 3732 3731 3730 3729 3733 3732 3734 3731 3734 3732 3735 3736 3733 3733 3734 3735 3736 3737 3738 3737 3736 3735 3739 3738 3740 3737 3740 3738 3741 3742 3739 3739 3740 3741 3742 3743 3744 3743 3742 3741 3743 3745 3744 3744 3745 3746 3747 3748 3749 3748 3747 3750 3751 3752 3753 3752 3751 3754 3755 3756 3757 3758 3756 3759 3760 3761 3762 3763 3764 3765 3766 3767 3768 3763 3769 3770 3770 3769 3771 3772 3773 3774 3767 3771 3775 3776 3777 3778 3779 3777 3780 3773 3781 3774 3782 3783 3780 3784 3781 3773 3785 3786 3787 3782 3785 3788 3789 3790 3791 3761 3772 3792 3792 3772 3774 3793 3776 3778 3761 3792 3762 3794 3795 3764 3776 3766 3768 3796 3797 3798 3798 3794 3799 3800 3760 3762 3801 3802 3803 3802 3759 3804 3805 3806 3801 3800 3807 3760 3808 3806 3809 3807 3800 3810 3809 3811 3808 3810 3812 3807 3812 3810 3813 3814 3815 3816 3817 3818 3819 3820 3821 3822 3812 3813 3816 3823 3820 3822 3790 3784 3791 3790 3781 3784 3789 3787 3786 3789 3791 3787 3786 3785 3782 3788 3783 3782 3783 3779 3780 3779 3778 3777 3793 3766 3776 3768 3767 3775 3775 3771 3769 3769 3763 3765 3765 3764 3795 3795 3794 3798 3799 3796 3798 3796 3824 3797 3824 3755 3757 3797 3824 3757 3756 3758 3757 3759 3802 3758 3803 3802 3804 3805 3801 3803 3809 3806 3805 3811 3825 3808 3821 3820 3825 3811 3821 3825 3819 3823 3826 3822 3826 3823 3827 3818 3817 3817 3819 3826 3827 3828 3829 3829 3818 3827 3816 3813 3814 3829 3828 3814 3828 3815 3814 3830 3831 3832 3833 3834 3835 3836 3834 3833 3832 3836 3837 3838 3839 3840 3841 3834 3839 3842 3843 3844 3844 3845 3846 3847 3848 3849 3850 3851 3852 3853 3848 3854 3848 3855 3854 3856 3854 3855 3857 3855 3858 3855 3857 3859 3860 3861 3862 3861 3863 3858 3864 3865 3866 3865 3864 3862 3867 3868 3869 3866 3870 3867 3867 3869 3866 3871 3872 3866 3873 3869 3868 3874 3875 3876 3877 3878 3879 3880 3881 3882 3883 3884 3885 3886 3887 3888 3889 3890 3891 3892 3893 3894 3895 3896 3897 3898 3899 3900 3894 3893 3901 3893 3892 3898 3902 3903 3900 3898 3892 3899 3904 3905 3906 3906 3897 3904 3907 3908 3909 3910 3911 3912 3913 3914 3915 3907 3890 3889 3916 3917 3918 3917 3919 3918 3884 3920 3921 3921 3885 3884 3876 3921 3922 3921 3920 3922 3874 3876 3922 3923 3924 3925 3926 3927 3928 3875 3926 3928 3879 3878 3929 3927 3926 3930 3931 3932 3877 3933 3932 3934 3929 3878 3935 3936 3935 3872 3871 3937 3872 3936 3872 3937 3938 3939 3940 3875 3874 3926 3923 3938 3941 3916 3918 3883 3885 3916 3883 3919 3917 3914 3942 3924 3923 3915 3889 3913 3917 3915 3914 3943 3923 3925 3944 3945 3946 3889 3891 3913 3908 3907 3912 3907 3909 3890 3886 3943 3947 3944 3948 3949 3911 3910 3905 3907 3910 3912 3950 3948 3951 3910 3906 3905 3896 3895 3903 3906 3895 3897 3952 3948 3953 3902 3900 3899 3895 3900 3903 3901 3953 3894 3948 3894 3953 3954 3951 3948 3948 3952 3954 3949 3948 3950 3946 3948 3944 3887 3945 3888 3887 3946 3945 3886 3888 3943 3925 3947 3943 3941 3942 3923 3955 3940 3939 3938 3923 3939 3956 3939 3881 3956 3955 3939 3881 3939 3882 3933 3880 3882 3931 3934 3932 3933 3882 3932 3879 3931 3877 3936 3929 3935 3871 3866 3869 3866 3865 3870 3869 3873 3957 3861 3860 3863 3864 3860 3862 3857 3858 3863 3849 3848 3853 3859 3856 3855 3851 3848 3847 3844 3851 3850 3852 3851 3847 3843 3845 3844 3844 3850 3842 3839 3846 3840 3846 3845 3840 3835 3834 3841 3838 3841 3839 3830 3832 3837 3836 3833 3837 3831 3958 3959 3831 3959 3832 3960 3961 3958 3959 3958 3961 3962 3963 3964 3963 3962 3965 3966 3967 3968 3966 3969 3967 3970 3971 3972 3968 3972 3966 3971 3973 3974 3973 3971 3970 3972 3968 3970 3973 3975 3974 3975 3976 3974 3977 3967 3969 3978 3977 3969 3979 3978 3980 3978 3979 3977 3981 3982 3980 3979 3980 3982 3981 3983 3984 3984 3982 3981 3985 3983 3986 3983 3985 3984 3985 3986 3987 3988 3989 3990 3991 3992 3993 3989 3992 3991 3994 3993 3995 3992 3995 3993 3996 3997 3994 3996 3994 3995 3998 3999 4000 4000 3999 4001 3997 3998 4000 3998 3997 3996 3999 4002 4001 4002 4003 4001 3991 3990 3989 4004 3988 3990 4005 4006 4004 3988 4004 4006 4005 4007 4008 4008 4006 4005 4009 4007 4010 4007 4009 4008 4011 4012 4010 4009 4010 4012 4011 4013 4014 4014 4012 4011 4015 4013 4016 4013 4015 4014 4015 4016 4017 4018 4019 4020 4021 4022 4023 4024 4025 4026 4025 4027 4026 4020 4026 4027 4020 4027 4018 4021 4019 4022 4022 4019 4018 4028 4029 4030 4028 4031 4029 4029 4032 4030 4032 4033 4030 4032 4034 4033 4033 4034 4035 4036 4037 4038 4039 4037 4036 4040 4038 4037 4038 4040 4041 4042 4043 4044 4045 4043 4046 4043 4045 4044 4047 4048 4046 4045 4046 4048 4049 4048 4047 4050 4042 4044 4050 4051 4052 4052 4042 4050 4053 4051 4054 4051 4053 4052 4053 4054 4055 4056 4057 4058 4059 4057 4060 4057 4059 4058 4061 4062 4060 4059 4060 4062 4061 4063 4064 4064 4062 4061 4065 4063 4066 4063 4065 4064 4067 4068 4066 4065 4066 4068 4069 4068 4067 4070 4056 4058 4070 4071 4072 4072 4056 4070 4073 4071 4074 4071 4073 4072 4075 4076 4074 4073 4074 4076 4075 4077 4078 4078 4076 4075 4079 4077 4080 4077 4079 4078 4079 4080 4081 4082 4083 4084 4085 4086 4084 4082 4084 4086 4085 4087 4088 4088 4086 4085 4089 4087 4090 4087 4089 4088 4091 4092 4090 4089 4090 4092 4093 4092 4091 4094 4083 4082 4095 4094 4096 4094 4095 4083 4097 4098 4096 4095 4096 4098 4097 4099 4100 4100 4098 4097 4101 4099 4102 4099 4101 4100 4101 4102 4103 4104 4105 4106 4105 4104 4107 4108 4109 4110 4111 4112 4113 4111 4113 4108 4113 4109 4108 4114 4112 4111 4115 4116 4117 4116 4114 4117 4112 4114 4116 4118 4115 4117 4118 4119 4115 4110 4109 4120 4121 4120 4122 4120 4121 4110 4123 4124 4122 4121 4122 4124 4123 4125 4126 4126 4124 4123 4127 4125 4128 4125 4127 4126 4127 4128 4129 4130 4131 4132 4130 4132 4133 4134 4135 4136 4135 4134 4131 4137 4136 4138 4136 4135 4138 4139 4140 4137 4137 4138 4139 4132 4131 4134 4139 4141 4140 4142 4143 4144 4142 4144 4145 4141 4145 4140 4141 4142 4145 4143 4146 4144 4133 4147 4130 4148 4147 4149 4133 4149 4147 4150 4151 4148 4148 4149 4150 4151 4152 4153 4152 4151 4150 4154 4153 4155 4152 4155 4153 4156 4157 4154 4154 4155 4156 4157 4158 4159 4158 4157 4156 4158 4160 4159 4159 4160 4161 4162 4163 4164 4164 4165 4166 4165 4164 4163 4167 4166 4168 4165 4168 4166 4163 4162 4169 4170 4171 4172 4170 4172 4167 4173 4171 4174 4171 4173 4172 4168 4170 4167 4175 4173 4174 4169 4162 4176 4169 4176 4177 4178 4179 4177 4177 4176 4178 4179 4180 4181 4180 4179 4178 4182 4181 4183 4180 4183 4181 4184 4185 4182 4182 4183 4184 4185 4186 4187 4186 4185 4184 4186 4188 4187 4187 4188 4189 4190 4191 4192 4193 4191 4194 4191 4193 4192 4195 4196 4194 4193 4194 4196 4195 4197 4198 4198 4196 4195 4199 4197 4200 4197 4199 4198 4201 4202 4200 4199 4200 4202 4203 4202 4201 4204 4190 4192 4204 4205 4206 4206 4190 4204 4207 4205 4208 4205 4207 4206 4209 4210 4208 4207 4208 4210 4209 4211 4212 4212 4210 4209 4213 4211 4214 4211 4213 4212 4213 4214 4215 4216 4217 4218 4219 4218 4220 4217 4220 4218 4221 4222 4219 4219 4220 4221 4222 4223 4224 4223 4222 4221 4225 4224 4226 4223 4226 4224 4227 4228 4225 4225 4226 4227 4217 4216 4229 4229 4230 4231 4230 4229 4216 4232 4231 4233 4230 4233 4231 4234 4235 4232 4232 4233 4234 4235 4236 4237 4236 4235 4234 4236 4238 4237 4237 4238 4239 4240 4241 4242 4240 4243 4244 4244 4241 4240 4245 4243 4246 4243 4245 4244 4247 4248 4246 4245 4246 4248 4249 4248 4247 4250 4242 4241 4251 4252 4250 4242 4250 4252 4251 4253 4254 4254 4252 4251 4255 4253 4256 4253 4255 4254 4255 4256 4257 4258 4259 4260 4260 4261 4258 4262 4263 4258 4262 4258 4261 4264 4265 4266 4265 4264 4267 4268 4269 4270 4269 4268 4271 4272 4273 4274 4273 4272 4275 4276 4277 4278 4277 4276 4279 4280 4281 4282 4281 4280 4283 4284 4285 4286 4285 4284 4287 4288 4289 4290 4291 4292 4293 4294 4295 4296 4297 4298 4299 4300 4301 4302 4303 4304 4305 4306 4307 4308 4309 4310 4311 4312 4313 4314 4315 4310 4316 4309 4311 4317 4318 4319 4320 4321 4318 4315 4322 4323 4324 4325 4326 4320 4324 4327 4322 4327 4328 4322 4329 4330 4331 4328 4332 4329 4333 4334 4335 4335 4336 4337 4338 4339 4340 4338 4341 4342 4343 4344 4345 4343 4340 4346 4347 4348 4349 4348 4350 4345 4351 4352 4353 4354 4351 4349 4355 4356 4357 4356 4358 4359 4357 4360 4355 4360 4357 4361 4362 4363 4364 4364 4292 4365 4366 4363 4367 4368 4369 4370 4371 4372 4373 4373 4368 4371 4374 4375 4372 4373 4372 4375 4376 4374 4377 4374 4376 4375 4378 4377 4379 4378 4376 4377 4370 4369 4367 4371 4368 4370 4366 4364 4363 4369 4366 4367 4362 4364 4365 4365 4292 4291 4291 4293 4361 4293 4360 4361 4358 4356 4355 4353 4352 4359 4353 4359 4358 4349 4351 4347 4354 4352 4351 4345 4350 4343 4350 4348 4347 4346 4344 4343 4346 4340 4339 4339 4338 4342 4342 4341 4334 4333 4335 4337 4341 4335 4334 4337 4336 4330 4336 4331 4330 4332 4328 4327 4331 4328 4329 4323 4325 4324 4320 4326 4318 4325 4323 4326 4316 4321 4315 4318 4321 4319 4313 4317 4311 4310 4309 4316 4317 4313 4312 4303 4305 4314 4305 4312 4314 4308 4304 4306 4304 4303 4306 4308 4307 4296 4302 4295 4294 4294 4296 4307 4290 4301 4300 4301 4295 4302 4289 4288 4298 4290 4300 4288 4299 4380 4297 4289 4298 4297 4381 4382 4383 4382 4381 4384 4385 4386 4387 4385 4387 4388 4389 4387 4386 4390 4391 4392 4392 4391 4389 4391 4390 4393 4386 4392 4389 4385 4388 4394 4388 4395 4394 4396 4397 4395 4394 4395 4397 4396 4398 4399 4399 4397 4396 4400 4398 4401 4398 4400 4399 4400 4401 4402 4403 4404 4405 4406 4407 4408 4404 4409 4410 4410 4405 4404 4411 4412 4403 4403 4405 4411 4413 4414 4415 4414 4412 4411 4416 4415 4417 4415 4416 4413 4417 4418 4419 4416 4417 4419 4414 4413 4412 4409 4420 4410 4421 4422 4420 4420 4409 4421 4422 4423 4424 4423 4422 4421 4425 4424 4426 4423 4426 4424 4427 4428 4425 4425 4426 4427 4428 4429 4430 4429 4428 4427 4407 4430 4408 4429 4408 4430 4431 4432 4433 4434 4435 4436 4436 4435 4432 4434 4436 4437 4437 4438 4439 4439 4434 4437 4435 4433 4432 4438 4440 4439 4441 4440 4442 4441 4442 4443 4440 4438 4442 4443 4444 4441 4445 4431 4433 4431 4445 4446 4447 4448 4446 4446 4445 4447 4448 4449 4450 4449 4448 4447 4451 4450 4452 4449 4452 4450 4453 4454 4451 4451 4452 4453 4454 4455 4456 4455 4454 4453 4455 4457 4456 4456 4457 4458 4459 4460 4461 4462 4463 4464 4465 4466 4467 4465 4467 4468 4465 4468 4469 4466 4460 4467 4460 4466 4461 4468 4470 4469 4471 4459 4461 4472 4473 4471 4459 4471 4473 4472 4474 4475 4475 4473 4472 4476 4474 4464 4474 4476 4475 4476 4464 4463 4477 4478 4479 4478 4477 4480 4481 4482 4483 4484 4485 4481 4481 4483 4484 4485 4486 4487 4486 4485 4484 4488 4487 4489 4486 4489 4487 4490 4491 4488 4488 4489 4490 4483 4482 4492 4493 4492 4494 4482 4494 4492 4495 4496 4493 4493 4494 4495 4496 4497 4498 4497 4496 4495 4497 4499 4498 4498 4499 4500 4501 4502 4503 4504 4505 4503 4501 4503 4505 4504 4506 4507 4507 4505 4504 4508 4506 4509 4506 4508 4507 4510 4511 4509 4508 4509 4511 4510 4512 4513 4513 4511 4510 4514 4512 4515 4512 4514 4513 4516 4517 4515 4514 4515 4517 4518 4517 4516 4519 4502 4501 4520 4519 4521 4519 4520 4502 4522 4523 4521 4520 4521 4523 4522 4524 4525 4525 4523 4522 4526 4524 4527 4524 4526 4525 4528 4529 4527 4526 4527 4529 4528 4530 4531 4531 4529 4528 4532 4530 4533 4530 4532 4531 4532 4533 4534 4535 4536 4537 4538 4539 4537 4535 4537 4539 4538 4540 4541 4541 4539 4538 4542 4540 4543 4540 4542 4541 4544 4545 4543 4542 4543 4545 4544 4546 4547 4547 4545 4544 4548 4546 4549 4546 4548 4547 4550 4551 4549 4548 4549 4551 4552 4551 4550 4553 4536 4535 4554 4553 4555 4553 4554 4536 4556 4557 4555 4554 4555 4557 4556 4558 4559 4559 4557 4556 4560 4558 4561 4558 4560 4559 4562 4563 4561 4560 4561 4563 4562 4564 4565 4565 4563 4562 4566 4564 4567 4564 4566 4565 4566 4567 4568 4569 4570 4571 4569 4572 4573 4573 4570 4569 4574 4572 4575 4572 4574 4573 4576 4577 4575 4574 4575 4577 4578 4577 4576 4579 4571 4570 4580 4581 4579 4571 4579 4581 4580 4582 4583 4583 4581 4580 4584 4582 4585 4582 4584 4583 4584 4585 4586 4587 4588 4589 4590 4591 4592 4593 4591 4590 4589 4593 4594 4595 4596 4597 4598 4591 4596 4599 4600 4601 4601 4602 4603 4604 4605 4606 4607 4608 4609 4610 4605 4611 4605 4612 4611 4613 4611 4612 4614 4612 4615 4612 4614 4616 4617 4618 4619 4618 4620 4615 4621 4622 4623 4622 4621 4619 4624 4625 4626 4623 4627 4624 4624 4626 4623 4628 4629 4623 4630 4626 4625 4631 4632 4633 4634 4635 4636 4637 4638 4639 4640 4641 4642 4643 4644 4645 4646 4647 4648 4649 4650 4651 4652 4653 4654 4655 4656 4657 4651 4650 4658 4650 4649 4655 4659 4660 4657 4655 4649 4656 4661 4662 4663 4663 4654 4661 4664 4665 4666 4667 4668 4669 4670 4671 4672 4664 4647 4646 4673 4674 4675 4674 4676 4675 4641 4677 4678 4678 4642 4641 4633 4678 4679 4678 4677 4679 4631 4633 4679 4680 4681 4682 4683 4684 4685 4632 4683 4685 4636 4635 4686 4684 4683 4687 4688 4689 4634 4690 4689 4691 4686 4635 4692 4693 4692 4629 4628 4694 4629 4693 4629 4694 4695 4696 4697 4632 4631 4683 4680 4695 4698 4673 4675 4640 4642 4673 4640 4676 4674 4671 4699 4681 4680 4672 4646 4670 4674 4672 4671 4700 4680 4682 4701 4702 4703 4646 4648 4670 4665 4664 4669 4664 4666 4647 4643 4700 4704 4701 4705 4706 4668 4667 4662 4664 4667 4669 4707 4705 4708 4667 4663 4662 4653 4652 4660 4663 4652 4654 4709 4705 4710 4659 4657 4656 4652 4657 4660 4658 4710 4651 4705 4651 4710 4711 4708 4705 4705 4709 4711 4706 4705 4707 4703 4705 4701 4644 4702 4645 4644 4703 4702 4643 4645 4700 4682 4704 4700 4698 4699 4680 4712 4697 4696 4695 4680 4696 4713 4696 4638 4713 4712 4696 4638 4696 4639 4690 4637 4639 4688 4691 4689 4690 4639 4689 4636 4688 4634 4693 4686 4692 4628 4623 4626 4623 4622 4627 4626 4630 4714 4618 4617 4620 4621 4617 4619 4614 4615 4620 4606 4605 4610 4616 4613 4612 4608 4605 4604 4601 4608 4607 4609 4608 4604 4600 4602 4601 4601 4607 4599 4596 4603 4597 4603 4602 4597 4592 4591 4598 4595 4598 4596 4587 4589 4594 4593 4590 4594 4588 4715 4716 4588 4716 4589 4717 4718 4715 4716 4715 4718 4719 4720 4721 4720 4719 4722 4723 4724 4725 4723 4726 4724 4727 4723 4725 4728 4729 4730 4728 4727 4731 4731 4729 4728 4731 4727 4725 4730 4729 4732 4732 4733 4730 4734 4724 4726 4735 4734 4726 4736 4735 4737 4735 4736 4734 4738 4739 4737 4736 4737 4739 4738 4740 4741 4741 4739 4738 4742 4740 4743 4740 4742 4741 4742 4743 4744 4745 4746 4747 4746 4745 4748 4748 4749 4746 4750 4751 4752 4752 4751 4749 4748 4752 4749 4753 4750 4754 4751 4750 4753 4755 4756 4757 4756 4755 4754 4758 4759 4757 4756 4758 4757 4753 4754 4755 4745 4747 4760 4747 4761 4760 4762 4763 4761 4760 4761 4763 4762 4764 4765 4765 4763 4762 4766 4764 4767 4764 4766 4765 4768 4769 4767 4766 4767 4769 4768 4770 4771 4771 4769 4768 4772 4770 4773 4770 4772 4771 4772 4773 4774 4775 4776 4777 4778 4779 4780 4781 4782 4783 4782 4784 4783 4777 4783 4784 4777 4784 4775 4778 4776 4779 4779 4776 4775 4785 4786 4787 4786 4785 4788 4788 4785 4789 4789 4790 4788 4789 4791 4790 4790 4791 4792 4793 4794 4795 4796 4794 4793 4797 4795 4794 4795 4797 4798 4799 4800 4801 4802 4800 4803 4800 4802 4801 4804 4805 4803 4802 4803 4805 4806 4805 4804 4807 4799 4801 4807 4808 4809 4809 4799 4807 4810 4808 4811 4808 4810 4809 4810 4811 4812 4813 4814 4815 4816 4814 4817 4814 4816 4815 4818 4819 4817 4816 4817 4819 4818 4820 4821 4821 4819 4818 4822 4820 4823 4820 4822 4821 4824 4825 4823 4822 4823 4825 4826 4825 4824 4827 4813 4815 4827 4828 4829 4829 4813 4827 4830 4828 4831 4828 4830 4829 4832 4833 4831 4830 4831 4833 4832 4834 4835 4835 4833 4832 4836 4834 4837 4834 4836 4835 4836 4837 4838 4839 4840 4841 4842 4843 4841 4839 4841 4843 4842 4844 4845 4845 4843 4842 4846 4844 4847 4844 4846 4845 4848 4849 4847 4846 4847 4849 4850 4849 4848 4851 4840 4839 4852 4851 4853 4851 4852 4840 4854 4855 4853 4852 4853 4855 4854 4856 4857 4857 4855 4854 4858 4856 4859 4856 4858 4857 4858 4859 4860 4861 4862 4863 4862 4861 4864 4865 4866 4867 4868 4867 4866 4867 4869 4865 4870 4871 4868 4866 4870 4868 4872 4871 4870 4865 4869 4873 4874 4871 4872 4875 4874 4872 4875 4876 4874 4869 4877 4873 4878 4877 4879 4877 4878 4873 4880 4881 4879 4878 4879 4881 4880 4882 4883 4883 4881 4880 4884 4882 4885 4882 4884 4883 4884 4885 4886 4887 4888 4889 4890 4891 4892 4890 4889 4888 4888 4891 4890 4893 4894 4895 4892 4891 4893 4894 4896 4897 4897 4895 4894 4892 4893 4895 4896 4898 4897 4899 4898 4896 4898 4899 4900 4899 4901 4900 4901 4902 4900 4889 4903 4887 4903 4904 4887 4905 4904 4906 4903 4906 4904 4907 4908 4905 4905 4906 4907 4908 4909 4910 4909 4908 4907 4911 4910 4912 4909 4912 4910 4913 4914 4911 4911 4912 4913 4914 4915 4916 4915 4914 4913 4915 4917 4916 4916 4917 4918 4919 4920 4921 4922 4923 4920 4920 4919 4922 4924 4925 4926 4925 4921 4926 4927 4928 4924 4924 4926 4927 4925 4919 4921 4929 4928 4927 4930 4931 4932 4932 4929 4930 4928 4929 4932 4922 4933 4923 4923 4933 4934 4935 4936 4934 4934 4933 4935 4936 4937 4938 4937 4936 4935 4939 4938 4940 4937 4940 4938 4941 4942 4939 4939 4940 4941 4942 4943 4944 4943 4942 4941 4943 4945 4944 4944 4945 4946 4947 4948 4949 4950 4948 4951 4948 4950 4949 4952 4953 4951 4950 4951 4953 4952 4954 4955 4955 4953 4952 4956 4954 4957 4954 4956 4955 4958 4959 4957 4956 4957 4959 4960 4959 4958 4961 4947 4949 4961 4962 4963 4963 4947 4961 4964 4962 4965 4962 4964 4963 4966 4967 4965 4964 4965 4967 4966 4968 4969 4969 4967 4966 4970 4968 4971 4968 4970 4969 4970 4971 4972 4973 4974 4975 4976 4975 4977 4974 4977 4975 4978 4979 4976 4976 4977 4978 4979 4980 4981 4980 4979 4978 4982 4981 4983 4980 4983 4981 4984 4985 4982 4982 4983 4984 4974 4973 4986 4986 4987 4988 4987 4986 4973 4989 4988 4990 4987 4990 4988 4991 4992 4989 4989 4990 4991 4992 4993 4994 4993 4992 4991 4993 4995 4994 4994 4995 4996 4997 4998 4999 4997 5000 5001 5001 4998 4997 5002 5000 5003 5000 5002 5001 5004 5005 5003 5002 5003 5005 5006 5005 5004 5007 4999 4998 5008 5009 5007 4999 5007 5009 5008 5010 5011 5011 5009 5008 5012 5010 5013 5010 5012 5011 5012 5013 5014 5048 5049 5050 5050 5051 5048 5049 5048 5052 5053 5054 5051 5050 5053 5051 5055 5049 5052 5056 5054 5053 5056 5057 5054 5055 5052 5058 5059 5060 5058 5055 5058 5060 5059 5061 5062 5062 5060 5059 5063 5061 5064 5061 5063 5062 5063 5064 5065 5066 5067 5068 5067 5069 5068 5070 5071 5072 5066 5068 5070 5070 5072 5066 5071 5073 5072 5069 5067 5074 5074 5075 5076 5076 5069 5074 5077 5075 5078 5075 5077 5076 5077 5078 5079 5080 5081 5082 5080 5083 5081 5083 5084 5085 5084 5083 5080 5086 5085 5087 5084 5087 5085 5081 5088 5082 5086 5087 5089 5090 5091 5092 5090 5089 5091 5091 5093 5092 5094 5095 5093 5092 5093 5095 5086 5089 5090 5094 5096 5095 5088 5097 5082 5098 5097 5088 5099 5098 5100 5098 5099 5097 5101 5102 5100 5099 5100 5102 5101 5103 5104 5104 5102 5101 5105 5103 5106 5103 5105 5104 5107 5108 5106 5105 5106 5108 5107 5109 5110 5110 5108 5107 5111 5109 5112 5109 5111 5110 5111 5112 5113 5114 5115 5116 5115 5114 5117 5118 5119 5120 5119 5118 5121 5122 5123 5124 5123 5122 5125 5126 5127 5128 5127 5126 5129 5130 5131 5132 5133 5132 5134 5131 5134 5132 5135 5136 5133 5133 5134 5135 5136 5137 5138 5137 5136 5135 5139 5138 5140 5137 5140 5138 5141 5142 5139 5139 5140 5141 5142 5143 5144 5143 5142 5141 5145 5144 5146 5143 5146 5144 5147 5148 5145 5145 5146 5147 5131 5130 5149 5149 5150 5151 5150 5149 5130 5152 5151 5153 5150 5153 5151 5154 5155 5152 5152 5153 5154 5155 5156 5157 5156 5155 5154 5158 5157 5159 5156 5159 5157 5160 5161 5158 5158 5159 5160 5161 5162 5163 5162 5161 5160 5162 5164 5163 5163 5164 5165 5166 5167 5168 5169 5168 5170 5167 5170 5168 5171 5172 5169 5169 5170 5171 5172 5173 5174 5173 5172 5171 5175 5174 5176 5173 5176 5174 5177 5178 5175 5175 5176 5177 5178 5179 5180 5179 5178 5177 5181 5180 5182 5179 5182 5180 5183 5184 5181 5181 5182 5183 5167 5166 5185 5185 5186 5187 5186 5185 5166 5188 5187 5189 5186 5189 5187 5190 5191 5188 5188 5189 5190 5191 5192 5193 5192 5191 5190 5194 5193 5195 5192 5195 5193 5196 5197 5194 5194 5195 5196 5197 5198 5199 5198 5197 5196 5198 5200 5199 5199 5200 5201 5202 5203 5204 5203 5202 5205 5206 5207 5208 5207 5206 5209 5210 5211 5212 5213 5214 5215 5216 5217 5218 5219 5220 5221 5222 5223 5224 5225 5219 5221 5226 5223 5220 5227 5228 5229 5228 5227 5230 5231 5232 5233 5234 5235 5236 5237 5227 5229 5237 5229 5238 5239 5235 5233 5228 5230 5240 5213 5234 5236 5241 5225 5215 5240 5242 5228 5243 5242 5240 5216 5218 5222 5244 5245 5212 5246 5217 5247 5248 5242 5243 5249 5245 5250 5243 5251 5248 5252 5249 5253 5254 5248 5251 5255 5252 5256 5251 5257 5254 5255 5256 5258 5259 5260 5261 5262 5263 5264 5265 5266 5267 5254 5257 5260 5266 5268 5267 5269 5270 5271 5271 5238 5269 5271 5237 5238 5272 5231 5270 5270 5269 5272 5272 5232 5231 5232 5239 5233 5235 5234 5233 5236 5214 5213 5214 5241 5215 5241 5219 5225 5221 5220 5223 5226 5224 5223 5224 5216 5222 5218 5217 5246 5273 5274 5246 5247 5273 5246 5210 5212 5274 5273 5210 5274 5244 5212 5211 5250 5245 5244 5253 5249 5250 5255 5249 5252 5275 5258 5256 5266 5265 5275 5275 5265 5258 5276 5268 5262 5268 5276 5267 5277 5263 5262 5264 5276 5262 5277 5278 5279 5279 5263 5277 5260 5257 5261 5279 5278 5261 5278 5259 5261 5280 5281 5282 5281 5283 5284 5281 5284 5285 5283 5281 5280 5281 5285 5286 5287 5280 5288 5280 5287 5289 5280 5282 5288 5290 5291 5292 5291 5290 5293 5294 5295 5296 5295 5294 5297 5298 5299 5300 5299 5298 5301 5302 5303 5304 5303 5302 5305 5306 5307 5308 5307 5306 5309 5310 5311 5312 5311 5310 5313 5314 5315 5316 5315 5314 5317 5318 5319 5320 5319 5318 5321 5322 5323 5324 5323 5322 5325 5326 5327 5328 5327 5326 5329 5330 5331 5332 5333 5334 5335 5336 5337 5338 5339 5340 5341 5330 5342 5343 5344 5341 5345 5346 5347 5348 5349 5350 5351 5346 5352 5353 5348 5354 5346 5355 5356 5357 5355 5353 5358 5359 5360 5361 5359 5357 5362 5362 5360 5359 5363 5364 5365 5361 5366 5365 5367 5368 5369 5364 5370 5369 5371 5372 5373 5368 5374 5375 5375 5376 5377 5378 5379 5380 5381 5378 5373 5382 5383 5384 5382 5380 5385 5386 5387 5388 5387 5389 5390 5389 5387 5386 5391 5392 5393 5393 5388 5394 5395 5396 5397 5398 5399 5395 5400 5396 5401 5402 5403 5404 5405 5401 5402 5406 5407 5408 5409 5403 5406 5341 5410 5411 5412 5407 5413 5341 5414 5415 5340 5414 5341 5341 5411 5339 5415 5345 5341 5413 5410 5412 5341 5412 5410 5412 5408 5407 5408 5409 5406 5409 5404 5403 5404 5405 5402 5405 5400 5401 5400 5397 5396 5397 5398 5395 5398 5392 5399 5393 5394 5391 5392 5391 5399 5393 5386 5388 5384 5390 5389 5383 5382 5385 5390 5384 5383 5379 5378 5381 5379 5385 5380 5371 5373 5378 5376 5372 5377 5371 5377 5372 5375 5374 5376 5368 5367 5374 5369 5416 5367 5364 5363 5370 5369 5370 5416 5361 5360 5366 5365 5366 5363 5417 5362 5357 5356 5355 5358 5417 5357 5356 5352 5358 5353 5354 5352 5346 5348 5347 5349 5350 5333 5351 5347 5350 5349 5335 5418 5333 5333 5418 5351 5335 5334 5419 5419 5343 5342 5343 5419 5334 5420 5330 5332 5330 5420 5342 5331 5337 5421 5331 5421 5332 5338 5422 5336 5421 5337 5336 5423 5424 5425 5424 5423 5426 5427 5428 5429 5427 5430 5428 5429 5428 5431 5429 5431 5432 5433 5432 5431 5433 5434 5432 5435 5430 5427 5435 5436 5437 5437 5430 5435 5438 5436 5439 5436 5438 5437 5438 5439 5440 5441 5442 5443 5444 5441 5445 5443 5445 5441 5446 5447 5444 5444 5445 5446 5447 5446 5448 5449 5450 5448 5447 5448 5450 5442 5451 5443 5449 5452 5450 5442 5453 5451 5454 5451 5453 5454 5455 5456 5455 5454 5453 5457 5456 5458 5455 5458 5456 5459 5460 5457 5457 5458 5459 5460 5461 5462 5461 5460 5459 5461 5463 5462 5462 5463 5464 5465 5466 5467 5468 5467 5469 5468 5469 5470 5470 5471 5468 5472 5473 5474 5472 5471 5475 5475 5471 5470 5473 5472 5475 5469 5467 5466 5474 5476 5477 5474 5473 5476 5465 5478 5466 5478 5465 5479 5479 5480 5481 5481 5478 5479 5482 5480 5483 5480 5482 5481 5484 5485 5483 5482 5483 5485 5484 5486 5487 5487 5485 5484 5488 5486 5489 5486 5488 5487 5488 5489 5490 5491 5492 5493 5491 5493 5494 5495 5492 5496 5495 5496 5497 5493 5492 5495 5498 5499 5500 5497 5498 5500 5497 5496 5498 5499 5501 5500 5494 5502 5491 5503 5502 5504 5494 5504 5502 5505 5506 5503 5503 5504 5505 5506 5507 5508 5507 5506 5505 5507 5509 5508 5508 5509 5510 5511 5512 5513 5512 5511 5514 5515 5516 5517 5516 5515 5518 5519 5520 5521 5520 5519 5522 5523 5524 5525 5524 5523 5526 5527 5528 5529 5527 5530 5531 5531 5528 5527 5532 5530 5533 5530 5532 5531 5534 5535 5533 5532 5533 5535 5534 5536 5537 5537 5535 5534 5538 5536 5539 5536 5538 5537 5540 5541 5539 5538 5539 5541 5542 5541 5540 5543 5529 5528 5544 5545 5543 5529 5543 5545 5544 5546 5547 5547 5545 5544 5548 5546 5549 5546 5548 5547 5550 5551 5549 5548 5549 5551 5550 5552 5553 5553 5551 5550 5554 5552 5555 5552 5554 5553 5554 5555 5556 5557 5558 5559 5557 5560 5561 5561 5558 5557 5562 5560 5563 5560 5562 5561 5564 5565 5563 5562 5563 5565 5564 5566 5567 5567 5565 5564 5568 5566 5569 5566 5568 5567 5570 5571 5569 5568 5569 5571 5572 5571 5570 5573 5559 5558 5574 5575 5573 5559 5573 5575 5574 5576 5577 5577 5575 5574 5578 5576 5579 5576 5578 5577 5580 5581 5579 5578 5579 5581 5580 5582 5583 5583 5581 5580 5584 5582 5585 5582 5584 5583 5584 5585 5586 5587 5588 5589 5590 5588 5591 5588 5590 5589 5592 5593 5591 5590 5591 5593 5594 5593 5592 5595 5587 5589 5595 5596 5597 5597 5587 5595 5598 5596 5599 5596 5598 5597 5598 5599 5600 5601 5602 5603 5601 5604 5605 5605 5602 5601 5606 5604 5607 5604 5606 5605 5608 5609 5607 5606 5607 5609 5610 5609 5608 5611 5603 5602 5612 5613 5611 5603 5611 5613 5612 5614 5615 5615 5613 5612 5616 5614 5617 5614 5616 5615 5616 5617 5618 5619 5620 5621 5622 5623 5621 5619 5621 5623 5624 5623 5622 5625 5620 5619 5626 5625 5627 5625 5626 5620 5626 5627 5628 5629 5630 5631 5632 5633 5631 5629 5631 5633 5634 5633 5632 5635 5630 5629 5636 5635 5637 5635 5636 5630 5636 5637 5638 5639 5640 5641 5640 5642 5643 5640 5643 5644 5642 5640 5639 5640 5644 5645 5646 5639 5647 5639 5646 5648 5639 5641 5647 5649 5650 5651 5650 5649 5652 5653 5654 5655 5654 5653 5656 5657 5658 5659 5657 5660 5658 5661 5662 5663 5662 5661 5664 5665 5666 5667 5666 5665 5668 5669 5670 5671 5670 5669 5672 5673 5674 5675 5674 5673 5676 5677 5678 5679 5678 5677 5680 5681 5682 5683 5682 5681 5684 5685 5686 5687 5686 5685 5688 5689 5690 5691 5691 5692 5689 5693 5694 5695 5694 5693 5696 5697 5698 5699 5698 5697 5700 5701 5702 5703 5702 5701 5704 5705 5706 5707 5706 5705 5708 5709 5710 5711 5709 5712 5713 5709 5714 5715 5709 5711 5712 5709 5713 5714 5716 5717 5718 5717 5716 5719 5720 5721 5722 5721 5720 5723 5724 5725 5726 5725 5724 5727 5728 5729 5730 5729 5728 5731 5732 5733 5734 5733 5732 5735 5736 5737 5738 5737 5736 5739 5740 5741 5742 5741 5740 5743 8064 8065 8066 8066 8067 8064 8068 8069 8070 8070 8071 8068 8072 8073 8074 8074 8075 8072 8076 8077 8078 8078 8079 8076 8084 8085 8086 8086 8087 8084 8088 8089 8090 8090 8091 8088 8092 8093 8094 8094 8095 8092 8096 8097 8098 8098 8099 8096 8100 8101 8102 8103 8102 8104 8105 8100 8103 8103 8106 8105 8107 8108 8106 8103 8107 8106 8107 8109 8108 8100 8102 8103 8110 8109 8111 8102 8111 8104 8109 8101 8108 8100 8108 8101 8109 8110 8101 8109 8104 8111 8112 8113 8114 8112 8115 8113 8116 8117 8118 8116 8119 8117 8120 8121 8122 8120 8123 8121 8124 8125 8126 8124 8127 8125 11268 11269 11270 11268 11271 11269 11272 11273 11274 11272 11275 11273 11276 11277 11278 11276 11279 11277 11280 11281 11282 11280 11283 11281 11284 11285 11286 11284 11287 11285 11288 11289 11290 11288 11291 11289 11292 11293 11294 11292 11295 11293 11296 11297 11298 11296 11299 11297 11300 11301 11302 11300 11303 11301 11304 11305 11306 11304 11307 11305 11308 11309 11310 11308 11311 11309 11312 11313 11314 11312 11315 11313 11316 11317 11318 11316 11319 11317 11320 11321 11322 11320 11323 11321 11324 11325 11326 11324 11327 11325 11328 11329 11330 11328 11331 11329 11332 11333 11334 11332 11335 11333 11336 11337 11338 11336 11339 11337 11340 11341 11342 11340 11343 11341 11344 11345 11346 11344 11347 11345</p>
        </triangles>
        <triangles count="4" material="ID12">
          <input offset="0" semantic="VERTEX" source="#ID8"/>
          <p>8060 8061 8062 8060 8062 8063 8080 8081 8082 8080 8082 8083</p>
        </triangles>
        <triangles count="5848" material="ID13">
          <input offset="0" semantic="VERTEX" source="#ID8"/>
          <p>5744 5745 5746 5747 5748 5749 5750 5751 5752 5749 5753 5747 5754 5755 5756 5757 5751 5758 5748 5750 5759 5760 5761 5762 5758 5762 5763 5764 5765 5766 5761 5767 5768 5769 5770 5771 5772 5768 5773 5774 5775 5771 5773 5776 5772 5777 5778 5779 5780 5776 5781 5782 5783 5784 5785 5781 5786 5787 5788 5789 5786 5746 5790 5791 5792 5793 5794 5795 5796 5797 5798 5799 5800 5801 5802 5766 5765 5753 5803 5804 5805 5806 5807 5808 5809 5810 5811 5812 5813 5814 5815 5816 5817 5818 5819 5820 5821 5822 5823 5824 5825 5826 5827 5828 5829 5830 5831 5832 5833 5829 5834 5835 5836 5825 5828 5837 5830 5838 5832 5831 5821 5839 5840 5834 5822 5841 5842 5840 5843 5838 5836 5844 5843 5816 5842 5819 5845 5846 5824 5847 5845 5848 5809 5849 5850 5817 5848 5814 5851 5812 5852 5851 5818 5853 5805 5854 5855 5810 5854 5856 5857 5808 5858 5813 5857 5859 5860 5861 5859 5861 5804 5798 5862 5863 5864 5862 5807 5865 5800 5802 5866 5865 5802 5867 5793 5792 5797 5868 5867 5801 5869 5870 5801 5800 5869 5871 5744 5796 5872 5791 5795 5873 5874 5875 5870 5869 5875 5875 5874 5870 5861 5860 5866 5866 5860 5865 5804 5803 5859 5805 5853 5803 5854 5810 5853 5811 5810 5855 5849 5809 5811 5850 5848 5849 5815 5817 5850 5842 5816 5815 5840 5839 5843 5821 5823 5839 5822 5834 5823 5833 5834 5841 5827 5829 5833 5837 5828 5827 5831 5830 5837 5838 5844 5832 5836 5835 5844 5825 5824 5835 5847 5824 5826 5846 5845 5847 5820 5819 5846 5852 5818 5820 5812 5851 5852 5813 5858 5814 5857 5856 5858 5808 5807 5856 5864 5807 5806 5863 5862 5864 5799 5798 5863 5868 5797 5799 5793 5867 5868 5791 5872 5792 5795 5794 5872 5796 5744 5794 5745 5744 5871 5790 5746 5745 5785 5786 5790 5780 5781 5785 5772 5776 5780 5768 5767 5773 5761 5760 5767 5762 5758 5760 5757 5758 5763 5752 5751 5757 5759 5750 5752 5749 5748 5759 5753 5765 5747 5766 5754 5764 5770 5756 5755 5754 5756 5764 5775 5769 5771 5769 5756 5770 5777 5775 5774 5779 5778 5784 5777 5774 5778 5783 5782 5787 5779 5784 5783 5788 5873 5789 5782 5788 5787 5875 5789 5873 5876 5877 5878 5879 5880 5881 5882 5883 5884 5880 5879 5885 5886 5887 5888 5889 5890 5884 5881 5891 5882 5892 5893 5894 5890 5895 5893 5896 5897 5898 5894 5899 5900 5901 5902 5903 5904 5905 5899 5906 5902 5907 5905 5904 5908 5909 5910 5911 5912 5913 5908 5914 5915 5916 5917 5918 5913 5919 5920 5921 5918 5922 5877 5923 5924 5925 5926 5927 5928 5929 5930 5931 5932 5933 5934 5897 5885 5898 5935 5936 5937 5938 5939 5940 5941 5942 5943 5944 5945 5946 5947 5948 5949 5950 5951 5952 5953 5954 5955 5956 5957 5958 5959 5960 5961 5962 5963 5964 5965 5966 5960 5967 5958 5968 5961 5962 5969 5970 5964 5963 5953 5971 5972 5966 5973 5955 5974 5975 5971 5970 5976 5968 5975 5974 5949 5952 5977 5978 5956 5978 5979 5980 5981 5941 5982 5980 5948 5945 5944 5983 5984 5950 5983 5985 5986 5936 5987 5986 5943 5988 5939 5989 5990 5989 5946 5991 5992 5993 5991 5937 5992 5931 5994 5995 5996 5940 5995 5997 5933 5932 5998 5933 5997 5999 5925 5924 5929 5999 6000 5934 6001 6002 5934 6002 5932 6003 5927 5876 6004 5928 5923 6005 6006 6007 6001 6006 6002 6006 6001 6007 5992 5998 5993 5998 5997 5993 5937 5991 5935 5936 5935 5985 5986 5985 5943 5942 5987 5943 5981 5942 5941 5982 5981 5980 5947 5982 5948 5974 5947 5949 5971 5975 5972 5953 5972 5954 5955 5954 5966 5965 5973 5966 5959 5965 5960 5969 5959 5961 5964 5969 5962 5970 5963 5976 5968 5976 5967 5958 5967 5956 5979 5957 5956 5977 5979 5978 5951 5977 5952 5984 5951 5950 5944 5984 5983 5946 5945 5990 5989 5990 5988 5939 5988 5940 5996 5938 5940 5994 5996 5995 5930 5994 5931 6000 5930 5929 5924 6000 5999 5923 5925 6004 5928 6004 5926 5927 5926 5876 5878 6003 5876 5922 5878 5877 5917 5922 5918 5912 5917 5913 5904 5912 5908 5899 5905 5900 5894 5900 5892 5893 5892 5890 5889 5895 5890 5883 5889 5884 5891 5883 5882 5880 5891 5881 5885 5879 5898 5897 5896 5886 5903 5888 5887 5886 5896 5887 5907 5902 5901 5901 5903 5887 5909 5906 5907 5910 5915 5911 5909 5911 5906 5916 5919 5914 5910 5916 5915 5921 5920 6005 5914 5919 5921 6006 6005 5920 6008 6009 6010 6011 6012 6013 6014 6015 6016 6013 6017 6011 6018 6019 6020 6021 6015 6022 6012 6014 6023 6024 6025 6026 6022 6026 6027 6028 6029 6030 6025 6031 6032 6033 6034 6035 6036 6032 6037 6038 6039 6035 6037 6040 6036 6041 6042 6043 6044 6040 6045 6046 6047 6048 6049 6045 6050 6051 6052 6053 6050 6010 6054 6055 6056 6057 6058 6059 6060 6061 6062 6063 6064 6065 6066 6030 6029 6017 6067 6068 6069 6070 6071 6072 6073 6074 6075 6076 6077 6078 6079 6080 6081 6082 6083 6084 6085 6086 6087 6088 6089 6090 6091 6092 6093 6094 6095 6096 6097 6093 6098 6099 6100 6089 6092 6101 6094 6102 6096 6095 6085 6103 6104 6098 6086 6105 6106 6104 6107 6102 6100 6108 6107 6080 6106 6083 6109 6110 6088 6111 6109 6112 6073 6113 6114 6081 6112 6078 6115 6076 6116 6115 6082 6117 6069 6118 6119 6074 6118 6120 6121 6072 6122 6077 6121 6123 6124 6125 6123 6125 6068 6062 6126 6127 6128 6126 6071 6129 6064 6066 6130 6129 6066 6131 6057 6056 6061 6132 6131 6065 6133 6134 6065 6064 6133 6135 6008 6060 6136 6055 6059 6137 6138 6139 6134 6133 6139 6139 6138 6134 6125 6124 6130 6130 6124 6129 6068 6067 6123 6069 6117 6067 6118 6074 6117 6075 6074 6119 6113 6073 6075 6114 6112 6113 6079 6081 6114 6106 6080 6079 6104 6103 6107 6085 6087 6103 6086 6098 6087 6097 6098 6105 6091 6093 6097 6101 6092 6091 6095 6094 6101 6102 6108 6096 6100 6099 6108 6089 6088 6099 6111 6088 6090 6110 6109 6111 6084 6083 6110 6116 6082 6084 6076 6115 6116 6077 6122 6078 6121 6120 6122 6072 6071 6120 6128 6071 6070 6127 6126 6128 6063 6062 6127 6132 6061 6063 6057 6131 6132 6055 6136 6056 6059 6058 6136 6060 6008 6058 6009 6008 6135 6054 6010 6009 6049 6050 6054 6044 6045 6049 6036 6040 6044 6032 6031 6037 6025 6024 6031 6026 6022 6024 6021 6022 6027 6016 6015 6021 6023 6014 6016 6013 6012 6023 6017 6029 6011 6030 6018 6028 6034 6020 6019 6018 6020 6028 6039 6033 6035 6033 6020 6034 6041 6039 6038 6043 6042 6048 6041 6038 6042 6047 6046 6051 6043 6048 6047 6052 6137 6053 6046 6052 6051 6139 6053 6137 6140 6141 6142 6143 6144 6145 6146 6147 6148 6144 6143 6149 6150 6151 6152 6153 6154 6148 6145 6155 6146 6156 6157 6158 6154 6159 6157 6160 6161 6162 6158 6163 6164 6165 6166 6167 6168 6169 6163 6170 6166 6171 6169 6168 6172 6173 6174 6175 6176 6177 6172 6178 6179 6180 6181 6182 6177 6183 6184 6185 6182 6186 6141 6187 6188 6189 6190 6191 6192 6193 6194 6195 6196 6197 6198 6161 6149 6162 6199 6200 6201 6202 6203 6204 6205 6206 6207 6208 6209 6210 6211 6212 6213 6214 6215 6216 6217 6218 6219 6220 6221 6222 6223 6224 6225 6226 6227 6228 6229 6230 6224 6231 6222 6232 6225 6226 6233 6234 6228 6227 6217 6235 6236 6230 6237 6219 6238 6239 6235 6234 6240 6232 6239 6238 6213 6216 6241 6242 6220 6242 6243 6244 6245 6205 6246 6244 6212 6209 6208 6247 6248 6214 6247 6249 6250 6200 6251 6250 6207 6252 6203 6253 6254 6253 6210 6255 6256 6257 6255 6201 6256 6195 6258 6259 6260 6204 6259 6261 6197 6196 6262 6197 6261 6263 6189 6188 6193 6263 6264 6198 6265 6266 6198 6266 6196 6267 6191 6140 6268 6192 6187 6269 6270 6271 6265 6270 6266 6270 6265 6271 6256 6262 6257 6262 6261 6257 6201 6255 6199 6200 6199 6249 6250 6249 6207 6206 6251 6207 6245 6206 6205 6246 6245 6244 6211 6246 6212 6238 6211 6213 6235 6239 6236 6217 6236 6218 6219 6218 6230 6229 6237 6230 6223 6229 6224 6233 6223 6225 6228 6233 6226 6234 6227 6240 6232 6240 6231 6222 6231 6220 6243 6221 6220 6241 6243 6242 6215 6241 6216 6248 6215 6214 6208 6248 6247 6210 6209 6254 6253 6254 6252 6203 6252 6204 6260 6202 6204 6258 6260 6259 6194 6258 6195 6264 6194 6193 6188 6264 6263 6187 6189 6268 6192 6268 6190 6191 6190 6140 6142 6267 6140 6186 6142 6141 6181 6186 6182 6176 6181 6177 6168 6176 6172 6163 6169 6164 6158 6164 6156 6157 6156 6154 6153 6159 6154 6147 6153 6148 6155 6147 6146 6144 6155 6145 6149 6143 6162 6161 6160 6150 6167 6152 6151 6150 6160 6151 6171 6166 6165 6165 6167 6151 6173 6170 6171 6174 6179 6175 6173 6175 6170 6180 6183 6178 6174 6180 6179 6185 6184 6269 6178 6183 6185 6270 6269 6184 6272 6273 6274 6275 6276 6277 6278 6279 6280 6277 6281 6275 6282 6283 6284 6285 6279 6286 6276 6278 6287 6288 6289 6290 6286 6290 6291 6292 6293 6294 6289 6295 6296 6297 6298 6299 6300 6296 6301 6302 6303 6299 6301 6304 6300 6305 6306 6307 6308 6304 6309 6310 6311 6312 6313 6309 6314 6315 6316 6317 6314 6274 6318 6319 6320 6321 6322 6323 6324 6325 6326 6327 6328 6329 6330 6294 6293 6281 6331 6332 6333 6334 6335 6336 6337 6338 6339 6340 6341 6342 6343 6344 6345 6346 6347 6348 6349 6350 6351 6352 6353 6354 6355 6356 6357 6358 6359 6360 6361 6357 6362 6363 6364 6353 6356 6365 6358 6366 6360 6359 6349 6367 6368 6362 6350 6369 6370 6368 6371 6366 6364 6372 6371 6344 6370 6347 6373 6374 6352 6375 6373 6376 6337 6377 6378 6345 6376 6342 6379 6340 6380 6379 6346 6381 6333 6382 6383 6338 6382 6384 6385 6336 6386 6341 6385 6387 6388 6389 6387 6389 6332 6326 6390 6391 6392 6390 6335 6393 6328 6330 6394 6393 6330 6395 6321 6320 6325 6396 6395 6329 6397 6398 6329 6328 6397 6399 6272 6324 6400 6319 6323 6401 6402 6403 6398 6397 6403 6403 6402 6398 6389 6388 6394 6394 6388 6393 6332 6331 6387 6333 6381 6331 6382 6338 6381 6339 6338 6383 6377 6337 6339 6378 6376 6377 6343 6345 6378 6370 6344 6343 6368 6367 6371 6349 6351 6367 6350 6362 6351 6361 6362 6369 6355 6357 6361 6365 6356 6355 6359 6358 6365 6366 6372 6360 6364 6363 6372 6353 6352 6363 6375 6352 6354 6374 6373 6375 6348 6347 6374 6380 6346 6348 6340 6379 6380 6341 6386 6342 6385 6384 6386 6336 6335 6384 6392 6335 6334 6391 6390 6392 6327 6326 6391 6396 6325 6327 6321 6395 6396 6319 6400 6320 6323 6322 6400 6324 6272 6322 6273 6272 6399 6318 6274 6273 6313 6314 6318 6308 6309 6313 6300 6304 6308 6296 6295 6301 6289 6288 6295 6290 6286 6288 6285 6286 6291 6280 6279 6285 6287 6278 6280 6277 6276 6287 6281 6293 6275 6294 6282 6292 6298 6284 6283 6282 6284 6292 6303 6297 6299 6297 6284 6298 6305 6303 6302 6307 6306 6312 6305 6302 6306 6311 6310 6315 6307 6312 6311 6316 6401 6317 6310 6316 6315 6403 6317 6401 6404 6405 6406 6407 6408 6409 6410 6411 6412 6408 6407 6413 6414 6415 6416 6417 6418 6412 6409 6419 6410 6420 6421 6422 6418 6423 6421 6424 6425 6426 6422 6427 6428 6429 6430 6431 6432 6433 6427 6434 6430 6435 6433 6432 6436 6437 6438 6439 6440 6441 6436 6442 6443 6444 6445 6446 6441 6447 6448 6449 6446 6450 6405 6451 6452 6453 6454 6455 6456 6457 6458 6459 6460 6461 6462 6425 6413 6426 6463 6464 6465 6466 6467 6468 6469 6470 6471 6472 6473 6474 6475 6476 6477 6478 6479 6480 6481 6482 6483 6484 6485 6486 6487 6488 6489 6490 6491 6492 6493 6494 6488 6495 6486 6496 6489 6490 6497 6498 6492 6491 6481 6499 6500 6494 6501 6483 6502 6503 6499 6498 6504 6496 6503 6502 6477 6480 6505 6506 6484 6506 6507 6508 6509 6469 6510 6508 6476 6473 6472 6511 6512 6478 6511 6513 6514 6464 6515 6514 6471 6516 6467 6517 6518 6517 6474 6519 6520 6521 6519 6465 6520 6459 6522 6523 6524 6468 6523 6525 6461 6460 6526 6461 6525 6527 6453 6452 6457 6527 6528 6462 6529 6530 6462 6530 6460 6531 6455 6404 6532 6456 6451 6533 6534 6535 6529 6534 6530 6534 6529 6535 6520 6526 6521 6526 6525 6521 6465 6519 6463 6464 6463 6513 6514 6513 6471 6470 6515 6471 6509 6470 6469 6510 6509 6508 6475 6510 6476 6502 6475 6477 6499 6503 6500 6481 6500 6482 6483 6482 6494 6493 6501 6494 6487 6493 6488 6497 6487 6489 6492 6497 6490 6498 6491 6504 6496 6504 6495 6486 6495 6484 6507 6485 6484 6505 6507 6506 6479 6505 6480 6512 6479 6478 6472 6512 6511 6474 6473 6518 6517 6518 6516 6467 6516 6468 6524 6466 6468 6522 6524 6523 6458 6522 6459 6528 6458 6457 6452 6528 6527 6451 6453 6532 6456 6532 6454 6455 6454 6404 6406 6531 6404 6450 6406 6405 6445 6450 6446 6440 6445 6441 6432 6440 6436 6427 6433 6428 6422 6428 6420 6421 6420 6418 6417 6423 6418 6411 6417 6412 6419 6411 6410 6408 6419 6409 6413 6407 6426 6425 6424 6414 6431 6416 6415 6414 6424 6415 6435 6430 6429 6429 6431 6415 6437 6434 6435 6438 6443 6439 6437 6439 6434 6444 6447 6442 6438 6444 6443 6449 6448 6533 6442 6447 6449 6534 6533 6448 6536 6537 6538 6539 6540 6541 6542 6543 6544 6541 6545 6539 6546 6547 6548 6549 6543 6550 6540 6542 6551 6552 6553 6554 6550 6554 6555 6556 6557 6558 6553 6559 6560 6561 6562 6563 6564 6560 6565 6566 6567 6563 6565 6568 6564 6569 6570 6571 6572 6568 6573 6574 6575 6576 6577 6573 6578 6579 6580 6581 6578 6538 6582 6583 6584 6585 6586 6587 6588 6589 6590 6591 6592 6593 6594 6558 6557 6545 6595 6596 6597 6598 6599 6600 6601 6602 6603 6604 6605 6606 6607 6608 6609 6610 6611 6612 6613 6614 6615 6616 6617 6618 6619 6620 6621 6622 6623 6624 6625 6621 6626 6627 6628 6617 6620 6629 6622 6630 6624 6623 6613 6631 6632 6626 6614 6633 6634 6632 6635 6630 6628 6636 6635 6608 6634 6611 6637 6638 6616 6639 6637 6640 6601 6641 6642 6609 6640 6606 6643 6604 6644 6643 6610 6645 6597 6646 6647 6602 6646 6648 6649 6600 6650 6605 6649 6651 6652 6653 6651 6653 6596 6590 6654 6655 6656 6654 6599 6657 6592 6594 6658 6657 6594 6659 6585 6584 6589 6660 6659 6593 6661 6662 6593 6592 6661 6663 6536 6588 6664 6583 6587 6665 6666 6667 6662 6661 6667 6667 6666 6662 6653 6652 6658 6658 6652 6657 6596 6595 6651 6597 6645 6595 6646 6602 6645 6603 6602 6647 6641 6601 6603 6642 6640 6641 6607 6609 6642 6634 6608 6607 6632 6631 6635 6613 6615 6631 6614 6626 6615 6625 6626 6633 6619 6621 6625 6629 6620 6619 6623 6622 6629 6630 6636 6624 6628 6627 6636 6617 6616 6627 6639 6616 6618 6638 6637 6639 6612 6611 6638 6644 6610 6612 6604 6643 6644 6605 6650 6606 6649 6648 6650 6600 6599 6648 6656 6599 6598 6655 6654 6656 6591 6590 6655 6660 6589 6591 6585 6659 6660 6583 6664 6584 6587 6586 6664 6588 6536 6586 6537 6536 6663 6582 6538 6537 6577 6578 6582 6572 6573 6577 6564 6568 6572 6560 6559 6565 6553 6552 6559 6554 6550 6552 6549 6550 6555 6544 6543 6549 6551 6542 6544 6541 6540 6551 6545 6557 6539 6558 6546 6556 6562 6548 6547 6546 6548 6556 6567 6561 6563 6561 6548 6562 6569 6567 6566 6571 6570 6576 6569 6566 6570 6575 6574 6579 6571 6576 6575 6580 6665 6581 6574 6580 6579 6667 6581 6665 6668 6669 6670 6671 6672 6673 6674 6675 6676 6672 6671 6677 6678 6679 6680 6681 6682 6676 6673 6683 6674 6684 6685 6686 6682 6687 6685 6688 6689 6690 6686 6691 6692 6693 6694 6695 6696 6697 6691 6698 6694 6699 6697 6696 6700 6701 6702 6703 6704 6705 6700 6706 6707 6708 6709 6710 6705 6711 6712 6713 6710 6714 6669 6715 6716 6717 6718 6719 6720 6721 6722 6723 6724 6725 6726 6689 6677 6690 6727 6728 6729 6730 6731 6732 6733 6734 6735 6736 6737 6738 6739 6740 6741 6742 6743 6744 6745 6746 6747 6748 6749 6750 6751 6752 6753 6754 6755 6756 6757 6758 6752 6759 6750 6760 6753 6754 6761 6762 6756 6755 6745 6763 6764 6758 6765 6747 6766 6767 6763 6762 6768 6760 6767 6766 6741 6744 6769 6770 6748 6770 6771 6772 6773 6733 6774 6772 6740 6737 6736 6775 6776 6742 6775 6777 6778 6728 6779 6778 6735 6780 6731 6781 6782 6781 6738 6783 6784 6785 6783 6729 6784 6723 6786 6787 6788 6732 6787 6789 6725 6724 6790 6725 6789 6791 6717 6716 6721 6791 6792 6726 6793 6794 6726 6794 6724 6795 6719 6668 6796 6720 6715 6797 6798 6799 6793 6798 6794 6798 6793 6799 6784 6790 6785 6790 6789 6785 6729 6783 6727 6728 6727 6777 6778 6777 6735 6734 6779 6735 6773 6734 6733 6774 6773 6772 6739 6774 6740 6766 6739 6741 6763 6767 6764 6745 6764 6746 6747 6746 6758 6757 6765 6758 6751 6757 6752 6761 6751 6753 6756 6761 6754 6762 6755 6768 6760 6768 6759 6750 6759 6748 6771 6749 6748 6769 6771 6770 6743 6769 6744 6776 6743 6742 6736 6776 6775 6738 6737 6782 6781 6782 6780 6731 6780 6732 6788 6730 6732 6786 6788 6787 6722 6786 6723 6792 6722 6721 6716 6792 6791 6715 6717 6796 6720 6796 6718 6719 6718 6668 6670 6795 6668 6714 6670 6669 6709 6714 6710 6704 6709 6705 6696 6704 6700 6691 6697 6692 6686 6692 6684 6685 6684 6682 6681 6687 6682 6675 6681 6676 6683 6675 6674 6672 6683 6673 6677 6671 6690 6689 6688 6678 6695 6680 6679 6678 6688 6679 6699 6694 6693 6693 6695 6679 6701 6698 6699 6702 6707 6703 6701 6703 6698 6708 6711 6706 6702 6708 6707 6713 6712 6797 6706 6711 6713 6798 6797 6712 6800 6801 6802 6803 6804 6805 6806 6807 6808 6805 6809 6803 6810 6811 6812 6813 6807 6814 6804 6806 6815 6816 6817 6818 6814 6818 6819 6820 6821 6822 6817 6823 6824 6825 6826 6827 6828 6824 6829 6830 6831 6827 6829 6832 6828 6833 6834 6835 6836 6832 6837 6838 6839 6840 6841 6837 6842 6843 6844 6845 6842 6802 6846 6847 6848 6849 6850 6851 6852 6853 6854 6855 6856 6857 6858 6822 6821 6809 6859 6860 6861 6862 6863 6864 6865 6866 6867 6868 6869 6870 6871 6872 6873 6874 6875 6876 6877 6878 6879 6880 6881 6882 6883 6884 6885 6886 6887 6888 6889 6885 6890 6891 6892 6881 6884 6893 6886 6894 6888 6887 6877 6895 6896 6890 6878 6897 6898 6896 6899 6894 6892 6900 6899 6872 6898 6875 6901 6902 6880 6903 6901 6904 6865 6905 6906 6873 6904 6870 6907 6868 6908 6907 6874 6909 6861 6910 6911 6866 6910 6912 6913 6864 6914 6869 6913 6915 6916 6917 6915 6917 6860 6854 6918 6919 6920 6918 6863 6921 6856 6858 6922 6921 6858 6923 6849 6848 6853 6924 6923 6857 6925 6926 6857 6856 6925 6927 6800 6852 6928 6847 6851 6929 6930 6931 6926 6925 6931 6931 6930 6926 6917 6916 6922 6922 6916 6921 6860 6859 6915 6861 6909 6859 6910 6866 6909 6867 6866 6911 6905 6865 6867 6906 6904 6905 6871 6873 6906 6898 6872 6871 6896 6895 6899 6877 6879 6895 6878 6890 6879 6889 6890 6897 6883 6885 6889 6893 6884 6883 6887 6886 6893 6894 6900 6888 6892 6891 6900 6881 6880 6891 6903 6880 6882 6902 6901 6903 6876 6875 6902 6908 6874 6876 6868 6907 6908 6869 6914 6870 6913 6912 6914 6864 6863 6912 6920 6863 6862 6919 6918 6920 6855 6854 6919 6924 6853 6855 6849 6923 6924 6847 6928 6848 6851 6850 6928 6852 6800 6850 6801 6800 6927 6846 6802 6801 6841 6842 6846 6836 6837 6841 6828 6832 6836 6824 6823 6829 6817 6816 6823 6818 6814 6816 6813 6814 6819 6808 6807 6813 6815 6806 6808 6805 6804 6815 6809 6821 6803 6822 6810 6820 6826 6812 6811 6810 6812 6820 6831 6825 6827 6825 6812 6826 6833 6831 6830 6835 6834 6840 6833 6830 6834 6839 6838 6843 6835 6840 6839 6844 6929 6845 6838 6844 6843 6931 6845 6929 6932 6933 6934 6935 6936 6937 6938 6939 6940 6936 6935 6941 6942 6943 6944 6945 6946 6940 6937 6947 6938 6948 6949 6950 6946 6951 6949 6952 6953 6954 6950 6955 6956 6957 6958 6959 6960 6961 6955 6962 6958 6963 6961 6960 6964 6965 6966 6967 6968 6969 6964 6970 6971 6972 6973 6974 6969 6975 6976 6977 6974 6978 6933 6979 6980 6981 6982 6983 6984 6985 6986 6987 6988 6989 6990 6953 6941 6954 6991 6992 6993 6994 6995 6996 6997 6998 6999 7000 7001 7002 7003 7004 7005 7006 7007 7008 7009 7010 7011 7012 7013 7014 7015 7016 7017 7018 7019 7020 7021 7022 7016 7023 7014 7024 7017 7018 7025 7026 7020 7019 7009 7027 7028 7022 7029 7011 7030 7031 7027 7026 7032 7024 7031 7030 7005 7008 7033 7034 7012 7034 7035 7036 7037 6997 7038 7036 7004 7001 7000 7039 7040 7006 7039 7041 7042 6992 7043 7042 6999 7044 6995 7045 7046 7045 7002 7047 7048 7049 7047 6993 7048 6987 7050 7051 7052 6996 7051 7053 6989 6988 7054 6989 7053 7055 6981 6980 6985 7055 7056 6990 7057 7058 6990 7058 6988 7059 6983 6932 7060 6984 6979 7061 7062 7063 7057 7062 7058 7062 7057 7063 7048 7054 7049 7054 7053 7049 6993 7047 6991 6992 6991 7041 7042 7041 6999 6998 7043 6999 7037 6998 6997 7038 7037 7036 7003 7038 7004 7030 7003 7005 7027 7031 7028 7009 7028 7010 7011 7010 7022 7021 7029 7022 7015 7021 7016 7025 7015 7017 7020 7025 7018 7026 7019 7032 7024 7032 7023 7014 7023 7012 7035 7013 7012 7033 7035 7034 7007 7033 7008 7040 7007 7006 7000 7040 7039 7002 7001 7046 7045 7046 7044 6995 7044 6996 7052 6994 6996 7050 7052 7051 6986 7050 6987 7056 6986 6985 6980 7056 7055 6979 6981 7060 6984 7060 6982 6983 6982 6932 6934 7059 6932 6978 6934 6933 6973 6978 6974 6968 6973 6969 6960 6968 6964 6955 6961 6956 6950 6956 6948 6949 6948 6946 6945 6951 6946 6939 6945 6940 6947 6939 6938 6936 6947 6937 6941 6935 6954 6953 6952 6942 6959 6944 6943 6942 6952 6943 6963 6958 6957 6957 6959 6943 6965 6962 6963 6966 6971 6967 6965 6967 6962 6972 6975 6970 6966 6972 6971 6977 6976 7061 6970 6975 6977 7062 7061 6976 7064 7065 7066 7067 7068 7069 7070 7071 7072 7069 7073 7067 7074 7075 7076 7077 7071 7078 7068 7070 7079 7080 7081 7082 7078 7082 7083 7084 7085 7086 7081 7087 7088 7089 7090 7091 7092 7088 7093 7094 7095 7091 7093 7096 7092 7097 7098 7099 7100 7096 7101 7102 7103 7104 7105 7101 7106 7107 7108 7109 7106 7066 7110 7111 7112 7113 7114 7115 7116 7117 7118 7119 7120 7121 7122 7086 7085 7073 7123 7124 7125 7126 7127 7128 7129 7130 7131 7132 7133 7134 7135 7136 7137 7138 7139 7140 7141 7142 7143 7144 7145 7146 7147 7148 7149 7150 7151 7152 7153 7149 7154 7155 7156 7145 7148 7157 7150 7158 7152 7151 7141 7159 7160 7154 7142 7161 7162 7160 7163 7158 7156 7164 7163 7136 7162 7139 7165 7166 7144 7167 7165 7168 7129 7169 7170 7137 7168 7134 7171 7132 7172 7171 7138 7173 7125 7174 7175 7130 7174 7176 7177 7128 7178 7133 7177 7179 7180 7181 7179 7181 7124 7118 7182 7183 7184 7182 7127 7185 7120 7122 7186 7185 7122 7187 7113 7112 7117 7188 7187 7121 7189 7190 7121 7120 7189 7191 7064 7116 7192 7111 7115 7193 7194 7195 7190 7189 7195 7195 7194 7190 7181 7180 7186 7186 7180 7185 7124 7123 7179 7125 7173 7123 7174 7130 7173 7131 7130 7175 7169 7129 7131 7170 7168 7169 7135 7137 7170 7162 7136 7135 7160 7159 7163 7141 7143 7159 7142 7154 7143 7153 7154 7161 7147 7149 7153 7157 7148 7147 7151 7150 7157 7158 7164 7152 7156 7155 7164 7145 7144 7155 7167 7144 7146 7166 7165 7167 7140 7139 7166 7172 7138 7140 7132 7171 7172 7133 7178 7134 7177 7176 7178 7128 7127 7176 7184 7127 7126 7183 7182 7184 7119 7118 7183 7188 7117 7119 7113 7187 7188 7111 7192 7112 7115 7114 7192 7116 7064 7114 7065 7064 7191 7110 7066 7065 7105 7106 7110 7100 7101 7105 7092 7096 7100 7088 7087 7093 7081 7080 7087 7082 7078 7080 7077 7078 7083 7072 7071 7077 7079 7070 7072 7069 7068 7079 7073 7085 7067 7086 7074 7084 7090 7076 7075 7074 7076 7084 7095 7089 7091 7089 7076 7090 7097 7095 7094 7099 7098 7104 7097 7094 7098 7103 7102 7107 7099 7104 7103 7108 7193 7109 7102 7108 7107 7195 7109 7193 7196 7197 7198 7199 7200 7201 7202 7203 7204 7200 7199 7205 7206 7207 7208 7209 7210 7204 7201 7211 7202 7212 7213 7214 7210 7215 7213 7216 7217 7218 7214 7219 7220 7221 7222 7223 7224 7225 7219 7226 7222 7227 7225 7224 7228 7229 7230 7231 7232 7233 7228 7234 7235 7236 7237 7238 7233 7239 7240 7241 7238 7242 7197 7243 7244 7245 7246 7247 7248 7249 7250 7251 7252 7253 7254 7217 7205 7218 7255 7256 7257 7258 7259 7260 7261 7262 7263 7264 7265 7266 7267 7268 7269 7270 7271 7272 7273 7274 7275 7276 7277 7278 7279 7280 7281 7282 7283 7284 7285 7286 7280 7287 7278 7288 7281 7282 7289 7290 7284 7283 7273 7291 7292 7286 7293 7275 7294 7295 7291 7290 7296 7288 7295 7294 7269 7272 7297 7298 7276 7298 7299 7300 7301 7261 7302 7300 7268 7265 7264 7303 7304 7270 7303 7305 7306 7256 7307 7306 7263 7308 7259 7309 7310 7309 7266 7311 7312 7313 7311 7257 7312 7251 7314 7315 7316 7260 7315 7317 7253 7252 7318 7253 7317 7319 7245 7244 7249 7319 7320 7254 7321 7322 7254 7322 7252 7323 7247 7196 7324 7248 7243 7325 7326 7327 7321 7326 7322 7326 7321 7327 7312 7318 7313 7318 7317 7313 7257 7311 7255 7256 7255 7305 7306 7305 7263 7262 7307 7263 7301 7262 7261 7302 7301 7300 7267 7302 7268 7294 7267 7269 7291 7295 7292 7273 7292 7274 7275 7274 7286 7285 7293 7286 7279 7285 7280 7289 7279 7281 7284 7289 7282 7290 7283 7296 7288 7296 7287 7278 7287 7276 7299 7277 7276 7297 7299 7298 7271 7297 7272 7304 7271 7270 7264 7304 7303 7266 7265 7310 7309 7310 7308 7259 7308 7260 7316 7258 7260 7314 7316 7315 7250 7314 7251 7320 7250 7249 7244 7320 7319 7243 7245 7324 7248 7324 7246 7247 7246 7196 7198 7323 7196 7242 7198 7197 7237 7242 7238 7232 7237 7233 7224 7232 7228 7219 7225 7220 7214 7220 7212 7213 7212 7210 7209 7215 7210 7203 7209 7204 7211 7203 7202 7200 7211 7201 7205 7199 7218 7217 7216 7206 7223 7208 7207 7206 7216 7207 7227 7222 7221 7221 7223 7207 7229 7226 7227 7230 7235 7231 7229 7231 7226 7236 7239 7234 7230 7236 7235 7241 7240 7325 7234 7239 7241 7326 7325 7240 7328 7329 7330 7331 7332 7333 7334 7335 7336 7337 7338 7335 7333 7339 7340 7341 7331 7342 7343 7344 7345 7334 7346 7347 7347 7340 7339 7348 7349 7350 7337 7351 7349 7352 7353 7354 7355 7348 7356 7357 7358 7359 7355 7360 7353 7361 7362 7363 7364 7365 7366 7367 7368 7369 7370 7361 7352 7362 7371 7363 7367 7372 7373 7374 7375 7376 7377 7371 7378 7379 7380 7381 7382 7378 7383 7384 7385 7383 7386 7387 7388 7389 7390 7391 7384 7392 7391 7393 7394 7395 7396 7397 7398 7399 7400 7401 7402 7393 7403 7402 7404 7405 7406 7407 7408 7409 7405 7410 7411 7412 7413 7414 7415 7416 7417 7418 7419 7420 7421 7422 7423 7424 7425 7426 7427 7428 7429 7430 7431 7432 7433 7434 7435 7436 7437 7438 7439 7440 7441 7442 7443 7444 7445 7446 7447 7448 7449 7450 7445 7451 7452 7453 7454 7436 7441 7443 7455 7456 7454 7456 7457 7458 7437 7453 7459 7447 7450 7448 7446 7458 7460 7440 7461 7462 7449 7463 7464 7465 7439 7466 7462 7467 7463 7468 7469 7442 7470 7430 7465 7468 7471 7472 7429 7473 7424 7474 7471 7434 7427 7426 7423 7432 7475 7476 7418 7477 7478 7479 7477 7475 7420 7480 7481 7482 7428 7481 7483 7484 7485 7486 7484 7417 7483 7485 7411 7421 7487 7488 7412 7489 7490 7416 7488 7491 7492 7489 7406 7493 7415 7494 7407 7495 7496 7357 7359 7342 7410 7405 7404 7497 7495 7498 7402 7403 7404 7499 7399 7497 7393 7395 7403 7500 7501 7401 7502 7398 7503 7501 7502 7503 7504 7505 7506 7505 7395 7394 7504 7506 7507 7508 7509 7390 7506 7505 7394 7509 7510 7396 7409 7493 7494 7409 7410 7493 7494 7415 7414 7414 7416 7491 7491 7488 7487 7487 7421 7420 7422 7480 7420 7480 7482 7481 7482 7426 7428 7427 7423 7425 7425 7424 7473 7473 7429 7431 7431 7430 7470 7470 7465 7466 7466 7439 7438 7438 7440 7462 7461 7467 7462 7467 7464 7463 7464 7447 7449 7448 7450 7451 7451 7445 7444 7444 7446 7460 7460 7458 7457 7457 7456 7455 7455 7454 7453 7452 7459 7453 7459 7435 7437 7435 7441 7436 7443 7442 7469 7469 7468 7472 7472 7471 7474 7474 7434 7433 7433 7432 7476 7476 7475 7477 7479 7478 7477 7478 7419 7418 7419 7486 7417 7486 7485 7484 7483 7411 7413 7413 7412 7490 7490 7489 7492 7492 7406 7408 7408 7407 7496 7496 7495 7497 7498 7499 7497 7499 7400 7399 7400 7500 7401 7500 7502 7501 7503 7398 7397 7397 7396 7510 7510 7509 7508 7508 7390 7389 7389 7391 7392 7392 7384 7383 7385 7382 7383 7382 7377 7378 7377 7363 7371 7362 7361 7370 7370 7352 7354 7354 7353 7360 7360 7355 7356 7356 7348 7350 7350 7349 7351 7351 7337 7335 7338 7336 7335 7336 7346 7334 7346 7340 7347 7339 7333 7332 7332 7331 7341 7341 7342 7359 7358 7357 7344 7343 7345 7364 7358 7344 7343 7366 7368 7364 7345 7365 7364 7372 7367 7369 7369 7368 7366 7374 7373 7372 7379 7376 7375 7376 7373 7374 7381 7380 7388 7379 7375 7380 7387 7386 7329 7381 7388 7387 7330 7507 7328 7386 7330 7329 7506 7328 7507 7511 7512 7513 7514 7515 7516 7517 7518 7519 7520 7519 7521 7515 7522 7523 7524 7525 7514 7526 7527 7528 7517 7529 7530 7529 7523 7522 7531 7532 7533 7520 7533 7534 7535 7536 7537 7538 7539 7531 7540 7541 7542 7538 7537 7543 7544 7545 7546 7547 7548 7549 7550 7551 7552 7553 7535 7544 7546 7545 7554 7550 7555 7556 7557 7558 7559 7560 7561 7554 7562 7563 7564 7565 7566 7561 7567 7566 7568 7569 7570 7571 7572 7573 7574 7567 7573 7575 7576 7577 7578 7579 7580 7581 7582 7583 7584 7585 7586 7576 7585 7587 7588 7589 7590 7591 7592 7593 7587 7594 7595 7596 7597 7598 7599 7600 7601 7602 7603 7604 7605 7606 7607 7608 7609 7610 7611 7612 7613 7614 7615 7616 7617 7618 7619 7620 7621 7622 7623 7624 7625 7626 7627 7628 7629 7630 7631 7632 7633 7634 7629 7635 7636 7637 7620 7625 7624 7638 7636 7639 7639 7640 7641 7619 7642 7637 7630 7632 7633 7628 7643 7640 7622 7644 7645 7631 7646 7647 7648 7649 7623 7644 7647 7650 7651 7626 7652 7653 7648 7614 7651 7654 7655 7612 7608 7656 7657 7616 7655 7611 7606 7609 7615 7658 7659 7602 7660 7661 7662 7659 7661 7603 7663 7664 7665 7663 7610 7666 7667 7668 7669 7600 7668 7666 7594 7667 7605 7670 7671 7596 7672 7673 7598 7674 7670 7675 7589 7673 7676 7677 7599 7591 7678 7679 7540 7525 7541 7593 7588 7587 7680 7681 7679 7585 7588 7586 7682 7680 7582 7576 7586 7577 7683 7583 7684 7685 7686 7580 7684 7686 7685 7687 7688 7689 7689 7578 7577 7687 7690 7688 7691 7574 7692 7688 7578 7689 7692 7579 7693 7592 7677 7676 7592 7676 7593 7677 7597 7599 7597 7674 7598 7674 7671 7670 7671 7603 7605 7604 7603 7664 7664 7663 7665 7665 7610 7609 7611 7607 7606 7607 7656 7608 7656 7613 7612 7613 7653 7614 7653 7649 7648 7649 7621 7623 7621 7644 7622 7645 7644 7650 7650 7647 7646 7646 7631 7630 7632 7634 7633 7634 7627 7629 7627 7643 7628 7643 7641 7640 7641 7638 7639 7638 7637 7636 7635 7637 7642 7642 7619 7618 7618 7620 7624 7625 7652 7626 7652 7654 7651 7654 7657 7655 7657 7617 7616 7617 7658 7615 7658 7661 7659 7662 7661 7660 7660 7602 7601 7601 7600 7669 7669 7668 7667 7666 7595 7594 7595 7672 7596 7672 7675 7673 7675 7590 7589 7590 7678 7591 7678 7680 7679 7681 7680 7682 7682 7582 7584 7584 7583 7683 7683 7684 7685 7686 7581 7580 7581 7693 7579 7693 7691 7692 7691 7572 7574 7572 7575 7573 7575 7566 7567 7568 7566 7565 7565 7561 7560 7560 7554 7545 7546 7553 7544 7553 7536 7535 7536 7543 7537 7543 7539 7538 7539 7532 7531 7532 7534 7533 7534 7519 7520 7521 7519 7518 7518 7517 7530 7530 7529 7522 7523 7516 7515 7516 7524 7514 7524 7541 7525 7542 7528 7540 7526 7547 7527 7542 7526 7528 7548 7547 7552 7527 7547 7549 7556 7551 7550 7551 7548 7552 7557 7556 7555 7562 7559 7558 7558 7557 7555 7563 7570 7564 7562 7564 7559 7571 7513 7569 7563 7571 7570 7512 7511 7690 7569 7513 7512 7688 7690 7511 7694 7695 7696 7697 7698 7699 7700 7701 7702 7703 7704 7701 7699 7705 7706 7707 7697 7708 7709 7710 7711 7700 7712 7713 7713 7706 7705 7714 7715 7716 7703 7717 7715 7718 7719 7720 7721 7714 7722 7723 7724 7725 7721 7726 7719 7727 7728 7729 7730 7731 7732 7733 7734 7735 7736 7727 7718 7728 7737 7729 7733 7738 7739 7740 7741 7742 7743 7737 7744 7745 7746 7747 7748 7744 7749 7750 7751 7749 7752 7753 7754 7755 7756 7757 7750 7758 7757 7759 7760 7761 7762 7763 7764 7765 7766 7767 7768 7759 7769 7768 7770 7771 7772 7773 7774 7775 7771 7776 7777 7778 7779 7780 7781 7782 7783 7784 7785 7786 7787 7788 7789 7790 7791 7792 7793 7794 7795 7796 7797 7798 7799 7800 7801 7802 7803 7804 7805 7806 7807 7808 7809 7810 7811 7812 7813 7814 7815 7816 7811 7817 7818 7819 7820 7802 7807 7809 7821 7822 7820 7822 7823 7824 7803 7819 7825 7813 7816 7814 7812 7824 7826 7806 7827 7828 7815 7829 7830 7831 7805 7832 7828 7833 7829 7834 7835 7808 7836 7796 7831 7834 7837 7838 7795 7839 7790 7840 7837 7800 7793 7792 7789 7798 7841 7842 7784 7843 7844 7845 7843 7841 7786 7846 7847 7848 7794 7847 7849 7850 7851 7852 7850 7783 7849 7851 7777 7787 7853 7854 7778 7855 7856 7782 7854 7857 7858 7855 7772 7859 7781 7860 7773 7861 7862 7723 7725 7708 7776 7771 7770 7863 7861 7864 7768 7769 7770 7865 7765 7863 7759 7761 7769 7866 7867 7767 7868 7764 7869 7867 7868 7869 7870 7871 7872 7871 7761 7760 7870 7872 7873 7874 7875 7756 7872 7871 7760 7875 7876 7762 7775 7859 7860 7775 7776 7859 7860 7781 7780 7780 7782 7857 7857 7854 7853 7853 7787 7786 7788 7846 7786 7846 7848 7847 7848 7792 7794 7793 7789 7791 7791 7790 7839 7839 7795 7797 7797 7796 7836 7836 7831 7832 7832 7805 7804 7804 7806 7828 7827 7833 7828 7833 7830 7829 7830 7813 7815 7814 7816 7817 7817 7811 7810 7810 7812 7826 7826 7824 7823 7823 7822 7821 7821 7820 7819 7818 7825 7819 7825 7801 7803 7801 7807 7802 7809 7808 7835 7835 7834 7838 7838 7837 7840 7840 7800 7799 7799 7798 7842 7842 7841 7843 7845 7844 7843 7844 7785 7784 7785 7852 7783 7852 7851 7850 7849 7777 7779 7779 7778 7856 7856 7855 7858 7858 7772 7774 7774 7773 7862 7862 7861 7863 7864 7865 7863 7865 7766 7765 7766 7866 7767 7866 7868 7867 7869 7764 7763 7763 7762 7876 7876 7875 7874 7874 7756 7755 7755 7757 7758 7758 7750 7749 7751 7748 7749 7748 7743 7744 7743 7729 7737 7728 7727 7736 7736 7718 7720 7720 7719 7726 7726 7721 7722 7722 7714 7716 7716 7715 7717 7717 7703 7701 7704 7702 7701 7702 7712 7700 7712 7706 7713 7705 7699 7698 7698 7697 7707 7707 7708 7725 7724 7723 7710 7709 7711 7730 7724 7710 7709 7732 7734 7730 7711 7731 7730 7738 7733 7735 7735 7734 7732 7740 7739 7738 7745 7742 7741 7742 7739 7740 7747 7746 7754 7745 7741 7746 7753 7752 7695 7747 7754 7753 7696 7873 7694 7752 7696 7695 7872 7694 7873 7877 7878 7879 7880 7881 7882 7883 7884 7885 7886 7885 7887 7881 7888 7889 7890 7891 7880 7892 7893 7894 7883 7895 7896 7895 7889 7888 7897 7898 7899 7886 7899 7900 7901 7902 7903 7904 7905 7897 7906 7907 7908 7904 7903 7909 7910 7911 7912 7913 7914 7915 7916 7917 7918 7919 7901 7910 7912 7911 7920 7916 7921 7922 7923 7924 7925 7926 7927 7920 7928 7929 7930 7931 7932 7927 7933 7932 7934 7935 7936 7937 7938 7939 7940 7933 7939 7941 7942 7943 7944 7945 7946 7947 7948 7949 7950 7951 7952 7942 7951 7953 7954 7955 7956 7957 7958 7959 7953 7960 7961 7962 7963 7964 7965 7966 7967 7968 7969 7970 7971 7972 7973 7974 7975 7976 7977 7978 7979 7980 7981 7982 7983 7984 7985 7986 7987 7988 7989 7990 7991 7992 7993 7994 7995 7996 7997 7998 7999 8000 7995 8001 8002 8003 7986 7991 7990 8004 8002 8005 8005 8006 8007 7985 8008 8003 7996 7998 7999 7994 8009 8006 7988 8010 8011 7997 8012 8013 8014 8015 7989 8010 8013 8016 8017 7992 8018 8019 8014 7980 8017 8020 8021 7978 7974 8022 8023 7982 8021 7977 7972 7975 7981 8024 8025 7968 8026 8027 8028 8025 8027 7969 8029 8030 8031 8029 7976 8032 8033 8034 8035 7966 8034 8032 7960 8033 7971 8036 8037 7962 8038 8039 7964 8040 8036 8041 7955 8039 8042 8043 7965 7957 8044 8045 7906 7891 7907 7959 7954 7953 8046 8047 8045 7951 7954 7952 8048 8046 7948 7942 7952 7943 8049 7949 8050 8051 8052 7946 8050 8052 8051 8053 8054 8055 8055 7944 7943 8053 8056 8054 8057 7940 8058 8054 7944 8055 8058 7945 8059 7958 8043 8042 7958 8042 7959 8043 7963 7965 7963 8040 7964 8040 8037 8036 8037 7969 7971 7970 7969 8030 8030 8029 8031 8031 7976 7975 7977 7973 7972 7973 8022 7974 8022 7979 7978 7979 8019 7980 8019 8015 8014 8015 7987 7989 7987 8010 7988 8011 8010 8016 8016 8013 8012 8012 7997 7996 7998 8000 7999 8000 7993 7995 7993 8009 7994 8009 8007 8006 8007 8004 8005 8004 8003 8002 8001 8003 8008 8008 7985 7984 7984 7986 7990 7991 8018 7992 8018 8020 8017 8020 8023 8021 8023 7983 7982 7983 8024 7981 8024 8027 8025 8028 8027 8026 8026 7968 7967 7967 7966 8035 8035 8034 8033 8032 7961 7960 7961 8038 7962 8038 8041 8039 8041 7956 7955 7956 8044 7957 8044 8046 8045 8047 8046 8048 8048 7948 7950 7950 7949 8049 8049 8050 8051 8052 7947 7946 7947 8059 7945 8059 8057 8058 8057 7938 7940 7938 7941 7939 7941 7932 7933 7934 7932 7931 7931 7927 7926 7926 7920 7911 7912 7919 7910 7919 7902 7901 7902 7909 7903 7909 7905 7904 7905 7898 7897 7898 7900 7899 7900 7885 7886 7887 7885 7884 7884 7883 7896 7896 7895 7888 7889 7882 7881 7882 7890 7880 7890 7907 7891 7908 7894 7906 7892 7913 7893 7908 7892 7894 7914 7913 7918 7893 7913 7915 7922 7917 7916 7917 7914 7918 7923 7922 7921 7928 7925 7924 7924 7923 7921 7929 7936 7930 7928 7930 7925 7937 7879 7935 7929 7937 7936 7878 7877 8056 7935 7879 7878 8054 8056 7877 11348 11349 11350 11351 11349 11352 11349 11351 11350 11353 11354 11352 11351 11352 11354 11353 11355 11356 11356 11354 11353 11357 11355 11358 11355 11357 11356 11359 11360 11358 11357 11358 11360 11359 11361 11362 11362 11360 11359 11363 11361 11364 11361 11363 11362 11365 11366 11364 11363 11364 11366 11365 11367 11368 11368 11366 11365 11369 11367 11370 11367 11369 11368 11371 11372 11370 11369 11370 11372 11371 11373 11374 11374 11372 11371 11375 11373 11376 11373 11375 11374 11377 11378 11376 11375 11376 11378 11377 11379 11380 11380 11378 11377 11381 11379 11382 11379 11381 11380 11383 11384 11382 11381 11382 11384 11383 11385 11386 11386 11384 11383 11387 11385 11388 11385 11387 11386 11389 11390 11388 11387 11388 11390 11389 11391 11392 11392 11390 11389 11393 11391 11394 11391 11393 11392 11395 11396 11394 11393 11394 11396 11395 11397 11398 11398 11396 11395 11399 11397 11400 11397 11399 11398 11401 11402 11400 11399 11400 11402 11401 11403 11404 11404 11402 11401 11405 11403 11406 11403 11405 11404 11407 11408 11406 11405 11406 11408 11407 11409 11410 11410 11408 11407 11411 11409 11412 11409 11411 11410 11413 11414 11412 11411 11412 11414 11413 11415 11416 11416 11414 11413 11417 11415 11418 11415 11417 11416 11419 11420 11418 11417 11418 11420 11419 11421 11422 11422 11420 11419 11423 11421 11424 11421 11423 11422 11425 11426 11424 11423 11424 11426 11425 11427 11428 11428 11426 11425 11429 11427 11430 11427 11429 11428 11431 11432 11430 11429 11430 11432 11431 11433 11434 11434 11432 11431 11435 11433 11436 11433 11435 11434 11437 11438 11436 11435 11436 11438 11437 11439 11440 11440 11438 11437 11441 11439 11442 11439 11441 11440 11443 11444 11442 11441 11442 11444 11445 11446 11444 11444 11443 11445 11348 11350 11447 11447 11448 11449 11449 11348 11447 11450 11448 11451 11448 11450 11449 11452 11453 11451 11450 11451 11453 11452 11454 11455 11455 11453 11452 11456 11454 11457 11454 11456 11455 11458 11459 11457 11456 11457 11459 11458 11460 11461 11461 11459 11458 11462 11460 11463 11460 11462 11461 11464 11465 11463 11462 11463 11465 11464 11466 11467 11467 11465 11464 11468 11466 11469 11466 11468 11467 11470 11471 11469 11468 11469 11471 11470 11472 11473 11473 11471 11470 11474 11472 11475 11472 11474 11473 11476 11477 11475 11474 11475 11477 11476 11478 11479 11479 11477 11476 11480 11478 11481 11478 11480 11479 11482 11483 11481 11480 11481 11483 11482 11484 11485 11485 11483 11482 11486 11484 11487 11484 11486 11485 11488 11489 11487 11486 11487 11489 11488 11490 11491 11491 11489 11488 11492 11490 11493 11490 11492 11491 11494 11495 11493 11492 11493 11495 11494 11496 11497 11497 11495 11494 11498 11496 11499 11496 11498 11497 11500 11501 11499 11498 11499 11501 11500 11502 11503 11503 11501 11500 11504 11502 11505 11502 11504 11503 11506 11507 11505 11504 11505 11507 11506 11508 11509 11509 11507 11506 11510 11508 11511 11508 11510 11509 11512 11513 11511 11510 11511 11513 11512 11514 11515 11515 11513 11512 11516 11514 11517 11514 11516 11515 11518 11519 11517 11516 11517 11519 11518 11520 11521 11521 11519 11518 11522 11520 11523 11520 11522 11521 11524 11525 11523 11522 11523 11525 11524 11526 11527 11527 11525 11524 11528 11526 11529 11526 11528 11527 11530 11531 11529 11528 11529 11531 11530 11532 11533 11533 11531 11530 11534 11532 11535 11532 11534 11533 11536 11537 11535 11534 11535 11537 11536 11538 11539 11539 11537 11536 11540 11538 11446 11538 11540 11539 11540 11446 11445 11541 11542 11543 11544 11545 11546 11547 11548 11549 11550 11551 11552 11553 11554 11555 11556 11557 11558 11559 11560 11561 11562 11563 11564 11565 11566 11567 11568 11569 11570 11571 11572 11573 11574 11575 11576 11577 11578 11579 11580 11581 11582 11583 11584 11585 11586 11587 11588 11589 11590 11591 11592 11593 11594 11595 11596 11597 11598 11599 11600 11601 11602 11603 11604 11605 11606 11607 11608 11609 11610 11611 11612 11613 11614 11615 11616 11617 11618 11619 11620 11621 11622 11623 11624 11625 11626 11627 11628 11629 11630 11631 11632 11633 11634 11635 11636 11637 11638 11639 11640 11641 11642 11643 11644 11645 11646 11647 11648 11649 11650 11651 11652 11653 11654 11655 11656 11657 11658 11659 11660 11661 11662 11663 11664 11665 11666 11667 11668 11669 11670 11671 11672 11671 11673 11674 11672 11675 11676 11676 11670 11672 11677 11678 11675 11676 11675 11678 11679 11677 11680 11677 11679 11678 11680 11681 11682 11682 11679 11680 11683 11684 11681 11682 11681 11684 11685 11683 11686 11683 11685 11684 11686 11687 11688 11688 11685 11686 11689 11690 11687 11688 11687 11690 11691 11689 11692 11689 11691 11690 11692 11693 11694 11694 11691 11692 11695 11696 11693 11694 11693 11696 11697 11695 11698 11695 11697 11696 11698 11699 11700 11700 11697 11698 11701 11702 11699 11700 11699 11702 11703 11701 11704 11701 11703 11702 11704 11705 11706 11706 11703 11704 11707 11708 11705 11706 11705 11708 11709 11707 11710 11707 11709 11708 11710 11711 11712 11712 11709 11710 11713 11714 11711 11712 11711 11714 11542 11713 11543 11713 11542 11714 11666 11674 11673 11670 11673 11671 11664 11669 11665 11666 11665 11674 11659 11668 11667 11667 11669 11664 11662 11658 11660 11658 11668 11659 11661 11663 11652 11662 11660 11663 11654 11653 11655 11661 11652 11654 11656 11648 11657 11653 11656 11655 11646 11651 11647 11648 11647 11657 11641 11650 11649 11649 11651 11646 11644 11640 11642 11640 11650 11641 11643 11645 11634 11644 11642 11645 11636 11635 11637 11643 11634 11636 11638 11630 11639 11635 11638 11637 11628 11633 11629 11630 11629 11639 11623 11632 11631 11631 11633 11628 11626 11622 11624 11622 11632 11623 11625 11627 11616 11626 11624 11627 11618 11617 11619 11625 11616 11618 11620 11612 11621 11617 11620 11619 11610 11615 11611 11612 11611 11621 11605 11614 11613 11613 11615 11610 11608 11604 11606 11604 11614 11605 11607 11609 11598 11608 11606 11609 11600 11599 11601 11607 11598 11600 11602 11594 11603 11599 11602 11601 11592 11597 11593 11594 11593 11603 11587 11596 11595 11595 11597 11592 11590 11586 11588 11586 11596 11587 11589 11591 11580 11590 11588 11591 11582 11581 11583 11589 11580 11582 11584 11576 11585 11581 11584 11583 11574 11579 11575 11576 11575 11585 11569 11578 11577 11577 11579 11574 11572 11568 11570 11568 11578 11569 11571 11573 11562 11572 11570 11573 11564 11563 11565 11571 11562 11564 11566 11558 11567 11563 11566 11565 11556 11561 11557 11558 11557 11567 11551 11560 11559 11559 11561 11556 11554 11550 11552 11550 11560 11551 11553 11555 11544 11554 11552 11555 11546 11545 11549 11553 11544 11546 11547 11541 11548 11545 11547 11549 11543 11548 11541 11715 11716 11717 11718 11719 11720 11721 11716 11722 11716 11721 11717 11723 11724 11722 11721 11722 11724 11723 11725 11726 11726 11724 11723 11727 11725 11728 11725 11727 11726 11729 11730 11728 11727 11728 11730 11729 11731 11732 11732 11730 11729 11733 11731 11734 11731 11733 11732 11735 11736 11734 11733 11734 11736 11735 11737 11738 11738 11736 11735 11739 11737 11740 11737 11739 11738 11741 11742 11740 11739 11740 11742 11741 11743 11744 11744 11742 11741 11745 11743 11746 11743 11745 11744 11747 11748 11746 11745 11746 11748 11747 11749 11750 11750 11748 11747 11751 11749 11752 11749 11751 11750 11753 11754 11752 11751 11752 11754 11753 11755 11756 11756 11754 11753 11757 11755 11758 11755 11757 11756 11759 11760 11758 11757 11758 11760 11759 11761 11762 11762 11760 11759 11763 11761 11764 11761 11763 11762 11765 11766 11764 11763 11764 11766 11767 11766 11765 11768 11715 11717 11768 11769 11770 11770 11715 11768 11771 11769 11772 11769 11771 11770 11773 11774 11772 11771 11772 11774 11773 11775 11776 11776 11774 11773 11777 11775 11778 11775 11777 11776 11779 11780 11778 11777 11778 11780 11779 11781 11782 11782 11780 11779 11783 11781 11784 11781 11783 11782 11785 11786 11784 11783 11784 11786 11785 11787 11788 11788 11786 11785 11789 11787 11790 11787 11789 11788 11791 11792 11790 11789 11790 11792 11791 11793 11794 11794 11792 11791 11795 11793 11796 11793 11795 11794 11797 11798 11796 11795 11796 11798 11797 11799 11800 11800 11798 11797 11801 11799 11802 11799 11801 11800 11803 11804 11802 11801 11802 11804 11803 11805 11806 11806 11804 11803 11807 11805 11808 11805 11807 11806 11809 11810 11808 11807 11808 11810 11809 11811 11812 11812 11810 11809 11813 11811 11814 11811 11813 11812 11718 11815 11814 11813 11814 11815 11816 11817 11818 11819 11820 11821 11822 11823 11824 11825 11826 11827 11828 11829 11830 11831 11832 11833 11834 11835 11836 11837 11838 11839 11840 11841 11842 11843 11844 11845 11846 11847 11848 11849 11850 11851 11852 11853 11854 11855 11856 11857 11858 11859 11860 11861 11862 11863 11864 11865 11866 11867 11868 11869 11870 11871 11872 11873 11874 11875 11876 11877 11878 11879 11880 11881 11882 11883 11884 11885 11886 11887 11886 11885 11881 11888 11889 11887 11885 11887 11889 11888 11890 11891 11891 11889 11888 11892 11890 11893 11890 11892 11891 11894 11895 11893 11892 11893 11895 11894 11896 11897 11897 11895 11894 11898 11896 11899 11896 11898 11897 11900 11901 11899 11898 11899 11901 11900 11902 11903 11903 11901 11900 11904 11902 11905 11902 11904 11903 11906 11907 11905 11904 11905 11907 11767 11765 11907 11907 11906 11767 11880 11879 11883 11880 11886 11881 11873 11882 11884 11884 11883 11879 11874 11878 11875 11873 11875 11882 11876 11868 11877 11874 11876 11878 11867 11869 11870 11877 11868 11867 11872 11871 11863 11870 11869 11871 11865 11862 11861 11862 11872 11863 11855 11864 11866 11866 11865 11861 11856 11860 11857 11855 11857 11864 11858 11850 11859 11856 11858 11860 11849 11851 11852 11859 11850 11849 11854 11853 11845 11852 11851 11853 11847 11844 11843 11844 11854 11845 11837 11846 11848 11848 11847 11843 11838 11842 11839 11837 11839 11846 11840 11832 11841 11838 11840 11842 11831 11833 11834 11841 11832 11831 11836 11835 11827 11834 11833 11835 11829 11826 11825 11826 11836 11827 11819 11828 11830 11830 11829 11825 11820 11824 11821 11819 11821 11828 11822 11816 11823 11820 11822 11824 11818 11817 11719 11823 11816 11818 11718 11720 11815 11719 11817 11720 11908 11909 11910 11911 11909 11912 11909 11911 11910 11913 11914 11912 11911 11912 11914 11913 11915 11916 11916 11914 11913 11917 11915 11918 11915 11917 11916 11919 11920 11918 11917 11918 11920 11919 11921 11922 11922 11920 11919 11923 11921 11924 11921 11923 11922 11925 11926 11924 11923 11924 11926 11925 11927 11928 11928 11926 11925 11929 11927 11930 11927 11929 11928 11931 11932 11930 11929 11930 11932 11931 11933 11934 11934 11932 11931 11935 11933 11936 11933 11935 11934 11937 11938 11936 11935 11936 11938 11937 11939 11940 11940 11938 11937 11941 11939 11942 11939 11941 11940 11943 11944 11942 11941 11942 11944 11943 11945 11946 11946 11944 11943 11947 11945 11948 11945 11947 11946 11949 11950 11948 11947 11948 11950 11949 11951 11952 11952 11950 11949 11953 11951 11954 11951 11953 11952 11955 11956 11954 11953 11954 11956 11955 11957 11958 11958 11956 11955 11959 11957 11960 11957 11959 11958 11961 11962 11960 11959 11960 11962 11961 11963 11964 11964 11962 11961 11965 11963 11966 11963 11965 11964 11967 11968 11966 11965 11966 11968 11967 11969 11970 11970 11968 11967 11971 11969 11972 11969 11971 11970 11973 11974 11972 11971 11972 11974 11973 11975 11976 11976 11974 11973 11977 11975 11978 11975 11977 11976 11979 11980 11978 11977 11978 11980 11979 11981 11982 11982 11980 11979 11983 11981 11984 11981 11983 11982 11985 11986 11984 11983 11984 11986 11985 11987 11988 11988 11986 11985 11989 11987 11990 11987 11989 11988 11991 11992 11990 11989 11990 11992 11991 11993 11994 11994 11992 11991 11995 11993 11996 11993 11995 11994 11997 11998 11996 11995 11996 11998 11997 11999 12000 12000 11998 11997 12001 11999 12002 11999 12001 12000 12003 12004 12002 12001 12002 12004 12005 12006 12004 12004 12003 12005 11908 11910 12007 12007 12008 12009 12009 11908 12007 12010 12008 12011 12008 12010 12009 12012 12013 12011 12010 12011 12013 12012 12014 12015 12015 12013 12012 12016 12014 12017 12014 12016 12015 12018 12019 12017 12016 12017 12019 12018 12020 12021 12021 12019 12018 12022 12020 12023 12020 12022 12021 12024 12025 12023 12022 12023 12025 12024 12026 12027 12027 12025 12024 12028 12026 12029 12026 12028 12027 12030 12031 12029 12028 12029 12031 12030 12032 12033 12033 12031 12030 12034 12032 12035 12032 12034 12033 12036 12037 12035 12034 12035 12037 12036 12038 12039 12039 12037 12036 12040 12038 12041 12038 12040 12039 12042 12043 12041 12040 12041 12043 12042 12044 12045 12045 12043 12042 12046 12044 12047 12044 12046 12045 12048 12049 12047 12046 12047 12049 12048 12050 12051 12051 12049 12048 12052 12050 12053 12050 12052 12051 12054 12055 12053 12052 12053 12055 12054 12056 12057 12057 12055 12054 12058 12056 12059 12056 12058 12057 12060 12061 12059 12058 12059 12061 12060 12062 12063 12063 12061 12060 12064 12062 12065 12062 12064 12063 12066 12067 12065 12064 12065 12067 12066 12068 12069 12069 12067 12066 12070 12068 12071 12068 12070 12069 12072 12073 12071 12070 12071 12073 12072 12074 12075 12075 12073 12072 12076 12074 12077 12074 12076 12075 12078 12079 12077 12076 12077 12079 12078 12080 12081 12081 12079 12078 12082 12080 12083 12080 12082 12081 12084 12085 12083 12082 12083 12085 12084 12086 12087 12087 12085 12084 12088 12086 12089 12086 12088 12087 12090 12091 12089 12088 12089 12091 12090 12092 12093 12093 12091 12090 12094 12092 12095 12092 12094 12093 12096 12097 12095 12094 12095 12097 12096 12098 12099 12099 12097 12096 12100 12098 12006 12098 12100 12099 12100 12006 12005 12101 12102 12103 12104 12105 12106 12107 12108 12109 12110 12111 12112 12113 12114 12115 12116 12117 12118 12119 12120 12121 12122 12123 12124 12125 12126 12127 12128 12129 12130 12131 12132 12133 12134 12135 12136 12137 12138 12139 12140 12141 12142 12143 12144 12145 12146 12147 12148 12149 12150 12151 12152 12153 12154 12155 12156 12157 12158 12159 12160 12161 12162 12163 12164 12165 12166 12167 12168 12169 12170 12171 12172 12173 12174 12175 12176 12177 12178 12179 12180 12181 12182 12183 12184 12185 12186 12187 12188 12189 12190 12191 12192 12193 12194 12195 12196 12197 12198 12199 12200 12201 12202 12203 12204 12205 12206 12207 12208 12209 12210 12211 12212 12213 12214 12215 12216 12217 12218 12219 12220 12221 12222 12223 12224 12225 12226 12227 12228 12229 12230 12231 12232 12231 12233 12234 12232 12235 12236 12236 12230 12232 12237 12238 12235 12236 12235 12238 12239 12237 12240 12237 12239 12238 12240 12241 12242 12242 12239 12240 12243 12244 12241 12242 12241 12244 12245 12243 12246 12243 12245 12244 12246 12247 12248 12248 12245 12246 12249 12250 12247 12248 12247 12250 12251 12249 12252 12249 12251 12250 12252 12253 12254 12254 12251 12252 12255 12256 12253 12254 12253 12256 12257 12255 12258 12255 12257 12256 12258 12259 12260 12260 12257 12258 12261 12262 12259 12260 12259 12262 12263 12261 12264 12261 12263 12262 12264 12265 12266 12266 12263 12264 12267 12268 12265 12266 12265 12268 12269 12267 12270 12267 12269 12268 12270 12271 12272 12272 12269 12270 12273 12274 12271 12272 12271 12274 12102 12273 12103 12273 12102 12274 12226 12234 12233 12230 12233 12231 12224 12229 12225 12226 12225 12234 12219 12228 12227 12227 12229 12224 12222 12218 12220 12218 12228 12219 12221 12223 12212 12222 12220 12223 12214 12213 12215 12221 12212 12214 12216 12208 12217 12213 12216 12215 12206 12211 12207 12208 12207 12217 12201 12210 12209 12209 12211 12206 12204 12200 12202 12200 12210 12201 12203 12205 12194 12204 12202 12205 12196 12195 12197 12203 12194 12196 12198 12190 12199 12195 12198 12197 12188 12193 12189 12190 12189 12199 12183 12192 12191 12191 12193 12188 12186 12182 12184 12182 12192 12183 12185 12187 12176 12186 12184 12187 12178 12177 12179 12185 12176 12178 12180 12172 12181 12177 12180 12179 12170 12175 12171 12172 12171 12181 12165 12174 12173 12173 12175 12170 12168 12164 12166 12164 12174 12165 12167 12169 12158 12168 12166 12169 12160 12159 12161 12167 12158 12160 12162 12154 12163 12159 12162 12161 12152 12157 12153 12154 12153 12163 12147 12156 12155 12155 12157 12152 12150 12146 12148 12146 12156 12147 12149 12151 12140 12150 12148 12151 12142 12141 12143 12149 12140 12142 12144 12136 12145 12141 12144 12143 12134 12139 12135 12136 12135 12145 12129 12138 12137 12137 12139 12134 12132 12128 12130 12128 12138 12129 12131 12133 12122 12132 12130 12133 12124 12123 12125 12131 12122 12124 12126 12118 12127 12123 12126 12125 12116 12121 12117 12118 12117 12127 12111 12120 12119 12119 12121 12116 12114 12110 12112 12110 12120 12111 12113 12115 12104 12114 12112 12115 12106 12105 12109 12113 12104 12106 12107 12101 12108 12105 12107 12109 12103 12108 12101 12275 12276 12277 12278 12279 12280 12281 12276 12282 12276 12281 12277 12283 12284 12282 12281 12282 12284 12283 12285 12286 12286 12284 12283 12287 12285 12288 12285 12287 12286 12289 12290 12288 12287 12288 12290 12289 12291 12292 12292 12290 12289 12293 12291 12294 12291 12293 12292 12295 12296 12294 12293 12294 12296 12295 12297 12298 12298 12296 12295 12299 12297 12300 12297 12299 12298 12301 12302 12300 12299 12300 12302 12301 12303 12304 12304 12302 12301 12305 12303 12306 12303 12305 12304 12307 12308 12306 12305 12306 12308 12307 12309 12310 12310 12308 12307 12311 12309 12312 12309 12311 12310 12313 12314 12312 12311 12312 12314 12313 12315 12316 12316 12314 12313 12317 12315 12318 12315 12317 12316 12319 12320 12318 12317 12318 12320 12319 12321 12322 12322 12320 12319 12323 12321 12324 12321 12323 12322 12325 12326 12324 12323 12324 12326 12327 12326 12325 12328 12275 12277 12328 12329 12330 12330 12275 12328 12331 12329 12332 12329 12331 12330 12333 12334 12332 12331 12332 12334 12333 12335 12336 12336 12334 12333 12337 12335 12338 12335 12337 12336 12339 12340 12338 12337 12338 12340 12339 12341 12342 12342 12340 12339 12343 12341 12344 12341 12343 12342 12345 12346 12344 12343 12344 12346 12345 12347 12348 12348 12346 12345 12349 12347 12350 12347 12349 12348 12351 12352 12350 12349 12350 12352 12351 12353 12354 12354 12352 12351 12355 12353 12356 12353 12355 12354 12357 12358 12356 12355 12356 12358 12357 12359 12360 12360 12358 12357 12361 12359 12362 12359 12361 12360 12363 12364 12362 12361 12362 12364 12363 12365 12366 12366 12364 12363 12367 12365 12368 12365 12367 12366 12369 12370 12368 12367 12368 12370 12369 12371 12372 12372 12370 12369 12373 12371 12374 12371 12373 12372 12278 12375 12374 12373 12374 12375 12376 12377 12378 12379 12380 12381 12382 12383 12384 12385 12386 12387 12388 12389 12390 12391 12392 12393 12394 12395 12396 12397 12398 12399 12400 12401 12402 12403 12404 12405 12406 12407 12408 12409 12410 12411 12412 12413 12414 12415 12416 12417 12418 12419 12420 12421 12422 12423 12424 12425 12426 12427 12428 12429 12430 12431 12432 12433 12434 12435 12436 12437 12438 12439 12440 12441 12442 12443 12444 12445 12446 12447 12446 12445 12441 12448 12449 12447 12445 12447 12449 12448 12450 12451 12451 12449 12448 12452 12450 12453 12450 12452 12451 12454 12455 12453 12452 12453 12455 12454 12456 12457 12457 12455 12454 12458 12456 12459 12456 12458 12457 12460 12461 12459 12458 12459 12461 12460 12462 12463 12463 12461 12460 12464 12462 12465 12462 12464 12463 12466 12467 12465 12464 12465 12467 12327 12325 12467 12467 12466 12327 12440 12439 12443 12440 12446 12441 12433 12442 12444 12444 12443 12439 12434 12438 12435 12433 12435 12442 12436 12428 12437 12434 12436 12438 12427 12429 12430 12437 12428 12427 12432 12431 12423 12430 12429 12431 12425 12422 12421 12422 12432 12423 12415 12424 12426 12426 12425 12421 12416 12420 12417 12415 12417 12424 12418 12410 12419 12416 12418 12420 12409 12411 12412 12419 12410 12409 12414 12413 12405 12412 12411 12413 12407 12404 12403 12404 12414 12405 12397 12406 12408 12408 12407 12403 12398 12402 12399 12397 12399 12406 12400 12392 12401 12398 12400 12402 12391 12393 12394 12401 12392 12391 12396 12395 12387 12394 12393 12395 12389 12386 12385 12386 12396 12387 12379 12388 12390 12390 12389 12385 12380 12384 12381 12379 12381 12388 12382 12376 12383 12380 12382 12384 12378 12377 12279 12383 12376 12378 12278 12280 12375 12279 12377 12280 12468 12469 12470 12471 12472 12468 12468 12470 12471 12472 12473 12474 12473 12472 12471 12475 12474 12476 12473 12476 12474 12477 12478 12475 12475 12476 12477 12478 12479 12480 12479 12478 12477 12481 12480 12482 12479 12482 12480 12483 12484 12481 12481 12482 12483 12484 12485 12486 12485 12484 12483 12487 12486 12488 12485 12488 12486 12489 12490 12487 12487 12488 12489 12490 12491 12492 12491 12490 12489 12493 12492 12494 12491 12494 12492 12495 12496 12493 12493 12494 12495 12496 12497 12498 12497 12496 12495 12499 12498 12500 12497 12500 12498 12501 12502 12499 12499 12500 12501 12502 12503 12504 12503 12502 12501 12505 12504 12506 12503 12506 12504 12507 12508 12505 12505 12506 12507 12508 12509 12510 12509 12508 12507 12511 12510 12512 12509 12512 12510 12513 12514 12511 12511 12512 12513 12514 12515 12516 12515 12514 12513 12517 12516 12518 12515 12518 12516 12519 12520 12517 12517 12518 12519 12520 12521 12522 12521 12520 12519 12523 12522 12524 12521 12524 12522 12525 12526 12523 12523 12524 12525 12526 12527 12528 12527 12526 12525 12529 12528 12530 12527 12530 12528 12531 12532 12529 12529 12530 12531 12532 12533 12534 12533 12532 12531 12535 12534 12536 12533 12536 12534 12537 12538 12535 12535 12536 12537 12470 12469 12539 12540 12539 12541 12469 12541 12539 12542 12543 12540 12540 12541 12542 12543 12544 12545 12544 12543 12542 12546 12545 12547 12544 12547 12545 12548 12549 12546 12546 12547 12548 12549 12550 12551 12550 12549 12548 12552 12551 12553 12550 12553 12551 12554 12555 12552 12552 12553 12554 12555 12556 12557 12556 12555 12554 12558 12557 12559 12556 12559 12557 12560 12561 12558 12558 12559 12560 12561 12562 12563 12562 12561 12560 12564 12563 12565 12562 12565 12563 12566 12567 12564 12564 12565 12566 12567 12568 12569 12568 12567 12566 12570 12569 12571 12568 12571 12569 12570 12571 12572 12572 12573 12574 12574 12570 12572 12575 12573 12576 12573 12575 12574 12577 12578 12576 12575 12576 12578 12577 12579 12580 12580 12578 12577 12581 12579 12582 12579 12581 12580 12583 12584 12582 12581 12582 12584 12583 12585 12586 12586 12584 12583 12587 12585 12588 12585 12587 12586 12589 12590 12588 12587 12588 12590 12589 12591 12592 12592 12590 12589 12593 12591 12594 12591 12593 12592 12595 12596 12594 12593 12594 12596 12595 12597 12598 12598 12596 12595 12599 12597 12600 12597 12599 12598 12601 12602 12600 12599 12600 12602 12601 12603 12604 12604 12602 12601 12605 12603 12606 12603 12605 12604 12605 12606 12537 12537 12606 12538 12607 12608 12609 12610 12611 12612 12609 12613 12614 12614 12607 12609 12615 12616 12613 12614 12613 12616 12617 12615 12618 12615 12617 12616 12618 12619 12620 12620 12617 12618 12621 12622 12619 12620 12619 12622 12623 12621 12624 12621 12623 12622 12624 12625 12626 12626 12623 12624 12627 12628 12625 12626 12625 12628 12629 12627 12630 12627 12629 12628 12630 12631 12632 12632 12629 12630 12633 12634 12631 12632 12631 12634 12635 12633 12636 12633 12635 12634 12636 12637 12638 12638 12635 12636 12639 12640 12637 12638 12637 12640 12641 12639 12642 12639 12641 12640 12607 12643 12608 12644 12643 12645 12643 12644 12608 12645 12646 12647 12647 12644 12645 12648 12649 12646 12647 12646 12649 12650 12648 12651 12648 12650 12649 12651 12652 12653 12653 12650 12651 12654 12655 12652 12653 12652 12655 12656 12654 12657 12654 12656 12655 12657 12658 12659 12659 12656 12657 12660 12661 12658 12659 12658 12661 12662 12660 12663 12660 12662 12661 12663 12664 12665 12665 12662 12663 12666 12667 12664 12665 12664 12667 12668 12666 12669 12666 12668 12667 12669 12670 12671 12671 12668 12669 12671 12670 12611 12670 12612 12611 12672 12673 12674 12675 12676 12677 12678 12679 12680 12681 12682 12683 12684 12685 12686 12687 12688 12689 12690 12691 12692 12693 12694 12695 12696 12697 12698 12699 12700 12701 12702 12703 12704 12705 12706 12707 12708 12709 12710 12711 12712 12713 12714 12715 12716 12717 12716 12718 12719 12714 12720 12714 12719 12715 12720 12721 12722 12722 12719 12720 12723 12724 12721 12722 12721 12724 12725 12723 12726 12723 12725 12724 12726 12727 12728 12728 12725 12726 12729 12730 12727 12728 12727 12730 12642 12729 12641 12729 12642 12730 12708 12717 12718 12716 12715 12718 12710 12709 12711 12717 12708 12710 12712 12704 12713 12709 12712 12711 12702 12707 12703 12704 12703 12713 12697 12706 12705 12705 12707 12702 12700 12696 12698 12696 12706 12697 12699 12701 12690 12700 12698 12701 12692 12691 12693 12699 12690 12692 12694 12686 12695 12691 12694 12693 12684 12689 12685 12686 12685 12695 12679 12688 12687 12687 12689 12684 12682 12678 12680 12678 12688 12679 12681 12683 12672 12682 12680 12683 12674 12673 12677 12681 12672 12674 12675 12610 12676 12673 12675 12677 12612 12676 12610 12731 12732 12733 12734 12735 12736 12737 12738 12733 12731 12733 12738 12737 12739 12740 12740 12738 12737 12741 12739 12742 12739 12741 12740 12743 12744 12742 12741 12742 12744 12743 12745 12746 12746 12744 12743 12747 12745 12748 12745 12747 12746 12749 12750 12748 12747 12748 12750 12749 12751 12752 12752 12750 12749 12753 12751 12754 12751 12753 12752 12755 12756 12754 12753 12754 12756 12755 12757 12758 12758 12756 12755 12759 12757 12760 12757 12759 12758 12761 12762 12760 12759 12760 12762 12761 12763 12764 12764 12762 12761 12765 12763 12766 12763 12765 12764 12767 12768 12766 12765 12766 12768 12767 12769 12770 12770 12768 12767 12732 12731 12771 12772 12771 12773 12771 12772 12732 12774 12775 12773 12772 12773 12775 12774 12776 12777 12777 12775 12774 12778 12776 12779 12776 12778 12777 12780 12781 12779 12778 12779 12781 12780 12782 12783 12783 12781 12780 12784 12782 12785 12782 12784 12783 12786 12787 12785 12784 12785 12787 12786 12788 12789 12789 12787 12786 12790 12788 12791 12788 12790 12789 12792 12793 12791 12790 12791 12793 12792 12794 12795 12795 12793 12792 12796 12794 12797 12794 12796 12795 12798 12799 12797 12796 12797 12799 12798 12800 12801 12801 12799 12798 12802 12800 12736 12800 12802 12801 12802 12736 12735 12803 12804 12805 12806 12807 12808 12809 12810 12811 12812 12813 12814 12815 12816 12817 12818 12819 12820 12821 12822 12823 12824 12825 12826 12827 12828 12829 12830 12831 12832 12833 12834 12835 12836 12837 12838 12839 12840 12841 12842 12843 12844 12845 12846 12847 12848 12849 12850 12851 12852 12853 12854 12851 12855 12856 12853 12857 12852 12857 12853 12858 12859 12856 12856 12857 12858 12859 12860 12861 12860 12859 12858 12862 12861 12863 12860 12863 12861 12864 12865 12862 12862 12863 12864 12865 12866 12867 12866 12865 12864 12868 12867 12869 12866 12869 12867 12770 12769 12868 12868 12869 12770 12847 12854 12855 12854 12852 12851 12850 12846 12845 12845 12847 12855 12848 12839 12849 12850 12849 12846 12840 12842 12841 12848 12840 12839 12844 12843 12834 12841 12842 12844 12833 12835 12837 12834 12843 12835 12829 12836 12838 12836 12833 12837 12832 12828 12827 12827 12829 12838 12830 12821 12831 12832 12831 12828 12822 12824 12823 12830 12822 12821 12826 12825 12816 12823 12824 12826 12815 12817 12819 12816 12825 12817 12811 12818 12820 12818 12815 12819 12814 12810 12809 12809 12811 12820 12812 12803 12813 12814 12813 12810 12804 12807 12805 12812 12804 12803 12806 12808 12734 12805 12807 12806 12735 12734 12808 12870 12871 12872 12873 12874 12870 12870 12872 12873 12874 12875 12876 12875 12874 12873 12877 12876 12878 12875 12878 12876 12879 12880 12877 12877 12878 12879 12880 12881 12882 12881 12880 12879 12883 12882 12884 12881 12884 12882 12885 12886 12883 12883 12884 12885 12886 12887 12888 12887 12886 12885 12889 12888 12890 12887 12890 12888 12891 12892 12889 12889 12890 12891 12892 12893 12894 12893 12892 12891 12895 12894 12896 12893 12896 12894 12897 12898 12895 12895 12896 12897 12898 12899 12900 12899 12898 12897 12901 12900 12902 12899 12902 12900 12903 12904 12901 12901 12902 12903 12904 12905 12906 12905 12904 12903 12907 12906 12908 12905 12908 12906 12909 12910 12907 12907 12908 12909 12910 12911 12912 12911 12910 12909 12913 12912 12914 12911 12914 12912 12915 12916 12913 12913 12914 12915 12916 12917 12918 12917 12916 12915 12919 12918 12920 12917 12920 12918 12921 12922 12919 12919 12920 12921 12922 12923 12924 12923 12922 12921 12925 12924 12926 12923 12926 12924 12927 12928 12925 12925 12926 12927 12928 12929 12930 12929 12928 12927 12931 12930 12932 12929 12932 12930 12933 12934 12931 12931 12932 12933 12934 12935 12936 12935 12934 12933 12937 12936 12938 12935 12938 12936 12939 12940 12937 12937 12938 12939 12872 12871 12941 12942 12941 12943 12871 12943 12941 12944 12945 12942 12942 12943 12944 12945 12946 12947 12946 12945 12944 12948 12947 12949 12946 12949 12947 12950 12951 12948 12948 12949 12950 12951 12952 12953 12952 12951 12950 12954 12953 12955 12952 12955 12953 12956 12957 12954 12954 12955 12956 12957 12958 12959 12958 12957 12956 12960 12959 12961 12958 12961 12959 12962 12963 12960 12960 12961 12962 12963 12964 12965 12964 12963 12962 12966 12965 12967 12964 12967 12965 12968 12969 12966 12966 12967 12968 12969 12970 12971 12970 12969 12968 12972 12971 12973 12970 12973 12971 12972 12973 12974 12974 12975 12976 12976 12972 12974 12977 12975 12978 12975 12977 12976 12979 12980 12978 12977 12978 12980 12979 12981 12982 12982 12980 12979 12983 12981 12984 12981 12983 12982 12985 12986 12984 12983 12984 12986 12985 12987 12988 12988 12986 12985 12989 12987 12990 12987 12989 12988 12991 12992 12990 12989 12990 12992 12991 12993 12994 12994 12992 12991 12995 12993 12996 12993 12995 12994 12997 12998 12996 12995 12996 12998 12997 12999 13000 13000 12998 12997 13001 12999 13002 12999 13001 13000 13003 13004 13002 13001 13002 13004 13003 13005 13006 13006 13004 13003 13007 13005 13008 13005 13007 13006 13007 13008 12939 12939 13008 12940 13009 13010 13011 13012 13013 13014 13011 13015 13016 13016 13009 13011 13017 13018 13015 13016 13015 13018 13019 13017 13020 13017 13019 13018 13020 13021 13022 13022 13019 13020 13023 13024 13021 13022 13021 13024 13025 13023 13026 13023 13025 13024 13026 13027 13028 13028 13025 13026 13029 13030 13027 13028 13027 13030 13031 13029 13032 13029 13031 13030 13032 13033 13034 13034 13031 13032 13035 13036 13033 13034 13033 13036 13037 13035 13038 13035 13037 13036 13038 13039 13040 13040 13037 13038 13041 13042 13039 13040 13039 13042 13043 13041 13044 13041 13043 13042 13009 13045 13010 13046 13045 13047 13045 13046 13010 13047 13048 13049 13049 13046 13047 13050 13051 13048 13049 13048 13051 13052 13050 13053 13050 13052 13051 13053 13054 13055 13055 13052 13053 13056 13057 13054 13055 13054 13057 13058 13056 13059 13056 13058 13057 13059 13060 13061 13061 13058 13059 13062 13063 13060 13061 13060 13063 13064 13062 13065 13062 13064 13063 13065 13066 13067 13067 13064 13065 13068 13069 13066 13067 13066 13069 13070 13068 13071 13068 13070 13069 13071 13072 13073 13073 13070 13071 13073 13072 13013 13072 13014 13013 13074 13075 13076 13077 13078 13079 13080 13081 13082 13083 13084 13085 13086 13087 13088 13089 13090 13091 13092 13093 13094 13095 13096 13097 13098 13099 13100 13101 13102 13103 13104 13105 13106 13107 13108 13109 13110 13111 13112 13113 13114 13115 13116 13117 13118 13119 13118 13120 13121 13116 13122 13116 13121 13117 13122 13123 13124 13124 13121 13122 13125 13126 13123 13124 13123 13126 13127 13125 13128 13125 13127 13126 13128 13129 13130 13130 13127 13128 13131 13132 13129 13130 13129 13132 13044 13131 13043 13131 13044 13132 13110 13119 13120 13118 13117 13120 13112 13111 13113 13119 13110 13112 13114 13106 13115 13111 13114 13113 13104 13109 13105 13106 13105 13115 13099 13108 13107 13107 13109 13104 13102 13098 13100 13098 13108 13099 13101 13103 13092 13102 13100 13103 13094 13093 13095 13101 13092 13094 13096 13088 13097 13093 13096 13095 13086 13091 13087 13088 13087 13097 13081 13090 13089 13089 13091 13086 13084 13080 13082 13080 13090 13081 13083 13085 13074 13084 13082 13085 13076 13075 13079 13083 13074 13076 13077 13012 13078 13075 13077 13079 13014 13078 13012 13133 13134 13135 13136 13137 13138 13139 13140 13135 13133 13135 13140 13139 13141 13142 13142 13140 13139 13143 13141 13144 13141 13143 13142 13145 13146 13144 13143 13144 13146 13145 13147 13148 13148 13146 13145 13149 13147 13150 13147 13149 13148 13151 13152 13150 13149 13150 13152 13151 13153 13154 13154 13152 13151 13155 13153 13156 13153 13155 13154 13157 13158 13156 13155 13156 13158 13157 13159 13160 13160 13158 13157 13161 13159 13162 13159 13161 13160 13163 13164 13162 13161 13162 13164 13163 13165 13166 13166 13164 13163 13167 13165 13168 13165 13167 13166 13169 13170 13168 13167 13168 13170 13169 13171 13172 13172 13170 13169 13134 13133 13173 13174 13173 13175 13173 13174 13134 13176 13177 13175 13174 13175 13177 13176 13178 13179 13179 13177 13176 13180 13178 13181 13178 13180 13179 13182 13183 13181 13180 13181 13183 13182 13184 13185 13185 13183 13182 13186 13184 13187 13184 13186 13185 13188 13189 13187 13186 13187 13189 13188 13190 13191 13191 13189 13188 13192 13190 13193 13190 13192 13191 13194 13195 13193 13192 13193 13195 13194 13196 13197 13197 13195 13194 13198 13196 13199 13196 13198 13197 13200 13201 13199 13198 13199 13201 13200 13202 13203 13203 13201 13200 13204 13202 13138 13202 13204 13203 13204 13138 13137 13205 13206 13207 13208 13209 13210 13211 13212 13213 13214 13215 13216 13217 13218 13219 13220 13221 13222 13223 13224 13225 13226 13227 13228 13229 13230 13231 13232 13233 13234 13235 13236 13237 13238 13239 13240 13241 13242 13243 13244 13245 13246 13247 13248 13249 13250 13251 13252 13253 13254 13255 13256 13253 13257 13258 13255 13259 13254 13259 13255 13260 13261 13258 13258 13259 13260 13261 13262 13263 13262 13261 13260 13264 13263 13265 13262 13265 13263 13266 13267 13264 13264 13265 13266 13267 13268 13269 13268 13267 13266 13270 13269 13271 13268 13271 13269 13172 13171 13270 13270 13271 13172 13249 13256 13257 13256 13254 13253 13252 13248 13247 13247 13249 13257 13250 13241 13251 13252 13251 13248 13242 13244 13243 13250 13242 13241 13246 13245 13236 13243 13244 13246 13235 13237 13239 13236 13245 13237 13231 13238 13240 13238 13235 13239 13234 13230 13229 13229 13231 13240 13232 13223 13233 13234 13233 13230 13224 13226 13225 13232 13224 13223 13228 13227 13218 13225 13226 13228 13217 13219 13221 13218 13227 13219 13213 13220 13222 13220 13217 13221 13216 13212 13211 13211 13213 13222 13214 13205 13215 13216 13215 13212 13206 13209 13207 13214 13206 13205 13208 13210 13136 13207 13209 13208 13137 13136 13210 13272 13273 13274 13275 13276 13272 13272 13274 13275 13276 13277 13278 13277 13276 13275 13279 13278 13280 13277 13280 13278 13281 13282 13279 13279 13280 13281 13282 13283 13284 13283 13282 13281 13285 13284 13286 13283 13286 13284 13287 13288 13285 13285 13286 13287 13288 13289 13290 13289 13288 13287 13291 13290 13292 13289 13292 13290 13293 13294 13291 13291 13292 13293 13294 13295 13296 13295 13294 13293 13297 13296 13298 13295 13298 13296 13299 13300 13297 13297 13298 13299 13300 13301 13302 13301 13300 13299 13303 13302 13304 13301 13304 13302 13305 13306 13303 13303 13304 13305 13306 13307 13308 13307 13306 13305 13309 13308 13310 13307 13310 13308 13311 13312 13309 13309 13310 13311 13312 13313 13314 13313 13312 13311 13315 13314 13316 13313 13316 13314 13317 13318 13315 13315 13316 13317 13318 13319 13320 13319 13318 13317 13321 13320 13322 13319 13322 13320 13323 13324 13321 13321 13322 13323 13324 13325 13326 13325 13324 13323 13327 13326 13328 13325 13328 13326 13329 13330 13327 13327 13328 13329 13330 13331 13332 13331 13330 13329 13333 13332 13334 13331 13334 13332 13335 13336 13333 13333 13334 13335 13336 13337 13338 13337 13336 13335 13339 13338 13340 13337 13340 13338 13341 13342 13339 13339 13340 13341 13274 13273 13343 13344 13343 13345 13273 13345 13343 13346 13347 13344 13344 13345 13346 13347 13348 13349 13348 13347 13346 13350 13349 13351 13348 13351 13349 13352 13353 13350 13350 13351 13352 13353 13354 13355 13354 13353 13352 13356 13355 13357 13354 13357 13355 13358 13359 13356 13356 13357 13358 13359 13360 13361 13360 13359 13358 13362 13361 13363 13360 13363 13361 13364 13365 13362 13362 13363 13364 13365 13366 13367 13366 13365 13364 13368 13367 13369 13366 13369 13367 13370 13371 13368 13368 13369 13370 13371 13372 13373 13372 13371 13370 13374 13373 13375 13372 13375 13373 13374 13375 13376 13376 13377 13378 13378 13374 13376 13379 13377 13380 13377 13379 13378 13381 13382 13380 13379 13380 13382 13381 13383 13384 13384 13382 13381 13385 13383 13386 13383 13385 13384 13387 13388 13386 13385 13386 13388 13387 13389 13390 13390 13388 13387 13391 13389 13392 13389 13391 13390 13393 13394 13392 13391 13392 13394 13393 13395 13396 13396 13394 13393 13397 13395 13398 13395 13397 13396 13399 13400 13398 13397 13398 13400 13399 13401 13402 13402 13400 13399 13403 13401 13404 13401 13403 13402 13405 13406 13404 13403 13404 13406 13405 13407 13408 13408 13406 13405 13409 13407 13410 13407 13409 13408 13409 13410 13341 13341 13410 13342 13411 13412 13413 13414 13415 13416 13413 13417 13418 13418 13411 13413 13419 13420 13417 13418 13417 13420 13421 13419 13422 13419 13421 13420 13422 13423 13424 13424 13421 13422 13425 13426 13423 13424 13423 13426 13427 13425 13428 13425 13427 13426 13428 13429 13430 13430 13427 13428 13431 13432 13429 13430 13429 13432 13433 13431 13434 13431 13433 13432 13434 13435 13436 13436 13433 13434 13437 13438 13435 13436 13435 13438 13439 13437 13440 13437 13439 13438 13440 13441 13442 13442 13439 13440 13443 13444 13441 13442 13441 13444 13445 13443 13446 13443 13445 13444 13411 13447 13412 13448 13447 13449 13447 13448 13412 13449 13450 13451 13451 13448 13449 13452 13453 13450 13451 13450 13453 13454 13452 13455 13452 13454 13453 13455 13456 13457 13457 13454 13455 13458 13459 13456 13457 13456 13459 13460 13458 13461 13458 13460 13459 13461 13462 13463 13463 13460 13461 13464 13465 13462 13463 13462 13465 13466 13464 13467 13464 13466 13465 13467 13468 13469 13469 13466 13467 13470 13471 13468 13469 13468 13471 13472 13470 13473 13470 13472 13471 13473 13474 13475 13475 13472 13473 13475 13474 13415 13474 13416 13415 13476 13477 13478 13479 13480 13481 13482 13483 13484 13485 13486 13487 13488 13489 13490 13491 13492 13493 13494 13495 13496 13497 13498 13499 13500 13501 13502 13503 13504 13505 13506 13507 13508 13509 13510 13511 13512 13513 13514 13515 13516 13517 13518 13519 13520 13521 13520 13522 13523 13518 13524 13518 13523 13519 13524 13525 13526 13526 13523 13524 13527 13528 13525 13526 13525 13528 13529 13527 13530 13527 13529 13528 13530 13531 13532 13532 13529 13530 13533 13534 13531 13532 13531 13534 13446 13533 13445 13533 13446 13534 13512 13521 13522 13520 13519 13522 13514 13513 13515 13521 13512 13514 13516 13508 13517 13513 13516 13515 13506 13511 13507 13508 13507 13517 13501 13510 13509 13509 13511 13506 13504 13500 13502 13500 13510 13501 13503 13505 13494 13504 13502 13505 13496 13495 13497 13503 13494 13496 13498 13490 13499 13495 13498 13497 13488 13493 13489 13490 13489 13499 13483 13492 13491 13491 13493 13488 13486 13482 13484 13482 13492 13483 13485 13487 13476 13486 13484 13487 13478 13477 13481 13485 13476 13478 13479 13414 13480 13477 13479 13481 13416 13480 13414 13535 13536 13537 13538 13539 13540 13541 13542 13537 13535 13537 13542 13541 13543 13544 13544 13542 13541 13545 13543 13546 13543 13545 13544 13547 13548 13546 13545 13546 13548 13547 13549 13550 13550 13548 13547 13551 13549 13552 13549 13551 13550 13553 13554 13552 13551 13552 13554 13553 13555 13556 13556 13554 13553 13557 13555 13558 13555 13557 13556 13559 13560 13558 13557 13558 13560 13559 13561 13562 13562 13560 13559 13563 13561 13564 13561 13563 13562 13565 13566 13564 13563 13564 13566 13565 13567 13568 13568 13566 13565 13569 13567 13570 13567 13569 13568 13571 13572 13570 13569 13570 13572 13571 13573 13574 13574 13572 13571 13536 13535 13575 13576 13575 13577 13575 13576 13536 13578 13579 13577 13576 13577 13579 13578 13580 13581 13581 13579 13578 13582 13580 13583 13580 13582 13581 13584 13585 13583 13582 13583 13585 13584 13586 13587 13587 13585 13584 13588 13586 13589 13586 13588 13587 13590 13591 13589 13588 13589 13591 13590 13592 13593 13593 13591 13590 13594 13592 13595 13592 13594 13593 13596 13597 13595 13594 13595 13597 13596 13598 13599 13599 13597 13596 13600 13598 13601 13598 13600 13599 13602 13603 13601 13600 13601 13603 13602 13604 13605 13605 13603 13602 13606 13604 13540 13604 13606 13605 13606 13540 13539 13607 13608 13609 13610 13611 13612 13613 13614 13615 13616 13617 13618 13619 13620 13621 13622 13623 13624 13625 13626 13627 13628 13629 13630 13631 13632 13633 13634 13635 13636 13637 13638 13639 13640 13641 13642 13643 13644 13645 13646 13647 13648 13649 13650 13651 13652 13653 13654 13655 13656 13657 13658 13655 13659 13660 13657 13661 13656 13661 13657 13662 13663 13660 13660 13661 13662 13663 13664 13665 13664 13663 13662 13666 13665 13667 13664 13667 13665 13668 13669 13666 13666 13667 13668 13669 13670 13671 13670 13669 13668 13672 13671 13673 13670 13673 13671 13574 13573 13672 13672 13673 13574 13651 13658 13659 13658 13656 13655 13654 13650 13649 13649 13651 13659 13652 13643 13653 13654 13653 13650 13644 13646 13645 13652 13644 13643 13648 13647 13638 13645 13646 13648 13637 13639 13641 13638 13647 13639 13633 13640 13642 13640 13637 13641 13636 13632 13631 13631 13633 13642 13634 13625 13635 13636 13635 13632 13626 13628 13627 13634 13626 13625 13630 13629 13620 13627 13628 13630 13619 13621 13623 13620 13629 13621 13615 13622 13624 13622 13619 13623 13618 13614 13613 13613 13615 13624 13616 13607 13617 13618 13617 13614 13608 13611 13609 13616 13608 13607 13610 13612 13538 13609 13611 13610 13539 13538 13612 13674 13675 13676 13677 13678 13674 13674 13676 13677 13678 13679 13680 13679 13678 13677 13681 13680 13682 13679 13682 13680 13683 13684 13681 13681 13682 13683 13684 13685 13686 13685 13684 13683 13687 13686 13688 13685 13688 13686 13689 13690 13687 13687 13688 13689 13690 13691 13692 13691 13690 13689 13693 13692 13694 13691 13694 13692 13695 13696 13693 13693 13694 13695 13696 13697 13698 13697 13696 13695 13699 13698 13700 13697 13700 13698 13701 13702 13699 13699 13700 13701 13702 13703 13704 13703 13702 13701 13705 13704 13706 13703 13706 13704 13707 13708 13705 13705 13706 13707 13708 13709 13710 13709 13708 13707 13711 13710 13712 13709 13712 13710 13713 13714 13711 13711 13712 13713 13714 13715 13716 13715 13714 13713 13717 13716 13718 13715 13718 13716 13719 13720 13717 13717 13718 13719 13720 13721 13722 13721 13720 13719 13723 13722 13724 13721 13724 13722 13725 13726 13723 13723 13724 13725 13726 13727 13728 13727 13726 13725 13729 13728 13730 13727 13730 13728 13731 13732 13729 13729 13730 13731 13732 13733 13734 13733 13732 13731 13735 13734 13736 13733 13736 13734 13737 13738 13735 13735 13736 13737 13738 13739 13740 13739 13738 13737 13741 13740 13742 13739 13742 13740 13743 13744 13741 13741 13742 13743 13676 13675 13745 13746 13745 13747 13675 13747 13745 13748 13749 13746 13746 13747 13748 13749 13750 13751 13750 13749 13748 13752 13751 13753 13750 13753 13751 13754 13755 13752 13752 13753 13754 13755 13756 13757 13756 13755 13754 13758 13757 13759 13756 13759 13757 13760 13761 13758 13758 13759 13760 13761 13762 13763 13762 13761 13760 13764 13763 13765 13762 13765 13763 13766 13767 13764 13764 13765 13766 13767 13768 13769 13768 13767 13766 13770 13769 13771 13768 13771 13769 13772 13773 13770 13770 13771 13772 13773 13774 13775 13774 13773 13772 13776 13775 13777 13774 13777 13775 13776 13777 13778 13778 13779 13780 13780 13776 13778 13781 13779 13782 13779 13781 13780 13783 13784 13782 13781 13782 13784 13783 13785 13786 13786 13784 13783 13787 13785 13788 13785 13787 13786 13789 13790 13788 13787 13788 13790 13789 13791 13792 13792 13790 13789 13793 13791 13794 13791 13793 13792 13795 13796 13794 13793 13794 13796 13795 13797 13798 13798 13796 13795 13799 13797 13800 13797 13799 13798 13801 13802 13800 13799 13800 13802 13801 13803 13804 13804 13802 13801 13805 13803 13806 13803 13805 13804 13807 13808 13806 13805 13806 13808 13807 13809 13810 13810 13808 13807 13811 13809 13812 13809 13811 13810 13811 13812 13743 13743 13812 13744 13813 13814 13815 13816 13817 13818 13815 13819 13820 13820 13813 13815 13821 13822 13819 13820 13819 13822 13823 13821 13824 13821 13823 13822 13824 13825 13826 13826 13823 13824 13827 13828 13825 13826 13825 13828 13829 13827 13830 13827 13829 13828 13830 13831 13832 13832 13829 13830 13833 13834 13831 13832 13831 13834 13835 13833 13836 13833 13835 13834 13836 13837 13838 13838 13835 13836 13839 13840 13837 13838 13837 13840 13841 13839 13842 13839 13841 13840 13842 13843 13844 13844 13841 13842 13845 13846 13843 13844 13843 13846 13847 13845 13848 13845 13847 13846 13813 13849 13814 13850 13849 13851 13849 13850 13814 13851 13852 13853 13853 13850 13851 13854 13855 13852 13853 13852 13855 13856 13854 13857 13854 13856 13855 13857 13858 13859 13859 13856 13857 13860 13861 13858 13859 13858 13861 13862 13860 13863 13860 13862 13861 13863 13864 13865 13865 13862 13863 13866 13867 13864 13865 13864 13867 13868 13866 13869 13866 13868 13867 13869 13870 13871 13871 13868 13869 13872 13873 13870 13871 13870 13873 13874 13872 13875 13872 13874 13873 13875 13876 13877 13877 13874 13875 13877 13876 13817 13876 13818 13817 13878 13879 13880 13881 13882 13883 13884 13885 13886 13887 13888 13889 13890 13891 13892 13893 13894 13895 13896 13897 13898 13899 13900 13901 13902 13903 13904 13905 13906 13907 13908 13909 13910 13911 13912 13913 13914 13915 13916 13917 13918 13919 13920 13921 13922 13923 13922 13924 13925 13920 13926 13920 13925 13921 13926 13927 13928 13928 13925 13926 13929 13930 13927 13928 13927 13930 13931 13929 13932 13929 13931 13930 13932 13933 13934 13934 13931 13932 13935 13936 13933 13934 13933 13936 13848 13935 13847 13935 13848 13936 13914 13923 13924 13922 13921 13924 13916 13915 13917 13923 13914 13916 13918 13910 13919 13915 13918 13917 13908 13913 13909 13910 13909 13919 13903 13912 13911 13911 13913 13908 13906 13902 13904 13902 13912 13903 13905 13907 13896 13906 13904 13907 13898 13897 13899 13905 13896 13898 13900 13892 13901 13897 13900 13899 13890 13895 13891 13892 13891 13901 13885 13894 13893 13893 13895 13890 13888 13884 13886 13884 13894 13885 13887 13889 13878 13888 13886 13889 13880 13879 13883 13887 13878 13880 13881 13816 13882 13879 13881 13883 13818 13882 13816 13937 13938 13939 13940 13941 13942 13943 13944 13939 13937 13939 13944 13943 13945 13946 13946 13944 13943 13947 13945 13948 13945 13947 13946 13949 13950 13948 13947 13948 13950 13949 13951 13952 13952 13950 13949 13953 13951 13954 13951 13953 13952 13955 13956 13954 13953 13954 13956 13955 13957 13958 13958 13956 13955 13959 13957 13960 13957 13959 13958 13961 13962 13960 13959 13960 13962 13961 13963 13964 13964 13962 13961 13965 13963 13966 13963 13965 13964 13967 13968 13966 13965 13966 13968 13967 13969 13970 13970 13968 13967 13971 13969 13972 13969 13971 13970 13973 13974 13972 13971 13972 13974 13973 13975 13976 13976 13974 13973 13938 13937 13977 13978 13977 13979 13977 13978 13938 13980 13981 13979 13978 13979 13981 13980 13982 13983 13983 13981 13980 13984 13982 13985 13982 13984 13983 13986 13987 13985 13984 13985 13987 13986 13988 13989 13989 13987 13986 13990 13988 13991 13988 13990 13989 13992 13993 13991 13990 13991 13993 13992 13994 13995 13995 13993 13992 13996 13994 13997 13994 13996 13995 13998 13999 13997 13996 13997 13999 13998 14000 14001 14001 13999 13998 14002 14000 14003 14000 14002 14001 14004 14005 14003 14002 14003 14005 14004 14006 14007 14007 14005 14004 14008 14006 13942 14006 14008 14007 14008 13942 13941 14009 14010 14011 14012 14013 14014 14015 14016 14017 14018 14019 14020 14021 14022 14023 14024 14025 14026 14027 14028 14029 14030 14031 14032 14033 14034 14035 14036 14037 14038 14039 14040 14041 14042 14043 14044 14045 14046 14047 14048 14049 14050 14051 14052 14053 14054 14055 14056 14057 14058 14059 14060 14057 14061 14062 14059 14063 14058 14063 14059 14064 14065 14062 14062 14063 14064 14065 14066 14067 14066 14065 14064 14068 14067 14069 14066 14069 14067 14070 14071 14068 14068 14069 14070 14071 14072 14073 14072 14071 14070 14074 14073 14075 14072 14075 14073 13976 13975 14074 14074 14075 13976 14053 14060 14061 14060 14058 14057 14056 14052 14051 14051 14053 14061 14054 14045 14055 14056 14055 14052 14046 14048 14047 14054 14046 14045 14050 14049 14040 14047 14048 14050 14039 14041 14043 14040 14049 14041 14035 14042 14044 14042 14039 14043 14038 14034 14033 14033 14035 14044 14036 14027 14037 14038 14037 14034 14028 14030 14029 14036 14028 14027 14032 14031 14022 14029 14030 14032 14021 14023 14025 14022 14031 14023 14017 14024 14026 14024 14021 14025 14020 14016 14015 14015 14017 14026 14018 14009 14019 14020 14019 14016 14010 14013 14011 14018 14010 14009 14012 14014 13940 14011 14013 14012 13941 13940 14014 14076 14077 14078 14079 14080 14076 14076 14078 14079 14080 14081 14082 14081 14080 14079 14083 14082 14084 14081 14084 14082 14085 14086 14083 14083 14084 14085 14086 14087 14088 14087 14086 14085 14089 14088 14090 14087 14090 14088 14091 14092 14089 14089 14090 14091 14092 14093 14094 14093 14092 14091 14095 14094 14096 14093 14096 14094 14097 14098 14095 14095 14096 14097 14098 14099 14100 14099 14098 14097 14101 14100 14102 14099 14102 14100 14103 14104 14101 14101 14102 14103 14104 14105 14106 14105 14104 14103 14107 14106 14108 14105 14108 14106 14109 14110 14107 14107 14108 14109 14110 14111 14112 14111 14110 14109 14113 14112 14114 14111 14114 14112 14115 14116 14113 14113 14114 14115 14116 14117 14118 14117 14116 14115 14119 14118 14120 14117 14120 14118 14121 14122 14119 14119 14120 14121 14122 14123 14124 14123 14122 14121 14125 14124 14126 14123 14126 14124 14127 14128 14125 14125 14126 14127 14128 14129 14130 14129 14128 14127 14131 14130 14132 14129 14132 14130 14133 14134 14131 14131 14132 14133 14134 14135 14136 14135 14134 14133 14137 14136 14138 14135 14138 14136 14139 14140 14137 14137 14138 14139 14140 14141 14142 14141 14140 14139 14143 14142 14144 14141 14144 14142 14145 14146 14143 14143 14144 14145 14078 14077 14147 14148 14147 14149 14077 14149 14147 14150 14151 14148 14148 14149 14150 14151 14152 14153 14152 14151 14150 14154 14153 14155 14152 14155 14153 14156 14157 14154 14154 14155 14156 14157 14158 14159 14158 14157 14156 14160 14159 14161 14158 14161 14159 14162 14163 14160 14160 14161 14162 14163 14164 14165 14164 14163 14162 14166 14165 14167 14164 14167 14165 14168 14169 14166 14166 14167 14168 14169 14170 14171 14170 14169 14168 14172 14171 14173 14170 14173 14171 14174 14175 14172 14172 14173 14174 14175 14176 14177 14176 14175 14174 14178 14177 14179 14176 14179 14177 14178 14179 14180 14180 14181 14182 14182 14178 14180 14183 14181 14184 14181 14183 14182 14185 14186 14184 14183 14184 14186 14185 14187 14188 14188 14186 14185 14189 14187 14190 14187 14189 14188 14191 14192 14190 14189 14190 14192 14191 14193 14194 14194 14192 14191 14195 14193 14196 14193 14195 14194 14197 14198 14196 14195 14196 14198 14197 14199 14200 14200 14198 14197 14201 14199 14202 14199 14201 14200 14203 14204 14202 14201 14202 14204 14203 14205 14206 14206 14204 14203 14207 14205 14208 14205 14207 14206 14209 14210 14208 14207 14208 14210 14209 14211 14212 14212 14210 14209 14213 14211 14214 14211 14213 14212 14213 14214 14145 14145 14214 14146 14215 14216 14217 14218 14219 14220 14217 14221 14222 14222 14215 14217 14223 14224 14221 14222 14221 14224 14225 14223 14226 14223 14225 14224 14226 14227 14228 14228 14225 14226 14229 14230 14227 14228 14227 14230 14231 14229 14232 14229 14231 14230 14232 14233 14234 14234 14231 14232 14235 14236 14233 14234 14233 14236 14237 14235 14238 14235 14237 14236 14238 14239 14240 14240 14237 14238 14241 14242 14239 14240 14239 14242 14243 14241 14244 14241 14243 14242 14244 14245 14246 14246 14243 14244 14247 14248 14245 14246 14245 14248 14249 14247 14250 14247 14249 14248 14215 14251 14216 14252 14251 14253 14251 14252 14216 14253 14254 14255 14255 14252 14253 14256 14257 14254 14255 14254 14257 14258 14256 14259 14256 14258 14257 14259 14260 14261 14261 14258 14259 14262 14263 14260 14261 14260 14263 14264 14262 14265 14262 14264 14263 14265 14266 14267 14267 14264 14265 14268 14269 14266 14267 14266 14269 14270 14268 14271 14268 14270 14269 14271 14272 14273 14273 14270 14271 14274 14275 14272 14273 14272 14275 14276 14274 14277 14274 14276 14275 14277 14278 14279 14279 14276 14277 14279 14278 14219 14278 14220 14219 14280 14281 14282 14283 14284 14285 14286 14287 14288 14289 14290 14291 14292 14293 14294 14295 14296 14297 14298 14299 14300 14301 14302 14303 14304 14305 14306 14307 14308 14309 14310 14311 14312 14313 14314 14315 14316 14317 14318 14319 14320 14321 14322 14323 14324 14325 14324 14326 14327 14322 14328 14322 14327 14323 14328 14329 14330 14330 14327 14328 14331 14332 14329 14330 14329 14332 14333 14331 14334 14331 14333 14332 14334 14335 14336 14336 14333 14334 14337 14338 14335 14336 14335 14338 14250 14337 14249 14337 14250 14338 14316 14325 14326 14324 14323 14326 14318 14317 14319 14325 14316 14318 14320 14312 14321 14317 14320 14319 14310 14315 14311 14312 14311 14321 14305 14314 14313 14313 14315 14310 14308 14304 14306 14304 14314 14305 14307 14309 14298 14308 14306 14309 14300 14299 14301 14307 14298 14300 14302 14294 14303 14299 14302 14301 14292 14297 14293 14294 14293 14303 14287 14296 14295 14295 14297 14292 14290 14286 14288 14286 14296 14287 14289 14291 14280 14290 14288 14291 14282 14281 14285 14289 14280 14282 14283 14218 14284 14281 14283 14285 14220 14284 14218 14339 14340 14341 14342 14343 14344 14345 14346 14341 14339 14341 14346 14345 14347 14348 14348 14346 14345 14349 14347 14350 14347 14349 14348 14351 14352 14350 14349 14350 14352 14351 14353 14354 14354 14352 14351 14355 14353 14356 14353 14355 14354 14357 14358 14356 14355 14356 14358 14357 14359 14360 14360 14358 14357 14361 14359 14362 14359 14361 14360 14363 14364 14362 14361 14362 14364 14363 14365 14366 14366 14364 14363 14367 14365 14368 14365 14367 14366 14369 14370 14368 14367 14368 14370 14369 14371 14372 14372 14370 14369 14373 14371 14374 14371 14373 14372 14375 14376 14374 14373 14374 14376 14375 14377 14378 14378 14376 14375 14340 14339 14379 14380 14379 14381 14379 14380 14340 14382 14383 14381 14380 14381 14383 14382 14384 14385 14385 14383 14382 14386 14384 14387 14384 14386 14385 14388 14389 14387 14386 14387 14389 14388 14390 14391 14391 14389 14388 14392 14390 14393 14390 14392 14391 14394 14395 14393 14392 14393 14395 14394 14396 14397 14397 14395 14394 14398 14396 14399 14396 14398 14397 14400 14401 14399 14398 14399 14401 14400 14402 14403 14403 14401 14400 14404 14402 14405 14402 14404 14403 14406 14407 14405 14404 14405 14407 14406 14408 14409 14409 14407 14406 14410 14408 14344 14408 14410 14409 14410 14344 14343 14411 14412 14413 14414 14415 14416 14417 14418 14419 14420 14421 14422 14423 14424 14425 14426 14427 14428 14429 14430 14431 14432 14433 14434 14435 14436 14437 14438 14439 14440 14441 14442 14443 14444 14445 14446 14447 14448 14449 14450 14451 14452 14453 14454 14455 14456 14457 14458 14459 14460 14461 14462 14459 14463 14464 14461 14465 14460 14465 14461 14466 14467 14464 14464 14465 14466 14467 14468 14469 14468 14467 14466 14470 14469 14471 14468 14471 14469 14472 14473 14470 14470 14471 14472 14473 14474 14475 14474 14473 14472 14476 14475 14477 14474 14477 14475 14378 14377 14476 14476 14477 14378 14455 14462 14463 14462 14460 14459 14458 14454 14453 14453 14455 14463 14456 14447 14457 14458 14457 14454 14448 14450 14449 14456 14448 14447 14452 14451 14442 14449 14450 14452 14441 14443 14445 14442 14451 14443 14437 14444 14446 14444 14441 14445 14440 14436 14435 14435 14437 14446 14438 14429 14439 14440 14439 14436 14430 14432 14431 14438 14430 14429 14434 14433 14424 14431 14432 14434 14423 14425 14427 14424 14433 14425 14419 14426 14428 14426 14423 14427 14422 14418 14417 14417 14419 14428 14420 14411 14421 14422 14421 14418 14412 14415 14413 14420 14412 14411 14414 14416 14342 14413 14415 14414 14343 14342 14416 14478 14479 14480 14481 14482 14478 14478 14480 14481 14482 14483 14484 14483 14482 14481 14485 14484 14486 14483 14486 14484 14487 14488 14485 14485 14486 14487 14488 14489 14490 14489 14488 14487 14491 14490 14492 14489 14492 14490 14493 14494 14491 14491 14492 14493 14494 14495 14496 14495 14494 14493 14497 14496 14498 14495 14498 14496 14499 14500 14497 14497 14498 14499 14500 14501 14502 14501 14500 14499 14503 14502 14504 14501 14504 14502 14505 14506 14503 14503 14504 14505 14506 14507 14508 14507 14506 14505 14509 14508 14510 14507 14510 14508 14511 14512 14509 14509 14510 14511 14512 14513 14514 14513 14512 14511 14515 14514 14516 14513 14516 14514 14517 14518 14515 14515 14516 14517 14518 14519 14520 14519 14518 14517 14521 14520 14522 14519 14522 14520 14523 14524 14521 14521 14522 14523 14524 14525 14526 14525 14524 14523 14527 14526 14528 14525 14528 14526 14529 14530 14527 14527 14528 14529 14530 14531 14532 14531 14530 14529 14533 14532 14534 14531 14534 14532 14535 14536 14533 14533 14534 14535 14536 14537 14538 14537 14536 14535 14539 14538 14540 14537 14540 14538 14541 14542 14539 14539 14540 14541 14542 14543 14544 14543 14542 14541 14545 14544 14546 14543 14546 14544 14547 14548 14545 14545 14546 14547 14480 14479 14549 14550 14549 14551 14479 14551 14549 14552 14553 14550 14550 14551 14552 14553 14554 14555 14554 14553 14552 14556 14555 14557 14554 14557 14555 14558 14559 14556 14556 14557 14558 14559 14560 14561 14560 14559 14558 14562 14561 14563 14560 14563 14561 14564 14565 14562 14562 14563 14564 14565 14566 14567 14566 14565 14564 14568 14567 14569 14566 14569 14567 14570 14571 14568 14568 14569 14570 14571 14572 14573 14572 14571 14570 14574 14573 14575 14572 14575 14573 14576 14577 14574 14574 14575 14576 14577 14578 14579 14578 14577 14576 14580 14579 14581 14578 14581 14579 14580 14581 14582 14582 14583 14584 14584 14580 14582 14585 14583 14586 14583 14585 14584 14587 14588 14586 14585 14586 14588 14587 14589 14590 14590 14588 14587 14591 14589 14592 14589 14591 14590 14593 14594 14592 14591 14592 14594 14593 14595 14596 14596 14594 14593 14597 14595 14598 14595 14597 14596 14599 14600 14598 14597 14598 14600 14599 14601 14602 14602 14600 14599 14603 14601 14604 14601 14603 14602 14605 14606 14604 14603 14604 14606 14605 14607 14608 14608 14606 14605 14609 14607 14610 14607 14609 14608 14611 14612 14610 14609 14610 14612 14611 14613 14614 14614 14612 14611 14615 14613 14616 14613 14615 14614 14615 14616 14547 14547 14616 14548 14617 14618 14619 14620 14621 14622 14619 14623 14624 14624 14617 14619 14625 14626 14623 14624 14623 14626 14627 14625 14628 14625 14627 14626 14628 14629 14630 14630 14627 14628 14631 14632 14629 14630 14629 14632 14633 14631 14634 14631 14633 14632 14634 14635 14636 14636 14633 14634 14637 14638 14635 14636 14635 14638 14639 14637 14640 14637 14639 14638 14640 14641 14642 14642 14639 14640 14643 14644 14641 14642 14641 14644 14645 14643 14646 14643 14645 14644 14646 14647 14648 14648 14645 14646 14649 14650 14647 14648 14647 14650 14651 14649 14652 14649 14651 14650 14617 14653 14618 14654 14653 14655 14653 14654 14618 14655 14656 14657 14657 14654 14655 14658 14659 14656 14657 14656 14659 14660 14658 14661 14658 14660 14659 14661 14662 14663 14663 14660 14661 14664 14665 14662 14663 14662 14665 14666 14664 14667 14664 14666 14665 14667 14668 14669 14669 14666 14667 14670 14671 14668 14669 14668 14671 14672 14670 14673 14670 14672 14671 14673 14674 14675 14675 14672 14673 14676 14677 14674 14675 14674 14677 14678 14676 14679 14676 14678 14677 14679 14680 14681 14681 14678 14679 14681 14680 14621 14680 14622 14621 14682 14683 14684 14685 14686 14687 14688 14689 14690 14691 14692 14693 14694 14695 14696 14697 14698 14699 14700 14701 14702 14703 14704 14705 14706 14707 14708 14709 14710 14711 14712 14713 14714 14715 14716 14717 14718 14719 14720 14721 14722 14723 14724 14725 14726 14727 14726 14728 14729 14724 14730 14724 14729 14725 14730 14731 14732 14732 14729 14730 14733 14734 14731 14732 14731 14734 14735 14733 14736 14733 14735 14734 14736 14737 14738 14738 14735 14736 14739 14740 14737 14738 14737 14740 14652 14739 14651 14739 14652 14740 14718 14727 14728 14726 14725 14728 14720 14719 14721 14727 14718 14720 14722 14714 14723 14719 14722 14721 14712 14717 14713 14714 14713 14723 14707 14716 14715 14715 14717 14712 14710 14706 14708 14706 14716 14707 14709 14711 14700 14710 14708 14711 14702 14701 14703 14709 14700 14702 14704 14696 14705 14701 14704 14703 14694 14699 14695 14696 14695 14705 14689 14698 14697 14697 14699 14694 14692 14688 14690 14688 14698 14689 14691 14693 14682 14692 14690 14693 14684 14683 14687 14691 14682 14684 14685 14620 14686 14683 14685 14687 14622 14686 14620 14741 14742 14743 14744 14745 14746 14747 14748 14743 14741 14743 14748 14747 14749 14750 14750 14748 14747 14751 14749 14752 14749 14751 14750 14753 14754 14752 14751 14752 14754 14753 14755 14756 14756 14754 14753 14757 14755 14758 14755 14757 14756 14759 14760 14758 14757 14758 14760 14759 14761 14762 14762 14760 14759 14763 14761 14764 14761 14763 14762 14765 14766 14764 14763 14764 14766 14765 14767 14768 14768 14766 14765 14769 14767 14770 14767 14769 14768 14771 14772 14770 14769 14770 14772 14771 14773 14774 14774 14772 14771 14775 14773 14776 14773 14775 14774 14777 14778 14776 14775 14776 14778 14777 14779 14780 14780 14778 14777 14742 14741 14781 14782 14781 14783 14781 14782 14742 14784 14785 14783 14782 14783 14785 14784 14786 14787 14787 14785 14784 14788 14786 14789 14786 14788 14787 14790 14791 14789 14788 14789 14791 14790 14792 14793 14793 14791 14790 14794 14792 14795 14792 14794 14793 14796 14797 14795 14794 14795 14797 14796 14798 14799 14799 14797 14796 14800 14798 14801 14798 14800 14799 14802 14803 14801 14800 14801 14803 14802 14804 14805 14805 14803 14802 14806 14804 14807 14804 14806 14805 14808 14809 14807 14806 14807 14809 14808 14810 14811 14811 14809 14808 14812 14810 14746 14810 14812 14811 14812 14746 14745 14813 14814 14815 14816 14817 14818 14819 14820 14821 14822 14823 14824 14825 14826 14827 14828 14829 14830 14831 14832 14833 14834 14835 14836 14837 14838 14839 14840 14841 14842 14843 14844 14845 14846 14847 14848 14849 14850 14851 14852 14853 14854 14855 14856 14857 14858 14859 14860 14861 14862 14863 14864 14861 14865 14866 14863 14867 14862 14867 14863 14868 14869 14866 14866 14867 14868 14869 14870 14871 14870 14869 14868 14872 14871 14873 14870 14873 14871 14874 14875 14872 14872 14873 14874 14875 14876 14877 14876 14875 14874 14878 14877 14879 14876 14879 14877 14780 14779 14878 14878 14879 14780 14857 14864 14865 14864 14862 14861 14860 14856 14855 14855 14857 14865 14858 14849 14859 14860 14859 14856 14850 14852 14851 14858 14850 14849 14854 14853 14844 14851 14852 14854 14843 14845 14847 14844 14853 14845 14839 14846 14848 14846 14843 14847 14842 14838 14837 14837 14839 14848 14840 14831 14841 14842 14841 14838 14832 14834 14833 14840 14832 14831 14836 14835 14826 14833 14834 14836 14825 14827 14829 14826 14835 14827 14821 14828 14830 14828 14825 14829 14824 14820 14819 14819 14821 14830 14822 14813 14823 14824 14823 14820 14814 14817 14815 14822 14814 14813 14816 14818 14744 14815 14817 14816 14745 14744 14818</p>
        </triangles>
      </mesh>
    </geometry>
  </library_geometries>

  <library_visual_scenes>
    <visual_scene id="ID1">
      <node id="ID2">
        <instance_geometry url="#ID3">
          <bind_material>
            <technique_common>
              <instance_material symbol="ID9" target="#ID9"/>
              <instance_material symbol="ID10" target="#ID10"/>
              <instance_material symbol="ID11" target="#ID11"/>
              <instance_material symbol="ID12" target="#ID12"/>
              <instance_material symbol="ID13" target="#ID13"/>
            </technique_common>
          </bind_material>
        </instance_geometry>
      </node>
    </visual_scene>
  </library_visual_scenes>

  <scene>
    <instance_visual_scene url="#ID1"/>
  </scene>

  <library_nodes/>

</COLLADA>
