<?xml version="1.0" encoding="UTF-8" standalone="no" ?>
<COLLADA version="1.4.1" xmlns="http://www.collada.org/2005/11/COLLADASchema">

  <asset>
    <contributor>
      <authoring_tool>ONSHAPE BY PTC INC, 1.195</authoring_tool>
    </contributor>
    <created>2025-03-17T02:07:06</created>
    <modified>2025-03-17T02:07:06</modified>
    <unit meter="1" name="meters"/>
    <up_axis>Z_UP</up_axis>
  </asset>

  <library_materials>
    <material id="ID9" name="ID9">
      <instance_effect url="#ID9-fx"/>
    </material>
    <material id="ID10" name="ID10">
      <instance_effect url="#ID10-fx"/>
    </material>
  </library_materials>

  <library_effects>
    <effect id="ID9-fx" name="ID9">
      <profile_COMMON>
        <technique sid="COMMON">
          <lambert>
            <diffuse>
              <color sid="diffuse">0 0 0 1</color>
            </diffuse>
            <transparent opaque="A_ONE">
              <color sid="transparent">1 1 1 1</color>
            </transparent>
            <transparency>
              <float sid="transparency">1</float>
            </transparency>
          </lambert>
        </technique>
        <extra>
          <technique profile="OTHER">
            <double_sided>1</double_sided>
          </technique>
        </extra>
      </profile_COMMON>
    </effect>
    <effect id="ID10-fx" name="ID10">
      <profile_COMMON>
        <technique sid="COMMON">
          <lambert>
            <diffuse>
              <color sid="diffuse">0.258824 0.278431 0.301961 1</color>
            </diffuse>
            <transparent opaque="A_ONE">
              <color sid="transparent">1 1 1 1</color>
            </transparent>
            <transparency>
              <float sid="transparency">1</float>
            </transparency>
          </lambert>
        </technique>
        <extra>
          <technique profile="OTHER">
            <double_sided>1</double_sided>
          </technique>
        </extra>
      </profile_COMMON>
    </effect>
  </library_effects>

  <library_geometries>
    <geometry id="ID3">
      <mesh>
        <source id="ID4">
          <float_array count="11400" id="ID5">0.053644 -0.147999 0.102445 0.053644 -0.152503 0.0956107 0.0559877 -0.146366 0.104454 0.0657692 0.00295178 -0.173806 0.067 -0.00799933 -0.171637 0.067 -0.0159368 -0.171084 0.0559877 -0.076838 0.162572 0.053644 -0.0951965 0.152765 0.0559877 -0.103208 0.147248 0.0657692 -0.0997723 0.142347 0.067 -0.0963344 0.142281 0.067 -0.089613 0.146604 0.067 -0.0827368 0.150594 0.0624515 -0.0475404 0.170643 0.0624515 -0.0756954 0.160155 0.0642405 -0.0471311 0.169174 0.053644 -0.138125 0.115414 0.0559877 -0.126608 0.127688 0.053644 -0.132754 0.121552 0.0657692 -0.0742805 0.157161 0.053644 -0.0660862 0.167427 0.0559877 -0.048258 0.173219 0.0604462 -0.0181425 0.177444 0.0604462 -0.0478697 0.171825 0.0624515 -0.0180177 0.176223 0.053644 -0.121184 0.133094 0.053644 -0.115044 0.138433 0.0624515 -0.101673 0.145058 0.0642405 -0.100797 0.143809 0.0642405 -0.0750437 0.158776 0.0642405 -0.0178625 0.174706 0.067 -0.0610842 0.160599 0.0657692 -0.0466517 0.167454 0.053644 -0.108647 0.143507 0.0624515 0.0120234 0.176733 0.0604462 0.0121066 0.177958 0.0559877 -0.0182897 0.178883 0.053644 -0.0348076 0.1766 0.0657692 -0.0176809 0.172929 0.053644 -0.0881889 0.156912 0.0642405 0.0119198 0.175212 0.067 -0.0304703 0.169101 0.0604462 0.0420075 0.173352 0.0624515 0.0417185 0.172159 0.053644 -0.0809717 0.160755 0.067 -0.00676553 0.17169 0.067 -0.0147398 0.171192 0.0559877 0.0122048 0.179401 0.053644 -0.00238586 0.179981 0.0642405 0.0413593 0.170677 0.053644 -0.0584387 0.170245 0.0657692 0.0117986 0.17343 0.067 0.0011821 0.171821 0.0624515 0.0702135 0.162633 0.0604462 0.0706998 0.163759 0.053644 -0.0506355 0.172728 0.053644 0.0220579 0.178642 0.0559877 0.0423482 0.174758 0.0657692 0.0409387 0.168941 0.067 0.0249657 0.17 0.0642405 0.0696089 0.161232 0.0624515 0.0966886 0.148427 0.0604462 0.0973583 0.149455 0.053644 -0.0267687 0.177994 0.0657692 0.068901 0.159592 0.0559877 0.0712733 0.165087 0.053644 0.0539123 0.171734 0.053644 -0.0105187 0.179691 0.067 0.0558394 0.162498 0.0642405 0.095856 0.147149 0.0624515 0.120382 0.129952 0.0604462 0.121216 0.130852 0.053644 0.00578261 0.179903 0.067 0.0705956 0.156653 0.067 0.077799 0.153201 0.053644 0.084 0.159195 0.0559877 0.098148 0.150667 0.0642405 0.119346 0.128833 0.053644 0.0301161 0.177459 0.067 0.084801 0.149442 0.0657692 0.0948811 0.145653 0.0604462 0.141586 0.108484 0.0624515 0.140612 0.107738 0.053644 0.0381476 0.175907 0.0559877 0.122199 0.131913 0.053644 0.111334 0.141433 0.067 0.104679 0.136256 0.0657692 0.118132 0.127522 0.053644 0.0616325 0.169115 0.0624515 0.156798 0.0824244 0.0604462 0.157884 0.0829953 0.0642405 0.139402 0.10681 0.0657692 0.137984 0.105724 0.053644 0.0692644 0.166137 0.053644 0.129496 0.125021 0.0559877 0.142735 0.109364 0.053644 0.0911294 0.155222 0.0642405 0.155448 0.0817147 0.0582738 0.158679 0.0834135 0.0604462 0.169639 0.055119 0.0559877 0.171015 0.0555661 0.053644 0.17119 0.0556231 0.053644 0.168471 0.0633697 0.053644 0.117639 0.136234 0.0559877 0.159164 0.0836685 0.053644 0.149919 0.0996168 0.053644 0.165426 0.0709449 0.0582738 0.170494 0.0553967 0.053644 0.135019 0.119031 0.053644 0.14029 0.112772 0.053644 0.162053 0.0783484 0.053644 0.158338 0.0856049 0.053644 0.154275 0.0927229 0.053644 0.145269 0.106287 0.053644 0.104828 0.146324 0.053644 0.123722 0.13074 0.0624515 0.168472 0.0547399 0.067 0.127977 0.114654 0.067 0.142618 0.0958297 0.067 0.138013 0.102354 0.067 0.146898 0.0891346 0.0642405 0.167021 0.0542685 0.0657692 0.165323 0.0537166 0.0657692 0.153867 0.0808836 0.067 0.157786 0.0680247 0.067 0.154482 0.0752321 0.067 0.160765 0.0606465 0.067 0.163418 0.0530977 0.0604462 -0.0762198 0.161264 0.053644 -0.156675 0.0886124 0.0657692 -0.122394 0.123438 0.067 -0.109047 0.132787 0.0642405 -0.123651 0.124706 0.0604462 -0.102377 0.146063 0.053644 -0.164054 0.0740588 0.053644 -0.167248 0.066535 0.0559877 -0.161914 0.0782156 0.0657692 -0.141494 0.100977 0.067 -0.131631 0.110438 0.0624515 -0.124725 0.125789 0.0624515 -0.159506 0.0770525 0.0642405 -0.158133 0.0763891 0.0642405 -0.142948 0.102015 0.053644 -0.170087 0.0589057 0.0559877 -0.172803 0.049727 0.0604462 -0.125589 0.12666 0.0657692 -0.156524 0.0756122 0.067 -0.145658 0.091147 0.053644 -0.174723 0.0432449 0.053644 -0.176506 0.0352789 0.0624515 -0.14419 0.102901 0.067 -0.149717 0.0843099 0.067 -0.153479 0.0772568 0.053644 -0.177922 0.0272684 0.0559877 -0.178721 0.0198078 0.0604462 -0.145189 0.103614 0.067 -0.159948 0.0627725 0.0657692 -0.167051 0.0480718 0.053644 -0.179658 0.0110151 0.053644 -0.179975 0.00286751 0.0642405 -0.168768 0.0485658 0.0604462 -0.160611 0.0775863 0.053644 -0.178698 -0.0215733 0.0559877 -0.179498 -0.0106812 0.053644 -0.179495 -0.0134304 0.0657692 -0.172773 0.0191485 0.067 -0.16877 0.0322486 0.0624515 -0.170234 0.0489876 0.0642405 -0.175307 -0.0104317 0.0642405 -0.174548 0.0193453 0.0624515 -0.176829 -0.0105223 0.053644 -0.177542 -0.0296365 0.0604462 -0.171413 0.0493269 0.0657692 -0.173524 -0.0103256 0.067 -0.171611 0.00856755 0.053644 -0.174125 -0.0455965 0.053644 -0.171877 -0.0534516 0.0559877 -0.175111 -0.0408629 0.067 -0.171822 0.000617756 0.0624515 -0.176064 0.0195133 0.067 -0.171668 -0.00737633 0.053644 -0.169287 -0.0611675 0.0559877 -0.165687 -0.069869 0.0604462 -0.177283 0.0196485 0.0657692 -0.169283 -0.0395028 0.067 -0.170254 -0.0231736 0.053644 -0.163041 -0.0762627 0.053644 -0.159418 -0.0835748 0.0642405 -0.171022 -0.0399086 0.053644 -0.155482 -0.0906922 0.0559877 -0.151495 -0.0968652 0.0604462 -0.178054 -0.0105952 0.067 -0.163076 -0.0541259 0.0657692 -0.160172 -0.0675434 0.053644 -0.146609 -0.104424 0.053644 -0.141732 -0.110956 0.0642405 -0.161817 -0.0682374 0.0624515 -0.149243 -0.0954248 0.0642405 -0.147958 -0.0946032 0.0624515 -0.172507 -0.0402552 0.0604462 -0.173702 -0.0405341 0.067 -0.154011 -0.0761862 0.0657692 -0.146453 -0.093641 0.053644 -0.125368 -0.129157 0.0559877 -0.132946 -0.121075 0.053644 -0.131106 -0.123328 0.067 -0.150319 -0.0832312 0.0624515 -0.163223 -0.0688301 0.067 -0.146286 -0.0901377 0.053644 -0.1194 -0.134697 0.0604462 -0.164353 -0.0693069 0.0657692 -0.128521 -0.117045 0.067 -0.137351 -0.103238 0.053644 -0.100017 -0.149651 0.0559877 -0.110572 -0.141801 0.053644 -0.106702 -0.144959 0.0642405 -0.129841 -0.118247 0.067 -0.132418 -0.109494 0.067 -0.127191 -0.115529 0.053644 -0.0931524 -0.154021 0.0559877 -0.0850169 -0.158448 0.0604462 -0.150276 -0.0960858 0.0624515 -0.130969 -0.119274 0.053644 -0.0787991 -0.16183 0.053644 -0.0713866 -0.165236 0.053644 -0.0638515 -0.168294 0.0559877 -0.0570162 -0.170537 0.0657692 -0.106892 -0.137081 0.067 -0.115993 -0.126763 0.0642405 -0.0830316 -0.154748 0.0642405 -0.10799 -0.13849 0.0624515 -0.0837527 -0.156092 0.053644 -0.0483136 -0.17339 0.053644 -0.0404167 -0.175402 0.0604462 -0.131876 -0.120101 0.0624515 -0.108928 -0.139693 0.0657692 -0.0821871 -0.153174 0.067 -0.0973242 -0.141604 0.067 -0.0906646 -0.145956 0.053644 -0.0163532 -0.179253 0.0559877 -0.0273751 -0.17772 0.053644 -0.0244365 -0.178333 0.067 -0.083775 -0.150021 0.0604462 -0.109682 -0.14066 0.053644 -0.00820766 -0.179808 0.0657692 -0.0551184 -0.164861 0.067 -0.0695892 -0.157101 0.0642405 -0.0556847 -0.166555 0.053644 0.00812581 -0.179812 0.053644 0.0161899 -0.179267 0.0559877 0.00305341 -0.17979 0.067 -0.0547272 -0.162879 0.067 -0.0622302 -0.160159 0.0624515 -0.0561683 -0.168001 0.0604462 -0.0843329 -0.157173 0.053644 0.0241924 -0.178366 0.0559877 0.0333941 -0.176688 0.067 -0.0394714 -0.167228 0.0657692 -0.026464 -0.171804 0.0642405 -0.0267359 -0.17357 0.0624515 0.00300801 -0.177116 0.0642405 0.00298211 -0.175591 0.0604462 -0.0565574 -0.169165 0.053644 0.0401056 -0.17547 0.053644 0.0479366 -0.173496 0.0657692 0.0322826 -0.170807 0.067 0.0158289 -0.171094 0.053644 0.0992072 -0.150188 0.053644 0.105836 -0.145595 0.0559877 0.0903483 -0.15547 0.0604462 -0.0271549 -0.17629 0.0604462 0.00302884 -0.178343 0.0624515 -0.0269681 -0.175077 0.0604462 0.0331254 -0.175266 0.0642405 0.0326143 -0.172562 0.0642405 0.0613082 -0.164568 0.0624515 0.0328976 -0.17406 0.0604462 0.0622691 -0.167147 0.0559877 0.115323 -0.137965 0.053644 0.12443 -0.13006 0.053644 0.130129 -0.124362 0.0657692 0.111485 -0.133373 0.067 0.109321 -0.132565 0.067 0.103076 -0.137472 0.067 0.0966443 -0.142069 0.0642405 0.133782 -0.11377 0.0624515 0.152397 -0.090302 0.0642405 0.151085 -0.0895245 0.0559877 0.154697 -0.0916651 0.053644 0.158528 -0.0852478 0.053644 0.162195 -0.0780489 0.067 0.141262 -0.097818 0.0657692 0.132421 -0.112613 0.0657692 0.149548 -0.088614 0.0559877 0.136981 -0.11649 0.0657692 0.162373 -0.0620656 0.067 0.153372 -0.0774651 0.053644 0.145653 -0.105754 0.067 0.16495 -0.0481159 0.0657692 0.170526 -0.0337317 0.0624515 0.134944 -0.114758 0.067 0.171218 0.014412 0.067 0.171701 0.00653387 0.0657692 0.172023 0.0250043 0.067 0.16917 0.0300989 0.067 0.170372 0.0223004 0.0657692 0.173774 -0.0044274 0.0642405 0.17556 -0.00447289 0.0642405 0.17379 0.0252612 0.0642405 0.164041 -0.0627033 0.0642405 0.172279 -0.0340783 0.067 0.170966 -0.0171422 0.053644 0.179819 -0.00806145 0.0559877 0.179757 -0.00457984 0.053644 0.179277 -0.0160882 0.0559877 0.167964 -0.0642026 0.0559877 0.176398 -0.0348931 0.053644 0.173524 -0.0478368 0.0624515 0.173775 -0.0343743 0.0604462 0.174978 -0.0346124 0.0604462 0.178311 -0.00454299 0.053644 0.179996 3.81467e-05 0.053644 0.179812 0.00813326 0.0582738 0.177403 0.0257863 0.0582738 0.179209 -0.00456588 0.0559877 0.177946 0.0258652 0.053644 0.17927 0.0161769 0.053644 0.177112 0.0321098 0.053644 0.17837 0.0241691 0.053644 0.175496 0.039999 0.053644 0.173522 0.0478368 0.053644 0.178374 -0.0241045 0.067 0.170002 -0.0249677 0.067 0.171575 -0.00924475 0.067 0.165694 0.045483 0.067 0.167611 0.0378167 0.0624515 0.165466 -0.0632479 0.0604462 0.135878 -0.115553 0.0604462 0.153453 -0.0909275 0.067 0.159855 -0.063015 0.067 0.156768 -0.0703336 0.0624515 0.177084 -0.00451174 0.0604462 0.114395 -0.136855 0.0624515 0.113608 -0.135913 0.053644 0.177109 -0.0321106 0.0642405 0.11263 -0.134743 0.067 0.145625 -0.0911976 0.0624515 0.0890048 -0.153158 0.0604462 0.0896213 -0.154219 0.053644 0.171203 -0.0555687 0.053644 0.165525 -0.0707188 0.067 0.120992 -0.122001 0.0642405 0.0882384 -0.151839 0.0624515 0.0618407 -0.165997 0.053644 0.150241 -0.0991326 0.053644 0.140756 -0.112188 0.0657692 0.087341 -0.150295 0.067 0.0761945 -0.154005 0.067 0.0832276 -0.150324 0.0559877 0.0627741 -0.168503 0.053644 0.0781422 -0.162151 0.067 0.0690396 -0.157345 0.053644 0.118458 -0.135522 0.0657692 0.0606847 -0.162894 0.067 0.0467453 -0.165342 0.053644 0.0923492 -0.1545 0.067 0.0314107 -0.168932 0.067 0.0236507 -0.170192 0.053644 0.0707948 -0.165488 0.067 -3.55271e-16 -0.171828 0.053644 0.0556461 -0.171182 0.053644 0.0981113 0.15091 0.0582738 0.1423 0.109031 0.067 0.150853 0.0822687 0.053644 0.0767232 0.162829 0.0582738 0.121827 0.131511 0.067 0.110862 0.131278 0.067 0.12253 0.120456 0.067 0.133132 0.108629 0.053644 0.0461037 0.173995 0.0582738 0.0978488 0.150208 0.067 0.0982467 0.140965 0.067 0.116794 0.126031 0.053644 0.0139729 0.179457 0.0582738 0.071056 0.164584 0.067 0.0916017 0.145375 0.053644 -0.0186328 0.179032 0.0582738 0.0422191 0.174225 0.067 0.0327916 0.168668 0.067 0.0482536 0.164909 0.067 0.0632784 0.159751 0.053644 -0.0427496 0.174849 0.0582738 0.0121676 0.178854 0.067 0.0170519 0.170976 0.067 0.0405295 0.166979 0.053644 -0.0735783 0.164275 0.0582738 -0.0182339 0.178338 0.067 0.00910311 0.171586 0.053644 -0.101994 0.148314 0.0582738 -0.0481109 0.172691 0.067 -0.0536009 0.163252 0.067 -0.0382701 0.167507 0.067 -0.022635 0.170329 0.053644 -0.127083 0.127472 0.0582738 -0.0766038 0.162076 0.067 -0.0684709 0.157592 0.067 -0.0460212 0.16555 0.053644 -0.143199 0.10906 0.0582738 -0.102893 0.146799 0.067 -0.0757057 0.154251 0.053644 -0.160517 0.0814505 0.0582738 -0.126222 0.127298 0.067 -0.12639 0.116404 0.067 -0.115081 0.127592 0.067 -0.102804 0.13768 0.053644 -0.172574 0.0511664 0.0582738 -0.14592 0.104136 0.067 -0.136615 0.10421 0.067 -0.120892 0.122106 0.053644 -0.178973 0.0191806 0.0582738 -0.16142 0.0779772 0.067 -0.141301 0.0977682 0.053644 -0.179923 -0.00526226 0.0582738 -0.172276 0.0495754 0.067 -0.167102 0.040013 0.067 -0.162684 0.0552932 0.067 -0.156882 0.0700889 0.053644 -0.176025 -0.03762 0.0582738 -0.178177 0.0197475 0.067 -0.170086 0.0243791 0.067 -0.165082 0.0476725 0.053644 -0.16635 -0.0687558 0.0582738 -0.178951 -0.0106486 0.067 -0.171036 0.0164731 0.053644 -0.151209 -0.0976469 0.0582738 -0.174577 -0.0407383 0.067 -0.165405 -0.0465324 0.067 -0.168997 -0.0310393 0.067 -0.171145 -0.0152902 0.053644 -0.13658 -0.117243 0.0582738 -0.165181 -0.069656 0.067 -0.160388 -0.0616401 0.067 -0.167376 -0.0388596 0.053644 -0.1132 -0.139949 0.0582738 -0.151034 -0.0965699 0.067 -0.157363 -0.0690027 0.053644 -0.0860891 -0.158076 0.0582738 -0.132541 -0.120706 0.067 -0.141973 -0.0967887 0.053644 -0.0561484 -0.171015 0.0582738 -0.110235 -0.141369 0.067 -0.109981 -0.132015 0.067 -0.12173 -0.121268 0.053644 -0.0324577 -0.177049 0.0582738 -0.0847578 -0.157965 0.067 -0.103754 -0.136966 0.053644 1.13687e-16 -0.18 0.0582738 -0.0568423 -0.170017 0.067 -0.0767695 -0.153723 0.053644 0.032153 -0.177103 0.0582738 -0.0272917 -0.177178 0.067 -0.0316606 -0.168883 0.067 -0.0471603 -0.165227 0.053644 0.0632695 -0.168511 0.0582738 0.0030441 -0.179242 0.067 -0.0238124 -0.170169 0.053644 0.0853118 -0.158499 0.0582738 0.0332923 -0.176149 0.067 0.00794533 -0.171639 0.053644 0.112236 -0.140723 0.0582738 0.0625828 -0.167989 0.067 0.05432 -0.163012 0.067 0.0391089 -0.167316 0.053644 0.135555 -0.118426 0.0582738 0.0900728 -0.154996 0.067 0.061763 -0.160343 0.053644 0.154524 -0.0923155 0.0582738 0.114972 -0.137544 0.067 0.0900341 -0.14635 0.053644 0.168527 -0.0632287 0.0582738 0.136563 -0.116135 0.067 0.136624 -0.104201 0.067 0.126484 -0.116298 0.067 0.115271 -0.127423 0.053644 0.175491 -0.0400331 0.0582738 0.154226 -0.0913856 0.067 0.131713 -0.110347 0.0604462 0.166612 -0.063686 0.0582738 0.167451 -0.0640069 0.067 0.149665 -0.0844096 0.0582738 0.17586 -0.0347867 0.067 0.166988 -0.0404737 0.067 0.162573 -0.0556266 0.067 0.168683 -0.0327213 0.0604462 0.176514 0.0256571 0.0624515 0.1753 0.0254806 0.067 0.171822 -0.00133388 0.053644 0.00578261 0.179903 -0.053644 -0.00238586 0.179981 0.053644 -0.00238586 0.179981 0.053644 -0.0105187 0.179691 -0.053644 -0.0105187 0.179691 -0.053644 -0.0186328 0.179032 0.053644 -0.0186328 0.179032 -0.053644 -0.0267687 0.177994 0.053644 -0.0267687 0.177994 0.053644 -0.0348076 0.1766 -0.053644 -0.0348076 0.1766 -0.053644 -0.0427496 0.174849 0.053644 -0.0427496 0.174849 -0.053644 -0.0506355 0.172728 0.053644 -0.0506355 0.172728 0.053644 -0.0584387 0.170245 -0.053644 -0.0584387 0.170245 -0.053644 -0.0660862 0.167427 0.053644 -0.0660862 0.167427 -0.053644 -0.0735783 0.164275 0.053644 -0.0735783 0.164275 0.053644 -0.0809717 0.160755 -0.053644 -0.0809717 0.160755 -0.053644 -0.0881889 0.156912 0.053644 -0.0881889 0.156912 -0.053644 -0.0951965 0.152765 0.053644 -0.0951965 0.152765 0.053644 -0.101994 0.148314 -0.053644 -0.101994 0.148314 -0.053644 -0.108647 0.143507 0.053644 -0.108647 0.143507 -0.053644 -0.115044 0.138433 0.053644 -0.115044 0.138433 0.053644 -0.121184 0.133094 -0.053644 -0.121184 0.133094 -0.053644 -0.127083 0.127472 0.053644 -0.127083 0.127472 -0.053644 -0.132754 0.121552 0.053644 -0.132754 0.121552 0.053644 -0.138125 0.115414 -0.053644 -0.138125 0.115414 -0.053644 -0.143199 0.10906 0.053644 -0.143199 0.10906 -0.053644 -0.147999 0.102445 0.053644 -0.147999 0.102445 0.053644 -0.152503 0.0956107 -0.053644 -0.152503 0.0956107 -0.053644 -0.156675 0.0886124 0.053644 -0.156675 0.0886124 -0.053644 -0.160517 0.0814505 0.053644 -0.160517 0.0814505 0.053644 -0.164054 0.0740588 -0.053644 -0.164054 0.0740588 -0.053644 -0.167248 0.066535 0.053644 -0.167248 0.066535 -0.053644 -0.170087 0.0589057 0.053644 -0.170087 0.0589057 0.053644 -0.172574 0.0511664 -0.053644 -0.172574 0.0511664 -0.053644 -0.174723 0.0432449 0.053644 -0.174723 0.0432449 -0.053644 -0.176506 0.0352789 0.053644 -0.176506 0.0352789 0.053644 -0.177922 0.0272684 -0.053644 -0.177922 0.0272684 -0.053644 -0.178973 0.0191806 0.053644 -0.178973 0.0191806 -0.053644 -0.179658 0.0110151 0.053644 -0.179658 0.0110151 0.053644 -0.179975 0.00286751 -0.053644 -0.179975 0.00286751 -0.053644 -0.179923 -0.00526226 0.053644 -0.179923 -0.00526226 -0.053644 -0.179495 -0.0134304 0.053644 -0.179495 -0.0134304 0.053644 -0.178698 -0.0215733 -0.053644 -0.178698 -0.0215733 -0.053644 -0.177542 -0.0296365 0.053644 -0.177542 -0.0296365 -0.053644 -0.176025 -0.03762 0.053644 -0.176025 -0.03762 0.053644 -0.174125 -0.0455965 -0.053644 -0.174125 -0.0455965 -0.053644 -0.171877 -0.0534516 0.053644 -0.171877 -0.0534516 -0.053644 -0.169287 -0.0611675 0.053644 -0.169287 -0.0611675 0.053644 -0.16635 -0.0687558 -0.053644 -0.16635 -0.0687558 -0.053644 -0.163041 -0.0762627 0.053644 -0.163041 -0.0762627 -0.053644 -0.159418 -0.0835748 0.053644 -0.159418 -0.0835748 0.053644 -0.155482 -0.0906922 -0.053644 -0.155482 -0.0906922 -0.053644 -0.151209 -0.0976469 0.053644 -0.151209 -0.0976469 -0.053644 -0.146609 -0.104424 0.053644 -0.146609 -0.104424 0.053644 -0.141732 -0.110956 -0.053644 -0.141732 -0.110956 -0.053644 -0.13658 -0.117243 0.053644 -0.13658 -0.117243 -0.053644 -0.131106 -0.123328 0.053644 -0.131106 -0.123328 0.053644 -0.125368 -0.129157 -0.053644 -0.125368 -0.129157 -0.053644 -0.1194 -0.134697 0.053644 -0.1194 -0.134697 -0.053644 -0.1132 -0.139949 0.053644 -0.1132 -0.139949 0.053644 -0.106702 -0.144959 -0.053644 -0.106702 -0.144959 -0.053644 -0.100017 -0.149651 0.053644 -0.100017 -0.149651 -0.053644 -0.0931524 -0.154021 0.053644 -0.0931524 -0.154021 0.053644 -0.0860891 -0.158076 -0.053644 -0.0860891 -0.158076 -0.053644 -0.0787991 -0.16183 0.053644 -0.0787991 -0.16183 -0.053644 -0.0713866 -0.165236 0.053644 -0.0713866 -0.165236 0.053644 -0.0638515 -0.168294 -0.053644 -0.0638515 -0.168294 -0.053644 -0.0561484 -0.171015 0.053644 -0.0561484 -0.171015 -0.053644 -0.0483136 -0.17339 0.053644 -0.0483136 -0.17339 0.053644 -0.0404167 -0.175402 -0.053644 -0.0404167 -0.175402 -0.053644 -0.0324577 -0.177049 0.053644 -0.0324577 -0.177049 -0.053644 -0.0244365 -0.178333 0.053644 -0.0244365 -0.178333 0.053644 -0.0163532 -0.179253 -0.053644 -0.0163532 -0.179253 -0.053644 -0.00820766 -0.179808 0.053644 -0.00820766 -0.179808 -0.053644 0 -0.18 0.053644 1.13687e-16 -0.18 -0.053644 0.00578261 0.179903 0.053644 0.0139729 0.179457 -0.053644 0.0139729 0.179457 0.053644 0.0220579 0.178642 -0.053644 0.0220579 0.178642 -0.053644 0.0301161 0.177459 0.053644 0.0301161 0.177459 0.053644 0.0381476 0.175907 -0.053644 0.0381476 0.175907 0.053644 0.0461037 0.173995 -0.053644 0.0461037 0.173995 -0.053644 0.0539123 0.171734 0.053644 0.0539123 0.171734 0.053644 0.0616325 0.169115 -0.053644 0.0616325 0.169115 0.053644 0.0692644 0.166137 -0.053644 0.0692644 0.166137 -0.053644 0.0767232 0.162829 0.053644 0.0767232 0.162829 0.053644 0.084 0.159195 -0.053644 0.084 0.159195 0.053644 0.0911294 0.155222 -0.053644 0.0911294 0.155222 -0.053644 0.0981113 0.15091 0.053644 0.0981113 0.15091 0.053644 0.104828 0.146324 -0.053644 0.104828 0.146324 0.053644 0.111334 0.141433 -0.053644 0.111334 0.141433 -0.053644 0.117639 0.136234 0.053644 0.117639 0.136234 0.053644 0.123722 0.13074 -0.053644 0.123722 0.13074 0.053644 0.129496 0.125021 -0.053644 0.129496 0.125021 -0.053644 0.135019 0.119031 0.053644 0.135019 0.119031 0.053644 0.14029 0.112772 -0.053644 0.14029 0.112772 0.053644 0.145269 0.106287 -0.053644 0.145269 0.106287 -0.053644 0.149919 0.0996168 0.053644 0.149919 0.0996168 0.053644 0.154275 0.0927229 -0.053644 0.154275 0.0927229 0.053644 0.158338 0.0856049 -0.053644 0.158338 0.0856049 -0.053644 0.162053 0.0783484 0.053644 0.162053 0.0783484 0.053644 0.165426 0.0709449 -0.053644 0.165426 0.0709449 0.053644 0.168471 0.0633697 -0.053644 0.168471 0.0633697 -0.053644 0.17119 0.0556231 0.053644 0.17119 0.0556231 0.053644 0.173522 0.0478368 -0.053644 0.173522 0.0478368 0.053644 0.175496 0.039999 -0.053644 0.175496 0.039999 -0.053644 0.177112 0.0321098 0.053644 0.177112 0.0321098 0.053644 0.17837 0.0241691 -0.053644 0.17837 0.0241691 0.053644 0.17927 0.0161769 -0.053644 0.17927 0.0161769 -0.053644 0.179812 0.00813326 0.053644 0.179812 0.00813326 0.053644 0.179996 3.81467e-05 -0.053644 0.179996 3.81467e-05 0.053644 0.179819 -0.00806145 -0.053644 0.179819 -0.00806145 -0.053644 0.179277 -0.0160882 0.053644 0.179277 -0.0160882 0.053644 0.178374 -0.0241045 -0.053644 0.178374 -0.0241045 0.053644 0.177109 -0.0321106 -0.053644 0.177109 -0.0321106 -0.053644 0.175491 -0.0400331 0.053644 0.175491 -0.0400331 0.053644 0.173524 -0.0478368 -0.053644 0.173524 -0.0478368 0.053644 0.171203 -0.0555687 -0.053644 0.171203 -0.0555687 -0.053644 0.168527 -0.0632287 0.053644 0.168527 -0.0632287 0.053644 0.165525 -0.0707188 -0.053644 0.165525 -0.0707188 0.053644 0.162195 -0.0780489 -0.053644 0.162195 -0.0780489 -0.053644 0.158528 -0.0852478 0.053644 0.158528 -0.0852478 0.053644 0.154524 -0.0923155 -0.053644 0.154524 -0.0923155 0.053644 0.150241 -0.0991326 -0.053644 0.150241 -0.0991326 0.053644 0.145653 -0.105754 0.053644 0.140756 -0.112188 -0.053644 0.145653 -0.105754 0.053644 0.135555 -0.118426 -0.053644 0.140756 -0.112188 -0.053644 0.135555 -0.118426 0.053644 0.130129 -0.124362 0.053644 0.12443 -0.13006 -0.053644 0.130129 -0.124362 0.053644 0.118458 -0.135522 -0.053644 0.12443 -0.13006 -0.053644 0.118458 -0.135522 0.053644 0.112236 -0.140723 0.053644 0.105836 -0.145595 -0.053644 0.112236 -0.140723 0.053644 0.0992072 -0.150188 -0.053644 0.105836 -0.145595 -0.053644 0.0992072 -0.150188 0.053644 0.0923492 -0.1545 0.053644 0.0853118 -0.158499 -0.053644 0.0923492 -0.1545 0.053644 0.0781422 -0.162151 -0.053644 0.0853118 -0.158499 -0.053644 0.0781422 -0.162151 0.053644 0.0707948 -0.165488 0.053644 0.0632695 -0.168511 -0.053644 0.0707948 -0.165488 0.053644 0.0556461 -0.171182 -0.053644 0.0632695 -0.168511 -0.053644 0.0556461 -0.171182 0.053644 0.0479366 -0.173496 0.053644 0.0401056 -0.17547 -0.053644 0.0479366 -0.173496 0.053644 0.032153 -0.177103 -0.053644 0.0401056 -0.17547 -0.053644 0.032153 -0.177103 0.053644 0.0241924 -0.178366 0.053644 0.0161899 -0.179267 -0.053644 0.0241924 -0.178366 0.053644 0.00812581 -0.179812 -0.053644 0.0161899 -0.179267 -0.053644 0.00812581 -0.179812 -0.053644 0.150241 -0.0991326 -0.0559877 0.154697 -0.0916651 -0.053644 0.154524 -0.0923155 -0.0604462 0.0622691 -0.167147 -0.0604462 0.0896213 -0.154219 -0.0582738 0.0900728 -0.154996 -0.0657692 -0.0551184 -0.164861 -0.067 -0.0622302 -0.160159 -0.067 -0.0547272 -0.162879 -0.067 0.162573 -0.0556266 -0.067 0.16495 -0.0481159 -0.0657692 0.162373 -0.0620656 -0.0657692 0.111485 -0.133373 -0.067 0.120992 -0.122001 -0.0657692 0.132421 -0.112613 -0.0624515 -0.108928 -0.139693 -0.0604462 -0.109682 -0.14066 -0.0624515 -0.130969 -0.119274 -0.0604462 -0.0843329 -0.157173 -0.0624515 -0.0837527 -0.156092 -0.0657692 0.170526 -0.0337317 -0.067 0.166988 -0.0404737 -0.0624515 0.152397 -0.090302 -0.0604462 0.166612 -0.063686 -0.0604462 0.153453 -0.0909275 -0.053644 -0.0244365 -0.178333 -0.0559877 -0.0273751 -0.17772 -0.053644 -0.0163532 -0.179253 -0.0657692 0.149548 -0.088614 -0.067 0.141262 -0.097818 -0.0624515 0.134944 -0.114758 -0.0604462 0.135878 -0.115553 -0.0624515 0.113608 -0.135913 -0.053644 0.173524 -0.0478368 -0.0559877 0.167964 -0.0642026 -0.0559877 0.176398 -0.0348931 -0.053644 0.162195 -0.0780489 -0.053644 0.165525 -0.0707188 -0.053644 0.173522 0.0478368 -0.0559877 0.171015 0.0555661 -0.053644 0.17119 0.0556231 -0.0657692 -0.0466517 0.167454 -0.0657692 -0.0176809 0.172929 -0.067 -0.0304703 0.169101 -0.0559877 -0.0850169 -0.158448 -0.053644 -0.0860891 -0.158076 -0.053644 -0.0931524 -0.154021 -0.0582738 0.167451 -0.0640069 -0.053644 0.175491 -0.0400331 -0.0604462 -0.0565574 -0.169165 -0.067 -0.0316606 -0.168883 -0.0657692 -0.026464 -0.171804 -0.067 -0.0394714 -0.167228 -0.053644 0.177112 0.0321098 -0.0559877 0.177946 0.0258652 -0.053644 0.175496 0.039999 -0.053644 0.178374 -0.0241045 -0.053644 0.177109 -0.0321106 -0.067 -4.26326e-17 -0.171828 -0.0657692 0.00295178 -0.173806 -0.067 -0.00799933 -0.171637 -0.067 0.0158289 -0.171094 -0.067 0.0236507 -0.170192 -0.0657692 0.0322826 -0.170807 -0.053644 0.179277 -0.0160882 -0.0559877 0.179757 -0.00457984 -0.053644 0.17927 0.0161769 -0.053644 0.17837 0.0241691 -0.053644 0.179996 3.81467e-05 -0.053644 0.179812 0.00813326 -0.0582738 0.179209 -0.00456588 -0.0582738 0.17586 -0.0347867 -0.0604462 0.174978 -0.0346124 -0.0604462 0.178311 -0.00454299 -0.053644 0.179819 -0.00806145 -0.067 0.168683 -0.0327213 -0.067 0.170002 -0.0249677 -0.067 0.170966 -0.0171422 -0.067 0.153372 -0.0774651 -0.067 0.171575 -0.00924475 -0.0657692 0.173774 -0.0044274 -0.0657692 0.172023 0.0250043 -0.0642405 0.17379 0.0252612 -0.0642405 0.17556 -0.00447289 -0.067 0.171822 -0.00133388 -0.067 0.171701 0.00653387 -0.067 0.170372 0.0223004 -0.067 0.171218 0.014412 -0.0624515 0.177084 -0.00451174 -0.0624515 0.1753 0.0254806 -0.053644 -0.0483136 -0.17339 -0.053644 -0.0561484 -0.171015 -0.0559877 -0.0570162 -0.170537 -0.067 -0.0159368 -0.171084 -0.067 0.16917 0.0300989 -0.0642405 0.167021 0.0542685 -0.0657692 0.165323 0.0537166 -0.0582738 -0.0568423 -0.170017 -0.067 0.00794533 -0.171639 -0.067 0.165694 0.045483 -0.067 0.167611 0.0378167 -0.067 0.163418 0.0530977 -0.053644 0.168527 -0.0632287 -0.053644 0.171203 -0.0555687 -0.053644 0.145653 -0.105754 -0.0604462 0.114395 -0.136855 -0.0624515 0.0890048 -0.153158 -0.067 0.159855 -0.063015 -0.067 0.156768 -0.0703336 -0.0582738 0.114972 -0.137544 -0.067 0.149665 -0.0844096 -0.053644 0.130129 -0.124362 -0.0559877 0.115323 -0.137965 -0.0559877 0.136981 -0.11649 -0.067 0.0966443 -0.142069 -0.0657692 0.087341 -0.150295 -0.0624515 0.0618407 -0.165997 -0.067 0.145625 -0.0911976 -0.053644 0.12443 -0.13006 -0.053644 0.118458 -0.135522 -0.067 0.136624 -0.104201 -0.0657692 0.0606847 -0.162894 -0.067 0.0690396 -0.157345 -0.067 0.131713 -0.110347 -0.067 0.126484 -0.116298 -0.0559877 0.0903483 -0.15547 -0.053644 0.105836 -0.145595 -0.067 0.115271 -0.127423 -0.0624515 0.0328976 -0.17406 -0.067 0.0467453 -0.165342 -0.053644 0.0992072 -0.150188 -0.053644 0.0923492 -0.1545 -0.067 0.103076 -0.137472 -0.067 0.109321 -0.132565 -0.053644 0.0781422 -0.162151 -0.053644 0.0853118 -0.158499 -0.0559877 0.0627741 -0.168503 -0.067 0.0900341 -0.14635 -0.0604462 0.0331254 -0.175266 -0.0624515 0.00300801 -0.177116 -0.053644 0.0707948 -0.165488 -0.053644 0.0632695 -0.168511 -0.067 0.0761945 -0.154005 -0.067 0.0832276 -0.150324 -0.053644 0.0556461 -0.171182 -0.053644 0.0479366 -0.173496 -0.0604462 0.00302884 -0.178343 -0.0624515 -0.0269681 -0.175077 -0.067 0.061763 -0.160343 -0.0559877 0.0333941 -0.176688 -0.053644 0.032153 -0.177103 -0.053644 0.0241924 -0.178366 -0.067 0.05432 -0.163012 -0.053644 0.0161899 -0.179267 -0.067 0.0391089 -0.167316 -0.0624515 -0.0561683 -0.168001 -0.0604462 -0.0271549 -0.17629 -0.067 0.0314107 -0.168932 -0.0582738 -0.0272917 -0.177178 -0.0559877 0.00305341 -0.17979 -0.053644 -0.00820766 -0.179808 -0.067 -0.0695892 -0.157101 -0.0657692 -0.0821871 -0.153174 -0.067 -0.0238124 -0.170169 -0.053644 -0.0404167 -0.175402 -0.067 -0.0471603 -0.165227 -0.053644 -0.0713866 -0.165236 -0.053644 -0.0638515 -0.168294 -0.067 -0.115993 -0.126763 -0.0657692 -0.106892 -0.137081 -0.0657692 -0.128521 -0.117045 -0.053644 -0.1194 -0.134697 -0.0559877 -0.132946 -0.121075 -0.0559877 -0.110572 -0.141801 -0.0604462 -0.164353 -0.0693069 -0.0604462 -0.150276 -0.0960858 -0.0582738 -0.151034 -0.0965699 -0.067 -0.0973242 -0.141604 -0.067 -0.0906646 -0.145956 -0.053644 -0.146609 -0.104424 -0.053644 -0.151209 -0.0976469 -0.0559877 -0.151495 -0.0968652 -0.067 -0.109981 -0.132015 -0.067 -0.132418 -0.109494 -0.067 -0.137351 -0.103238 -0.053644 -0.155482 -0.0906922 -0.053644 -0.159418 -0.0835748 -0.067 -0.150319 -0.0832312 -0.067 -0.146286 -0.0901377 -0.0657692 -0.146453 -0.093641 -0.0657692 -0.173524 -0.0103256 -0.067 -0.170254 -0.0231736 -0.0657692 -0.169283 -0.0395028 -0.067 -0.171611 0.00856755 -0.0657692 -0.172773 0.0191485 -0.0624515 -0.172507 -0.0402552 -0.0604462 -0.173702 -0.0405341 -0.067 -0.16877 0.0322486 -0.0657692 -0.167051 0.0480718 -0.0604462 -0.177283 0.0196485 -0.0624515 -0.170234 0.0489876 -0.0624515 -0.176064 0.0195133 -0.067 -0.171145 -0.0152902 -0.0559877 -0.178721 0.0198078 -0.0559877 -0.179498 -0.0106812 -0.053644 -0.179975 0.00286751 -0.067 -0.171822 0.000617756 -0.053644 -0.177922 0.0272684 -0.053644 -0.176506 0.0352789 -0.067 -0.170086 0.0243791 -0.0657692 -0.156524 0.0756122 -0.0657692 -0.141494 0.100977 -0.067 -0.145658 0.091147 -0.067 -0.131631 0.110438 -0.0657692 -0.122394 0.123438 -0.0604462 -0.160611 0.0775863 -0.0624515 -0.159506 0.0770525 -0.0604462 -0.171413 0.0493269 -0.0657692 -0.0997723 0.142347 -0.067 -0.109047 0.132787 -0.0624515 -0.124725 0.125789 -0.0604462 -0.125589 0.12666 -0.0624515 -0.101673 0.145058 -0.067 -0.141301 0.0977682 -0.053644 -0.138125 0.115414 -0.0559877 -0.126608 0.127688 -0.0559877 -0.146366 0.104454 -0.067 -0.12639 0.116404 -0.053644 -0.115044 0.138433 -0.053644 -0.121184 0.133094 -0.067 -0.115081 0.127592 -0.067 -0.0610842 0.160599 -0.0657692 -0.0742805 0.157161 -0.0604462 -0.0478697 0.171825 -0.0582738 -0.0481109 0.172691 -0.0604462 -0.0181425 0.177444 -0.0559877 -0.076838 0.162572 -0.053644 -0.0881889 0.156912 -0.053644 -0.0809717 0.160755 -0.053644 -0.0584387 0.170245 -0.053644 -0.0506355 0.172728 -0.0559877 -0.048258 0.173219 -0.067 -0.0827368 0.150594 -0.067 -0.089613 0.146604 -0.067 -0.0536009 0.163252 -0.053644 -0.0348076 0.1766 -0.0559877 -0.0182897 0.178883 -0.067 -0.0382701 0.167507 -0.053644 -0.0105187 0.179691 -0.053644 -0.00238586 0.179981 -0.067 -0.00676553 0.17169 -0.067 -0.0147398 0.171192 -0.0657692 0.068901 0.159592 -0.067 0.0558394 0.162498 -0.0657692 0.0409387 0.168941 -0.067 0.0011821 0.171821 -0.0657692 0.0117986 0.17343 -0.067 0.00910311 0.171586 -0.053644 0.0381476 0.175907 -0.0559877 0.0423482 0.174758 -0.053644 0.0301161 0.177459 -0.053644 0.0539123 0.171734 -0.0559877 0.0712733 0.165087 -0.067 0.084801 0.149442 -0.0657692 0.0948811 0.145653 -0.067 0.0327916 0.168668 -0.067 0.0249657 0.17 -0.0624515 0.120382 0.129952 -0.0624515 0.0966886 0.148427 -0.0604462 0.0973583 0.149455 -0.053644 0.0767232 0.162829 -0.053644 0.084 0.159195 -0.067 0.0482536 0.164909 -0.067 0.0405295 0.166979 -0.067 0.104679 0.136256 -0.0657692 0.118132 0.127522 -0.067 0.0632784 0.159751 -0.0604462 0.121216 0.130852 -0.0624515 0.140612 0.107738 -0.0657692 0.137984 0.105724 -0.067 0.127977 0.114654 -0.0559877 0.098148 0.150667 -0.053644 0.0911294 0.155222 -0.053644 0.0981113 0.15091 -0.0604462 0.141586 0.108484 -0.0624515 0.156798 0.0824244 -0.067 0.0705956 0.156653 -0.067 0.077799 0.153201 -0.0559877 0.122199 0.131913 -0.053644 0.123722 0.13074 -0.053644 0.129496 0.125021 -0.067 0.0916017 0.145375 -0.067 0.160765 0.0606465 -0.067 0.0982467 0.140965 -0.0642405 0.155448 0.0817147 -0.067 0.12253 0.120456 -0.067 0.116794 0.126031 -0.0657692 0.153867 0.0808836 -0.067 0.157786 0.0680247 -0.067 0.154482 0.0752321 -0.067 0.150853 0.0822687 -0.067 0.146898 0.0891346 -0.067 0.142618 0.0958297 -0.067 0.138013 0.102354 -0.0559877 0.142735 0.109364 -0.0624515 0.168472 0.0547399 -0.053644 0.135019 0.119031 -0.053644 0.14029 0.112772 -0.0604462 0.157884 0.0829953 -0.0604462 0.169639 0.055119 -0.0559877 0.159164 0.0836685 -0.0582738 0.158679 0.0834135 -0.053644 0.149919 0.0996168 -0.053644 0.158338 0.0856049 -0.053644 0.154275 0.0927229 -0.0582738 0.170494 0.0553967 -0.053644 0.165426 0.0709449 -0.053644 0.162053 0.0783484 -0.053644 0.168471 0.0633697 -0.067 0.110862 0.131278 -0.053644 0.111334 0.141433 -0.053644 0.104828 0.146324 -0.067 0.0170519 0.170976 -0.053644 0.0692644 0.166137 -0.053644 0.0616325 0.169115 -0.0604462 0.0706998 0.163759 -0.0582738 0.071056 0.164584 -0.0624515 0.0702135 0.162633 -0.053644 0.0220579 0.178642 -0.0559877 0.0122048 0.179401 -0.053644 0.0139729 0.179457 -0.0624515 0.0120234 0.176733 -0.0604462 0.0121066 0.177958 -0.067 -0.022635 0.170329 -0.0604462 0.0420075 0.173352 -0.0624515 0.0417185 0.172159 -0.053644 -0.0267687 0.177994 -0.053644 -0.0186328 0.179032 -0.067 -0.0460212 0.16555 -0.067 -0.0684709 0.157592 -0.053644 -0.0427496 0.174849 -0.0624515 -0.0180177 0.176223 -0.067 -0.0757057 0.154251 -0.053644 -0.0660862 0.167427 -0.067 -0.0963344 0.142281 -0.0624515 -0.0475404 0.170643 -0.067 -0.102804 0.13768 -0.053644 -0.101994 0.148314 -0.053644 -0.0951965 0.152765 -0.0559877 -0.103208 0.147248 -0.0604462 -0.102377 0.146063 -0.067 -0.120892 0.122106 -0.067 -0.136615 0.10421 -0.0604462 -0.0762198 0.161264 -0.0624515 -0.0756954 0.160155 -0.053644 -0.127083 0.127472 -0.053644 -0.132754 0.121552 -0.067 -0.149717 0.0843099 -0.053644 -0.143199 0.10906 -0.067 -0.153479 0.0772568 -0.067 -0.156882 0.0700889 -0.067 -0.159948 0.0627725 -0.053644 -0.152503 0.0956107 -0.053644 -0.147999 0.102445 -0.0559877 -0.161914 0.0782156 -0.053644 -0.156675 0.0886124 -0.067 -0.162684 0.0552932 -0.067 -0.165082 0.0476725 -0.0582738 -0.14592 0.104136 -0.0604462 -0.145189 0.103614 -0.0624515 -0.14419 0.102901 -0.067 -0.167102 0.040013 -0.053644 -0.172574 0.0511664 -0.053644 -0.170087 0.0589057 -0.0559877 -0.172803 0.049727 -0.053644 -0.167248 0.066535 -0.067 -0.171036 0.0164731 -0.067 -0.171668 -0.00737633 -0.053644 -0.178973 0.0191806 -0.053644 -0.179658 0.0110151 -0.067 -0.168997 -0.0310393 -0.067 -0.167376 -0.0388596 -0.053644 -0.179495 -0.0134304 -0.053644 -0.178698 -0.0215733 -0.053644 -0.179923 -0.00526226 -0.067 -0.160388 -0.0616401 -0.0657692 -0.160172 -0.0675434 -0.067 -0.163076 -0.0541259 -0.067 -0.165405 -0.0465324 -0.0604462 -0.178054 -0.0105952 -0.0582738 -0.178951 -0.0106486 -0.0559877 -0.175111 -0.0408629 -0.053644 -0.177542 -0.0296365 -0.067 -0.154011 -0.0761862 -0.067 -0.157363 -0.0690027 -0.053644 -0.171877 -0.0534516 -0.0559877 -0.165687 -0.069869 -0.053644 -0.169287 -0.0611675 -0.0624515 -0.176829 -0.0105223 -0.067 -0.141973 -0.0967887 -0.053644 -0.16635 -0.0687558 -0.0624515 -0.163223 -0.0688301 -0.067 -0.127191 -0.115529 -0.067 -0.12173 -0.121268 -0.053644 -0.141732 -0.110956 -0.053644 -0.131106 -0.123328 -0.053644 -0.125368 -0.129157 -0.067 -0.103754 -0.136966 -0.067 -0.083775 -0.150021 -0.0624515 -0.149243 -0.0954248 -0.0582738 -0.132541 -0.120706 -0.0604462 -0.131876 -0.120101 -0.067 -0.0767695 -0.153723 -0.053644 -0.100017 -0.149651 -0.067 0.133132 0.108629 -0.0582738 0.1423 0.109031 -0.0642405 0.139402 0.10681 -0.053644 0.145269 0.106287 -0.0582738 0.121827 0.131511 -0.0642405 0.119346 0.128833 -0.0582738 0.0978488 0.150208 -0.0642405 0.095856 0.147149 -0.053644 0.117639 0.136234 -0.0642405 0.0696089 0.161232 -0.0582738 0.0422191 0.174225 -0.0642405 0.0413593 0.170677 -0.053644 0.0461037 0.173995 -0.0582738 0.0121676 0.178854 -0.0642405 0.0119198 0.175212 -0.0582738 -0.0182339 0.178338 -0.0642405 -0.0178625 0.174706 -0.053644 0.00578261 0.179903 -0.0642405 -0.0471311 0.169174 -0.0582738 -0.0766038 0.162076 -0.0642405 -0.0750437 0.158776 -0.053644 -0.0735783 0.164275 -0.0582738 -0.102893 0.146799 -0.0642405 -0.100797 0.143809 -0.0582738 -0.126222 0.127298 -0.0642405 -0.123651 0.124706 -0.053644 -0.108647 0.143507 -0.0642405 -0.142948 0.102015 -0.0582738 -0.16142 0.0779772 -0.0642405 -0.158133 0.0763891 -0.053644 -0.160517 0.0814505 -0.0582738 -0.172276 0.0495754 -0.0642405 -0.168768 0.0485658 -0.053644 -0.164054 0.0740588 -0.0582738 -0.178177 0.0197475 -0.0642405 -0.174548 0.0193453 -0.053644 -0.174723 0.0432449 -0.0642405 -0.175307 -0.0104317 -0.0582738 -0.174577 -0.0407383 -0.0642405 -0.171022 -0.0399086 -0.053644 -0.176025 -0.03762 -0.0582738 -0.165181 -0.069656 -0.0642405 -0.161817 -0.0682374 -0.053644 -0.174125 -0.0455965 -0.0642405 -0.147958 -0.0946032 -0.053644 -0.163041 -0.0762627 -0.0642405 -0.129841 -0.118247 -0.053644 -0.13658 -0.117243 -0.0582738 -0.110235 -0.141369 -0.0642405 -0.10799 -0.13849 -0.053644 -0.1132 -0.139949 -0.0582738 -0.0847578 -0.157965 -0.0642405 -0.0830316 -0.154748 -0.053644 -0.106702 -0.144959 -0.0642405 -0.0556847 -0.166555 -0.053644 -0.0787991 -0.16183 -0.0642405 -0.0267359 -0.17357 -0.053644 -0.0324577 -0.177049 -0.0582738 0.0030441 -0.179242 -0.0642405 0.00298211 -0.175591 -0.053644 0 -0.18 -0.0582738 0.0332923 -0.176149 -0.0642405 0.0326143 -0.172562 -0.053644 0.00812581 -0.179812 -0.0582738 0.0625828 -0.167989 -0.0642405 0.0613082 -0.164568 -0.053644 0.0401056 -0.17547 -0.0642405 0.0882384 -0.151839 -0.053644 0.135555 -0.118426 -0.0642405 0.11263 -0.134743 -0.053644 0.112236 -0.140723 -0.0582738 0.136563 -0.116135 -0.0642405 0.133782 -0.11377 -0.0582738 0.154226 -0.0913856 -0.0642405 0.151085 -0.0895245 -0.053644 0.140756 -0.112188 -0.0624515 0.165466 -0.0632479 -0.0642405 0.164041 -0.0627033 -0.053644 0.158528 -0.0852478 -0.0624515 0.173775 -0.0343743 -0.0642405 0.172279 -0.0340783 -0.0604462 0.176514 0.0256571 -0.0582738 0.177403 0.0257863 -0.067 0.112499 0.0844325 -0.067 0.138013 0.102354 -0.067 0.116686 0.0785453 -0.067 0.138383 -0.025186 -0.067 0.139499 -0.0180174 -0.067 0.170002 -0.0249677 -0.067 0.0467453 -0.165342 -0.067 0.0427957 -0.133991 -0.067 0.05432 -0.163012 -0.067 0.127409 -0.0595969 -0.067 0.153372 -0.0774651 -0.067 0.124175 -0.066067 -0.067 0.112529 -0.0843894 -0.067 0.116716 -0.0785008 -0.067 0.141262 -0.097818 -0.067 0.0900341 -0.14635 -0.067 0.0755256 -0.11866 -0.067 0.0966443 -0.142069 -0.067 0.0873001 -0.11029 -0.067 0.103076 -0.137472 -0.067 0.0815297 -0.11462 -0.067 0.103239 -0.0955343 -0.067 0.108026 -0.0900827 -0.067 0.126484 -0.116298 -0.067 0.0982006 -0.100704 -0.067 0.120992 -0.122001 -0.067 0.115271 -0.127423 -0.067 0.149665 -0.0844096 -0.067 0.120595 -0.0723984 -0.067 0.136624 -0.104201 -0.067 0.130298 -0.0529879 -0.067 0.156768 -0.0703336 -0.067 0.145625 -0.0911976 -0.067 0.159855 -0.063015 -0.067 0.132861 -0.0461743 -0.067 0.135064 -0.039274 -0.067 0.162573 -0.0556266 -0.067 0.136902 -0.0322952 -0.067 0.168683 -0.0327213 -0.067 0.166988 -0.0404737 -0.067 0.0928825 -0.105627 -0.067 0.109321 -0.132565 -0.067 0.16495 -0.0481159 -0.067 0.171575 -0.00924475 -0.067 0.140242 -0.010833 -0.067 0.140612 -0.00360245 -0.067 0.0629135 -0.125805 -0.067 0.0692876 -0.12241 -0.067 0.0832276 -0.150324 -0.067 0.170966 -0.0171422 -0.067 0.140609 0.0036655 -0.067 0.171822 -0.00133388 -0.067 0.0690396 -0.157345 -0.067 0.0563669 -0.128869 -0.067 0.0761945 -0.154005 -0.067 0.140237 0.0108862 -0.067 0.171701 0.00653387 -0.067 0.0358624 -0.136009 -0.067 0.0391089 -0.167316 -0.067 0.028805 -0.137676 -0.067 0.0496388 -0.131607 -0.067 0.061763 -0.160343 -0.067 0.139495 0.0180623 -0.067 0.16917 0.0300989 -0.067 0.170372 0.0223004 -0.067 0.171218 0.014412 -0.067 0.0314107 -0.168932 -0.067 0.0236507 -0.170192 -0.067 0.0216564 -0.138983 -0.067 0.13837 0.0252577 -0.067 0.135052 0.0393214 -0.067 0.165694 0.045483 -0.067 0.136889 0.032344 -0.067 0.167611 0.0378167 -0.067 0.130279 0.0530286 -0.067 0.160765 0.0606465 -0.067 0.132837 0.0462447 -0.067 0.163418 0.0530977 -0.067 0.120565 0.0724468 -0.067 0.146898 0.0891346 -0.067 0.127388 0.059645 -0.067 0.157786 0.0680247 -0.067 -0.0216564 -0.138983 -0.067 -0.0316606 -0.168883 -0.067 -0.0287494 -0.13769 -0.067 -0.0238124 -0.170169 -0.067 0.0981688 0.100738 -0.067 0.0928263 0.105676 -0.067 0.116794 0.126031 -0.067 -0.0394714 -0.167228 -0.067 -0.0357794 -0.13603 -0.067 -0.0562904 -0.128903 -0.067 -0.0496051 -0.131623 -0.067 -0.0622302 -0.160159 -0.067 -0.083775 -0.150021 -0.067 -0.0628518 -0.125833 -0.067 -0.0767695 -0.153723 -0.067 0.0754659 0.118698 -0.067 0.0692424 0.122433 -0.067 0.0916017 0.145375 -0.067 0.0495761 0.13163 -0.067 0.0632784 0.159751 -0.067 0.0563134 0.128894 -0.067 -0.0692786 -0.122416 -0.067 -0.0906646 -0.145956 -0.067 -0.0754621 -0.118703 -0.067 0.0327916 0.168668 -0.067 0.0287324 0.13769 -0.067 0.0216074 0.138988 -0.067 -0.109981 -0.132015 -0.067 -0.0928366 -0.105671 -0.067 -0.0872847 -0.110301 -0.067 -0.103208 -0.0955641 -0.067 -0.0981393 -0.100762 -0.067 -0.12173 -0.121268 -0.067 -0.00726262 0.140472 -0.067 -0.00676553 0.17169 -0.067 -4.28962e-05 0.140657 -0.067 0.0170519 0.170976 -0.067 0.0144508 0.139916 -0.067 0.00720839 0.140472 -0.067 -0.014483 0.13991 -0.067 -0.0216892 0.138974 -0.067 -0.022635 0.170329 -0.067 -0.120586 -0.0724172 -0.067 -0.150319 -0.0832312 -0.067 -0.124139 -0.0661383 -0.067 -0.132841 -0.0462403 -0.067 -0.163076 -0.0541259 -0.067 -0.135039 -0.0393538 -0.067 -0.0358254 0.136021 -0.067 -0.0382701 0.167507 -0.067 -0.0288016 0.137679 -0.067 -0.0610842 0.160599 -0.067 -0.0563355 0.128886 -0.067 -0.0684709 0.157592 -0.067 -0.165405 -0.0465324 -0.067 -0.136892 -0.0323285 -0.067 -0.0873275 0.110265 -0.067 -0.0928769 0.105636 -0.067 -0.109047 0.132787 -0.067 -0.171668 -0.00737633 -0.067 -0.140613 -0.00363286 -0.067 -0.140235 -0.0108885 -0.067 -0.0981794 0.100726 -0.067 -0.115081 0.127592 -0.067 -0.16877 0.0322486 -0.067 -0.136906 0.0322646 -0.067 -0.138386 0.0251857 -0.067 -0.132859 0.0461898 -0.067 -0.159948 0.0627725 -0.067 -0.13031 0.0529492 -0.067 -0.0147398 0.171192 -0.067 -0.102804 0.13768 -0.067 -0.0815205 0.114625 -0.067 -0.141301 0.0977682 -0.067 -0.112508 0.0844224 -0.067 -0.116721 0.0784887 -0.067 -0.149717 0.0843099 -0.067 -0.120609 0.072375 -0.067 -0.124164 0.0660938 -0.067 -0.0428155 0.133982 -0.067 -0.0460212 0.16555 -0.067 -0.0757057 0.154251 -0.067 -0.0629186 0.125799 -0.067 -0.108031 0.0900782 -0.067 -0.136615 0.10421 -0.067 -0.0963344 0.142281 -0.067 -0.0755069 0.118675 -0.067 -0.135057 0.0392962 -0.067 -0.162684 0.0552932 -0.067 -0.120892 0.122106 -0.067 -0.103255 0.0955127 -0.067 -0.131631 0.110438 -0.067 -0.12639 0.116404 -0.067 -0.156882 0.0700889 -0.067 -0.127406 0.0595996 -0.067 -0.145658 0.091147 -0.067 -0.153479 0.0772568 -0.067 -0.167102 0.040013 -0.067 -0.165082 0.0476725 -0.067 -0.14024 0.0108149 -0.067 -0.171036 0.0164731 -0.067 -0.139496 0.0180596 -0.067 -0.170086 0.0243791 -0.067 -0.139488 -0.0181025 -0.067 -0.171145 -0.0152902 -0.067 -0.140612 0.0035831 -0.067 -0.171611 0.00856755 -0.067 -0.089613 0.146604 -0.067 -0.069317 0.122392 -0.067 -0.171822 0.000617756 -0.067 -0.138377 -0.025238 -0.067 -0.170254 -0.0231736 -0.067 -0.0827368 0.150594 -0.067 -0.167376 -0.0388596 -0.067 -0.0496521 0.131603 -0.067 -0.168997 -0.0310393 -0.067 -0.160388 -0.0616401 -0.067 -0.130294 -0.0529953 -0.067 -0.0536009 0.163252 -0.067 -0.0304703 0.169101 -0.067 -0.157363 -0.0690027 -0.067 -0.127375 -0.0596644 -0.067 -0.116679 -0.0785508 -0.067 -0.146286 -0.0901377 -0.067 -0.154011 -0.0761862 -0.067 0.0011821 0.171821 -0.067 -0.141973 -0.0967887 -0.067 -0.112479 -0.0844579 -0.067 -0.132418 -0.109494 -0.067 -0.137351 -0.103238 -0.067 0.00910311 0.171586 -0.067 -0.107999 -0.090119 -0.067 -0.127191 -0.115529 -0.067 0.0358202 0.136023 -0.067 0.0405295 0.166979 -0.067 0.0249657 0.17 -0.067 0.0427451 0.134006 -0.067 0.0482536 0.164909 -0.067 -0.115993 -0.126763 -0.067 0.0558394 0.162498 -0.067 -0.0814642 -0.114664 -0.067 -0.103754 -0.136966 -0.067 0.0628656 0.125829 -0.067 0.0705956 0.156653 -0.067 -0.0973242 -0.141604 -0.067 0.077799 0.153201 -0.067 -0.0695892 -0.157101 -0.067 0.084801 0.149442 -0.067 0.131713 -0.110347 -0.067 0.0982467 0.140965 -0.067 0.0814885 0.114651 -0.067 -0.0471603 -0.165227 -0.067 -0.0547272 -0.162879 -0.067 -0.0427466 -0.134004 -0.067 0.104679 0.136256 -0.067 0.0872616 0.110318 -0.067 0.110862 0.131278 -0.067 0.12253 0.120456 -0.067 0.103203 0.0955715 -0.067 0.10798 0.0901363 -0.067 0.127977 0.114654 -0.067 0.142618 0.0958297 -0.067 0.133132 0.108629 -0.067 0.124144 0.0661271 -0.067 0.150853 0.0822687 -0.067 -0.0145005 -0.139909 -0.067 0.154482 0.0752321 -0.067 -0.0159368 -0.171084 -0.067 -4.26326e-17 -0.171828 -0.067 -0.00799933 -0.171637 -0.067 0 -0.14066 -0.067 -0.00728169 -0.140468 -0.067 0.00794533 -0.171639 -0.067 0.00728169 -0.140468 -0.067 0.0145005 -0.139909 -0.067 0.0158289 -0.171094 -0.0752069 -4.28962e-05 0.140657 -0.0752069 -0.00726262 0.140472 -0.067 -4.28962e-05 0.140657 -0.067 -0.00726262 0.140472 -0.0752069 -0.014483 0.13991 -0.0752069 -0.0216892 0.138974 -0.067 -0.014483 0.13991 -0.0752069 -0.0288016 0.137679 -0.067 -0.0216892 0.138974 -0.067 -0.0288016 0.137679 -0.0752069 -0.0358254 0.136021 -0.0752069 -0.0428155 0.133982 -0.067 -0.0358254 0.136021 -0.0752069 -0.0496521 0.131603 -0.067 -0.0428155 0.133982 -0.067 -0.0496521 0.131603 -0.0752069 -0.0563355 0.128886 -0.0752069 -0.0629186 0.125799 -0.067 -0.0563355 0.128886 -0.0752069 -0.069317 0.122392 -0.067 -0.0629186 0.125799 -0.067 -0.069317 0.122392 -0.0752069 -0.0755069 0.118675 -0.0752069 -0.0815205 0.114625 -0.067 -0.0755069 0.118675 -0.0752069 -0.0873275 0.110265 -0.067 -0.0815205 0.114625 -0.067 -0.0873275 0.110265 -0.0752069 -0.0928769 0.105636 -0.0752069 -0.0981794 0.100726 -0.067 -0.0928769 0.105636 -0.0752069 -0.103255 0.0955127 -0.067 -0.0981794 0.100726 -0.067 -0.103255 0.0955127 -0.0752069 -0.108031 0.0900782 -0.0752069 -0.112508 0.0844224 -0.067 -0.108031 0.0900782 -0.0752069 -0.116721 0.0784887 -0.067 -0.112508 0.0844224 -0.067 -0.116721 0.0784887 -0.0752069 -0.120609 0.072375 -0.0752069 -0.124164 0.0660938 -0.067 -0.120609 0.072375 -0.0752069 -0.127406 0.0595996 -0.067 -0.124164 0.0660938 -0.067 -0.127406 0.0595996 -0.0752069 -0.13031 0.0529492 -0.0752069 -0.132859 0.0461898 -0.067 -0.13031 0.0529492 -0.0752069 -0.135057 0.0392962 -0.067 -0.132859 0.0461898 -0.067 -0.135057 0.0392962 -0.0752069 -0.136906 0.0322646 -0.0752069 -0.138386 0.0251857 -0.067 -0.136906 0.0322646 -0.0752069 -0.139496 0.0180596 -0.067 -0.138386 0.0251857 -0.067 -0.139496 0.0180596 -0.0752069 -0.14024 0.0108149 -0.0752069 -0.140612 0.0035831 -0.067 -0.14024 0.0108149 -0.0752069 -0.140613 -0.00363286 -0.067 -0.140612 0.0035831 -0.067 -0.140613 -0.00363286 -0.0752069 -0.140235 -0.0108885 -0.0752069 -0.139488 -0.0181025 -0.067 -0.140235 -0.0108885 -0.0752069 -0.138377 -0.025238 -0.067 -0.139488 -0.0181025 -0.067 -0.138377 -0.025238 -0.0752069 -0.136892 -0.0323285 -0.0752069 -0.135039 -0.0393538 -0.067 -0.136892 -0.0323285 -0.0752069 -0.132841 -0.0462403 -0.067 -0.135039 -0.0393538 -0.067 -0.132841 -0.0462403 -0.0752069 -0.130294 -0.0529953 -0.0752069 -0.127375 -0.0596644 -0.067 -0.130294 -0.0529953 -0.0752069 -0.124139 -0.0661383 -0.067 -0.127375 -0.0596644 -0.067 -0.124139 -0.0661383 -0.0752069 -0.120586 -0.0724172 -0.0752069 -0.116679 -0.0785508 -0.067 -0.120586 -0.0724172 -0.0752069 -0.112479 -0.0844579 -0.067 -0.116679 -0.0785508 -0.067 -0.112479 -0.0844579 -0.0752069 -0.107999 -0.090119 -0.0752069 -0.103208 -0.0955641 -0.067 -0.107999 -0.090119 -0.0752069 -0.0981393 -0.100762 -0.067 -0.103208 -0.0955641 -0.067 -0.0981393 -0.100762 -0.0752069 -0.0928366 -0.105671 -0.0752069 -0.0872847 -0.110301 -0.067 -0.0928366 -0.105671 -0.0752069 -0.0814642 -0.114664 -0.067 -0.0872847 -0.110301 -0.067 -0.0814642 -0.114664 -0.0752069 -0.0754621 -0.118703 -0.0752069 -0.0692786 -0.122416 -0.067 -0.0754621 -0.118703 -0.0752069 -0.0628518 -0.125833 -0.067 -0.0692786 -0.122416 -0.067 -0.0628518 -0.125833 -0.0752069 -0.0562904 -0.128903 -0.0752069 -0.0496051 -0.131623 -0.067 -0.0562904 -0.128903 -0.0752069 -0.0427466 -0.134004 -0.067 -0.0496051 -0.131623 -0.067 -0.0427466 -0.134004 -0.0752069 -0.0357794 -0.13603 -0.0752069 -0.0287494 -0.13769 -0.067 -0.0357794 -0.13603 -0.0752069 -0.0216564 -0.138983 -0.067 -0.0287494 -0.13769 -0.067 -0.0216564 -0.138983 -0.0752069 -0.0145005 -0.139909 -0.0752069 -0.00728169 -0.140468 -0.067 -0.0145005 -0.139909 -0.0752069 0 -0.14066 -0.067 -0.00728169 -0.140468 -0.067 0 -0.14066 -0.067 0.00720839 0.140472 -0.067 0.0144508 0.139916 -0.0752069 0.00720839 0.140472 -0.067 0.0216074 0.138988 -0.0752069 0.0144508 0.139916 -0.0752069 0.0216074 0.138988 -0.067 0.0287324 0.13769 -0.067 0.0358202 0.136023 -0.0752069 0.0287324 0.13769 -0.067 0.0427451 0.134006 -0.0752069 0.0358202 0.136023 -0.0752069 0.0427451 0.134006 -0.067 0.0495761 0.13163 -0.067 0.0563134 0.128894 -0.0752069 0.0495761 0.13163 -0.067 0.0628656 0.125829 -0.0752069 0.0563134 0.128894 -0.0752069 0.0628656 0.125829 -0.067 0.0692424 0.122433 -0.067 0.0754659 0.118698 -0.0752069 0.0692424 0.122433 -0.067 0.0814885 0.114651 -0.0752069 0.0754659 0.118698 -0.0752069 0.0814885 0.114651 -0.067 0.0872616 0.110318 -0.067 0.0928263 0.105676 -0.0752069 0.0872616 0.110318 -0.067 0.0981688 0.100738 -0.0752069 0.0928263 0.105676 -0.0752069 0.0981688 0.100738 -0.067 0.103203 0.0955715 -0.067 0.10798 0.0901363 -0.0752069 0.103203 0.0955715 -0.067 0.112499 0.0844325 -0.0752069 0.10798 0.0901363 -0.0752069 0.112499 0.0844325 -0.067 0.116686 0.0785453 -0.067 0.120565 0.0724468 -0.0752069 0.116686 0.0785453 -0.067 0.124144 0.0661271 -0.0752069 0.120565 0.0724468 -0.0752069 0.124144 0.0661271 -0.067 0.127388 0.059645 -0.067 0.130279 0.0530286 -0.0752069 0.127388 0.059645 -0.067 0.132837 0.0462447 -0.0752069 0.130279 0.0530286 -0.0752069 0.132837 0.0462447 -0.067 0.135052 0.0393214 -0.067 0.136889 0.032344 -0.0752069 0.135052 0.0393214 -0.067 0.13837 0.0252577 -0.0752069 0.136889 0.032344 -0.0752069 0.13837 0.0252577 -0.067 0.139495 0.0180623 -0.067 0.140237 0.0108862 -0.0752069 0.139495 0.0180623 -0.067 0.140609 0.0036655 -0.0752069 0.140237 0.0108862 -0.0752069 0.140609 0.0036655 -0.067 0.140612 -0.00360245 -0.067 0.140242 -0.010833 -0.0752069 0.140612 -0.00360245 -0.067 0.139499 -0.0180174 -0.0752069 0.140242 -0.010833 -0.0752069 0.139499 -0.0180174 -0.067 0.138383 -0.025186 -0.067 0.136902 -0.0322952 -0.0752069 0.138383 -0.025186 -0.067 0.135064 -0.039274 -0.0752069 0.136902 -0.0322952 -0.0752069 0.135064 -0.039274 -0.067 0.132861 -0.0461743 -0.067 0.130298 -0.0529879 -0.0752069 0.132861 -0.0461743 -0.067 0.127409 -0.0595969 -0.0752069 0.130298 -0.0529879 -0.0752069 0.127409 -0.0595969 -0.067 0.124175 -0.066067 -0.067 0.120595 -0.0723984 -0.0752069 0.124175 -0.066067 -0.067 0.116716 -0.0785008 -0.0752069 0.120595 -0.0723984 -0.0752069 0.116716 -0.0785008 -0.067 0.112529 -0.0843894 -0.067 0.108026 -0.0900827 -0.0752069 0.112529 -0.0843894 -0.067 0.103239 -0.0955343 -0.0752069 0.108026 -0.0900827 -0.0752069 0.103239 -0.0955343 -0.067 0.0982006 -0.100704 -0.067 0.0928825 -0.105627 -0.0752069 0.0982006 -0.100704 -0.067 0.0873001 -0.11029 -0.0752069 0.0928825 -0.105627 -0.0752069 0.0873001 -0.11029 -0.067 0.0815297 -0.11462 -0.067 0.0755256 -0.11866 -0.0752069 0.0815297 -0.11462 -0.067 0.0692876 -0.12241 -0.0752069 0.0755256 -0.11866 -0.0752069 0.0692876 -0.12241 -0.067 0.0629135 -0.125805 -0.067 0.0563669 -0.128869 -0.0752069 0.0629135 -0.125805 -0.067 0.0496388 -0.131607 -0.0752069 0.0563669 -0.128869 -0.0752069 0.0496388 -0.131607 -0.067 0.0427957 -0.133991 -0.067 0.0358624 -0.136009 -0.0752069 0.0427957 -0.133991 -0.067 0.028805 -0.137676 -0.0752069 0.0358624 -0.136009 -0.0752069 0.028805 -0.137676 -0.067 0.0216564 -0.138983 -0.067 0.0145005 -0.139909 -0.0752069 0.0216564 -0.138983 -0.067 0.00728169 -0.140468 -0.0752069 0.0145005 -0.139909 -0.0752069 0.00728169 -0.140468 -0.0752069 -0.0872847 -0.110301 -0.0752069 -0.0928366 -0.105671 -0.0752069 -0.0610213 -0.0748021 -0.0752069 0.0775814 -0.0574431 -0.0752069 0.108026 -0.0900827 -0.0752069 0.0738517 -0.0621653 -0.0752069 -0.107999 -0.090119 -0.0752069 -0.073836 -0.0621866 -0.0752069 -0.103208 -0.0955641 -0.0752069 -0.0955854 -0.013495 -0.0752069 -0.0945675 -0.0193894 -0.0752069 -0.138377 -0.025238 -0.0752069 -0.0692786 -0.122416 -0.0752069 -0.0754621 -0.118703 -0.0752069 -0.0512503 -0.081806 -0.0752069 -0.0562297 -0.0784647 -0.0752069 -0.0814642 -0.114664 -0.0752069 -0.124139 -0.0661383 -0.0752069 -0.0868663 -0.0421041 -0.0752069 -0.0840887 -0.0474125 -0.0752069 -0.116679 -0.0785508 -0.0752069 -0.120586 -0.0724172 -0.0752069 -0.0809771 -0.0525482 -0.0752069 -0.132841 -0.0462403 -0.0752069 -0.0914235 -0.0309923 -0.0752069 -0.0893266 -0.0366003 -0.0752069 -0.0655353 -0.070879 -0.0752069 -0.0981393 -0.100762 -0.0752069 -0.0698151 -0.0666659 -0.0752069 -0.0931706 -0.0252532 -0.0752069 -0.135039 -0.0393538 -0.0752069 -0.136892 -0.0323285 -0.0752069 -0.112479 -0.0844579 -0.0752069 -0.0775464 -0.0574905 -0.0752069 -0.127375 -0.0596644 -0.0752069 -0.139488 -0.0181025 -0.0752069 -0.140235 -0.0108885 -0.0752069 -0.0962389 -0.00752203 -0.0752069 -0.0964291 0.00447251 -0.0752069 -0.14024 0.0108149 -0.0752069 -0.0959632 0.0104743 -0.0752069 -0.0965227 -0.00151343 -0.0752069 -0.140612 0.0035831 -0.0752069 -0.140613 -0.00363286 -0.0752069 -0.139496 0.0180596 -0.0752069 -0.0951282 0.0164157 -0.0752069 -0.0406935 -0.0875362 -0.0752069 -0.0628518 -0.125833 -0.0752069 -0.0460753 -0.0848281 -0.0752069 -0.0351875 -0.0898929 -0.0752069 -0.0562904 -0.128903 -0.0752069 -0.138386 0.0251857 -0.0752069 -0.0427466 -0.134004 -0.0752069 -0.0496051 -0.131623 -0.0752069 -0.0295254 -0.0919065 -0.0752069 -0.0939244 0.0222869 -0.0752069 -0.136906 0.0322646 -0.0752069 -0.135057 0.0392962 -0.0752069 -0.092351 0.0281108 -0.0752069 -0.0357794 -0.13603 -0.0752069 -0.0237463 -0.0935668 -0.0752069 -0.0287494 -0.13769 -0.0752069 -0.13031 0.0529492 -0.0752069 -0.0881569 0.0393299 -0.0752069 -0.0904319 0.0337761 -0.0752069 -0.0179042 -0.0948598 -0.0752069 -0.0216564 -0.138983 -0.0752069 -0.00603106 -0.0963438 -0.0752069 -0.0145005 -0.139909 -0.0752069 -0.0119991 -0.0957855 -0.0752069 -0.132859 0.0461898 -0.0752069 -0.0855341 0.0447535 -0.0752069 -0.120609 0.072375 -0.0752069 -0.082596 0.0499654 -0.0752069 -0.127406 0.0595996 -0.0752069 0.0216564 -0.138983 -0.0752069 0.0145005 -0.139909 -0.0752069 0.0119991 -0.0957855 -0.0752069 -0.116721 0.0784887 -0.0752069 -0.0793252 0.0550095 -0.0752069 -0.0873275 0.110265 -0.0752069 -0.0586892 0.0766425 -0.0752069 -0.0633351 0.0728525 -0.0752069 0.028805 -0.137676 -0.0752069 0.0179245 -0.0948545 -0.0752069 0.023803 -0.093552 -0.0752069 0.0295573 -0.0918982 -0.0752069 0.0496388 -0.131607 -0.0752069 0.0427957 -0.133991 -0.0752069 -0.0815205 0.114625 -0.0752069 -0.0537891 0.0801604 -0.0752069 0.0352216 -0.0898775 -0.0752069 0.0407462 -0.0875123 -0.0752069 0.0563669 -0.128869 -0.0752069 -0.0358254 0.136021 -0.0752069 -0.0288016 0.137679 -0.0752069 -0.0208691 0.0942516 -0.0752069 -0.0324159 0.0909276 -0.0752069 -0.0428155 0.133982 -0.0752069 -0.0266898 0.0927698 -0.0752069 0.0873001 -0.11029 -0.0752069 0.0562732 -0.0784352 -0.0752069 0.0610262 -0.0747974 -0.0752069 -0.0216892 0.138974 -0.0752069 -0.0149825 0.0953627 -0.0752069 0.0698459 -0.0666364 -0.0752069 0.103239 -0.0955343 -0.0752069 0.00899117 0.0961151 -0.0752069 0.00297361 0.0964865 -0.0752069 0.00720839 0.140472 -0.0752069 0.0809938 -0.0525255 -0.0752069 0.116716 -0.0785008 -0.0752069 0.0149261 0.0953724 -0.0752069 0.0144508 0.139916 -0.0752069 0.0216074 0.138988 -0.0752069 0.0323604 0.0909472 -0.0752069 0.0495761 0.13163 -0.0752069 0.0379652 0.088754 -0.0752069 0.0868919 -0.0420534 -0.0752069 0.124175 -0.066067 -0.0752069 0.0841074 -0.0473756 -0.0752069 0.0914387 -0.0309427 -0.0752069 0.135064 -0.039274 -0.0752069 0.132861 -0.0461743 -0.0752069 0.0628656 0.125829 -0.0752069 0.0434075 0.0862243 -0.0752069 0.0563134 0.128894 -0.0752069 0.0677231 0.0687934 -0.0752069 0.0928263 0.105676 -0.0752069 0.0981688 0.100738 -0.0752069 0.140612 -0.00360245 -0.0752069 0.140242 -0.010833 -0.0752069 0.0962438 -0.00748356 -0.0752069 0.136889 0.032344 -0.0752069 0.0939128 0.022341 -0.0752069 0.135052 0.0393214 -0.0752069 0.0959622 0.0104971 -0.0752069 0.140237 0.0108862 -0.0752069 0.0964266 0.00453119 -0.0752069 0.0586477 0.076676 -0.0752069 0.0872616 0.110318 -0.0752069 0.0632975 0.0728828 -0.0752069 0.13837 0.0252577 -0.0752069 0.0951187 0.0164597 -0.0752069 0.136902 -0.0322952 -0.0752069 0.0931852 -0.0252053 -0.0752069 0.0945691 -0.0193764 -0.0752069 0.10798 0.0901363 -0.0752069 0.0757254 0.0598681 -0.0752069 0.0718532 0.0644653 -0.0752069 0.0904117 0.0338262 -0.0752069 0.0881393 0.0393737 -0.0752069 0.130279 0.0530286 -0.0752069 0.0692424 0.122433 -0.0752069 0.048673 0.0833633 -0.0752069 0.085524 0.0447697 -0.0752069 0.0825654 0.0500151 -0.0752069 0.124144 0.0661271 -0.0752069 0.103203 0.0955715 -0.0752069 0.116686 0.0785453 -0.0752069 0.120565 0.0724468 -0.0752069 0.127388 0.059645 -0.0752069 0.0923505 0.0281131 -0.0752069 0.132837 0.0462447 -0.0752069 0.139495 0.0180623 -0.0752069 0.0793071 0.0550389 -0.0752069 0.140609 0.0036655 -0.0752069 0.0965213 -0.00148206 -0.0752069 0.112499 0.0844325 -0.0752069 0.139499 -0.0180174 -0.0752069 0.0955927 -0.0134379 -0.0752069 0.0814885 0.114651 -0.0752069 0.0537851 0.0801627 -0.0752069 0.138383 -0.025186 -0.0752069 0.0754659 0.118698 -0.0752069 0.130298 -0.0529879 -0.0752069 0.0893306 -0.0365923 -0.0752069 0.0266617 0.0927797 -0.0752069 0.0427451 0.134006 -0.0752069 0.127409 -0.0595969 -0.0752069 0.0208295 0.0942583 -0.0752069 0.0358202 0.136023 -0.0752069 0.120595 -0.0723984 -0.0752069 0.0287324 0.13769 -0.0752069 0.112529 -0.0843894 -0.0752069 -4.28962e-05 0.140657 -0.0752069 -0.00302458 0.0964865 -0.0752069 0.0655759 -0.07084 -0.0752069 0.0982006 -0.100704 -0.0752069 -0.00900209 0.0961132 -0.0752069 -0.00726262 0.140472 -0.0752069 0.0928825 -0.105627 -0.0752069 0.0815297 -0.11462 -0.0752069 -0.014483 0.13991 -0.0752069 0.0692876 -0.12241 -0.0752069 0.0460891 -0.0848218 -0.0752069 0.051291 -0.0817784 -0.0752069 0.0755256 -0.11866 -0.0752069 0.0629135 -0.125805 -0.0752069 -0.0379884 0.0887458 -0.0752069 -0.0496521 0.131603 -0.0752069 -0.0434458 0.086203 -0.0752069 -0.0563355 0.128886 -0.0752069 -0.069317 0.122392 -0.0752069 -0.0629186 0.125799 -0.0752069 -0.0487218 0.0833361 -0.0752069 -0.0755069 0.118675 -0.0752069 0.0358624 -0.136009 -0.0752069 -0.0928769 0.105636 -0.0752069 -0.0677344 0.0687805 -0.0752069 -0.103255 0.0955127 -0.0752069 -0.0981794 0.100726 -0.0752069 -0.0757492 0.0598411 -0.0752069 -0.112508 0.0844224 -0.0752069 -0.0718916 0.0644216 -0.0752069 0.00728169 -0.140468 -0.0752069 0.00603106 -0.0963438 -0.0752069 -0.124164 0.0660938 -0.0752069 0 -0.0965348 -0.0752069 0 -0.14066 -0.0752069 -0.00728169 -0.140468 -0.0752069 -0.108031 0.0900782 -0.0752069 -0.130294 -0.0529953 -0.0752069 -0.0208691 0.0942516 -0.0874404 -0.0132976 0.0761337 -0.0874404 -0.0185008 0.0750407 -0.0874404 -0.0236508 0.073578 -0.0752069 -0.0266898 0.0927698 -0.0874404 -0.028664 0.0717752 -0.0752069 -0.0324159 0.0909276 -0.0752069 -0.0379884 0.0887458 -0.0874404 -0.033546 0.0696262 -0.0874404 -0.0382771 0.0671421 -0.0752069 -0.0434458 0.086203 -0.0874404 -0.0428023 0.0643533 -0.0752069 -0.0487218 0.0833361 -0.0752069 -0.0537891 0.0801604 -0.0874404 -0.0471556 0.0612327 -0.0874404 -0.0512613 0.0578413 -0.0752069 -0.0586892 0.0766425 -0.0752069 -0.0633351 0.0728525 -0.0752069 -0.0677344 0.0687805 -0.0752069 -0.0718916 0.0644216 -0.0874404 -0.0551307 0.0541639 -0.0874404 -0.0587399 0.0502278 -0.0752069 -0.0757492 0.0598411 -0.0874404 -0.0620536 0.0460732 -0.0752069 -0.0793252 0.0550095 -0.0752069 -0.082596 0.0499654 -0.0874404 -0.0650955 0.0416615 -0.0874404 -0.0678102 0.0370826 -0.0752069 -0.0855341 0.0447535 -0.0874404 -0.0702083 0.0323093 -0.0752069 -0.0881569 0.0393299 -0.0752069 -0.0904319 0.0337761 -0.0874404 -0.0722716 0.027387 -0.0874404 -0.0739843 0.022353 -0.0752069 -0.092351 0.0281108 -0.0874404 -0.0753536 0.0171742 -0.0752069 -0.0939244 0.0222869 -0.0874404 -0.0763583 0.0119487 -0.0752069 -0.0951282 0.0164157 -0.0874404 -0.0769998 0.00664194 -0.0752069 -0.0959632 0.0104743 -0.0752069 -0.0964291 0.00447251 -0.0874404 -0.0772757 0.00131463 -0.0874404 -0.077183 -0.00400678 -0.0752069 -0.0965227 -0.00151343 -0.0874404 -0.0767197 -0.00933965 -0.0752069 -0.0962389 -0.00752203 -0.0752069 -0.0955854 -0.013495 -0.0874404 -0.075897 -0.0145951 -0.0874404 -0.074704 -0.019809 -0.0752069 -0.0945675 -0.0193894 -0.0874404 -0.0731617 -0.0249128 -0.0752069 -0.0931706 -0.0252532 -0.0752069 -0.0914235 -0.0309923 -0.0874404 -0.0712715 -0.029893 -0.0752069 -0.0868663 -0.0421041 -0.0752069 -0.0893266 -0.0366003 -0.0874404 -0.0690326 -0.0347513 -0.0752069 -0.0840887 -0.0474125 -0.0752069 -0.0809771 -0.0525482 -0.0874404 -0.0664808 -0.0394168 -0.0874404 -0.063592 -0.0439219 -0.0752069 -0.0775464 -0.0574905 -0.0874404 -0.0604152 -0.0482006 -0.0752069 -0.073836 -0.0621866 -0.0752069 -0.0698151 -0.0666659 -0.0874404 -0.056948 -0.0522504 -0.0874404 -0.0531998 -0.0560621 -0.0752069 -0.0655353 -0.070879 -0.0874404 -0.0492207 -0.0595878 -0.0752069 -0.0610213 -0.0748021 -0.0752069 -0.0562297 -0.0784647 -0.0874404 -0.0449756 -0.0628513 -0.0874404 -0.0405403 -0.0658012 -0.0752069 -0.0512503 -0.081806 -0.0752069 -0.0460753 -0.0848281 -0.0874404 -0.0359033 -0.0684404 -0.0874404 -0.0310895 -0.0707576 -0.0752069 -0.0406935 -0.0875362 -0.0874404 -0.0261532 -0.0727282 -0.0752069 -0.0351875 -0.0898929 -0.0752069 -0.0295254 -0.0919065 -0.0874404 -0.0210518 -0.0743634 -0.0874404 -0.015882 -0.0756379 -0.0752069 -0.0237463 -0.0935668 -0.0874404 -0.0106501 -0.0765501 -0.0752069 -0.0179042 -0.0948598 -0.0752069 -0.0119991 -0.0957855 -0.0874404 -0.00535613 -0.0771001 -0.0874404 0 -0.0772877 -0.0752069 -0.00603106 -0.0963438 -0.0752069 0 -0.0965348 -0.0752069 -0.0149825 0.0953627 -0.0874404 -0.00800167 0.0768711 -0.0752069 -0.00900209 0.0961132 -0.0752069 -0.00302458 0.0964865 -0.0874404 -0.00268467 0.0772404 -0.0752069 0.00297361 0.0964865 -0.0752069 0.00899117 0.0961151 -0.0874404 0.00264533 0.0772404 -0.0752069 0.0149261 0.0953724 -0.0874404 0.0079835 0.0768742 -0.0874404 0.0132511 0.0761417 -0.0752069 0.0208295 0.0942583 -0.0752069 0.0266617 0.0927797 -0.0874404 0.0184876 0.0750429 -0.0752069 0.0323604 0.0909472 -0.0874404 0.0236115 0.0735919 -0.0874404 0.0286295 0.0717874 -0.0752069 0.0379652 0.088754 -0.0752069 0.0434075 0.0862243 -0.0874404 0.0335259 0.0696375 -0.0752069 0.048673 0.0833633 -0.0874404 0.0382363 0.0671648 -0.0874404 0.0427954 0.0643572 -0.0752069 0.0537851 0.0801627 -0.0874404 0.0471217 0.0612601 -0.0752069 0.0586477 0.076676 -0.0752069 0.0632975 0.0728828 -0.0874404 0.0512352 0.0578623 -0.0752069 0.0677231 0.0687934 -0.0874404 0.0551126 0.0541844 -0.0874404 0.0587096 0.0502623 -0.0752069 0.0718532 0.0644653 -0.0752069 0.0757254 0.0598681 -0.0874404 0.0620523 0.0460747 -0.0752069 0.0793071 0.0550389 -0.0874404 0.0650718 0.0416999 -0.0874404 0.0677945 0.0371081 -0.0752069 0.0825654 0.0500151 -0.0752069 0.085524 0.0447697 -0.0874404 0.0701967 0.0323382 -0.0752069 0.0881393 0.0393737 -0.0874404 0.072255 0.0274284 -0.0752069 0.0904117 0.0338262 -0.0752069 0.0923505 0.0281131 -0.0752069 0.0939128 0.022341 -0.0874404 0.0739835 0.022357 -0.0752069 0.0951187 0.0164597 -0.0874404 0.0753439 0.0172193 -0.0874404 0.0763528 0.011974 -0.0752069 0.0959622 0.0104971 -0.0752069 0.0964266 0.00453119 -0.0874404 0.0769984 0.00667647 -0.0752069 0.0965213 -0.00148206 -0.0874404 0.0772738 0.00135758 -0.0874404 0.0771843 -0.00399707 -0.0752069 0.0962438 -0.00748356 -0.0752069 0.0955927 -0.0134379 -0.0874404 0.0767256 -0.00929317 -0.0752069 0.0945691 -0.0193764 -0.0874404 0.0758997 -0.0145737 -0.0874404 0.074715 -0.0197731 -0.0752069 0.0931852 -0.0252053 -0.0874404 0.0731737 -0.0248736 -0.0752069 0.0914387 -0.0309427 -0.0752069 0.0893306 -0.0365923 -0.0874404 0.0712783 -0.0298795 -0.0752069 0.0868919 -0.0420534 -0.0874404 0.0690539 -0.0347092 -0.0874404 0.0664883 -0.0394018 -0.0752069 0.0841074 -0.0473756 -0.0752069 0.0809938 -0.0525255 -0.0874404 0.0636159 -0.0438896 -0.0752069 0.0775814 -0.0574431 -0.0874404 0.0604381 -0.0481697 -0.0874404 0.0569624 -0.0522365 -0.0752069 0.0738517 -0.0621653 -0.0752069 0.0698459 -0.0666364 -0.0874404 0.0532337 -0.0560296 -0.0752069 0.0655759 -0.07084 -0.0874404 0.0492291 -0.0595798 -0.0752069 0.0610262 -0.0747974 -0.0752069 0.0562732 -0.0784352 -0.0752069 0.051291 -0.0817784 -0.0874404 0.0450107 -0.0628275 -0.0752069 0.0460891 -0.0848218 -0.0874404 0.0405698 -0.0657813 -0.0874404 0.0359257 -0.0684303 -0.0752069 0.0407462 -0.0875123 -0.0752069 0.0352216 -0.0898775 -0.0874404 0.0311318 -0.0707385 -0.0752069 0.0295573 -0.0918982 -0.0874404 0.0261587 -0.0727258 -0.0874404 0.0210945 -0.0743523 -0.0752069 0.023803 -0.093552 -0.0752069 0.0179245 -0.0948545 -0.0874404 0.0159133 -0.0756298 -0.0752069 0.0119991 -0.0957855 -0.0874404 0.0106501 -0.0765501 -0.0874404 0.00535613 -0.0771001 -0.0752069 0.00603106 -0.0963438 -0.0874404 0.00264533 0.0772404 -0.0935976 -0.00268467 0.0772404 -0.0874404 -0.00268467 0.0772404 -0.0874404 -0.00800167 0.0768711 -0.0935976 -0.00800167 0.0768711 -0.0935976 -0.0132976 0.0761337 -0.0874404 -0.0132976 0.0761337 -0.0935976 -0.0185008 0.0750407 -0.0874404 -0.0185008 0.0750407 -0.0874404 -0.0236508 0.073578 -0.0935976 -0.0236508 0.073578 -0.0935976 -0.028664 0.0717752 -0.0874404 -0.028664 0.0717752 -0.0935976 -0.033546 0.0696262 -0.0874404 -0.033546 0.0696262 -0.0874404 -0.0382771 0.0671421 -0.0935976 -0.0382771 0.0671421 -0.0935976 -0.0428023 0.0643533 -0.0874404 -0.0428023 0.0643533 -0.0935976 -0.0471556 0.0612327 -0.0874404 -0.0471556 0.0612327 -0.0874404 -0.0512613 0.0578413 -0.0935976 -0.0512613 0.0578413 -0.0935976 -0.0551307 0.0541639 -0.0874404 -0.0551307 0.0541639 -0.0935976 -0.0587399 0.0502278 -0.0874404 -0.0587399 0.0502278 -0.0874404 -0.0620536 0.0460732 -0.0935976 -0.0620536 0.0460732 -0.0935976 -0.0650955 0.0416615 -0.0874404 -0.0650955 0.0416615 -0.0935976 -0.0678102 0.0370826 -0.0874404 -0.0678102 0.0370826 -0.0874404 -0.0702083 0.0323093 -0.0935976 -0.0702083 0.0323093 -0.0935976 -0.0722716 0.027387 -0.0874404 -0.0722716 0.027387 -0.0935976 -0.0739843 0.022353 -0.0874404 -0.0739843 0.022353 -0.0874404 -0.0753536 0.0171742 -0.0935976 -0.0753536 0.0171742 -0.0935976 -0.0763583 0.0119487 -0.0874404 -0.0763583 0.0119487 -0.0935976 -0.0769998 0.00664194 -0.0874404 -0.0769998 0.00664194 -0.0874404 -0.0772757 0.00131463 -0.0935976 -0.0772757 0.00131463 -0.0935976 -0.077183 -0.00400678 -0.0874404 -0.077183 -0.00400678 -0.0935976 -0.0767197 -0.00933965 -0.0874404 -0.0767197 -0.00933965 -0.0874404 -0.075897 -0.0145951 -0.0935976 -0.075897 -0.0145951 -0.0935976 -0.074704 -0.019809 -0.0874404 -0.074704 -0.019809 -0.0935976 -0.0731617 -0.0249128 -0.0874404 -0.0731617 -0.0249128 -0.0874404 -0.0712715 -0.029893 -0.0935976 -0.0712715 -0.029893 -0.0935976 -0.0690326 -0.0347513 -0.0874404 -0.0690326 -0.0347513 -0.0935976 -0.0664808 -0.0394168 -0.0874404 -0.0664808 -0.0394168 -0.0874404 -0.063592 -0.0439219 -0.0935976 -0.063592 -0.0439219 -0.0935976 -0.0604152 -0.0482006 -0.0874404 -0.0604152 -0.0482006 -0.0935976 -0.056948 -0.0522504 -0.0874404 -0.056948 -0.0522504 -0.0874404 -0.0531998 -0.0560621 -0.0935976 -0.0531998 -0.0560621 -0.0935976 -0.0492207 -0.0595878 -0.0874404 -0.0492207 -0.0595878 -0.0935976 -0.0449756 -0.0628513 -0.0874404 -0.0449756 -0.0628513 -0.0874404 -0.0405403 -0.0658012 -0.0935976 -0.0405403 -0.0658012 -0.0935976 -0.0359033 -0.0684404 -0.0874404 -0.0359033 -0.0684404 -0.0935976 -0.0310895 -0.0707576 -0.0874404 -0.0310895 -0.0707576 -0.0874404 -0.0261532 -0.0727282 -0.0935976 -0.0261532 -0.0727282 -0.0935976 -0.0210518 -0.0743634 -0.0874404 -0.0210518 -0.0743634 -0.0935976 -0.015882 -0.0756379 -0.0874404 -0.015882 -0.0756379 -0.0874404 -0.0106501 -0.0765501 -0.0935976 -0.0106501 -0.0765501 -0.0935976 -0.00535613 -0.0771001 -0.0874404 -0.00535613 -0.0771001 -0.0935976 0 -0.0772877 -0.0874404 0 -0.0772877 -0.0935976 0.00264533 0.0772404 -0.0874404 0.0079835 0.0768742 -0.0935976 0.0079835 0.0768742 -0.0874404 0.0132511 0.0761417 -0.0935976 0.0132511 0.0761417 -0.0935976 0.0184876 0.0750429 -0.0874404 0.0184876 0.0750429 -0.0874404 0.0236115 0.0735919 -0.0935976 0.0236115 0.0735919 -0.0874404 0.0286295 0.0717874 -0.0935976 0.0286295 0.0717874 -0.0935976 0.0335259 0.0696375 -0.0874404 0.0335259 0.0696375 -0.0874404 0.0382363 0.0671648 -0.0935976 0.0382363 0.0671648 -0.0874404 0.0427954 0.0643572 -0.0935976 0.0427954 0.0643572 -0.0935976 0.0471217 0.0612601 -0.0874404 0.0471217 0.0612601 -0.0874404 0.0512352 0.0578623 -0.0935976 0.0512352 0.0578623 -0.0874404 0.0551126 0.0541844 -0.0935976 0.0551126 0.0541844 -0.0935976 0.0587096 0.0502623 -0.0874404 0.0587096 0.0502623 -0.0874404 0.0620523 0.0460747 -0.0935976 0.0620523 0.0460747 -0.0874404 0.0650718 0.0416999 -0.0935976 0.0650718 0.0416999 -0.0935976 0.0677945 0.0371081 -0.0874404 0.0677945 0.0371081 -0.0874404 0.0701967 0.0323382 -0.0935976 0.0701967 0.0323382 -0.0874404 0.072255 0.0274284 -0.0935976 0.072255 0.0274284 -0.0935976 0.0739835 0.022357 -0.0874404 0.0739835 0.022357 -0.0874404 0.0753439 0.0172193 -0.0935976 0.0753439 0.0172193 -0.0874404 0.0763528 0.011974 -0.0935976 0.0763528 0.011974 -0.0935976 0.0769984 0.00667647 -0.0874404 0.0769984 0.00667647 -0.0874404 0.0772738 0.00135758 -0.0935976 0.0772738 0.00135758 -0.0874404 0.0771843 -0.00399707 -0.0935976 0.0771843 -0.00399707 -0.0935976 0.0767256 -0.00929317 -0.0874404 0.0767256 -0.00929317 -0.0874404 0.0758997 -0.0145737 -0.0935976 0.0758997 -0.0145737 -0.0874404 0.074715 -0.0197731 -0.0935976 0.074715 -0.0197731 -0.0935976 0.0731737 -0.0248736 -0.0874404 0.0731737 -0.0248736 -0.0874404 0.0712783 -0.0298795 -0.0935976 0.0712783 -0.0298795 -0.0874404 0.0690539 -0.0347092 -0.0935976 0.0690539 -0.0347092 -0.0935976 0.0664883 -0.0394018 -0.0874404 0.0664883 -0.0394018 -0.0874404 0.0636159 -0.0438896 -0.0935976 0.0636159 -0.0438896 -0.0874404 0.0604381 -0.0481697 -0.0935976 0.0604381 -0.0481697 -0.0935976 0.0569624 -0.0522365 -0.0874404 0.0569624 -0.0522365 -0.0874404 0.0532337 -0.0560296 -0.0935976 0.0532337 -0.0560296 -0.0874404 0.0492291 -0.0595798 -0.0935976 0.0492291 -0.0595798 -0.0935976 0.0450107 -0.0628275 -0.0874404 0.0450107 -0.0628275 -0.0874404 0.0405698 -0.0657813 -0.0935976 0.0405698 -0.0657813 -0.0874404 0.0359257 -0.0684303 -0.0935976 0.0359257 -0.0684303 -0.0935976 0.0311318 -0.0707385 -0.0874404 0.0311318 -0.0707385 -0.0874404 0.0261587 -0.0727258 -0.0935976 0.0261587 -0.0727258 -0.0874404 0.0210945 -0.0743523 -0.0935976 0.0210945 -0.0743523 -0.0935976 0.0159133 -0.0756298 -0.0874404 0.0159133 -0.0756298 -0.0874404 0.0106501 -0.0765501 -0.0935976 0.0106501 -0.0765501 -0.0874404 0.00535613 -0.0771001 -0.0935976 0.00535613 -0.0771001 -0.0935976 -0.0690326 -0.0347513 -0.0935976 -0.0359033 -0.0684404 -0.0935976 -0.063592 -0.0439219 -0.0935976 0.0731737 -0.0248736 -0.0935976 -0.028664 0.0717752 -0.0935976 -0.0236508 0.073578 -0.0935976 -0.0310895 -0.0707576 -0.0935976 -0.0210518 -0.0743634 -0.0935976 -0.0261532 -0.0727282 -0.0935976 -0.0449756 -0.0628513 -0.0935976 -0.056948 -0.0522504 -0.0935976 -0.0405403 -0.0658012 -0.0935976 -0.0531998 -0.0560621 -0.0935976 -0.0492207 -0.0595878 -0.0935976 -0.0604152 -0.0482006 -0.0935976 -0.0664808 -0.0394168 -0.0935976 -0.0712715 -0.029893 -0.0935976 -0.074704 -0.019809 -0.0935976 -0.0731617 -0.0249128 -0.0935976 -0.075897 -0.0145951 -0.0935976 -0.0767197 -0.00933965 -0.0935976 -0.015882 -0.0756379 -0.0935976 -0.0106501 -0.0765501 -0.0935976 -0.077183 -0.00400678 -0.0935976 -0.00535613 -0.0771001 -0.0935976 -0.0772757 0.00131463 -0.0935976 0 -0.0772877 -0.0935976 -0.0753536 0.0171742 -0.0935976 0.0159133 -0.0756298 -0.0935976 -0.0763583 0.0119487 -0.0935976 -0.0769998 0.00664194 -0.0935976 0.00535613 -0.0771001 -0.0935976 0.0311318 -0.0707385 -0.0935976 0.0261587 -0.0727258 -0.0935976 -0.0722716 0.027387 -0.0935976 0.0210945 -0.0743523 -0.0935976 0.0405698 -0.0657813 -0.0935976 -0.0650955 0.0416615 -0.0935976 0.0450107 -0.0628275 -0.0935976 -0.0702083 0.0323093 -0.0935976 -0.0678102 0.0370826 -0.0935976 0.0359257 -0.0684303 -0.0935976 -0.0587399 0.0502278 -0.0935976 -0.0551307 0.0541639 -0.0935976 0.0532337 -0.0560296 -0.0935976 0.0492291 -0.0595798 -0.0935976 -0.0620536 0.0460732 -0.0935976 0.0664883 -0.0394018 -0.0935976 0.0636159 -0.0438896 -0.0935976 -0.0428023 0.0643533 -0.0935976 0.0604381 -0.0481697 -0.0935976 -0.0512613 0.0578413 -0.0935976 -0.0471556 0.0612327 -0.0935976 0.0712783 -0.0298795 -0.0935976 -0.0382771 0.0671421 -0.0935976 -0.033546 0.0696262 -0.0935976 0.0690539 -0.0347092 -0.0935976 -0.00800167 0.0768711 -0.0935976 0.0767256 -0.00929317 -0.0935976 -0.0132976 0.0761337 -0.0935976 0.074715 -0.0197731 -0.0935976 0.0769984 0.00667647 -0.0935976 0.0772738 0.00135758 -0.0935976 0.00264533 0.0772404 -0.0935976 0.0771843 -0.00399707 -0.0935976 0.0753439 0.0172193 -0.0935976 0.0184876 0.0750429 -0.0935976 0.072255 0.0274284 -0.0935976 0.0763528 0.011974 -0.0935976 0.0132511 0.0761417 -0.0935976 0.0677945 0.0371081 -0.0935976 0.0382363 0.0671648 -0.0935976 0.0512352 0.0578623 -0.0935976 0.0236115 0.0735919 -0.0935976 0.0286295 0.0717874 -0.0935976 0.0587096 0.0502623 -0.0935976 0.0650718 0.0416999 -0.0935976 0.0427954 0.0643572 -0.0935976 0.0471217 0.0612601 -0.0935976 0.0079835 0.0768742 -0.0935976 0.0335259 0.0696375 -0.0935976 0.0620523 0.0460747 -0.0935976 0.0551126 0.0541844 -0.0935976 0.0701967 0.0323382 -0.0935976 0.0739835 0.022357 -0.0935976 -0.00268467 0.0772404 -0.0935976 0.0758997 -0.0145737 -0.0935976 -0.0185008 0.0750407 -0.0935976 0.0569624 -0.0522365 -0.0935976 -0.0739843 0.022353 -0.0935976 0.0106501 -0.0765501 0.126598 -0.00439754 -0.00544625 0.126598 -0.0059607 -0.00367015 0.126598 -0.00525471 -0.00462472 0.126598 -0.00288331 0.0063786 0.126598 0.0059607 -0.00367015 0.126598 0.00649522 -0.00261 0.126598 -0.00341386 -0.0061111 0.126598 -0.00649522 -0.00261 0.126598 -0.00233198 -0.00660014 0.126598 -0.00684289 -0.00147475 0.126598 -0.00118301 -0.00689931 0.126598 0 -0.007 0.126598 -0.00699369 -0.000297088 0.126598 -0.00669317 0.00204976 0.126598 0.00118301 -0.00689931 0.126598 0.00233198 -0.00660014 0.126598 -0.0069433 0.000889125 0.126598 0.00525471 -0.00462472 0.126598 -0.00484357 0.00505369 0.126598 0.00439754 -0.00544625 0.126598 0.00341386 -0.0061111 0.126598 -0.00562798 0.00416243 0.126598 -0.00625048 0.00315143 0.126598 0.00684289 -0.00147475 0.126598 -0.00176385 0.00677413 0.126598 -0.00391982 0.00579957 0.126598 0.00176385 0.00677413 0.126598 0.0069433 0.000889125 0.126598 0.00669317 0.00204976 0.126598 0.000593641 0.00697478 0.126598 -0.000593641 0.00697478 0.126598 0.00699369 -0.000297088 0.126598 0.00391982 0.00579957 0.126598 0.00562798 0.00416243 0.126598 0.00484357 0.00505369 0.126598 0.00625048 0.00315143 0.126598 0.00288331 0.0063786 0.126598 0.000593641 0.00697478 0.0935976 0.000593641 0.00697478 0.0935976 -0.000593641 0.00697478 0.126598 0.00176385 0.00677413 0.0935976 0.00176385 0.00677413 0.0935976 0.00288331 0.0063786 0.126598 0.00288331 0.0063786 0.126598 0.00391982 0.00579957 0.0935976 0.00391982 0.00579957 0.126598 0.00484357 0.00505369 0.0935976 0.00484357 0.00505369 0.0935976 0.00562798 0.00416243 0.126598 0.00562798 0.00416243 0.126598 0.00625048 0.00315143 0.0935976 0.00625048 0.00315143 0.126598 0.00669317 0.00204976 0.0935976 0.00669317 0.00204976 0.0935976 0.0069433 0.000889125 0.126598 0.0069433 0.000889125 0.126598 0.00699369 -0.000297088 0.0935976 0.00699369 -0.000297088 0.126598 0.00684289 -0.00147475 0.0935976 0.00684289 -0.00147475 0.0935976 0.00649522 -0.00261 0.126598 0.00649522 -0.00261 0.126598 0.0059607 -0.00367015 0.0935976 0.0059607 -0.00367015 0.126598 0.00525471 -0.00462472 0.0935976 0.00525471 -0.00462472 0.0935976 0.00439754 -0.00544625 0.126598 0.00439754 -0.00544625 0.126598 0.00341386 -0.0061111 0.0935976 0.00341386 -0.0061111 0.126598 0.00233198 -0.00660014 0.0935976 0.00233198 -0.00660014 0.0935976 0.00118301 -0.00689931 0.126598 0.00118301 -0.00689931 0.126598 0 -0.007 0.0935976 0 -0.007 0.126598 -0.000593641 0.00697478 0.0935976 -0.00176385 0.00677413 0.126598 -0.00176385 0.00677413 0.0935976 -0.00288331 0.0063786 0.126598 -0.00288331 0.0063786 0.126598 -0.00391982 0.00579957 0.0935976 -0.00391982 0.00579957 0.0935976 -0.00484357 0.00505369 0.126598 -0.00484357 0.00505369 0.0935976 -0.00562798 0.00416243 0.126598 -0.00562798 0.00416243 0.126598 -0.00625048 0.00315143 0.0935976 -0.00625048 0.00315143 0.0935976 -0.00669317 0.00204976 0.126598 -0.00669317 0.00204976 0.0935976 -0.0069433 0.000889125 0.126598 -0.0069433 0.000889125 0.126598 -0.00699369 -0.000297088 0.0935976 -0.00699369 -0.000297088 0.0935976 -0.00684289 -0.00147475 0.126598 -0.00684289 -0.00147475 0.0935976 -0.00649522 -0.00261 0.126598 -0.00649522 -0.00261 0.126598 -0.0059607 -0.00367015 0.0935976 -0.0059607 -0.00367015 0.0935976 -0.00525471 -0.00462472 0.126598 -0.00525471 -0.00462472 0.0935976 -0.00439754 -0.00544625 0.126598 -0.00439754 -0.00544625 0.126598 -0.00341386 -0.0061111 0.0935976 -0.00341386 -0.0061111 0.0935976 -0.00233198 -0.00660014 0.126598 -0.00233198 -0.00660014 0.0935976 -0.00118301 -0.00689931 0.126598 -0.00118301 -0.00689931 0.0935976 -0.00649522 -0.00261 0.0935976 -0.074704 -0.019809 0.0935976 -0.0731617 -0.0249128 0.0935976 0.000593641 0.00697478 0.0935976 0.00176385 0.00677413 0.0935976 0.0132511 0.0761417 0.0935976 -0.0359033 -0.0684404 0.0935976 -0.0310895 -0.0707576 0.0935976 -0.00341386 -0.0061111 0.0935976 -0.0059607 -0.00367015 0.0935976 -0.0690326 -0.0347513 0.0935976 -0.0492207 -0.0595878 0.0935976 -0.00439754 -0.00544625 0.0935976 -0.0531998 -0.0560621 0.0935976 -0.0664808 -0.0394168 0.0935976 -0.063592 -0.0439219 0.0935976 -0.0604152 -0.0482006 0.0935976 -0.00525471 -0.00462472 0.0935976 -0.0712715 -0.029893 0.0935976 -0.00684289 -0.00147475 0.0935976 -0.075897 -0.0145951 0.0935976 -0.056948 -0.0522504 0.0935976 -0.00699369 -0.000297088 0.0935976 -0.0767197 -0.00933965 0.0935976 -0.0449756 -0.0628513 0.0935976 -0.0769998 0.00664194 0.0935976 -0.0772757 0.00131463 0.0935976 -0.0405403 -0.0658012 0.0935976 -0.077183 -0.00400678 0.0935976 -0.0753536 0.0171742 0.0935976 -0.0069433 0.000889125 0.0935976 -0.00669317 0.00204976 0.0935976 -0.0261532 -0.0727282 0.0935976 -0.00233198 -0.00660014 0.0935976 -0.0210518 -0.0743634 0.0935976 -0.0763583 0.0119487 0.0935976 -0.0722716 0.027387 0.0935976 -0.0739843 0.022353 0.0935976 -0.00118301 -0.00689931 0.0935976 -0.015882 -0.0756379 0.0935976 -0.0106501 -0.0765501 0.0935976 -0.00535613 -0.0771001 0.0935976 -0.00625048 0.00315143 0.0935976 -0.0702083 0.0323093 0.0935976 -0.0620536 0.0460732 0.0935976 -0.0650955 0.0416615 0.0935976 -0.00562798 0.00416243 0.0935976 -0.0678102 0.0370826 0.0935976 0.00118301 -0.00689931 0.0935976 0.0159133 -0.0756298 0.0935976 0.0210945 -0.0743523 0.0935976 0.0106501 -0.0765501 0.0935976 0.00535613 -0.0771001 0.0935976 0.00233198 -0.00660014 0.0935976 0.0261587 -0.0727258 0.0935976 0.0311318 -0.0707385 0.0935976 -0.00391982 0.00579957 0.0935976 -0.0471556 0.0612327 0.0935976 -0.00484357 0.00505369 0.0935976 -0.00176385 0.00677413 0.0935976 -0.0236508 0.073578 0.0935976 -0.028664 0.0717752 0.0935976 -0.033546 0.0696262 0.0935976 -0.0382771 0.0671421 0.0935976 -0.00288331 0.0063786 0.0935976 0.00439754 -0.00544625 0.0935976 0.0492291 -0.0595798 0.0935976 0.0532337 -0.0560296 0.0935976 -0.0132976 0.0761337 0.0935976 -0.000593641 0.00697478 0.0935976 0.0569624 -0.0522365 0.0935976 0.0604381 -0.0481697 0.0935976 0.00525471 -0.00462472 0.0935976 0.00264533 0.0772404 0.0935976 -0.00268467 0.0772404 0.0935976 0.0286295 0.0717874 0.0935976 0.0236115 0.0735919 0.0935976 0.00288331 0.0063786 0.0935976 0.0059607 -0.00367015 0.0935976 0.00649522 -0.00261 0.0935976 0.0712783 -0.0298795 0.0935976 0.0731737 -0.0248736 0.0935976 0.0664883 -0.0394018 0.0935976 0.0690539 -0.0347092 0.0935976 0.00684289 -0.00147475 0.0935976 0.0767256 -0.00929317 0.0935976 0.00699369 -0.000297088 0.0935976 0.074715 -0.0197731 0.0935976 0.00625048 0.00315143 0.0935976 0.00669317 0.00204976 0.0935976 0.072255 0.0274284 0.0935976 0.0587096 0.0502623 0.0935976 0.00484357 0.00505369 0.0935976 0.00562798 0.00416243 0.0935976 0.0069433 0.000889125 0.0935976 0.0772738 0.00135758 0.0935976 0.0769984 0.00667647 0.0935976 0.0677945 0.0371081 0.0935976 0.0650718 0.0416999 0.0935976 0.0701967 0.0323382 0.0935976 0.0382363 0.0671648 0.0935976 0.00391982 0.00579957 0.0935976 0.0427954 0.0643572 0.0935976 0.0753439 0.0172193 0.0935976 0.0620523 0.0460747 0.0935976 0.0763528 0.011974 0.0935976 0.0739835 0.022357 0.0935976 0.0771843 -0.00399707 0.0935976 0.0758997 -0.0145737 0.0935976 0.0551126 0.0541844 0.0935976 0.0512352 0.0578623 0.0935976 0.0471217 0.0612601 0.0935976 0.0335259 0.0696375 0.0935976 0.0636159 -0.0438896 0.0935976 0.0184876 0.0750429 0.0935976 0.0079835 0.0768742 0.0935976 -0.00800167 0.0768711 0.0935976 0.0450107 -0.0628275 0.0935976 0.00341386 -0.0061111 0.0935976 0.0405698 -0.0657813 0.0935976 -0.0185008 0.0750407 0.0935976 0.0359257 -0.0684303 0.0935976 -0.0428023 0.0643533 0.0935976 -0.0512613 0.0578413 0.0935976 -0.0587399 0.0502278 0.0935976 -0.0551307 0.0541639 0.0935976 0 -0.007 0.0935976 0 -0.0772877 0.0935976 -0.00268467 0.0772404 0.0935976 0.00264533 0.0772404 0.0874404 -5.91803e-17 0.0772877 0.0874404 0.00541347 0.0770963 0.0935976 0.0079835 0.0768742 0.0935976 0.0132511 0.0761417 0.0874404 0.0107651 0.0765342 0.0935976 0.0184876 0.0750429 0.0874404 0.0160548 0.0756013 0.0874404 0.0212827 0.0742978 0.0935976 0.0236115 0.0735919 0.0935976 0.0286295 0.0717874 0.0874404 0.0264279 0.0726288 0.0935976 0.0335259 0.0696375 0.0874404 0.0314149 0.0706135 0.0874404 0.0362799 0.0682427 0.0935976 0.0382363 0.0671648 0.0935976 0.0427954 0.0643572 0.0874404 0.0409398 0.0655529 0.0935976 0.0471217 0.0612601 0.0874404 0.0454141 0.0625355 0.0874404 0.04967 0.0592135 0.0935976 0.0512352 0.0578623 0.0935976 0.0551126 0.0541844 0.0874404 0.0536716 0.05561 0.0935976 0.0587096 0.0502623 0.0874404 0.0574334 0.0517184 0.0874404 0.0608892 0.0475993 0.0935976 0.0620523 0.0460747 0.0935976 0.0650718 0.0416999 0.0874404 0.0640686 0.0432256 0.0935976 0.0677945 0.0371081 0.0874404 0.0669239 0.0386584 0.0874404 0.0694559 0.0338968 0.0935976 0.0701967 0.0323382 0.0935976 0.072255 0.0274284 0.0874404 0.071656 0.0289617 0.0935976 0.0739835 0.022357 0.0874404 0.0734965 0.0239039 0.0874404 0.0749916 0.0186988 0.0935976 0.0753439 0.0172193 0.0935976 0.0763528 0.011974 0.0874404 0.0761088 0.0134411 0.0935976 0.0769984 0.00667647 0.0874404 0.0768617 0.00809102 0.0874404 0.0772395 0.00271266 0.0935976 0.0772738 0.00135758 0.0935976 0.0771843 -0.00399707 0.0874404 0.0772395 -0.0026769 0.0935976 0.0767256 -0.00929317 0.0874404 0.076865 -0.00807118 0.0874404 0.0761159 -0.0133987 0.0935976 0.0758997 -0.0145737 0.0935976 0.074715 -0.0197731 0.0874404 0.0749922 -0.0186951 0.0935976 0.0731737 -0.0248736 0.0874404 0.0735101 -0.0238644 0.0874404 0.0716642 -0.0289376 0.0935976 0.0712783 -0.0298795 0.0935976 0.0690539 -0.0347092 0.0874404 0.0694712 -0.0338685 0.0935976 0.0664883 -0.0394018 0.0874404 0.0669423 -0.0386244 0.0874404 0.0640772 -0.0432145 0.0935976 0.0636159 -0.0438896 0.0935976 0.0604381 -0.0481697 0.0874404 0.0609159 -0.0475649 0.0935976 0.0569624 -0.0522365 0.0874404 0.05744 -0.0517099 0.0874404 0.053701 -0.055583 0.0935976 0.0532337 -0.0560296 0.0935976 0.0492291 -0.0595798 0.0874404 0.0496921 -0.0591931 0.0935976 0.0450107 -0.0628275 0.0874404 0.0454374 -0.0625203 0.0874404 0.0409741 -0.0655305 0.0935976 0.0405698 -0.0657813 0.0935976 0.0359257 -0.0684303 0.0874404 0.0362867 -0.0682398 0.0935976 0.0311318 -0.0707385 0.0874404 0.0314546 -0.0705961 0.0874404 0.0264437 -0.0726219 0.0935976 0.0261587 -0.0727258 0.0935976 0.0210945 -0.0743523 0.0874404 0.0213189 -0.0742886 0.0935976 0.0159133 -0.0756298 0.0874404 0.0160878 -0.075593 0.0874404 0.0107651 -0.0765342 0.0935976 0.0106501 -0.0765501 0.0935976 0.00535613 -0.0771001 0.0874404 0.00541347 -0.0770963 0.0935976 0 -0.0772877 0.0874404 0 -0.0772877 0.0874404 -0.00541347 0.0770963 0.0874404 -0.0107651 0.0765342 0.0935976 -0.00800167 0.0768711 0.0935976 -0.0132976 0.0761337 0.0874404 -0.0160878 0.075593 0.0874404 -0.0213189 0.0742886 0.0935976 -0.0185008 0.0750407 0.0874404 -0.0264437 0.0726219 0.0935976 -0.0236508 0.073578 0.0935976 -0.028664 0.0717752 0.0874404 -0.0314546 0.0705961 0.0874404 -0.0362867 0.0682398 0.0935976 -0.033546 0.0696262 0.0874404 -0.0409741 0.0655305 0.0935976 -0.0382771 0.0671421 0.0935976 -0.0428023 0.0643533 0.0874404 -0.0454374 0.0625203 0.0874404 -0.0496921 0.0591931 0.0935976 -0.0471556 0.0612327 0.0874404 -0.053701 0.055583 0.0935976 -0.0512613 0.0578413 0.0935976 -0.0551307 0.0541639 0.0874404 -0.05744 0.0517099 0.0874404 -0.0609159 0.0475649 0.0935976 -0.0587399 0.0502278 0.0874404 -0.0640772 0.0432145 0.0935976 -0.0620536 0.0460732 0.0935976 -0.0650955 0.0416615 0.0874404 -0.0669423 0.0386244 0.0874404 -0.0694712 0.0338685 0.0935976 -0.0678102 0.0370826 0.0874404 -0.0716642 0.0289376 0.0935976 -0.0702083 0.0323093 0.0935976 -0.0722716 0.027387 0.0874404 -0.0735101 0.0238644 0.0874404 -0.0749922 0.0186951 0.0935976 -0.0739843 0.022353 0.0874404 -0.0761159 0.0133987 0.0935976 -0.0753536 0.0171742 0.0935976 -0.0763583 0.0119487 0.0874404 -0.076865 0.00807118 0.0874404 -0.0772395 0.0026769 0.0935976 -0.0769998 0.00664194 0.0935976 -0.0772757 0.00131463 0.0874404 -0.0772395 -0.00271266 0.0935976 -0.077183 -0.00400678 0.0935976 -0.0767197 -0.00933965 0.0874404 -0.0768617 -0.00809102 0.0874404 -0.0761088 -0.0134411 0.0935976 -0.075897 -0.0145951 0.0874404 -0.0749916 -0.0186988 0.0935976 -0.074704 -0.019809 0.0935976 -0.0731617 -0.0249128 0.0874404 -0.0734965 -0.0239039 0.0874404 -0.071656 -0.0289617 0.0935976 -0.0712715 -0.029893 0.0874404 -0.0694559 -0.0338968 0.0935976 -0.0690326 -0.0347513 0.0935976 -0.0664808 -0.0394168 0.0874404 -0.0669239 -0.0386584 0.0874404 -0.0640686 -0.0432256 0.0935976 -0.063592 -0.0439219 0.0874404 -0.0608892 -0.0475993 0.0935976 -0.0604152 -0.0482006 0.0935976 -0.056948 -0.0522504 0.0874404 -0.0574334 -0.0517184 0.0874404 -0.0536716 -0.05561 0.0935976 -0.0531998 -0.0560621 0.0874404 -0.04967 -0.0592135 0.0935976 -0.0492207 -0.0595878 0.0935976 -0.0449756 -0.0628513 0.0874404 -0.0454141 -0.0625355 0.0874404 -0.0409398 -0.0655529 0.0935976 -0.0405403 -0.0658012 0.0874404 -0.0362799 -0.0682427 0.0935976 -0.0359033 -0.0684404 0.0935976 -0.0310895 -0.0707576 0.0874404 -0.0314149 -0.0706135 0.0874404 -0.0264279 -0.0726288 0.0935976 -0.0261532 -0.0727282 0.0874404 -0.0212827 -0.0742978 0.0935976 -0.0210518 -0.0743634 0.0935976 -0.015882 -0.0756379 0.0874404 -0.0160548 -0.0756013 0.0874404 -0.0107651 -0.0765342 0.0935976 -0.0106501 -0.0765501 0.0874404 -0.00541347 -0.0770963 0.0935976 -0.00535613 -0.0771001 0.0752069 -0.0953861 0.0148349 0.0874404 -0.076865 0.00807118 0.0874404 -0.0761159 0.0133987 0.0874404 0 -0.0772877 0.0752069 -3.10479e-17 -0.0965348 0.0752069 0.00597013 -0.0963478 0.0874404 -0.0749922 0.0186951 0.0752069 -0.0942966 0.0206653 0.0874404 -0.0735101 0.0238644 0.0752069 -0.0928425 0.0264359 0.0752069 -0.0910372 0.0321079 0.0874404 -0.0716642 0.0289376 0.0874404 -0.0694712 0.0338685 0.0752069 -0.0888971 0.0376331 0.0874404 -0.0669423 0.0386244 0.0752069 -0.0864009 0.0430512 0.0752069 -0.08359 0.0482856 0.0874404 -0.0640772 0.0432145 0.0752069 -0.077018 0.0581962 0.0752069 -0.0804681 0.0533265 0.0874404 -0.0609159 0.0475649 0.0752069 -0.073299 0.0628184 0.0752069 -0.0692899 0.0672125 0.0874404 -0.05744 0.0517099 0.0874404 -0.053701 0.055583 0.0752069 -0.0650144 0.0713568 0.0874404 -0.0496921 0.0591931 0.0752069 -0.0605144 0.0752127 0.0752069 -0.0557537 0.0788039 0.0874404 -0.0454374 0.0625203 0.0874404 -0.0409741 0.0655305 0.0752069 -0.0507994 0.0820865 0.0874404 -0.0362867 0.0682398 0.0752069 -0.0456674 0.0850493 0.0874404 -0.0314546 0.0705961 0.0752069 -0.0403216 0.0877082 0.0874404 -0.0264437 0.0726219 0.0752069 -0.0348572 0.0900214 0.0752069 -0.0292491 0.0919952 0.0874404 -0.0213189 0.0742886 0.0874404 -0.0160878 0.075593 0.0752069 -0.0235196 0.0936241 0.0874404 -0.0107651 0.0765342 0.0752069 -0.0177299 0.0948925 0.0752069 -0.0118801 0.0958004 0.0874404 -0.00541347 0.0770963 0.0874404 -5.91803e-17 0.0772877 0.0752069 -0.00597013 0.0963478 0.0752069 6.20959e-17 0.0965348 0.0752069 -0.0961213 0.00891474 0.0874404 -0.0772395 0.0026769 0.0752069 -0.0964876 0.00299329 0.0752069 -0.0964876 -0.00294647 0.0874404 -0.0772395 -0.00271266 0.0752069 -0.0961233 -0.00890286 0.0752069 -0.0953949 -0.0147823 0.0874404 -0.0768617 -0.00809102 0.0752069 -0.0943022 -0.0206315 0.0874404 -0.0761088 -0.0134411 0.0874404 -0.0749916 -0.0186988 0.0752069 -0.0928527 -0.026406 0.0752069 -0.0910546 -0.032057 0.0874404 -0.0734965 -0.0239039 0.0752069 -0.0889022 -0.0376182 0.0874404 -0.071656 -0.0289617 0.0874404 -0.0694559 -0.0338968 0.0752069 -0.0864224 -0.0430115 0.0874404 -0.0669239 -0.0386584 0.0752069 -0.083613 -0.0482431 0.0752069 -0.0804732 -0.05332 0.0874404 -0.0640686 -0.0432256 0.0752069 -0.0770503 -0.0581546 0.0874404 -0.0608892 -0.0475993 0.0874404 -0.0574334 -0.0517184 0.0752069 -0.0733216 -0.0627893 0.0752069 -0.069311 -0.067193 0.0874404 -0.0536716 -0.05561 0.0752069 -0.0650542 -0.0713201 0.0874404 -0.04967 -0.0592135 0.0874404 -0.0454141 -0.0625355 0.0752069 -0.0605285 -0.0751997 0.0752069 -0.0557899 -0.0787802 0.0874404 -0.0409398 -0.0655529 0.0752069 -0.050841 -0.0820593 0.0752069 -0.0456712 -0.0850476 0.0874404 -0.0362799 -0.0682427 0.0752069 -0.0403691 -0.0876874 0.0752069 -0.034893 -0.0900057 0.0874404 -0.0314149 -0.0706135 0.0752069 -0.029274 -0.0919889 0.0874404 -0.0264279 -0.0726288 0.0874404 -0.0212827 -0.0742978 0.0752069 -0.0235723 -0.0936108 0.0752069 -0.0177518 -0.094887 0.0874404 -0.0160548 -0.0756013 0.0752069 -0.0118801 -0.0958004 0.0874404 -0.0107651 -0.0765342 0.0874404 -0.00541347 -0.0770963 0.0752069 -0.00597013 -0.0963478 0.0874404 0.0107651 -0.0765342 0.0874404 0.00541347 -0.0770963 0.0752069 0.0118801 -0.0958004 0.0752069 0.0292491 -0.0919952 0.0874404 0.0213189 -0.0742886 0.0752069 0.0235196 -0.0936241 0.0874404 0.0160878 -0.075593 0.0752069 0.0177299 -0.0948925 0.0874404 0.0362867 -0.0682398 0.0752069 0.0403216 -0.0877082 0.0752069 0.0456674 -0.0850493 0.0874404 0.0264437 -0.0726219 0.0752069 0.0348572 -0.0900214 0.0874404 0.0314546 -0.0705961 0.0752069 0.0605144 -0.0752127 0.0874404 0.0496921 -0.0591931 0.0874404 0.0454374 -0.0625203 0.0752069 0.0557537 -0.0788039 0.0874404 0.0409741 -0.0655305 0.0752069 0.0507994 -0.0820865 0.0752069 0.073299 -0.0628184 0.0874404 0.05744 -0.0517099 0.0752069 0.0692899 -0.0672125 0.0874404 0.053701 -0.055583 0.0752069 0.0650144 -0.0713568 0.0874404 0.0640772 -0.0432145 0.0752069 0.08359 -0.0482856 0.0874404 0.0669423 -0.0386244 0.0874404 0.0609159 -0.0475649 0.0752069 0.077018 -0.0581962 0.0752069 0.0888971 -0.0376331 0.0752069 0.0910372 -0.0321079 0.0874404 0.0716642 -0.0289376 0.0752069 0.0864009 -0.0430512 0.0874404 0.0694712 -0.0338685 0.0752069 0.0953861 -0.0148349 0.0874404 0.0761159 -0.0133987 0.0752069 0.0942966 -0.0206653 0.0874404 0.0749922 -0.0186951 0.0874404 0.0735101 -0.0238644 0.0752069 0.0928425 -0.0264359 0.0874404 0.0772395 -0.0026769 0.0752069 0.0964876 -0.00299329 0.0752069 0.0964876 0.00294647 0.0874404 0.076865 -0.00807118 0.0752069 0.0961213 -0.00891474 0.0752069 0.0953949 0.0147823 0.0752069 0.0943022 0.0206315 0.0874404 0.0761088 0.0134411 0.0752069 0.0961233 0.00890286 0.0874404 0.0768617 0.00809102 0.0874404 0.0772395 0.00271266 0.0752069 0.0910546 0.032057 0.0874404 0.071656 0.0289617 0.0874404 0.0734965 0.0239039 0.0752069 0.0928527 0.026406 0.0874404 0.0749916 0.0186988 0.0874404 0.0669239 0.0386584 0.0752069 0.083613 0.0482431 0.0752069 0.0804732 0.05332 0.0874404 0.0694559 0.0338968 0.0752069 0.0889022 0.0376182 0.0752069 0.0864224 0.0430115 0.0874404 0.0608892 0.0475993 0.0752069 0.0733216 0.0627893 0.0874404 0.0574334 0.0517184 0.0752069 0.0770503 0.0581546 0.0874404 0.0640686 0.0432256 0.0874404 0.0536716 0.05561 0.0752069 0.069311 0.067193 0.0752069 0.0650542 0.0713201 0.0752069 0.0605285 0.0751997 0.0874404 0.04967 0.0592135 0.0752069 0.0557899 0.0787802 0.0874404 0.0454141 0.0625355 0.0874404 0.0409398 0.0655529 0.0752069 0.050841 0.0820593 0.0874404 0.0362799 0.0682427 0.0752069 0.0456712 0.0850476 0.0752069 0.0403691 0.0876874 0.0874404 0.0314149 0.0706135 0.0752069 0.034893 0.0900057 0.0874404 0.0264279 0.0726288 0.0874404 0.0212827 0.0742978 0.0752069 0.029274 0.0919889 0.0752069 0.0235723 0.0936108 0.0874404 0.0160548 0.0756013 0.0752069 0.0177518 0.094887 0.0874404 0.0107651 0.0765342 0.0874404 0.00541347 0.0770963 0.0752069 0.0118801 0.0958004 0.0752069 0.00597013 0.0963478 0.0752069 0.0804681 -0.0533265 0.0752069 -0.0872847 -0.110301 0.0752069 -0.0605285 -0.0751997 0.0752069 -0.0928366 -0.105671 0.0752069 0.077018 -0.0581962 0.0752069 0.073299 -0.0628184 0.0752069 0.108026 -0.0900827 0.0752069 -0.107999 -0.090119 0.0752069 -0.103208 -0.0955641 0.0752069 -0.0733216 -0.0627893 0.0752069 -0.0953949 -0.0147823 0.0752069 -0.138377 -0.025238 0.0752069 -0.0943022 -0.0206315 0.0752069 -0.0692786 -0.122416 0.0752069 -0.050841 -0.0820593 0.0752069 -0.0754621 -0.118703 0.0752069 -0.0557899 -0.0787802 0.0752069 -0.0814642 -0.114664 0.0752069 -0.124139 -0.0661383 0.0752069 -0.083613 -0.0482431 0.0752069 -0.0864224 -0.0430115 0.0752069 -0.116679 -0.0785508 0.0752069 -0.0804732 -0.05332 0.0752069 -0.120586 -0.0724172 0.0752069 -0.132841 -0.0462403 0.0752069 -0.130294 -0.0529953 0.0752069 -0.0910546 -0.032057 0.0752069 -0.0650542 -0.0713201 0.0752069 -0.069311 -0.067193 0.0752069 -0.0981393 -0.100762 0.0752069 -0.0928527 -0.026406 0.0752069 -0.135039 -0.0393538 0.0752069 -0.136892 -0.0323285 0.0752069 -0.0770503 -0.0581546 0.0752069 -0.112479 -0.0844579 0.0752069 -0.0889022 -0.0376182 0.0752069 -0.127375 -0.0596644 0.0752069 -0.0961233 -0.00890286 0.0752069 -0.139488 -0.0181025 0.0752069 -0.0964876 -0.00294647 0.0752069 -0.140235 -0.0108885 0.0752069 -0.14024 0.0108149 0.0752069 -0.0964876 0.00299329 0.0752069 -0.0961213 0.00891474 0.0752069 -0.140612 0.0035831 0.0752069 -0.140613 -0.00363286 0.0752069 -0.139496 0.0180596 0.0752069 -0.0953861 0.0148349 0.0752069 -0.0403691 -0.0876874 0.0752069 -0.0456712 -0.0850476 0.0752069 -0.0628518 -0.125833 0.0752069 -0.034893 -0.0900057 0.0752069 -0.0562904 -0.128903 0.0752069 -0.138386 0.0251857 0.0752069 -0.0942966 0.0206653 0.0752069 -0.0427466 -0.134004 0.0752069 -0.029274 -0.0919889 0.0752069 -0.0496051 -0.131623 0.0752069 -0.0928425 0.0264359 0.0752069 -0.136906 0.0322646 0.0752069 -0.135057 0.0392962 0.0752069 -0.0357794 -0.13603 0.0752069 -0.0287494 -0.13769 0.0752069 -0.0235723 -0.0936108 0.0752069 -0.13031 0.0529492 0.0752069 -0.0910372 0.0321079 0.0752069 -0.0888971 0.0376331 0.0752069 -0.0216564 -0.138983 0.0752069 -0.0177518 -0.094887 0.0752069 -0.00597013 -0.0963478 0.0752069 -0.0118801 -0.0958004 0.0752069 -0.0145005 -0.139909 0.0752069 -0.132859 0.0461898 0.0752069 -0.0804681 0.0533265 0.0752069 -0.120609 0.072375 0.0752069 -0.08359 0.0482856 0.0752069 -0.0864009 0.0430512 0.0752069 -0.127406 0.0595996 0.0752069 0.0216564 -0.138983 0.0752069 0.0118801 -0.0958004 0.0752069 0.0145005 -0.139909 0.0752069 -0.116721 0.0784887 0.0752069 -0.0873275 0.110265 0.0752069 -0.0605144 0.0752127 0.0752069 -0.0557537 0.0788039 0.0752069 0.028805 -0.137676 0.0752069 0.0235196 -0.0936241 0.0752069 0.0177299 -0.0948925 0.0752069 0.0292491 -0.0919952 0.0752069 0.0427957 -0.133991 0.0752069 0.0496388 -0.131607 0.0752069 -0.0815205 0.114625 0.0752069 0.0348572 -0.0900214 0.0752069 0.0563669 -0.128869 0.0752069 0.0403216 -0.0877082 0.0752069 -0.0235196 0.0936241 0.0752069 -0.0177299 0.0948925 0.0752069 -0.0288016 0.137679 0.0752069 -0.0496521 0.131603 0.0752069 -0.0292491 0.0919952 0.0752069 -0.0428155 0.133982 0.0752069 0.0873001 -0.11029 0.0752069 0.0605144 -0.0752127 0.0752069 0.0557537 -0.0788039 0.0752069 -0.0216892 0.138974 0.0752069 -0.0118801 0.0958004 0.0752069 0.0692899 -0.0672125 0.0752069 0.103239 -0.0955343 0.0752069 6.20959e-17 0.0965348 0.0752069 0.00597013 0.0963478 0.0752069 0.00720839 0.140472 0.0752069 0.120595 -0.0723984 0.0752069 0.0804681 -0.0533265 0.0752069 0.116716 -0.0785008 0.0752069 0.0118801 0.0958004 0.0752069 0.0177518 0.094887 0.0752069 0.0216074 0.138988 0.0752069 0.0495761 0.13163 0.0752069 0.029274 0.0919889 0.0752069 0.034893 0.0900057 0.0752069 0.0864009 -0.0430512 0.0752069 0.08359 -0.0482856 0.0752069 0.124175 -0.066067 0.0752069 0.0910372 -0.0321079 0.0752069 0.132861 -0.0461743 0.0752069 0.0928425 -0.0264359 0.0752069 0.0456712 0.0850476 0.0752069 0.0628656 0.125829 0.0752069 0.0403691 0.0876874 0.0752069 0.0650542 0.0713201 0.0752069 0.069311 0.067193 0.0752069 0.0981688 0.100738 0.0752069 0.140242 -0.010833 0.0752069 0.0964876 -0.00299329 0.0752069 0.0961213 -0.00891474 0.0752069 0.136889 0.032344 0.0752069 0.0928527 0.026406 0.0752069 0.0943022 0.0206315 0.0752069 0.0961233 0.00890286 0.0752069 0.0964876 0.00294647 0.0752069 0.140237 0.0108862 0.0752069 0.0872616 0.110318 0.0752069 0.0557899 0.0787802 0.0752069 0.0605285 0.0751997 0.0752069 0.0953949 0.0147823 0.0752069 0.13837 0.0252577 0.0752069 0.0928263 0.105676 0.0752069 0.136902 -0.0322952 0.0752069 0.0942966 -0.0206653 0.0752069 0.10798 0.0901363 0.0752069 0.0733216 0.0627893 0.0752069 0.0770503 0.0581546 0.0752069 0.0910546 0.032057 0.0752069 0.130279 0.0530286 0.0752069 0.0889022 0.0376182 0.0752069 0.050841 0.0820593 0.0752069 0.0692424 0.122433 0.0752069 0.0864224 0.0430115 0.0752069 0.124144 0.0661271 0.0752069 0.083613 0.0482431 0.0752069 0.103203 0.0955715 0.0752069 0.120565 0.0724468 0.0752069 0.0804732 0.05332 0.0752069 0.127388 0.059645 0.0752069 0.135052 0.0393214 0.0752069 0.132837 0.0462447 0.0752069 0.139495 0.0180623 0.0752069 0.116686 0.0785453 0.0752069 0.140609 0.0036655 0.0752069 0.112499 0.0844325 0.0752069 0.0953861 -0.0148349 0.0752069 0.139499 -0.0180174 0.0752069 0.140612 -0.00360245 0.0752069 0.0814885 0.114651 0.0752069 0.0754659 0.118698 0.0752069 0.138383 -0.025186 0.0752069 0.135064 -0.039274 0.0752069 0.0563134 0.128894 0.0752069 0.130298 -0.0529879 0.0752069 0.0888971 -0.0376331 0.0752069 0.0358202 0.136023 0.0752069 0.0427451 0.134006 0.0752069 0.127409 -0.0595969 0.0752069 0.0235723 0.0936108 0.0752069 0.0287324 0.13769 0.0752069 0.112529 -0.0843894 0.0752069 0.0144508 0.139916 0.0752069 -4.28962e-05 0.140657 0.0752069 -0.00726262 0.140472 0.0752069 0.0650144 -0.0713568 0.0752069 0.0982006 -0.100704 0.0752069 -0.00597013 0.0963478 0.0752069 0.0928825 -0.105627 0.0752069 0.0815297 -0.11462 0.0752069 -0.014483 0.13991 0.0752069 0.0692876 -0.12241 0.0752069 0.0507994 -0.0820865 0.0752069 0.0456674 -0.0850493 0.0752069 0.0755256 -0.11866 0.0752069 0.0629135 -0.125805 0.0752069 -0.0358254 0.136021 0.0752069 -0.0348572 0.0900214 0.0752069 -0.0629186 0.125799 0.0752069 -0.0456674 0.0850493 0.0752069 -0.0403216 0.0877082 0.0752069 -0.0507994 0.0820865 0.0752069 -0.0755069 0.118675 0.0752069 -0.069317 0.122392 0.0752069 0.0358624 -0.136009 0.0752069 -0.0650144 0.0713568 0.0752069 -0.0928769 0.105636 0.0752069 -0.0981794 0.100726 0.0752069 -0.0692899 0.0672125 0.0752069 -0.112508 0.0844224 0.0752069 -0.077018 0.0581962 0.0752069 -0.103255 0.0955127 0.0752069 -0.073299 0.0628184 0.0752069 0.00597013 -0.0963478 0.0752069 0.00728169 -0.140468 0.0752069 -0.124164 0.0660938 0.0752069 -3.10479e-17 -0.0965348 0.0752069 0 -0.14066 0.0752069 -0.00728169 -0.140468 0.0752069 -0.108031 0.0900782 0.0752069 -0.0563355 0.128886 0.0752069 0.00720839 0.140472 0.067 -4.28962e-05 0.140657 0.0752069 -4.28962e-05 0.140657 0.0752069 0.0144508 0.139916 0.067 0.00720839 0.140472 0.067 0.0144508 0.139916 0.0752069 0.0216074 0.138988 0.0752069 0.0287324 0.13769 0.067 0.0216074 0.138988 0.0752069 0.0358202 0.136023 0.067 0.0287324 0.13769 0.067 0.0358202 0.136023 0.0752069 0.0427451 0.134006 0.0752069 0.0495761 0.13163 0.067 0.0427451 0.134006 0.0752069 0.0563134 0.128894 0.067 0.0495761 0.13163 0.067 0.0563134 0.128894 0.0752069 0.0628656 0.125829 0.0752069 0.0692424 0.122433 0.067 0.0628656 0.125829 0.0752069 0.0754659 0.118698 0.067 0.0692424 0.122433 0.067 0.0754659 0.118698 0.0752069 0.0814885 0.114651 0.0752069 0.0872616 0.110318 0.067 0.0814885 0.114651 0.0752069 0.0928263 0.105676 0.067 0.0872616 0.110318 0.067 0.0928263 0.105676 0.0752069 0.0981688 0.100738 0.0752069 0.103203 0.0955715 0.067 0.0981688 0.100738 0.0752069 0.10798 0.0901363 0.067 0.103203 0.0955715 0.067 0.10798 0.0901363 0.0752069 0.112499 0.0844325 0.0752069 0.116686 0.0785453 0.067 0.112499 0.0844325 0.0752069 0.120565 0.0724468 0.067 0.116686 0.0785453 0.067 0.120565 0.0724468 0.0752069 0.124144 0.0661271 0.0752069 0.127388 0.059645 0.067 0.124144 0.0661271 0.0752069 0.130279 0.0530286 0.067 0.127388 0.059645 0.067 0.130279 0.0530286 0.0752069 0.132837 0.0462447 0.0752069 0.135052 0.0393214 0.067 0.132837 0.0462447 0.0752069 0.136889 0.032344 0.067 0.135052 0.0393214 0.067 0.136889 0.032344 0.0752069 0.13837 0.0252577 0.0752069 0.139495 0.0180623 0.067 0.13837 0.0252577 0.0752069 0.140237 0.0108862 0.067 0.139495 0.0180623 0.067 0.140237 0.0108862 0.0752069 0.140609 0.0036655 0.0752069 0.140612 -0.00360245 0.067 0.140609 0.0036655 0.0752069 0.140242 -0.010833 0.067 0.140612 -0.00360245 0.067 0.140242 -0.010833 0.0752069 0.139499 -0.0180174 0.0752069 0.138383 -0.025186 0.067 0.139499 -0.0180174 0.0752069 0.136902 -0.0322952 0.067 0.138383 -0.025186 0.067 0.136902 -0.0322952 0.0752069 0.135064 -0.039274 0.0752069 0.132861 -0.0461743 0.067 0.135064 -0.039274 0.0752069 0.130298 -0.0529879 0.067 0.132861 -0.0461743 0.067 0.130298 -0.0529879 0.0752069 0.127409 -0.0595969 0.0752069 0.124175 -0.066067 0.067 0.127409 -0.0595969 0.0752069 0.120595 -0.0723984 0.067 0.124175 -0.066067 0.067 0.120595 -0.0723984 0.0752069 0.116716 -0.0785008 0.0752069 0.112529 -0.0843894 0.067 0.116716 -0.0785008 0.0752069 0.108026 -0.0900827 0.067 0.112529 -0.0843894 0.067 0.108026 -0.0900827 0.0752069 0.103239 -0.0955343 0.0752069 0.0982006 -0.100704 0.067 0.103239 -0.0955343 0.0752069 0.0928825 -0.105627 0.067 0.0982006 -0.100704 0.067 0.0928825 -0.105627 0.0752069 0.0873001 -0.11029 0.0752069 0.0815297 -0.11462 0.067 0.0873001 -0.11029 0.0752069 0.0755256 -0.11866 0.067 0.0815297 -0.11462 0.067 0.0755256 -0.11866 0.0752069 0.0692876 -0.12241 0.0752069 0.0629135 -0.125805 0.067 0.0692876 -0.12241 0.0752069 0.0563669 -0.128869 0.067 0.0629135 -0.125805 0.067 0.0563669 -0.128869 0.0752069 0.0496388 -0.131607 0.0752069 0.0427957 -0.133991 0.067 0.0496388 -0.131607 0.0752069 0.0358624 -0.136009 0.067 0.0427957 -0.133991 0.067 0.0358624 -0.136009 0.0752069 0.028805 -0.137676 0.0752069 0.0216564 -0.138983 0.067 0.028805 -0.137676 0.0752069 0.0145005 -0.139909 0.067 0.0216564 -0.138983 0.067 0.0145005 -0.139909 0.0752069 0.00728169 -0.140468 0.0752069 0 -0.14066 0.067 0.00728169 -0.140468 0.067 0 -0.14066 0.067 -0.00726262 0.140472 0.067 -0.014483 0.13991 0.0752069 -0.00726262 0.140472 0.067 -0.0216892 0.138974 0.0752069 -0.014483 0.13991 0.0752069 -0.0216892 0.138974 0.067 -0.0288016 0.137679 0.067 -0.0358254 0.136021 0.0752069 -0.0288016 0.137679 0.067 -0.0428155 0.133982 0.0752069 -0.0358254 0.136021 0.0752069 -0.0428155 0.133982 0.067 -0.0496521 0.131603 0.067 -0.0563355 0.128886 0.0752069 -0.0496521 0.131603 0.067 -0.0629186 0.125799 0.0752069 -0.0563355 0.128886 0.0752069 -0.0629186 0.125799 0.067 -0.069317 0.122392 0.067 -0.0755069 0.118675 0.0752069 -0.069317 0.122392 0.067 -0.0815205 0.114625 0.0752069 -0.0755069 0.118675 0.0752069 -0.0815205 0.114625 0.067 -0.0873275 0.110265 0.067 -0.0928769 0.105636 0.0752069 -0.0873275 0.110265 0.067 -0.0981794 0.100726 0.0752069 -0.0928769 0.105636 0.0752069 -0.0981794 0.100726 0.067 -0.103255 0.0955127 0.067 -0.108031 0.0900782 0.0752069 -0.103255 0.0955127 0.067 -0.112508 0.0844224 0.0752069 -0.108031 0.0900782 0.0752069 -0.112508 0.0844224 0.067 -0.116721 0.0784887 0.067 -0.120609 0.072375 0.0752069 -0.116721 0.0784887 0.067 -0.124164 0.0660938 0.0752069 -0.120609 0.072375 0.0752069 -0.124164 0.0660938 0.067 -0.127406 0.0595996 0.067 -0.13031 0.0529492 0.0752069 -0.127406 0.0595996 0.067 -0.132859 0.0461898 0.0752069 -0.13031 0.0529492 0.0752069 -0.132859 0.0461898 0.067 -0.135057 0.0392962 0.067 -0.136906 0.0322646 0.0752069 -0.135057 0.0392962 0.067 -0.138386 0.0251857 0.0752069 -0.136906 0.0322646 0.0752069 -0.138386 0.0251857 0.067 -0.139496 0.0180596 0.067 -0.14024 0.0108149 0.0752069 -0.139496 0.0180596 0.067 -0.140612 0.0035831 0.0752069 -0.14024 0.0108149 0.0752069 -0.140612 0.0035831 0.067 -0.140613 -0.00363286 0.067 -0.140235 -0.0108885 0.0752069 -0.140613 -0.00363286 0.067 -0.139488 -0.0181025 0.0752069 -0.140235 -0.0108885 0.0752069 -0.139488 -0.0181025 0.067 -0.138377 -0.025238 0.067 -0.136892 -0.0323285 0.0752069 -0.138377 -0.025238 0.067 -0.135039 -0.0393538 0.0752069 -0.136892 -0.0323285 0.0752069 -0.135039 -0.0393538 0.067 -0.132841 -0.0462403 0.067 -0.130294 -0.0529953 0.0752069 -0.132841 -0.0462403 0.067 -0.127375 -0.0596644 0.0752069 -0.130294 -0.0529953 0.0752069 -0.127375 -0.0596644 0.067 -0.124139 -0.0661383 0.067 -0.120586 -0.0724172 0.0752069 -0.124139 -0.0661383 0.067 -0.116679 -0.0785508 0.0752069 -0.120586 -0.0724172 0.0752069 -0.116679 -0.0785508 0.067 -0.112479 -0.0844579 0.067 -0.107999 -0.090119 0.0752069 -0.112479 -0.0844579 0.067 -0.103208 -0.0955641 0.0752069 -0.107999 -0.090119 0.0752069 -0.103208 -0.0955641 0.067 -0.0981393 -0.100762 0.067 -0.0928366 -0.105671 0.0752069 -0.0981393 -0.100762 0.067 -0.0872847 -0.110301 0.0752069 -0.0928366 -0.105671 0.0752069 -0.0872847 -0.110301 0.067 -0.0814642 -0.114664 0.067 -0.0754621 -0.118703 0.0752069 -0.0814642 -0.114664 0.067 -0.0692786 -0.122416 0.0752069 -0.0754621 -0.118703 0.0752069 -0.0692786 -0.122416 0.067 -0.0628518 -0.125833 0.067 -0.0562904 -0.128903 0.0752069 -0.0628518 -0.125833 0.067 -0.0496051 -0.131623 0.0752069 -0.0562904 -0.128903 0.0752069 -0.0496051 -0.131623 0.067 -0.0427466 -0.134004 0.067 -0.0357794 -0.13603 0.0752069 -0.0427466 -0.134004 0.067 -0.0287494 -0.13769 0.0752069 -0.0357794 -0.13603 0.0752069 -0.0287494 -0.13769 0.067 -0.0216564 -0.138983 0.067 -0.0145005 -0.139909 0.0752069 -0.0216564 -0.138983 0.067 -0.00728169 -0.140468 0.0752069 -0.0145005 -0.139909 0.0752069 -0.00728169 -0.140468 0.067 0.112499 0.0844325 0.067 0.116686 0.0785453 0.067 0.138013 0.102354 0.067 0.138383 -0.025186 0.067 0.170002 -0.0249677 0.067 0.139499 -0.0180174 0.067 0.0467453 -0.165342 0.067 0.05432 -0.163012 0.067 0.0427957 -0.133991 0.067 0.127409 -0.0595969 0.067 0.124175 -0.066067 0.067 0.153372 -0.0774651 0.067 0.112529 -0.0843894 0.067 0.141262 -0.097818 0.067 0.116716 -0.0785008 0.067 0.0900341 -0.14635 0.067 0.0966443 -0.142069 0.067 0.0755256 -0.11866 0.067 0.0873001 -0.11029 0.067 0.0815297 -0.11462 0.067 0.103076 -0.137472 0.067 0.103239 -0.0955343 0.067 0.126484 -0.116298 0.067 0.108026 -0.0900827 0.067 0.0982006 -0.100704 0.067 0.115271 -0.127423 0.067 0.120992 -0.122001 0.067 0.149665 -0.0844096 0.067 0.120595 -0.0723984 0.067 0.136624 -0.104201 0.067 0.130298 -0.0529879 0.067 0.156768 -0.0703336 0.067 0.145625 -0.0911976 0.067 0.159855 -0.063015 0.067 0.132861 -0.0461743 0.067 0.162573 -0.0556266 0.067 0.135064 -0.039274 0.067 0.136902 -0.0322952 0.067 0.168683 -0.0327213 0.067 0.166988 -0.0404737 0.067 0.0928825 -0.105627 0.067 0.109321 -0.132565 0.067 0.16495 -0.0481159 0.067 0.171575 -0.00924475 0.067 0.140612 -0.00360245 0.067 0.140242 -0.010833 0.067 0.0629135 -0.125805 0.067 0.0832276 -0.150324 0.067 0.0692876 -0.12241 0.067 0.170966 -0.0171422 0.067 0.171822 -0.00133388 0.067 0.140609 0.0036655 0.067 0.0690396 -0.157345 0.067 0.0761945 -0.154005 0.067 0.0563669 -0.128869 0.067 0.171701 0.00653387 0.067 0.140237 0.0108862 0.067 0.0358624 -0.136009 0.067 0.028805 -0.137676 0.067 0.0391089 -0.167316 0.067 0.061763 -0.160343 0.067 0.0496388 -0.131607 0.067 0.139495 0.0180623 0.067 0.170372 0.0223004 0.067 0.16917 0.0300989 0.067 0.171218 0.014412 0.067 0.0314107 -0.168932 0.067 0.0216564 -0.138983 0.067 0.0236507 -0.170192 0.067 0.13837 0.0252577 0.067 0.135052 0.0393214 0.067 0.136889 0.032344 0.067 0.165694 0.045483 0.067 0.167611 0.0378167 0.067 0.130279 0.0530286 0.067 0.132837 0.0462447 0.067 0.160765 0.0606465 0.067 0.163418 0.0530977 0.067 0.120565 0.0724468 0.067 0.146898 0.0891346 0.067 0.127388 0.059645 0.067 0.157786 0.0680247 0.067 -0.0216564 -0.138983 0.067 -0.0287494 -0.13769 0.067 -0.0316606 -0.168883 0.067 -0.0238124 -0.170169 0.067 0.0981688 0.100738 0.067 0.116794 0.126031 0.067 0.0928263 0.105676 0.067 -0.0357794 -0.13603 0.067 -0.0394714 -0.167228 0.067 -0.0562904 -0.128903 0.067 -0.0622302 -0.160159 0.067 -0.0496051 -0.131623 0.067 -0.083775 -0.150021 0.067 -0.0767695 -0.153723 0.067 -0.0628518 -0.125833 0.067 0.0754659 0.118698 0.067 0.0916017 0.145375 0.067 0.0692424 0.122433 0.067 0.0495761 0.13163 0.067 0.0563134 0.128894 0.067 0.0632784 0.159751 0.067 -0.0692786 -0.122416 0.067 -0.0754621 -0.118703 0.067 -0.0906646 -0.145956 0.067 0.0327916 0.168668 0.067 0.0216074 0.138988 0.067 0.0287324 0.13769 0.067 -0.109981 -0.132015 0.067 -0.0872847 -0.110301 0.067 -0.0928366 -0.105671 0.067 -0.103208 -0.0955641 0.067 -0.12173 -0.121268 0.067 -0.0981393 -0.100762 0.067 -0.00726262 0.140472 0.067 -4.28962e-05 0.140657 0.067 -0.00676553 0.17169 0.067 0.0170519 0.170976 0.067 0.00720839 0.140472 0.067 0.0144508 0.139916 0.067 -0.014483 0.13991 0.067 -0.022635 0.170329 0.067 -0.0216892 0.138974 0.067 -0.120586 -0.0724172 0.067 -0.124139 -0.0661383 0.067 -0.150319 -0.0832312 0.067 -0.132841 -0.0462403 0.067 -0.135039 -0.0393538 0.067 -0.163076 -0.0541259 0.067 -0.0358254 0.136021 0.067 -0.0288016 0.137679 0.067 -0.0382701 0.167507 0.067 -0.0610842 0.160599 0.067 -0.0684709 0.157592 0.067 -0.0563355 0.128886 0.067 -0.165405 -0.0465324 0.067 -0.136892 -0.0323285 0.067 -0.0873275 0.110265 0.067 -0.109047 0.132787 0.067 -0.0928769 0.105636 0.067 -0.171668 -0.00737633 0.067 -0.140235 -0.0108885 0.067 -0.140613 -0.00363286 0.067 -0.0981794 0.100726 0.067 -0.115081 0.127592 0.067 -0.16877 0.0322486 0.067 -0.138386 0.0251857 0.067 -0.136906 0.0322646 0.067 -0.132859 0.0461898 0.067 -0.13031 0.0529492 0.067 -0.159948 0.0627725 0.067 -0.0147398 0.171192 0.067 -0.102804 0.13768 0.067 -0.0815205 0.114625 0.067 -0.141301 0.0977682 0.067 -0.116721 0.0784887 0.067 -0.112508 0.0844224 0.067 -0.149717 0.0843099 0.067 -0.124164 0.0660938 0.067 -0.120609 0.072375 0.067 -0.0428155 0.133982 0.067 -0.0460212 0.16555 0.067 -0.0757057 0.154251 0.067 -0.0629186 0.125799 0.067 -0.108031 0.0900782 0.067 -0.136615 0.10421 0.067 -0.0755069 0.118675 0.067 -0.0963344 0.142281 0.067 -0.162684 0.0552932 0.067 -0.135057 0.0392962 0.067 -0.120892 0.122106 0.067 -0.103255 0.0955127 0.067 -0.12639 0.116404 0.067 -0.131631 0.110438 0.067 -0.127406 0.0595996 0.067 -0.156882 0.0700889 0.067 -0.145658 0.091147 0.067 -0.153479 0.0772568 0.067 -0.167102 0.040013 0.067 -0.165082 0.0476725 0.067 -0.14024 0.0108149 0.067 -0.139496 0.0180596 0.067 -0.171036 0.0164731 0.067 -0.170086 0.0243791 0.067 -0.139488 -0.0181025 0.067 -0.171145 -0.0152902 0.067 -0.171611 0.00856755 0.067 -0.140612 0.0035831 0.067 -0.089613 0.146604 0.067 -0.069317 0.122392 0.067 -0.171822 0.000617756 0.067 -0.138377 -0.025238 0.067 -0.170254 -0.0231736 0.067 -0.0827368 0.150594 0.067 -0.167376 -0.0388596 0.067 -0.0496521 0.131603 0.067 -0.168997 -0.0310393 0.067 -0.160388 -0.0616401 0.067 -0.130294 -0.0529953 0.067 -0.0536009 0.163252 0.067 -0.0304703 0.169101 0.067 -0.157363 -0.0690027 0.067 -0.127375 -0.0596644 0.067 -0.116679 -0.0785508 0.067 -0.146286 -0.0901377 0.067 -0.154011 -0.0761862 0.067 0.0011821 0.171821 0.067 -0.141973 -0.0967887 0.067 -0.112479 -0.0844579 0.067 -0.132418 -0.109494 0.067 -0.137351 -0.103238 0.067 0.00910311 0.171586 0.067 -0.107999 -0.090119 0.067 -0.127191 -0.115529 0.067 0.0358202 0.136023 0.067 0.0405295 0.166979 0.067 0.0249657 0.17 0.067 0.0427451 0.134006 0.067 0.0482536 0.164909 0.067 -0.115993 -0.126763 0.067 0.0558394 0.162498 0.067 -0.0814642 -0.114664 0.067 -0.103754 -0.136966 0.067 0.0628656 0.125829 0.067 0.0705956 0.156653 0.067 -0.0973242 -0.141604 0.067 0.077799 0.153201 0.067 -0.0695892 -0.157101 0.067 0.084801 0.149442 0.067 0.131713 -0.110347 0.067 0.0814885 0.114651 0.067 0.0982467 0.140965 0.067 -0.0471603 -0.165227 0.067 -0.0427466 -0.134004 0.067 -0.0547272 -0.162879 0.067 0.0872616 0.110318 0.067 0.104679 0.136256 0.067 0.110862 0.131278 0.067 0.103203 0.0955715 0.067 0.12253 0.120456 0.067 0.10798 0.0901363 0.067 0.127977 0.114654 0.067 0.142618 0.0958297 0.067 0.133132 0.108629 0.067 0.124144 0.0661271 0.067 0.150853 0.0822687 0.067 -0.0145005 -0.139909 0.067 0.154482 0.0752321 0.067 -0.0159368 -0.171084 0.067 -3.55271e-16 -0.171828 0.067 0 -0.14066 0.067 -0.00799933 -0.171637 0.067 -0.00728169 -0.140468 0.067 0.00794533 -0.171639 0.067 0.00728169 -0.140468 0.067 0.0158289 -0.171094 0.067 0.0145005 -0.139909</float_array>
          <technique_common>
            <accessor count="3800" source="#ID5" stride="3">
              <param name="X" type="float"/>
              <param name="Y" type="float"/>
              <param name="Z" type="float"/>
            </accessor>
          </technique_common>
        </source>
        <source id="ID6">
          <float_array count="11400" id="ID7">-1.74846e-07 -0.822134 0.569294 -1.74846e-07 -0.847093 0.531444 0.156247 -0.803981 0.57376 0.808346 0.00999693 -0.588623 0.890402 -0.0210658 -0.454688 0.890402 -0.0420865 -0.453226 0.156247 -0.422067 0.892999 -1.74846e-07 -0.528698 0.84881 0.156247 -0.566913 0.808824 0.808346 -0.337896 0.482082 0.890402 -0.255224 0.376889 0.890402 -0.237508 0.388298 0.890402 -0.219283 0.398873 0.58717 -0.217239 0.779768 0.58717 -0.345896 0.731838 0.706435 -0.18995 0.681813 -1.74846e-07 -0.7672 0.641408 0.156247 -0.695451 0.701381 -1.74846e-07 -0.737338 0.675524 0.808346 -0.251564 0.532252 -1.74846e-07 -0.36692 0.930253 0.156247 -0.265078 0.951483 0.453482 -0.0906536 0.886643 0.453482 -0.239193 0.858569 0.58717 -0.0823332 0.805265 -1.74846e-07 -0.673132 0.739522 -1.74846e-07 -0.63892 0.769273 0.58717 -0.464602 0.662855 0.706435 -0.406238 0.579587 0.706435 -0.302444 0.639904 0.706435 -0.0719905 0.704108 0.890402 -0.161949 0.425391 0.808346 -0.157994 0.567111 -1.74846e-07 -0.603395 0.797443 0.58717 0.0549416 0.807597 0.453482 0.0604938 0.88921 0.156247 -0.100464 0.982596 -1.74846e-07 -0.193105 0.981178 0.808346 -0.0598794 0.585654 -1.74846e-07 -0.489681 0.871902 0.706435 0.0480399 0.706146 0.890402 -0.0808515 0.447937 0.453482 0.209901 0.866196 0.58717 0.190636 0.786695 -1.74846e-07 -0.449657 0.893202 0.890402 -0.0180581 0.454817 0.890402 -0.039088 0.453494 0.156247 0.0670405 0.98544 -1.74846e-07 -0.0129547 0.999916 0.706435 0.166688 0.68787 -1.74846e-07 -0.324377 0.945928 0.808346 0.0399579 0.58735 0.890402 0.00301043 0.455166 0.58717 0.320846 0.743162 0.453482 0.353269 0.818263 -1.74846e-07 -0.281168 0.959659 -1.74846e-07 0.122762 0.992436 0.156247 0.232616 0.959936 0.808346 0.138646 0.572148 0.890402 0.0659971 0.450366 0.706435 0.280541 0.649805 0.58717 0.441826 0.678249 0.453482 0.486475 0.74679 -1.74846e-07 -0.148432 0.988923 0.808346 0.233345 0.540487 0.156247 0.3915 0.906816 -1.74846e-07 0.299762 0.954014 -1.74846e-07 -0.0582645 0.998301 0.890402 0.147795 0.430513 0.706435 0.386323 0.593047 0.58717 0.550095 0.593824 0.453482 0.605686 0.653834 -1.74846e-07 0.0323819 0.999476 0.890402 0.186968 0.415003 0.890402 0.205975 0.405906 -1.74846e-07 0.466928 0.884296 0.156247 0.539122 0.827608 0.706435 0.480992 0.519227 -1.74846e-07 0.16762 0.985852 0.890402 0.224539 0.395938 0.808346 0.321331 0.493277 0.453482 0.707472 0.542067 0.58717 0.642539 0.492316 -1.74846e-07 0.212134 0.977241 0.156247 0.671233 0.724592 -1.74846e-07 0.618776 0.785568 0.890402 0.277193 0.361039 0.808346 0.400074 0.431877 -1.74846e-07 0.342696 0.939446 0.58717 0.716498 0.376644 0.453482 0.788906 0.414707 0.706435 0.561823 0.430471 0.808346 0.467306 0.358052 -1.74846e-07 0.384926 0.922947 -1.74846e-07 0.71959 0.694399 0.156247 0.784035 0.60073 -1.74846e-07 0.50653 0.862222 0.706435 0.626492 0.32933 0.308656 0.841934 0.442583 0.453482 0.847644 0.275416 0.156247 0.939376 0.305222 -1.74846e-07 0.951057 0.309017 -1.74846e-07 0.936072 0.351808 -1.74846e-07 0.653747 0.756713 0.156247 0.874281 0.459587 -1.74846e-07 0.833041 0.553212 -1.74846e-07 0.919164 0.393876 0.308656 0.90462 0.293929 -1.74846e-07 0.750325 0.661069 -1.74846e-07 0.779518 0.626379 -1.74846e-07 0.900366 0.435134 -1.74846e-07 0.879717 0.475498 -1.74846e-07 0.85726 0.514884 -1.74846e-07 0.807109 0.590402 -1.74846e-07 0.582533 0.812807 -1.74846e-07 0.687375 0.726303 0.58717 0.769845 0.250138 0.890402 0.338932 0.303825 0.890402 0.377731 0.253976 0.890402 0.365572 0.271186 0.890402 0.389081 0.236222 0.706435 0.673137 0.218716 0.808346 0.559894 0.181921 0.808346 0.521096 0.273926 0.890402 0.418038 0.180081 0.890402 0.409256 0.199235 0.890402 0.425924 0.160541 0.890402 0.432898 0.140657 0.453482 -0.380851 0.805795 -1.74846e-07 -0.870311 0.492502 0.808346 -0.414508 0.418043 0.890402 -0.288978 0.351676 0.706435 -0.498346 0.502595 0.453482 -0.511553 0.729841 -1.74846e-07 -0.911337 0.411662 -1.74846e-07 -0.929059 0.369931 0.156247 -0.889383 0.429634 0.808346 -0.479195 0.341977 0.890402 -0.348792 0.292453 0.58717 -0.569942 0.574802 0.58717 -0.728875 0.352097 0.706435 -0.637313 0.307867 0.706435 -0.576116 0.411145 -1.74846e-07 -0.944872 0.327439 0.156247 -0.949198 0.273148 0.453482 -0.627539 0.63289 0.808346 -0.530097 0.256074 0.890402 -0.385922 0.241348 -1.74846e-07 -0.970643 0.240525 -1.74846e-07 -0.980548 0.196281 0.58717 -0.658886 0.470213 0.890402 -0.396678 0.223229 0.890402 -0.406585 0.204631 -1.74846e-07 -0.988437 0.151634 0.156247 -0.981707 0.108803 0.453482 -0.725471 0.517731 0.890402 -0.423763 0.166161 0.808346 -0.565749 0.162804 -1.74846e-07 -0.998107 0.0614975 -1.74846e-07 -0.999869 0.016193 0.706435 -0.680176 0.195732 0.453482 -0.802533 0.387679 -1.74846e-07 -0.992828 -0.119547 0.156247 -0.985974 -0.058671 -1.74846e-07 -0.997227 -0.0744226 0.808346 -0.585125 0.0648498 0.890402 -0.447113 0.0852914 0.58717 -0.777895 0.223852 0.706435 -0.706529 -0.0420424 0.706435 -0.703471 0.0779662 0.58717 -0.808034 -0.0480826 -1.74846e-07 -0.986389 -0.164426 0.453482 -0.856507 0.246474 0.808346 -0.587668 -0.0349696 0.890402 -0.454616 0.0225694 -1.74846e-07 -0.967446 -0.253079 -1.74846e-07 -0.95498 -0.296671 0.156247 -0.961876 -0.224457 0.890402 -0.455173 0.00150533 0.58717 -0.804537 0.0891676 0.890402 -0.454755 -0.0195621 -1.74846e-07 -0.940551 -0.339652 0.156247 -0.910107 -0.383787 0.453482 -0.885841 0.0981784 0.808346 -0.573305 -0.133783 0.890402 -0.450998 -0.0615259 -1.74846e-07 -0.905927 -0.423433 -1.74846e-07 -0.885803 -0.464061 0.706435 -0.689261 -0.160842 -1.74846e-07 -0.863858 -0.503735 0.156247 -0.832156 -0.532075 0.453482 -0.889692 -0.0529417 0.890402 -0.431958 -0.143517 0.808346 -0.542449 -0.228748 -1.74846e-07 -0.81469 -0.579897 -1.74846e-07 -0.787568 -0.616228 0.706435 -0.652164 -0.275014 0.58717 -0.681976 -0.436051 0.706435 -0.596305 -0.381274 0.58717 -0.788285 -0.183949 0.453482 -0.867947 -0.202539 0.890402 -0.407929 -0.201938 0.808346 -0.495988 -0.317132 -1.74846e-07 -0.696726 -0.717337 0.156247 -0.730265 -0.665057 -1.74846e-07 -0.728525 -0.685019 0.890402 -0.398146 -0.2206 0.58717 -0.745859 -0.314524 0.890402 -0.38751 -0.23879 -1.74846e-07 -0.663495 -0.74818 0.453482 -0.821233 -0.346309 0.808346 -0.435258 -0.396392 0.890402 -0.363771 -0.273598 -1.74846e-07 -0.555907 -0.831245 0.156247 -0.607365 -0.778906 -1.74846e-07 -0.593013 -0.805193 0.706435 -0.523293 -0.476566 0.890402 -0.350719 -0.29014 0.890402 -0.336915 -0.30606 -1.74846e-07 -0.517658 -0.855588 0.156247 -0.466993 -0.870347 0.453482 -0.750894 -0.480117 0.58717 -0.598473 -0.545033 -1.74846e-07 -0.438048 -0.898952 -1.74846e-07 -0.396851 -0.917883 -1.74846e-07 -0.354838 -0.934928 0.156247 -0.313187 -0.93675 0.808346 -0.362007 -0.46425 0.890402 -0.307173 -0.335901 0.706435 -0.334638 -0.623673 0.706435 -0.435226 -0.558148 0.58717 -0.382714 -0.713275 -1.74846e-07 -0.268712 -0.963221 -1.74846e-07 -0.224776 -0.974411 0.453482 -0.658953 -0.600113 0.58717 -0.497754 -0.638336 0.808346 -0.278341 -0.518751 0.890402 -0.257711 -0.375193 0.890402 -0.240071 -0.386718 -1.74846e-07 -0.0905608 -0.995891 0.156247 -0.15037 -0.976205 -1.74846e-07 -0.135609 -0.990762 0.890402 -0.221916 -0.397414 0.453482 -0.548055 -0.702844 -1.74846e-07 -0.045327 -0.998972 0.808346 -0.186668 -0.558329 0.890402 -0.184219 -0.416231 0.706435 -0.224423 -0.671256 -1.74846e-07 0.0448647 -0.998993 -1.74846e-07 0.0896392 -0.995974 0.156247 0.0167721 -0.987576 0.890402 -0.144945 -0.431481 0.890402 -0.164759 -0.424311 0.58717 -0.256665 -0.767694 0.453482 -0.421391 -0.785356 -1.74846e-07 0.134233 -0.99095 0.156247 0.183432 -0.970536 0.890402 -0.104428 -0.443035 0.808346 -0.089625 -0.581845 0.706435 -0.107752 -0.699528 0.58717 0.0137452 -0.809347 0.706435 0.0120186 -0.707676 0.453482 -0.282603 -0.845275 -1.74846e-07 0.222521 -0.974928 -1.74846e-07 0.266037 -0.963963 0.808346 0.109331 -0.578466 0.890402 0.0417939 -0.453253 -1.74846e-07 0.550897 -0.834573 -1.74846e-07 0.587785 -0.809017 0.156247 0.496278 -0.853988 0.453482 -0.135686 -0.880876 0.453482 0.0151343 -0.891137 0.58717 -0.123233 -0.800028 0.453482 0.16552 -0.875761 0.706435 0.131444 -0.695466 0.706435 0.247087 -0.663248 0.58717 0.150328 -0.795382 0.453482 0.311143 -0.835191 0.156247 0.633464 -0.757833 -1.74846e-07 0.691063 -0.722795 -1.74846e-07 0.722795 -0.691063 0.808346 0.377562 -0.451689 0.890402 0.289602 -0.351163 0.890402 0.273157 -0.364102 0.890402 0.256135 -0.376271 0.706435 0.539173 -0.458522 0.58717 0.696389 -0.412642 0.706435 0.608908 -0.360806 0.156247 0.849743 -0.503511 -1.74846e-07 0.880595 -0.473869 -1.74846e-07 0.900969 -0.433883 0.890402 0.374297 -0.259011 0.808346 0.448467 -0.381384 0.808346 0.506471 -0.300107 0.156247 0.752427 -0.639876 0.808346 0.549904 -0.210196 0.890402 0.406353 -0.20509 -1.74846e-07 0.809017 -0.587785 0.890402 0.437005 -0.127325 0.808346 0.577517 -0.114238 0.58717 0.616635 -0.524397 0.890402 0.45356 0.0383199 0.890402 0.454842 0.0174344 0.808346 0.582585 0.0846813 0.890402 0.448125 0.0798036 0.890402 0.451319 0.0591241 0.808346 0.588516 -0.0149943 0.706435 0.707549 -0.0180267 0.706435 0.700418 0.101809 0.706435 0.661126 -0.25271 0.706435 0.694325 -0.137344 0.890402 0.452919 -0.0452657 -1.74846e-07 0.998993 -0.0448648 0.156247 0.987398 -0.0251565 -1.74846e-07 0.995974 -0.0896393 0.156247 0.922614 -0.352661 0.156247 0.968943 -0.191666 -1.74846e-07 0.963963 -0.266037 0.58717 0.794077 -0.157076 0.453482 0.874324 -0.172949 0.453482 0.890976 -0.0227 -1.74846e-07 1 4.6894e-08 -1.74846e-07 0.998993 0.0448649 0.308656 0.941282 0.136819 0.308656 0.950865 -0.0242258 0.156247 0.977446 0.142076 -1.74846e-07 0.995974 0.0896394 -1.74846e-07 0.98393 0.178557 -1.74846e-07 0.99095 0.134233 -1.74846e-07 0.974928 0.222521 -1.74846e-07 0.963963 0.266037 -1.74846e-07 0.99095 -0.134233 0.890402 0.45036 -0.0660333 0.890402 0.454521 -0.0244025 0.890402 0.438905 0.120613 0.890402 0.443984 0.100314 0.58717 0.756109 -0.289016 0.453482 0.678951 -0.577391 0.453482 0.766764 -0.454342 0.890402 0.423468 -0.166913 0.890402 0.415349 -0.186198 0.58717 0.809201 -0.0206165 0.453482 0.571605 -0.683829 0.58717 0.519142 -0.621066 -1.74846e-07 0.98393 -0.178557 0.706435 0.453927 -0.543047 0.890402 0.385805 -0.241535 0.58717 0.406714 -0.699868 0.453482 0.447815 -0.770594 -1.74846e-07 0.951056 -0.309017 -1.74846e-07 0.919528 -0.393025 0.890402 0.320622 -0.323089 0.706435 0.355623 -0.61195 0.58717 0.282586 -0.758536 -1.74846e-07 0.834573 -0.550897 -1.74846e-07 0.781831 -0.62349 0.808346 0.295796 -0.509 0.890402 0.20197 -0.407913 0.890402 0.220504 -0.3982 0.156247 0.344815 -0.925575 -1.74846e-07 0.433884 -0.900969 0.890402 0.18301 -0.416764 -1.74846e-07 0.657938 -0.753072 0.808346 0.205519 -0.551669 0.890402 0.123973 -0.437968 -1.74846e-07 0.512899 -0.858449 0.890402 0.0832348 -0.447501 0.890402 0.0625806 -0.450853 -1.74846e-07 0.393025 -0.919528 0.890402 -5.28125e-08 -0.455176 -1.74846e-07 0.309017 -0.951057 -1.74846e-07 0.545092 0.838376 0.308656 0.755027 0.578504 0.890402 0.399596 0.217962 -1.74846e-07 0.426365 0.904551 0.308656 0.646398 0.697783 0.890402 0.293605 0.347823 0.890402 0.324508 0.319186 0.890402 0.35263 0.287814 -1.74846e-07 0.256211 0.966621 0.308656 0.519175 0.796988 0.890402 0.260187 0.373481 0.890402 0.309388 0.333862 -1.74846e-07 0.0776519 0.996981 0.308656 0.377015 0.873265 0.890402 0.242623 0.385122 -1.74846e-07 -0.103455 0.994634 0.308656 0.22401 0.924419 0.890402 0.0867695 0.446829 0.890402 0.127713 0.436892 0.890402 0.167561 0.423212 -1.74846e-07 -0.23738 0.971417 0.308656 0.0645601 0.94898 0.890402 0.0450831 0.452938 0.890402 0.107356 0.442334 -1.74846e-07 -0.408708 0.912665 0.308656 -0.0967469 0.946241 0.890402 0.0240726 0.454539 -1.74846e-07 -0.566629 0.823973 0.308656 -0.255271 0.91628 0.890402 -0.142088 0.43243 0.890402 -0.101496 0.443716 0.890402 -0.0600341 0.451199 -1.74846e-07 -0.705961 0.708251 0.308656 -0.406451 0.859959 0.890402 -0.181463 0.41744 0.890402 -0.121922 0.438543 -1.74846e-07 -0.795484 0.605974 0.308656 -0.545938 0.778899 0.890402 -0.200587 0.408595 -1.74846e-07 -0.891741 0.452547 0.308656 -0.66972 0.675431 0.890402 -0.334884 0.308282 0.890402 -0.304945 0.337925 0.890402 -0.272393 0.364674 -1.74846e-07 -0.958743 0.284274 0.308656 -0.774235 0.552532 0.890402 -0.361953 0.275997 0.890402 -0.320257 0.32345 -1.74846e-07 -0.994294 0.106676 0.308656 -0.856477 0.413738 0.890402 -0.374339 0.25895 -1.74846e-07 -0.999575 -0.0291446 0.308656 -0.914079 0.263042 0.890402 -0.442687 0.105893 0.890402 -0.430999 0.146371 0.890402 -0.415619 0.185595 -1.74846e-07 -0.977923 -0.208968 0.308656 -0.945385 0.104778 0.890402 -0.450581 0.0645073 0.890402 -0.437312 0.126267 -1.74846e-07 -0.924189 -0.381935 0.308656 -0.949494 -0.0565003 0.890402 -0.453084 0.0435851 -1.74846e-07 -0.840137 -0.542374 0.308656 -0.926288 -0.216153 0.890402 -0.438137 -0.123372 0.890402 -0.447668 -0.0823324 0.890402 -0.453362 -0.0405875 -1.74846e-07 -0.758826 -0.651293 0.308656 -0.876434 -0.369587 0.890402 -0.424853 -0.163354 0.890402 -0.443377 -0.102962 -1.74846e-07 -0.628901 -0.777486 0.308656 -0.801367 -0.512389 0.890402 -0.416838 -0.182842 -1.74846e-07 -0.478344 -0.878172 0.308656 -0.703246 -0.640451 0.890402 -0.376043 -0.256469 -1.74846e-07 -0.312096 -0.950051 0.308656 -0.584894 -0.750087 0.890402 -0.291298 -0.349757 0.890402 -0.32239 -0.321325 -1.74846e-07 -0.180378 -0.983597 0.308656 -0.449715 -0.838145 0.890402 -0.274799 -0.362864 -1.74846e-07 -1.16027e-07 -1 0.308656 -0.301599 -0.902092 0.890402 -0.203285 -0.407259 -1.74846e-07 0.178557 -0.98393 0.308656 -0.144806 -0.940087 0.890402 -0.0838125 -0.447393 0.890402 -0.12482 -0.437727 -1.74846e-07 0.351375 -0.936235 0.308656 0.0161516 -0.951037 0.890402 -0.0630169 -0.450792 -1.74846e-07 0.473869 -0.880596 0.308656 0.176645 -0.934627 0.890402 0.0209192 -0.454695 -1.74846e-07 0.62349 -0.781831 0.308656 0.332058 -0.89133 0.890402 0.14397 -0.431807 0.890402 0.103713 -0.443202 -1.74846e-07 0.753071 -0.657939 0.308656 0.477916 -0.822391 0.890402 0.163663 -0.424734 -1.74846e-07 0.858449 -0.512899 0.308656 0.610027 -0.729794 0.890402 0.238572 -0.387645 -1.74846e-07 0.936235 -0.351375 0.308656 0.724588 -0.616201 0.890402 0.361998 -0.275939 0.890402 0.335132 -0.308012 0.890402 0.305435 -0.337482 -1.74846e-07 0.974928 -0.222521 0.308656 0.818304 -0.484882 0.890402 0.348934 -0.292284 0.453482 0.832519 -0.318223 0.308656 0.888479 -0.339613 0.890402 0.396498 -0.223549 0.308656 0.933094 -0.184575 0.890402 0.442395 -0.107106 0.890402 0.430692 -0.147274 0.890402 0.44685 -0.0866615 0.453482 0.881997 0.128202 0.58717 0.801046 0.116435 0.890402 0.455162 -0.00348764 0 0.0323817 0.999476 0 -0.0129547 0.999916 0 -0.0129547 0.999916 0 -0.0582647 0.998301 0 -0.0582647 0.998301 0 -0.103455 0.994634 0 -0.103454 0.994634 0 -0.148432 0.988923 0 -0.148432 0.988923 0 -0.193105 0.981178 0 -0.193105 0.981178 0 -0.23738 0.971417 0 -0.23738 0.971417 0 -0.281167 0.959659 0 -0.281167 0.959659 0 -0.324377 0.945928 0 -0.324377 0.945928 0 -0.36692 0.930253 0 -0.36692 0.930253 0 -0.408708 0.912665 0 -0.408708 0.912665 0 -0.449656 0.893202 0 -0.449656 0.893202 0 -0.489681 0.871902 0 -0.489681 0.871902 0 -0.528698 0.84881 0 -0.528698 0.84881 0 -0.566629 0.823973 0 -0.566629 0.823973 0 -0.603395 0.797443 0 -0.603395 0.797443 0 -0.63892 0.769273 0 -0.63892 0.769273 0 -0.673132 0.739522 0 -0.673132 0.739522 0 -0.705961 0.708251 0 -0.705961 0.708251 0 -0.737338 0.675524 0 -0.737338 0.675524 0 -0.7672 0.641408 0 -0.7672 0.641408 0 -0.795484 0.605974 0 -0.795484 0.605974 0 -0.822134 0.569294 0 -0.822134 0.569294 0 -0.847093 0.531444 0 -0.847093 0.531444 0 -0.870311 0.492502 0 -0.870311 0.492502 0 -0.891741 0.452547 0 -0.891741 0.452547 0 -0.911336 0.411662 0 -0.911337 0.411662 0 -0.929059 0.369931 0 -0.929059 0.369931 0 -0.944872 0.327439 0 -0.944872 0.327439 0 -0.958743 0.284274 0 -0.958743 0.284274 0 -0.970643 0.240525 0 -0.970643 0.240525 0 -0.980548 0.196281 0 -0.980548 0.196281 0 -0.988437 0.151634 0 -0.988437 0.151634 0 -0.994294 0.106676 0 -0.994294 0.106676 0 -0.998107 0.0614975 0 -0.998107 0.0614975 0 -0.999869 0.0161931 0 -0.999869 0.0161931 0 -0.999575 -0.0291445 0 -0.999575 -0.0291445 0 -0.997227 -0.0744226 0 -0.997227 -0.0744226 0 -0.992828 -0.119547 0 -0.992828 -0.119547 0 -0.986389 -0.164427 0 -0.986389 -0.164426 0 -0.977923 -0.208967 0 -0.977923 -0.208967 0 -0.967446 -0.253079 0 -0.967446 -0.253079 0 -0.95498 -0.29667 0 -0.95498 -0.29667 0 -0.940551 -0.339652 0 -0.940551 -0.339652 0 -0.924189 -0.381935 0 -0.924189 -0.381935 0 -0.905927 -0.423434 0 -0.905927 -0.423434 0 -0.885803 -0.464061 0 -0.885803 -0.464061 0 -0.863858 -0.503735 0 -0.863858 -0.503735 0 -0.840137 -0.542374 0 -0.840137 -0.542374 0 -0.81469 -0.579897 0 -0.81469 -0.579897 0 -0.787567 -0.616228 0 -0.787567 -0.616228 0 -0.758826 -0.651293 0 -0.758826 -0.651293 0 -0.728525 -0.685019 0 -0.728525 -0.685019 0 -0.696726 -0.717337 0 -0.696726 -0.717337 0 -0.663496 -0.74818 0 -0.663496 -0.74818 0 -0.628901 -0.777486 0 -0.628901 -0.777485 0 -0.593013 -0.805193 0 -0.593013 -0.805193 0 -0.555907 -0.831245 0 -0.555907 -0.831245 0 -0.517657 -0.855588 0 -0.517657 -0.855588 0 -0.478345 -0.878172 0 -0.478345 -0.878172 0 -0.438048 -0.898952 0 -0.438048 -0.898952 0 -0.396851 -0.917883 0 -0.396851 -0.917883 0 -0.354838 -0.934928 0 -0.354838 -0.934928 0 -0.312095 -0.950051 0 -0.312095 -0.950051 0 -0.268712 -0.963221 0 -0.268712 -0.963221 0 -0.224776 -0.97441 0 -0.224775 -0.974411 0 -0.180378 -0.983597 0 -0.180378 -0.983597 0 -0.135609 -0.990762 0 -0.135609 -0.990762 0 -0.090561 -0.995891 0 -0.090561 -0.995891 0 -0.0453272 -0.998972 0 -0.0453272 -0.998972 0 1.74846e-07 -1 0 -3.01992e-07 -1 0 0.032382 0.999476 0 0.0776518 0.996981 0 0.0776518 0.996981 0 0.122762 0.992436 0 0.122762 0.992436 0 0.16762 0.985852 0 0.16762 0.985852 0 0.212134 0.977241 0 0.212134 0.977241 0 0.256211 0.966621 0 0.256211 0.966621 0 0.299762 0.954014 0 0.299762 0.954014 0 0.342696 0.939446 0 0.342697 0.939446 0 0.384926 0.922947 0 0.384926 0.922947 0 0.426365 0.904551 0 0.426365 0.904551 0 0.466928 0.884295 0 0.466928 0.884295 0 0.50653 0.862222 0 0.50653 0.862222 0 0.545092 0.838376 0 0.545092 0.838376 0 0.582532 0.812807 0 0.582533 0.812807 0 0.618776 0.785568 0 0.618776 0.785568 0 0.653747 0.756713 0 0.653747 0.756713 0 0.687375 0.726303 0 0.687375 0.726303 0 0.71959 0.694399 0 0.71959 0.694399 0 0.750325 0.661069 0 0.750325 0.661069 0 0.779518 0.626379 0 0.779518 0.626379 0 0.807109 0.590402 0 0.807109 0.590402 0 0.833041 0.553212 0 0.833041 0.553212 0 0.85726 0.514884 0 0.85726 0.514884 0 0.879717 0.475498 0 0.879717 0.475498 0 0.900366 0.435134 0 0.900366 0.435134 0 0.919164 0.393876 0 0.919164 0.393876 0 0.936072 0.351808 0 0.936072 0.351808 0 0.951056 0.309017 0 0.951057 0.309017 0 0.963963 0.266037 0 0.963963 0.266037 0 0.974928 0.222521 0 0.974928 0.222521 0 0.98393 0.178557 0 0.98393 0.178557 0 0.99095 0.134233 0 0.99095 0.134233 0 0.995974 0.0896394 0 0.995974 0.0896393 0 0.998993 0.0448649 0 0.998993 0.0448648 0 1 4.37114e-08 0 1 4.37114e-08 0 0.998993 -0.0448649 0 0.998993 -0.0448648 0 0.995974 -0.0896393 0 0.995974 -0.0896393 0 0.99095 -0.134233 0 0.99095 -0.134233 0 0.98393 -0.178557 0 0.98393 -0.178557 0 0.974928 -0.222521 0 0.974928 -0.222521 0 0.963963 -0.266037 0 0.963963 -0.266037 0 0.951056 -0.309017 0 0.951057 -0.309017 0 0.936235 -0.351375 0 0.936235 -0.351375 0 0.919528 -0.393025 0 0.919528 -0.393025 0 0.900969 -0.433884 0 0.900969 -0.433884 0 0.880596 -0.473869 0 0.880596 -0.473869 0 0.858449 -0.512899 0 0.858449 -0.512899 0 0.834573 -0.550897 0 0.834573 -0.550897 0 0.809017 -0.587785 0 0.781832 -0.62349 0 0.809017 -0.587785 0 0.753071 -0.657939 0 0.781832 -0.62349 0 0.753071 -0.657939 0 0.722795 -0.691063 0 0.691063 -0.722795 0 0.722795 -0.691063 0 0.657939 -0.753071 0 0.691063 -0.722795 0 0.657939 -0.753071 0 0.62349 -0.781831 0 0.587785 -0.809017 0 0.62349 -0.781831 0 0.550897 -0.834573 0 0.587785 -0.809017 0 0.550897 -0.834573 0 0.512899 -0.858449 0 0.473869 -0.880596 0 0.512899 -0.858449 0 0.433884 -0.900969 0 0.473869 -0.880596 0 0.433884 -0.900969 0 0.393025 -0.919528 0 0.351375 -0.936235 0 0.393025 -0.919528 0 0.309017 -0.951057 0 0.351375 -0.936235 0 0.309017 -0.951057 0 0.266037 -0.963963 0 0.222521 -0.974928 0 0.266037 -0.963963 0 0.178557 -0.98393 0 0.222521 -0.974928 0 0.178557 -0.98393 0 0.134233 -0.99095 0 0.0896393 -0.995974 0 0.134233 -0.99095 0 0.0448648 -0.998993 0 0.0896393 -0.995974 0 0.0448648 -0.998993 -1.74846e-07 0.834573 -0.550897 -0.156247 0.849743 -0.503511 -1.74846e-07 0.858449 -0.512899 -0.453483 0.311143 -0.835191 -0.453483 0.447815 -0.770594 -0.308655 0.477916 -0.822391 -0.808346 -0.186668 -0.558329 -0.890402 -0.164758 -0.42431 -0.890402 -0.144945 -0.431481 -0.890402 0.430691 -0.147274 -0.890402 0.437005 -0.127325 -0.808346 0.549904 -0.210196 -0.808346 0.377562 -0.451689 -0.890402 0.320622 -0.323088 -0.808346 0.448467 -0.381384 -0.58717 -0.497753 -0.638336 -0.453483 -0.548055 -0.702844 -0.58717 -0.598473 -0.545033 -0.453483 -0.42139 -0.785356 -0.58717 -0.382714 -0.713275 -0.808346 0.577517 -0.114238 -0.890402 0.442394 -0.107106 -0.58717 0.696389 -0.412642 -0.453483 0.832519 -0.318223 -0.453483 0.766764 -0.454342 -1.74846e-07 -0.135609 -0.990762 -0.156247 -0.15037 -0.976205 -1.74846e-07 -0.0905608 -0.995891 -0.808346 0.506471 -0.300107 -0.890402 0.374297 -0.259011 -0.58717 0.616635 -0.524397 -0.453483 0.67895 -0.577391 -0.58717 0.519142 -0.621066 -1.74846e-07 0.963963 -0.266037 -0.156247 0.922614 -0.352661 -0.156247 0.968943 -0.191666 -1.74846e-07 0.900969 -0.433884 -1.74846e-07 0.919528 -0.393025 -1.74846e-07 0.963963 0.266037 -0.156247 0.939376 0.305221 -1.74846e-07 0.951057 0.309017 -0.808346 -0.157994 0.567111 -0.808346 -0.0598793 0.585654 -0.890402 -0.0808515 0.447937 -0.156247 -0.466993 -0.870347 -1.74846e-07 -0.478344 -0.878172 -1.74846e-07 -0.517658 -0.855588 -0.308655 0.888479 -0.339613 -1.74846e-07 0.974928 -0.222521 -0.453483 -0.282603 -0.845274 -0.890402 -0.0838122 -0.447393 -0.808346 -0.0896247 -0.581845 -0.890402 -0.104428 -0.443034 -1.74846e-07 0.98393 0.178557 -0.156247 0.977446 0.142076 -1.74846e-07 0.974928 0.222521 -1.74846e-07 0.99095 -0.134233 -1.74846e-07 0.98393 -0.178557 -0.890402 -5.28125e-08 -0.455175 -0.808346 0.00999665 -0.588623 -0.890402 -0.0210658 -0.454688 -0.890402 0.0417939 -0.453253 -0.890402 0.0625806 -0.450853 -0.808346 0.109331 -0.578466 -1.74846e-07 0.995974 -0.0896393 -0.156247 0.987398 -0.0251566 -1.74846e-07 0.995974 0.0896394 -1.74846e-07 0.99095 0.134233 -1.74846e-07 1 4.6894e-08 -1.74846e-07 0.998993 0.0448649 -0.308655 0.950865 -0.0242262 -0.308655 0.933094 -0.184575 -0.453483 0.874324 -0.172949 -0.453483 0.890976 -0.0227004 -1.74846e-07 0.998993 -0.0448648 -0.890402 0.446849 -0.0866612 -0.890402 0.45036 -0.0660333 -0.890402 0.452919 -0.0452656 -0.890402 0.406353 -0.20509 -0.890402 0.454521 -0.0244025 -0.808346 0.588517 -0.0149943 -0.808346 0.582585 0.0846813 -0.706434 0.700418 0.101809 -0.706434 0.707549 -0.018027 -0.890402 0.455162 -0.00348785 -0.890402 0.454841 0.0174344 -0.890402 0.451319 0.0591243 -0.890402 0.453559 0.0383196 -0.58717 0.809201 -0.0206169 -0.58717 0.801046 0.116435 -1.74846e-07 -0.268712 -0.963221 -1.74846e-07 -0.312095 -0.950051 -0.156247 -0.313187 -0.93675 -0.890402 -0.0420864 -0.453225 -0.890402 0.448125 0.0798035 -0.706434 0.673137 0.218716 -0.808346 0.559894 0.181921 -0.308655 -0.301599 -0.902092 -0.890402 0.0209191 -0.454694 -0.890402 0.438904 0.120613 -0.890402 0.443984 0.100314 -0.890402 0.432897 0.140657 -1.74846e-07 0.936235 -0.351375 -1.74846e-07 0.951056 -0.309017 -1.74846e-07 0.809017 -0.587785 -0.453483 0.571605 -0.683828 -0.58717 0.406714 -0.699868 -0.890402 0.423468 -0.166912 -0.890402 0.415349 -0.186198 -0.308655 0.610027 -0.729794 -0.890402 0.396498 -0.223549 -1.74846e-07 0.722795 -0.691063 -0.156247 0.633464 -0.757832 -0.156247 0.752427 -0.639876 -0.890402 0.256135 -0.376271 -0.808346 0.295796 -0.509001 -0.58717 0.282586 -0.758536 -0.890402 0.385805 -0.241535 -1.74846e-07 0.691063 -0.722795 -1.74846e-07 0.657939 -0.753071 -0.890402 0.361998 -0.275939 -0.808346 0.205519 -0.551669 -0.890402 0.18301 -0.416764 -0.890402 0.348933 -0.292284 -0.890402 0.335132 -0.308012 -0.156247 0.496278 -0.853988 -1.74846e-07 0.587785 -0.809017 -0.890402 0.305435 -0.337482 -0.58717 0.150328 -0.795382 -0.890402 0.123973 -0.437967 -1.74846e-07 0.550897 -0.834573 -1.74846e-07 0.512899 -0.858449 -0.890402 0.273157 -0.364101 -0.890402 0.289602 -0.351163 -1.74846e-07 0.433884 -0.900969 -1.74846e-07 0.473869 -0.880596 -0.156247 0.344815 -0.925575 -0.890402 0.238571 -0.387644 -0.453483 0.16552 -0.875761 -0.58717 0.0137452 -0.809347 -1.74846e-07 0.393025 -0.919528 -1.74846e-07 0.351375 -0.936235 -0.890402 0.20197 -0.407912 -0.890402 0.220504 -0.398199 -1.74846e-07 0.309017 -0.951057 -1.74846e-07 0.266037 -0.963963 -0.453483 0.0151343 -0.891137 -0.58717 -0.123233 -0.800028 -0.890402 0.163663 -0.424734 -0.156247 0.183432 -0.970536 -1.74846e-07 0.178557 -0.98393 -1.74846e-07 0.134233 -0.99095 -0.890402 0.14397 -0.431807 -1.74846e-07 0.0896392 -0.995974 -0.890402 0.103713 -0.443202 -0.58717 -0.256665 -0.767694 -0.453483 -0.135686 -0.880876 -0.890402 0.083235 -0.4475 -0.308655 -0.144807 -0.940087 -0.156247 0.0167721 -0.987576 -1.74846e-07 -0.045327 -0.998972 -0.890402 -0.184219 -0.416231 -0.808346 -0.278341 -0.518751 -0.890402 -0.0630171 -0.450792 -1.74846e-07 -0.224776 -0.974411 -0.890402 -0.12482 -0.437727 -1.74846e-07 -0.396851 -0.917883 -1.74846e-07 -0.354838 -0.934928 -0.890402 -0.307173 -0.335901 -0.808346 -0.362007 -0.46425 -0.808346 -0.435258 -0.396392 -1.74846e-07 -0.663496 -0.74818 -0.156247 -0.730265 -0.665057 -0.156247 -0.607366 -0.778906 -0.453483 -0.821233 -0.346309 -0.453483 -0.750894 -0.480117 -0.308655 -0.801367 -0.512389 -0.890402 -0.257711 -0.375193 -0.890402 -0.24007 -0.386718 -1.74846e-07 -0.81469 -0.579897 -1.74846e-07 -0.840138 -0.542373 -0.156247 -0.832156 -0.532075 -0.890402 -0.291298 -0.349757 -0.890402 -0.350719 -0.29014 -0.890402 -0.363771 -0.273597 -1.74846e-07 -0.863858 -0.503735 -1.74846e-07 -0.885803 -0.464061 -0.890402 -0.398146 -0.2206 -0.890402 -0.38751 -0.23879 -0.808346 -0.495988 -0.317132 -0.808346 -0.587668 -0.0349696 -0.890402 -0.450998 -0.0615258 -0.808346 -0.573305 -0.133783 -0.890402 -0.454615 0.0225693 -0.808346 -0.585125 0.0648499 -0.58717 -0.788285 -0.183949 -0.453483 -0.867947 -0.202539 -0.890402 -0.447113 0.0852914 -0.808346 -0.565749 0.162804 -0.453483 -0.885841 0.0981784 -0.58717 -0.777896 0.223852 -0.58717 -0.804537 0.0891674 -0.890402 -0.453362 -0.0405875 -0.156247 -0.981707 0.108803 -0.156247 -0.985974 -0.058671 -1.74846e-07 -0.999869 0.016193 -0.890402 -0.455173 0.00150522 -1.74846e-07 -0.988437 0.151634 -1.74846e-07 -0.980548 0.196281 -0.890402 -0.450581 0.0645073 -0.808346 -0.530097 0.256074 -0.808346 -0.479195 0.341977 -0.890402 -0.385922 0.241348 -0.890402 -0.348792 0.292453 -0.808346 -0.414508 0.418043 -0.453483 -0.802533 0.387679 -0.58717 -0.728875 0.352098 -0.453483 -0.856507 0.246474 -0.808346 -0.337896 0.482082 -0.890402 -0.288978 0.351676 -0.58717 -0.569942 0.574802 -0.453483 -0.627538 0.632889 -0.58717 -0.464602 0.662855 -0.890402 -0.374339 0.25895 -1.74846e-07 -0.7672 0.641408 -0.156247 -0.695451 0.701381 -0.156247 -0.803981 0.57376 -0.890402 -0.334883 0.308282 -1.74846e-07 -0.63892 0.769273 -1.74846e-07 -0.673132 0.739522 -0.890402 -0.304944 0.337925 -0.890402 -0.161949 0.425391 -0.808346 -0.251564 0.532252 -0.453483 -0.239193 0.858569 -0.308655 -0.255271 0.91628 -0.453483 -0.0906535 0.886643 -0.156247 -0.422067 0.892999 -1.74846e-07 -0.489681 0.871902 -1.74846e-07 -0.449657 0.893202 -1.74846e-07 -0.324377 0.945928 -1.74846e-07 -0.281168 0.959659 -0.156247 -0.265078 0.951483 -0.890402 -0.219282 0.398873 -0.890402 -0.237507 0.388297 -0.890402 -0.142088 0.43243 -1.74846e-07 -0.193105 0.981178 -0.156247 -0.100464 0.982596 -0.890402 -0.101496 0.443715 -1.74846e-07 -0.0582647 0.998301 -1.74846e-07 -0.0129546 0.999916 -0.890402 -0.0180581 0.454817 -0.890402 -0.039088 0.453494 -0.808346 0.233345 0.540487 -0.890402 0.147795 0.430513 -0.808346 0.138646 0.572149 -0.890402 0.00301042 0.455165 -0.808346 0.039958 0.58735 -0.890402 0.0240726 0.454538 -1.74846e-07 0.212134 0.977241 -0.156247 0.232616 0.959936 -1.74846e-07 0.16762 0.985852 -1.74846e-07 0.299762 0.954014 -0.156247 0.3915 0.906816 -0.890402 0.224539 0.395938 -0.808346 0.321331 0.493277 -0.890402 0.0867695 0.446828 -0.890402 0.065997 0.450365 -0.58717 0.550095 0.593824 -0.58717 0.441826 0.678249 -0.453483 0.486475 0.74679 -1.74846e-07 0.426365 0.904551 -1.74846e-07 0.466928 0.884296 -0.890402 0.127712 0.436891 -0.890402 0.107356 0.442334 -0.890402 0.277193 0.361039 -0.808346 0.400074 0.431877 -0.890402 0.167561 0.423211 -0.453483 0.605686 0.653834 -0.58717 0.642539 0.492316 -0.808346 0.467307 0.358052 -0.890402 0.338932 0.303825 -0.156247 0.539122 0.827608 -1.74846e-07 0.50653 0.862222 -1.74846e-07 0.545092 0.838376 -0.453483 0.707472 0.542067 -0.58717 0.716499 0.376645 -0.890402 0.186968 0.415003 -0.890402 0.205974 0.405905 -0.156247 0.671233 0.724592 -1.74846e-07 0.687375 0.726303 -1.74846e-07 0.71959 0.694399 -0.890402 0.242623 0.385122 -0.890402 0.425924 0.160541 -0.890402 0.260187 0.37348 -0.706434 0.626492 0.32933 -0.890402 0.324507 0.319186 -0.890402 0.309388 0.333862 -0.808346 0.521096 0.273926 -0.890402 0.418038 0.180081 -0.890402 0.409255 0.199235 -0.890402 0.399596 0.217962 -0.890402 0.389081 0.236222 -0.890402 0.377731 0.253976 -0.890402 0.365572 0.271185 -0.156247 0.784035 0.60073 -0.58717 0.769846 0.250138 -1.74846e-07 0.750325 0.661069 -1.74846e-07 0.779518 0.626379 -0.453483 0.788905 0.414707 -0.453483 0.847643 0.275416 -0.156247 0.874281 0.459587 -0.308655 0.841934 0.442583 -1.74846e-07 0.833041 0.553212 -1.74846e-07 0.879717 0.475498 -1.74846e-07 0.85726 0.514884 -0.308655 0.90462 0.293929 -1.74846e-07 0.919164 0.393876 -1.74846e-07 0.900366 0.435134 -1.74846e-07 0.936072 0.351808 -0.890402 0.293605 0.347823 -1.74846e-07 0.618776 0.785568 -1.74846e-07 0.582533 0.812807 -0.890402 0.0450831 0.452937 -1.74846e-07 0.384926 0.922947 -1.74846e-07 0.342696 0.939446 -0.453483 0.353269 0.818263 -0.308655 0.377015 0.873265 -0.58717 0.320846 0.743162 -1.74846e-07 0.122762 0.992436 -0.156247 0.0670405 0.98544 -1.74846e-07 0.0776519 0.996981 -0.58717 0.0549417 0.807597 -0.453483 0.0604939 0.88921 -0.890402 -0.0600341 0.451199 -0.453483 0.209901 0.866196 -0.58717 0.190636 0.786695 -1.74846e-07 -0.148432 0.988923 -1.74846e-07 -0.103455 0.994634 -0.890402 -0.121922 0.438543 -0.890402 -0.181462 0.41744 -1.74846e-07 -0.23738 0.971417 -0.58717 -0.0823332 0.805265 -0.890402 -0.200587 0.408594 -1.74846e-07 -0.36692 0.930253 -0.890402 -0.255224 0.376889 -0.58717 -0.217239 0.779768 -0.890402 -0.272393 0.364673 -1.74846e-07 -0.566629 0.823973 -1.74846e-07 -0.528698 0.84881 -0.156247 -0.566913 0.808824 -0.453483 -0.511553 0.72984 -0.890402 -0.320257 0.32345 -0.890402 -0.361953 0.275997 -0.453483 -0.380851 0.805795 -0.58717 -0.345896 0.731838 -1.74846e-07 -0.705961 0.708251 -1.74846e-07 -0.737338 0.675524 -0.890402 -0.396678 0.223229 -1.74846e-07 -0.795484 0.605974 -0.890402 -0.406584 0.204631 -0.890402 -0.415619 0.185595 -0.890402 -0.423763 0.166161 -1.74846e-07 -0.847093 0.531444 -1.74846e-07 -0.822134 0.569294 -0.156247 -0.889383 0.429634 -1.74846e-07 -0.870311 0.492502 -0.890402 -0.430999 0.146371 -0.890402 -0.437311 0.126267 -0.308655 -0.774235 0.552532 -0.453483 -0.725471 0.517731 -0.58717 -0.658886 0.470213 -0.890402 -0.442686 0.105893 -1.74846e-07 -0.958743 0.284274 -1.74846e-07 -0.944872 0.327439 -0.156247 -0.949198 0.273147 -1.74846e-07 -0.929059 0.36993 -0.890402 -0.453084 0.043585 -0.890402 -0.454755 -0.019562 -1.74846e-07 -0.994294 0.106675 -1.74846e-07 -0.998107 0.0614975 -0.890402 -0.447667 -0.0823323 -0.890402 -0.443377 -0.102963 -1.74846e-07 -0.997227 -0.0744224 -1.74846e-07 -0.992828 -0.119547 -1.74846e-07 -0.999575 -0.0291446 -0.890402 -0.424853 -0.163354 -0.808346 -0.542449 -0.228748 -0.890402 -0.431958 -0.143517 -0.890402 -0.438137 -0.123372 -0.453483 -0.889691 -0.0529417 -0.308655 -0.949494 -0.0565003 -0.156247 -0.961876 -0.224457 -1.74846e-07 -0.986389 -0.164427 -0.890402 -0.407929 -0.201937 -0.890402 -0.416837 -0.182842 -1.74846e-07 -0.95498 -0.29667 -0.156247 -0.910107 -0.383787 -1.74846e-07 -0.940551 -0.339652 -0.58717 -0.808034 -0.0480826 -0.890402 -0.376043 -0.256469 -1.74846e-07 -0.924189 -0.381935 -0.58717 -0.745859 -0.314524 -0.890402 -0.336915 -0.30606 -0.890402 -0.322389 -0.321325 -1.74846e-07 -0.787567 -0.616229 -1.74846e-07 -0.728525 -0.685019 -1.74846e-07 -0.696726 -0.717337 -0.890402 -0.274799 -0.362864 -0.890402 -0.221916 -0.397414 -0.58717 -0.681976 -0.436051 -0.308655 -0.703246 -0.64045 -0.453483 -0.658953 -0.600112 -0.890402 -0.203285 -0.407259 -1.74846e-07 -0.555907 -0.831245 -0.890402 0.35263 0.287814 -0.308655 0.755027 0.578504 -0.706434 0.561823 0.430471 -1.74846e-07 0.807109 0.590402 -0.308655 0.646399 0.697783 -0.706434 0.480992 0.519227 -0.308655 0.519175 0.796988 -0.706434 0.386323 0.593047 -1.74846e-07 0.653747 0.756713 -0.706434 0.280541 0.649805 -0.308655 0.22401 0.92442 -0.706434 0.166688 0.68787 -1.74846e-07 0.256211 0.966621 -0.308655 0.06456 0.94898 -0.706434 0.0480398 0.706146 -0.308655 -0.0967471 0.946241 -0.706434 -0.0719905 0.704108 -1.74846e-07 0.0323819 0.999476 -0.706434 -0.18995 0.681813 -0.308655 -0.406451 0.859959 -0.706434 -0.302444 0.639904 -1.74846e-07 -0.408708 0.912665 -0.308655 -0.545938 0.778899 -0.706434 -0.406238 0.579587 -0.308655 -0.66972 0.675431 -0.706434 -0.498346 0.502595 -1.74846e-07 -0.603395 0.797443 -0.706434 -0.576116 0.411145 -0.308655 -0.856477 0.413738 -0.706434 -0.637313 0.307867 -1.74846e-07 -0.891741 0.452547 -0.308655 -0.914079 0.263042 -0.706434 -0.680176 0.195732 -1.74846e-07 -0.911337 0.411662 -0.308655 -0.945385 0.104778 -0.706434 -0.703471 0.0779664 -1.74846e-07 -0.970643 0.240525 -0.706434 -0.706529 -0.0420424 -0.308655 -0.926288 -0.216153 -0.706434 -0.689261 -0.160842 -1.74846e-07 -0.977923 -0.208968 -0.308655 -0.876434 -0.369587 -0.706434 -0.652164 -0.275014 -1.74846e-07 -0.967446 -0.253079 -0.706434 -0.596306 -0.381274 -1.74846e-07 -0.905927 -0.423433 -0.706434 -0.523293 -0.476566 -1.74846e-07 -0.758826 -0.651293 -0.308655 -0.584894 -0.750087 -0.706434 -0.435226 -0.558148 -1.74846e-07 -0.628901 -0.777485 -0.308655 -0.449715 -0.838146 -0.706434 -0.334638 -0.623673 -1.74846e-07 -0.593013 -0.805193 -0.706434 -0.224423 -0.671256 -1.74846e-07 -0.438047 -0.898952 -0.706434 -0.107752 -0.699528 -1.74846e-07 -0.180378 -0.983597 -0.308655 0.016152 -0.951037 -0.706434 0.0120186 -0.707676 -1.74846e-07 3.6081e-07 -1 -0.308655 0.176645 -0.934627 -0.706434 0.131444 -0.695466 -1.74846e-07 0.0448647 -0.998993 -0.308655 0.332057 -0.89133 -0.706434 0.247087 -0.663248 -1.74846e-07 0.222521 -0.974928 -0.706434 0.355623 -0.61195 -1.74846e-07 0.753071 -0.657939 -0.706434 0.453927 -0.543047 -1.74846e-07 0.62349 -0.781832 -0.308655 0.724588 -0.616201 -0.706434 0.539173 -0.458522 -0.308655 0.818304 -0.484882 -0.706434 0.608908 -0.360806 -1.74846e-07 0.781832 -0.62349 -0.58717 0.756109 -0.289016 -0.706434 0.661126 -0.25271 -1.74846e-07 0.880596 -0.473868 -0.58717 0.794077 -0.157076 -0.706434 0.694325 -0.137344 -0.453483 0.881996 0.128202 -0.308655 0.941282 0.136819 -1 -0 -0 -1 -0 -0 -1 -0 -0 -1 -0 -0 -1 -0 -0 -1 -0 -0 -1 -0 -0 -1 -0 -0 -1 -0 -0 -1 -0 -0 -1 -0 -0 -1 -0 -0 -1 -0 -0 -1 -0 -0 -1 -0 -0 -1 -0 -0 -1 -0 -0 -1 -0 -0 -1 -0 -0 -1 -0 -0 -1 -0 -0 -1 -0 -0 -1 -0 -0 -1 -0 -0 -1 -0 -0 -1 -0 -0 -1 -0 -0 -1 -0 -0 -1 -0 -0 -1 -0 -0 -1 -0 -0 -1 -0 -0 -1 -0 -0 -1 -0 -0 -1 -0 -0 -1 -0 -0 -1 -0 -0 -1 -0 -0 -1 -0 -0 -1 -0 -0 -1 -0 -0 -1 -0 -0 -1 -0 -0 -1 -0 -0 -1 -0 -0 -1 -0 -0 -1 -0 -0 -1 -0 -0 -1 -0 -0 -1 -0 -0 -1 -0 -0 -1 -0 -0 -1 -0 -0 -1 -0 -0 -1 -0 -0 -1 -0 -0 -1 -0 -0 -1 -0 -0 -1 -0 -0 -1 -0 -0 -1 -0 -0 -1 -0 -0 -1 -0 -0 -1 -0 -0 -1 -0 -0 -1 -0 -0 -1 -0 -0 -1 -0 -0 -1 -0 -0 -1 -0 -0 -1 -0 -0 -1 -0 -0 -1 -0 -0 -1 -0 -0 -1 -0 -0 -1 -0 -0 -1 -0 -0 -1 -0 -0 -1 -0 -0 -1 -0 -0 -1 -0 -0 -1 -0 -0 -1 -0 -0 -1 -0 -0 -1 -0 -0 -1 -0 -0 -1 -0 -0 -1 -0 -0 -1 -0 -0 -1 -0 -0 -1 -0 -0 -1 -0 -0 -1 -0 -0 -1 -0 -0 -1 -0 -0 -1 -0 -0 -1 -0 -0 -1 -0 -0 -1 -0 -0 -1 -0 -0 -1 -0 -0 -1 -0 -0 -1 -0 -0 -1 -0 -0 -1 -0 -0 -1 -0 -0 -1 -0 -0 -1 -0 -0 -1 -0 -0 -1 -0 -0 -1 -0 -0 -1 -0 -0 -1 -0 -0 -1 -0 -0 -1 -0 -0 -1 -0 -0 -1 -0 -0 -1 -0 -0 -1 -0 -0 -1 -0 -0 -1 -0 -0 -1 -0 -0 -1 -0 -0 -1 -0 -0 -1 -0 -0 -1 -0 -0 -1 -0 -0 -1 -0 -0 -1 -0 -0 -1 -0 -0 -1 -0 -0 -1 -0 -0 -1 -0 -0 -1 -0 -0 -1 -0 -0 -1 -0 -0 -1 -0 -0 -1 -0 -0 -1 -0 -0 -1 -0 -0 -1 -0 -0 -1 -0 -0 -1 -0 -0 -1 -0 -0 -1 -0 -0 -1 -0 -0 -1 -0 -0 -1 -0 -0 -1 -0 -0 -1 -0 -0 -1 -0 -0 -1 -0 -0 -1 -0 -0 -1 -0 -0 -1 -0 -0 -1 -0 -0 -1 -0 -0 -1 -0 -0 -1 -0 -0 -1 -0 -0 -1 -0 -0 -1 -0 -0 -1 -0 -0 -1 -0 -0 -1 -0 -0 -1 -0 -0 -1 -0 -0 -1 -0 -0 -1 -0 -0 -1 -0 -0 -1 -0 -0 -1 -0 -0 -1 -0 -0 -1 -0 -0 -1 -0 -0 -1 -0 -0 -1 -0 -0 -1 -0 -0 -1 -0 -0 -1 -0 -0 -1 -0 -0 -1 -0 -0 -1 -0 -0 -1 -0 -0 -1 -0 -0 -1 -0 -0 -1 -0 -0 -1 -0 -0 -1 -0 -0 -1 -0 -0 -1 -0 -0 -1 -0 -0 -1 -0 -0 -1 -0 -0 -1 -0 -0 -1 -0 -0 -1 -0 -0 -1 -0 -0 -1 -0 -0 -1 -0 -0 -1 -0 -0 -1 -0 -0 -1 -0 -0 -1 -0 -0 -1 -0 -0 -1 -0 -0 -1 -0 -0 -1 -0 -0 -1 -0 -0 -1 -0 -0 -1 -0 -0 -1 -0 -0 -1 -0 -0 -1 -0 -0 -1 -0 -0 -1 -0 -0 -1 -0 -0 -1 -0 -0 -1 -0 -0 -1 -0 -0 -1 -0 -0 -1 -0 -0 -1 -0 -0 -1 -0 -0 -1 -0 -0 -1 -0 -0 -1 -0 -0 -1 -0 -0 -1 -0 -0 -1 -0 -0 -1 -0 -0 -1 -0 -0 -1 -0 -0 -1 -0 -0 -1 -0 -0 -1 -0 -0 -1 -0 -0 -1 -0 -0 -1 -0 -0 -1 -0 -0 -1 -0 -0 -1 -0 -0 -1 -0 -0 -1 -0 -0 -1 -0 -0 -1 -0 -0 -1 -0 -0 -1 -0 -0 -1 -0 -0 -1 -0 -0 -1 -0 -0 -1 -0 -0 -1 -0 -0 -1 -0 -0 -1 -0 -0 -1 -0 -0 -1 -0 -0 -1 -0 -0 0 -8.74228e-08 1 0 -0.0514786 0.998674 0 -8.74228e-08 1 0 -0.0514788 0.998674 0 -0.102821 0.9947 0 -0.15389 0.988088 0 -0.102821 0.9947 0 -0.204552 0.978856 0 -0.15389 0.988088 0 -0.204552 0.978856 0 -0.254671 0.967028 0 -0.304115 0.952635 0 -0.254671 0.967028 0 -0.352752 0.935717 0 -0.304115 0.952635 0 -0.352752 0.935717 0 -0.400454 0.916317 0 -0.447094 0.894487 0 -0.400454 0.916317 0 -0.492548 0.870285 0 -0.447094 0.894487 0 -0.492548 0.870285 0 -0.536696 0.843776 0 -0.579421 0.815028 0 -0.536696 0.843776 0 -0.620609 0.78412 0 -0.579421 0.815028 0 -0.620609 0.78412 0 -0.660152 0.751132 0 -0.697944 0.716152 0 -0.660152 0.751132 0 -0.733886 0.679273 0 -0.697944 0.716152 0 -0.733885 0.679274 0 -0.76788 0.640593 0 -0.799839 0.600214 0 -0.76788 0.640593 0 -0.829677 0.558244 0 -0.799839 0.600214 0 -0.829677 0.558244 0 -0.857314 0.514793 0 -0.882679 0.469977 0 -0.857314 0.514793 0 -0.905702 0.423914 0 -0.882679 0.469977 0 -0.905702 0.423915 0 -0.926324 0.376728 0 -0.944489 0.328542 0 -0.926324 0.376728 0 -0.96015 0.279486 0 -0.944489 0.328542 0 -0.96015 0.279486 0 -0.973264 0.229688 0 -0.983798 0.179281 0 -0.973264 0.229688 0 -0.991723 0.128398 0 -0.983798 0.179281 0 -0.991723 0.128399 0 -0.997018 0.0771756 0 -0.999668 0.0257478 0 -0.997018 0.0771756 0 -0.999668 -0.0257478 0 -0.999668 0.0257478 0 -0.999668 -0.0257478 0 -0.997018 -0.0771756 0 -0.991723 -0.128398 0 -0.997018 -0.0771756 0 -0.983798 -0.179281 0 -0.991723 -0.128398 0 -0.983798 -0.17928 0 -0.973264 -0.229688 0 -0.96015 -0.279486 0 -0.973264 -0.229688 0 -0.944489 -0.328542 0 -0.96015 -0.279486 0 -0.944489 -0.328542 0 -0.926324 -0.376728 0 -0.905702 -0.423914 0 -0.926324 -0.376728 0 -0.882679 -0.469977 0 -0.905702 -0.423914 0 -0.882679 -0.469977 0 -0.857314 -0.514793 0 -0.829677 -0.558244 0 -0.857314 -0.514793 0 -0.799839 -0.600214 0 -0.829677 -0.558244 0 -0.799839 -0.600214 0 -0.76788 -0.640593 0 -0.733886 -0.679273 0 -0.76788 -0.640593 0 -0.697944 -0.716152 0 -0.733886 -0.679273 0 -0.697944 -0.716152 0 -0.660152 -0.751132 0 -0.620609 -0.78412 0 -0.660152 -0.751132 0 -0.579421 -0.815028 0 -0.620609 -0.78412 0 -0.579421 -0.815028 0 -0.536696 -0.843776 0 -0.492548 -0.870285 0 -0.536696 -0.843776 0 -0.447094 -0.894487 0 -0.492548 -0.870285 0 -0.447094 -0.894487 0 -0.400454 -0.916317 0 -0.352752 -0.935717 0 -0.400454 -0.916317 0 -0.304115 -0.952635 0 -0.352752 -0.935717 0 -0.304115 -0.952635 0 -0.254671 -0.967028 0 -0.204552 -0.978856 0 -0.254671 -0.967028 0 -0.153891 -0.988088 0 -0.204552 -0.978856 0 -0.153891 -0.988088 0 -0.102821 -0.9947 0 -0.0514788 -0.998674 0 -0.102821 -0.9947 0 1.74846e-07 -1 0 -0.0514788 -0.998674 0 -3.01992e-07 -1 0 0.0514789 0.998674 0 0.102821 0.9947 0 0.0514787 0.998674 0 0.15389 0.988088 0 0.102821 0.9947 0 0.15389 0.988088 0 0.204552 0.978856 0 0.254671 0.967028 0 0.204552 0.978856 0 0.304115 0.952635 0 0.254671 0.967028 0 0.304115 0.952635 0 0.352752 0.935717 0 0.400454 0.916317 0 0.352752 0.935717 0 0.447094 0.894487 0 0.400454 0.916317 0 0.447094 0.894487 0 0.492548 0.870285 0 0.536696 0.843776 0 0.492548 0.870285 0 0.579421 0.815028 0 0.536696 0.843776 0 0.579421 0.815028 0 0.62061 0.78412 0 0.660152 0.751132 0 0.62061 0.78412 0 0.697944 0.716152 0 0.660152 0.751132 0 0.697944 0.716152 0 0.733885 0.679273 0 0.76788 0.640593 0 0.733885 0.679273 0 0.799839 0.600214 0 0.76788 0.640593 0 0.799839 0.600214 0 0.829677 0.558244 0 0.857315 0.514793 0 0.829677 0.558244 0 0.882679 0.469977 0 0.857315 0.514793 0 0.882679 0.469977 0 0.905702 0.423914 0 0.926324 0.376728 0 0.905702 0.423914 0 0.944489 0.328542 0 0.926324 0.376728 0 0.944489 0.328542 0 0.96015 0.279486 0 0.973264 0.229688 0 0.96015 0.279486 0 0.983798 0.179281 0 0.973264 0.229688 0 0.983798 0.179281 0 0.991723 0.128398 0 0.997018 0.0771754 0 0.991723 0.128398 0 0.999668 0.025748 0 0.997018 0.0771754 0 0.999668 0.0257478 0 0.999668 -0.025748 0 0.997018 -0.0771754 0 0.999668 -0.0257479 0 0.991723 -0.128398 0 0.997018 -0.0771754 0 0.991723 -0.128398 0 0.983798 -0.179281 0 0.973264 -0.229688 0 0.983798 -0.179281 0 0.96015 -0.279486 0 0.973264 -0.229688 0 0.96015 -0.279486 0 0.944489 -0.328542 0 0.926324 -0.376728 0 0.944489 -0.328542 0 0.905702 -0.423914 0 0.926324 -0.376728 0 0.905702 -0.423914 0 0.882679 -0.469977 0 0.857315 -0.514793 0 0.882679 -0.469977 0 0.829677 -0.558244 0 0.857315 -0.514793 0 0.829677 -0.558244 0 0.799839 -0.600214 0 0.76788 -0.640593 0 0.799839 -0.600214 0 0.733885 -0.679273 0 0.76788 -0.640593 0 0.733885 -0.679273 0 0.697944 -0.716152 0 0.660152 -0.751132 0 0.697944 -0.716152 0 0.620609 -0.78412 0 0.660152 -0.751132 0 0.620609 -0.78412 0 0.579421 -0.815028 0 0.536696 -0.843776 0 0.579421 -0.815028 0 0.492548 -0.870285 0 0.536696 -0.843776 0 0.492548 -0.870285 0 0.447094 -0.894487 0 0.400454 -0.916317 0 0.447094 -0.894487 0 0.352752 -0.935717 0 0.400454 -0.916317 0 0.352752 -0.935717 0 0.304115 -0.952635 0 0.254671 -0.967028 0 0.304115 -0.952635 0 0.204552 -0.978856 0 0.254671 -0.967028 0 0.204552 -0.978856 0 0.153891 -0.988088 0 0.102821 -0.9947 0 0.153891 -0.988088 0 0.0514788 -0.998674 0 0.102821 -0.9947 0 0.0514788 -0.998674 -1 0 0 -1 0 0 -1 0 0 -1 0 0 -1 0 0 -1 0 0 -1 0 0 -1 0 0 -1 0 0 -1 0 0 -1 0 0 -1 0 0 -1 0 0 -1 0 0 -1 0 0 -1 0 0 -1 0 0 -1 0 0 -1 0 0 -1 0 0 -1 0 0 -1 0 0 -1 0 0 -1 0 0 -1 0 0 -1 0 0 -1 0 0 -1 0 0 -1 0 0 -1 0 0 -1 0 0 -1 0 0 -1 0 0 -1 0 0 -1 0 0 -1 0 0 -1 0 0 -1 0 0 -1 0 0 -1 0 0 -1 0 0 -1 0 0 -1 0 0 -1 0 0 -1 0 0 -1 0 0 -1 0 0 -1 0 0 -1 0 0 -1 0 0 -1 0 0 -1 0 0 -1 0 0 -1 0 0 -1 0 0 -1 0 0 -1 0 0 -1 0 0 -1 0 0 -1 0 0 -1 0 0 -1 0 0 -1 0 0 -1 0 0 -1 0 0 -1 0 0 -1 0 0 -1 0 0 -1 0 0 -1 0 0 -1 0 0 -1 0 0 -1 0 0 -1 0 0 -1 0 0 -1 0 0 -1 0 0 -1 0 0 -1 0 0 -1 0 0 -1 0 0 -1 0 0 -1 0 0 -1 0 0 -1 0 0 -1 0 0 -1 0 0 -1 0 0 -1 0 0 -1 0 0 -1 0 0 -1 0 0 -1 0 0 -1 0 0 -1 0 0 -1 0 0 -1 0 0 -1 0 0 -1 0 0 -1 0 0 -1 0 0 -1 0 0 -1 0 0 -1 0 0 -1 0 0 -1 0 0 -1 0 0 -1 0 0 -1 0 0 -1 0 0 -1 0 0 -1 0 0 -1 0 0 -1 0 0 -1 0 0 -1 0 0 -1 0 0 -1 0 0 -1 0 0 -1 0 0 -1 0 0 -1 0 0 -1 0 0 -1 0 0 -1 0 0 -1 0 0 -1 0 0 -1 0 0 -1 0 0 -1 0 0 -1 0 0 -1 0 0 -1 0 0 -1 0 0 -1 0 0 -1 0 0 -1 0 0 -1 0 0 -1 0 0 -1 0 0 -1 0 0 -1 0 0 -1 0 0 -1 0 0 -1 0 0 -1 0 0 -1 0 0 -1 0 0 -1 0 0 -1 0 0 -1 0 0 -1 0 0 -1 0 0 -1 0 0 -1 0 0 -1 0 0 -1 0 0 -1 0 0 -1 0 0 -1 0 0 -1 0 0 -1 0 0 -1 0 0 -1 0 0 -1 0 0 -1 0 0 -1 0 0 -1 0 0 -1 0 0 -1 0 0 -1 0 0 -1 0 0 -1 0 0 -1 0 0 -1 0 0 -1 0 0 -1 0 0 -1 0 0 -1 0 0 -1 0 0 -1 0 0 -1 0 0 -1 0 0 -1 0 0 -1 0 0 -1 0 0 -1 0 0 -1 0 0 -1 0 0 -1 0 0 -1 0 0 -1 0 0 -1 0 0 -1 0 0 -1 0 0 -1 0 0 -1 0 0 -1 0 0 -1 0 0 -1 0 0 -1 0 0 -1 0 0 -1 0 0 -1 0 0 -1 0 0 -1 0 0 -1 0 0 -1 0 0 -1 0 0 -1 0 0 -1 0 0 -1 0 0 -1 0 0 -1 0 0 -1 0 0 -1 0 0 -1 0 0 -1 0 0 -1 0 0 -1 0 0 -1 0 0 -1 0 0 -1 0 0 -0.843951 -0.115876 0.523754 -0.843951 -0.092135 0.528448 -0.843951 -0.128374 0.520832 -0.843951 -0.164001 0.510735 -0.843951 -0.148214 0.515537 -0.843951 -0.198846 0.498203 -0.843951 -0.179978 0.505326 -0.843951 -0.211046 0.493159 -0.843951 -0.232744 0.483297 -0.843951 -0.265532 0.466089 -0.843951 -0.241297 0.479084 -0.843951 -0.297056 0.446659 -0.843951 -0.270615 0.463156 -0.843951 -0.298885 0.445437 -0.843951 -0.327163 0.4251 -0.843951 -0.355712 0.401516 -0.843951 -0.326 0.425993 -0.843951 -0.351853 0.404902 -0.843951 -0.376345 0.382244 -0.843951 -0.399381 0.358107 -0.843951 -0.382566 0.376018 -0.843951 -0.407596 0.348729 -0.843951 -0.420872 0.332585 -0.843951 -0.430684 0.319777 -0.843951 -0.440734 0.305777 -0.843951 -0.458892 0.277785 -0.843951 -0.45172 0.289302 -0.843951 -0.470603 0.257448 -0.843951 -0.475274 0.248718 -0.843951 -0.487243 0.224367 -0.843951 -0.489817 0.218689 -0.843951 -0.502466 0.187815 -0.843951 -0.501561 0.190217 -0.843951 -0.513489 0.155161 -0.843951 -0.51317 0.156213 -0.843951 -0.52297 0.119365 -0.843951 -0.521889 0.124007 -0.843951 -0.529959 0.0829999 -0.843951 -0.528589 0.091322 -0.843951 -0.534423 0.0462396 -0.843951 -0.533244 0.0582832 -0.843951 -0.535836 0.0250187 -0.843951 -0.53634 0.00925894 -0.843951 -0.535701 -0.0277658 -0.843951 -0.536355 -0.00834235 -0.843951 -0.532509 -0.0646583 -0.843951 -0.534799 -0.0416711 -0.843951 -0.531173 -0.0748387 -0.843951 -0.526779 -0.101243 -0.843951 -0.518539 -0.137344 -0.843951 -0.525493 -0.107717 -0.843951 -0.507828 -0.172792 -0.843951 -0.51778 -0.140178 -0.843951 -0.508064 -0.172097 -0.843951 -0.494697 -0.207416 -0.843951 -0.482779 -0.233817 -0.843951 -0.496382 -0.203351 -0.843951 -0.479208 -0.241051 -0.843951 -0.467309 -0.263379 -0.843951 -0.450031 -0.291922 -0.843951 -0.461436 -0.273538 -0.843951 -0.441465 -0.304721 -0.843951 -0.431012 -0.319335 -0.843951 -0.41939 -0.334452 -0.843951 -0.410325 -0.345513 -0.843951 -0.388051 -0.370355 -0.843951 -0.395316 -0.362589 -0.843951 -0.369359 -0.388999 -0.843951 -0.364275 -0.393763 -0.843951 -0.341641 -0.413554 -0.843951 -0.33909 -0.415649 -0.843951 -0.312594 -0.435926 -0.843951 -0.312296 -0.436139 -0.843951 -0.281462 -0.456646 -0.843951 -0.284888 -0.454516 -0.843951 -0.25608 -0.471348 -0.843951 -0.249287 -0.474976 -0.843951 -0.215924 -0.491043 -0.843951 -0.22628 -0.486357 -0.843951 -0.181531 -0.50477 -0.843951 -0.195606 -0.499484 -0.843951 -0.164175 -0.510679 -0.843951 -0.146274 -0.516091 -0.843951 -0.11032 -0.524953 -0.843951 -0.132109 -0.519897 -0.843951 -0.07384 -0.531313 -0.843951 -0.0995314 -0.527105 -0.843951 -0.066569 -0.532273 -0.843951 -0.0370081 -0.535142 -0.843951 9.37906e-08 -0.53642 -0.843951 -0.0333491 -0.535382 -0.843951 9.37906e-08 -0.53642 -0.843951 -0.0830905 0.529945 -0.843951 -0.0554572 0.533545 -0.843951 -0.0499832 0.534086 -0.843951 -0.0166827 0.53616 -0.843951 -0.0185152 0.5361 -0.843951 0.0166826 0.53616 -0.843951 0.0499832 0.534086 -0.843951 0.0185151 0.5361 -0.843951 0.0830904 0.529945 -0.843951 0.0554571 0.533545 -0.843951 0.0921349 0.528448 -0.843951 0.115876 0.523755 -0.843951 0.148214 0.515537 -0.843951 0.128374 0.520832 -0.843951 0.179978 0.505326 -0.843951 0.164001 0.510735 -0.843951 0.198846 0.498203 -0.843951 0.211045 0.493159 -0.843951 0.241297 0.479084 -0.843951 0.232744 0.483297 -0.843951 0.270615 0.463156 -0.843951 0.265532 0.466089 -0.843951 0.297056 0.446659 -0.843951 0.298885 0.445436 -0.843951 0.327163 0.4251 -0.843951 0.326 0.425993 -0.843951 0.351853 0.404902 -0.843951 0.355712 0.401516 -0.843951 0.376345 0.382244 -0.843951 0.382566 0.376018 -0.843951 0.407596 0.348729 -0.843951 0.399381 0.358107 -0.843951 0.420872 0.332585 -0.843951 0.430684 0.319777 -0.843951 0.440734 0.305777 -0.843951 0.451719 0.289302 -0.843951 0.470602 0.257448 -0.843951 0.458892 0.277785 -0.843951 0.475274 0.248718 -0.843951 0.487243 0.224367 -0.843951 0.489817 0.218689 -0.843951 0.501561 0.190217 -0.843951 0.502466 0.187815 -0.843951 0.51317 0.156213 -0.843951 0.521889 0.124008 -0.843951 0.513489 0.155161 -0.843951 0.528589 0.091322 -0.843951 0.52297 0.119365 -0.843951 0.529959 0.0829999 -0.843951 0.533244 0.0582832 -0.843951 0.535836 0.0250189 -0.843951 0.534423 0.0462396 -0.843951 0.536355 -0.00834232 -0.843951 0.53634 0.00925897 -0.843951 0.535701 -0.0277658 -0.843951 0.534799 -0.0416711 -0.843951 0.531173 -0.0748388 -0.843951 0.532509 -0.0646582 -0.843951 0.525493 -0.107717 -0.843951 0.526779 -0.101243 -0.843951 0.518539 -0.137344 -0.843951 0.51778 -0.140178 -0.843951 0.507828 -0.172792 -0.843951 0.508064 -0.172097 -0.843951 0.496382 -0.20335 -0.843951 0.494697 -0.207416 -0.843951 0.482779 -0.233817 -0.843951 0.479208 -0.241051 -0.843951 0.461436 -0.273538 -0.843951 0.467309 -0.263379 -0.843951 0.450031 -0.291922 -0.843951 0.441465 -0.304721 -0.843951 0.431012 -0.319335 -0.843951 0.41939 -0.334452 -0.843951 0.395316 -0.362589 -0.843951 0.410325 -0.345513 -0.843951 0.388051 -0.370355 -0.843951 0.369359 -0.388999 -0.843951 0.364275 -0.393763 -0.843951 0.341641 -0.413554 -0.843951 0.33909 -0.415649 -0.843951 0.312594 -0.435926 -0.843951 0.284888 -0.454516 -0.843951 0.312296 -0.436139 -0.843951 0.25608 -0.471348 -0.843951 0.281462 -0.456646 -0.843951 0.249287 -0.474976 -0.843951 0.226281 -0.486357 -0.843951 0.195606 -0.499484 -0.843951 0.215924 -0.491043 -0.843951 0.164175 -0.510679 -0.843951 0.181531 -0.50477 -0.843951 0.146274 -0.516091 -0.843951 0.132109 -0.519897 -0.843951 0.0995315 -0.527105 -0.843951 0.11032 -0.524953 -0.843951 0.066569 -0.532273 -0.843951 0.0738401 -0.531313 -0.843951 0.0370082 -0.535142 -0.843951 0.033349 -0.535382 0 0.0345161 0.999404 0 -0.0345162 0.999404 0 -0.034516 0.999404 0 -0.103384 0.994642 0 -0.103384 0.994641 0 -0.171759 0.985139 0 -0.171759 0.985139 0 -0.239316 0.970942 0 -0.239316 0.970942 0 -0.305732 0.952118 0 -0.305732 0.952118 0 -0.370691 0.928756 0 -0.370691 0.928756 0 -0.433884 0.900969 0 -0.433884 0.900969 0 -0.495009 0.868888 0 -0.495009 0.868888 0 -0.553775 0.832666 0 -0.553775 0.832667 0 -0.609902 0.792477 0 -0.609902 0.792477 0 -0.663123 0.748511 0 -0.663123 0.748511 0 -0.713183 0.700978 0 -0.713183 0.700978 0 -0.759845 0.650104 0 -0.759845 0.650104 0 -0.802886 0.596132 0 -0.802886 0.596132 0 -0.842101 0.53932 0 -0.842101 0.53932 0 -0.877303 0.479937 0 -0.877303 0.479937 0 -0.908324 0.418268 0 -0.908324 0.418268 0 -0.935016 0.354605 0 -0.935016 0.354605 0 -0.957253 0.289252 0 -0.957253 0.289252 0 -0.974928 0.222521 0 -0.974928 0.222521 0 -0.987957 0.154729 0 -0.987957 0.154729 0 -0.996278 0.0862004 0 -0.996278 0.0862004 0 -0.999851 0.0172606 0 -0.999851 0.0172606 0 -0.998659 -0.0517614 0 -0.998659 -0.0517614 0 -0.992709 -0.120537 0 -0.992709 -0.120537 0 -0.982028 -0.188738 0 -0.982028 -0.188738 0 -0.966666 -0.256039 0 -0.966666 -0.256039 0 -0.946699 -0.322121 0 -0.946699 -0.322121 0 -0.922219 -0.386667 0 -0.922219 -0.386667 0 -0.893345 -0.449371 0 -0.893345 -0.449371 0 -0.860214 -0.509933 0 -0.860214 -0.509933 0 -0.822984 -0.568065 0 -0.822984 -0.568065 0 -0.781831 -0.62349 0 -0.781831 -0.62349 0 -0.736953 -0.675944 0 -0.736953 -0.675944 0 -0.688563 -0.725176 0 -0.688563 -0.725176 0 -0.636892 -0.770953 0 -0.636892 -0.770953 0 -0.582185 -0.813056 0 -0.582185 -0.813056 0 -0.524705 -0.851284 0 -0.524705 -0.851284 0 -0.464723 -0.885456 0 -0.464723 -0.885456 0 -0.402527 -0.915408 0 -0.402527 -0.915408 0 -0.338413 -0.940998 0 -0.338413 -0.940998 0 -0.272686 -0.962103 0 -0.272686 -0.962103 0 -0.20566 -0.978624 0 -0.20566 -0.978624 0 -0.137653 -0.99048 0 -0.137653 -0.99048 0 -0.068991 -0.997617 0 -0.068991 -0.997617 0 1.74846e-07 -1 0 -3.01992e-07 -1 0 0.0345161 0.999404 0 0.103384 0.994642 0 0.103384 0.994642 0 0.171759 0.985139 0 0.171759 0.985139 0 0.239316 0.970942 0 0.239316 0.970942 0 0.305732 0.952118 0 0.305732 0.952118 0 0.370691 0.928756 0 0.370691 0.928756 0 0.433884 0.900969 0 0.433884 0.900969 0 0.495009 0.868888 0 0.495009 0.868888 0 0.553775 0.832666 0 0.553775 0.832666 0 0.609902 0.792477 0 0.609902 0.792477 0 0.663123 0.748511 0 0.663123 0.748511 0 0.713183 0.700978 0 0.713183 0.700978 0 0.759845 0.650104 0 0.759845 0.650104 0 0.802886 0.596132 0 0.802886 0.596132 0 0.842101 0.53932 0 0.842101 0.53932 0 0.877303 0.479938 0 0.877303 0.479937 0 0.908324 0.418268 0 0.908324 0.418268 0 0.935016 0.354605 0 0.935016 0.354605 0 0.957253 0.289252 0 0.957253 0.289252 0 0.974928 0.222521 0 0.974928 0.222521 0 0.987957 0.154729 0 0.987957 0.154729 0 0.996278 0.0862005 0 0.996278 0.0862003 0 0.999851 0.0172606 0 0.999851 0.0172607 0 0.998659 -0.0517614 0 0.998659 -0.0517613 0 0.992709 -0.120537 0 0.992709 -0.120537 0 0.982028 -0.188738 0 0.982028 -0.188738 0 0.966666 -0.256039 0 0.966666 -0.256039 0 0.946699 -0.32212 0 0.946699 -0.32212 0 0.92222 -0.386667 0 0.92222 -0.386667 0 0.893346 -0.44937 0 0.893346 -0.44937 0 0.860214 -0.509933 0 0.860214 -0.509933 0 0.822984 -0.568065 0 0.822984 -0.568065 0 0.781832 -0.62349 0 0.781832 -0.62349 0 0.736953 -0.675944 0 0.736953 -0.675944 0 0.688563 -0.725176 0 0.688563 -0.725176 0 0.636892 -0.770953 0 0.636892 -0.770953 0 0.582185 -0.813056 0 0.582185 -0.813056 0 0.524704 -0.851284 0 0.524704 -0.851284 0 0.464723 -0.885456 0 0.464723 -0.885456 0 0.402527 -0.915408 0 0.402527 -0.915408 0 0.338413 -0.940998 0 0.338413 -0.940998 0 0.272686 -0.962103 0 0.272686 -0.962103 0 0.20566 -0.978624 0 0.20566 -0.978624 0 0.137654 -0.99048 0 0.137654 -0.99048 0 0.0689911 -0.997617 0 0.0689911 -0.997617 -1 0 0 -1 0 0 -1 0 0 -1 0 0 -1 0 0 -1 0 0 -1 0 0 -1 0 0 -1 0 0 -1 0 0 -1 0 0 -1 0 0 -1 0 0 -1 0 0 -1 0 0 -1 0 0 -1 0 0 -1 0 0 -1 0 0 -1 0 0 -1 0 0 -1 0 0 -1 0 0 -1 0 0 -1 0 0 -1 0 0 -1 0 0 -1 0 0 -1 0 0 -1 0 0 -1 0 0 -1 0 0 -1 0 0 -1 0 0 -1 0 0 -1 0 0 -1 0 0 -1 0 0 -1 0 0 -1 0 0 -1 0 0 -1 0 0 -1 0 0 -1 0 0 -1 0 0 -1 0 0 -1 0 0 -1 0 0 -1 0 0 -1 0 0 -1 0 0 -1 0 0 -1 0 0 -1 0 0 -1 0 0 -1 0 0 -1 0 0 -1 0 0 -1 0 0 -1 0 0 -1 0 0 -1 0 0 -1 0 0 -1 0 0 -1 0 0 -1 0 0 -1 0 0 -1 0 0 -1 0 0 -1 0 0 -1 0 0 -1 0 0 -1 0 0 -1 0 0 -1 0 0 -1 0 0 -1 0 0 -1 0 0 -1 0 0 -1 0 0 -1 0 0 -1 0 0 -1 0 0 -1 0 0 -1 0 0 -1 0 0 -1 0 0 -1 0 0 -1 0 0 -1 0 0 -1 0 0 1 0 0 1 0 0 1 0 0 1 0 0 1 0 0 1 0 0 1 0 0 1 0 0 1 0 0 1 0 0 1 0 0 1 0 0 1 0 0 1 0 0 1 0 0 1 0 0 1 0 0 1 0 0 1 0 0 1 0 0 1 0 0 1 0 0 1 0 0 1 0 0 1 0 0 1 0 0 1 0 0 1 0 0 1 0 0 1 0 0 1 0 0 1 0 0 1 0 0 1 0 0 1 0 0 1 0 0 1 0 0 0 0.0848059 0.996397 0 0.0848059 0.996397 0 -0.0848059 0.996397 0 0.251978 0.967733 0 0.251978 0.967733 0 0.411901 0.911229 0 0.411901 0.911228 0 0.559975 0.82851 0 0.559975 0.82851 0 0.691939 0.721956 0 0.691939 0.721956 0 0.803997 0.594633 0 0.803997 0.594633 0 0.892926 0.450204 0 0.892926 0.450204 0 0.956167 0.292823 0 0.956167 0.292823 0 0.9919 0.127018 0 0.9919 0.127018 0 0.999099 -0.0424412 0 0.999099 -0.0424412 0 0.977555 -0.210679 0 0.977555 -0.210679 0 0.927889 -0.372856 0 0.927889 -0.372857 0 0.851529 -0.524307 0 0.851529 -0.524307 0 0.750672 -0.660675 0 0.750672 -0.660675 0 0.62822 -0.778036 0 0.62822 -0.778036 0 0.487695 -0.873014 0 0.487695 -0.873014 0 0.33314 -0.942877 0 0.33314 -0.942877 0 0.169001 -0.985616 0 0.169001 -0.985616 0 -1.37186e-11 -1 0 1.35811e-22 -1 0 -0.0848059 0.996397 0 -0.251978 0.967733 0 -0.251978 0.967733 0 -0.411901 0.911228 0 -0.411901 0.911228 0 -0.559975 0.82851 0 -0.559975 0.82851 0 -0.691939 0.721956 0 -0.691939 0.721956 0 -0.803997 0.594633 0 -0.803997 0.594633 0 -0.892926 0.450204 0 -0.892926 0.450204 0 -0.956167 0.292823 0 -0.956167 0.292823 0 -0.9919 0.127018 0 -0.9919 0.127018 0 -0.999099 -0.042441 0 -0.999099 -0.0424415 0 -0.977555 -0.210679 0 -0.977555 -0.210679 0 -0.927889 -0.372856 0 -0.927889 -0.372857 0 -0.851529 -0.524307 0 -0.851529 -0.524307 0 -0.750672 -0.660675 0 -0.750672 -0.660675 0 -0.62822 -0.778036 0 -0.62822 -0.778036 0 -0.487695 -0.873014 0 -0.487695 -0.873014 0 -0.33314 -0.942877 0 -0.33314 -0.942877 0 -0.169001 -0.985616 0 -0.169001 -0.985616 1 0 0 1 0 0 1 0 0 1 0 0 1 0 0 1 0 0 1 0 0 1 0 0 1 0 0 1 0 0 1 0 0 1 0 0 1 0 0 1 0 0 1 0 0 1 0 0 1 0 0 1 0 0 1 0 0 1 0 0 1 0 0 1 0 0 1 0 0 1 0 0 1 0 0 1 0 0 1 0 0 1 0 0 1 0 0 1 0 0 1 0 0 1 0 0 1 0 0 1 0 0 1 0 0 1 0 0 1 0 0 1 0 0 1 0 0 1 0 0 1 0 0 1 0 0 1 0 0 1 0 0 1 0 0 1 0 0 1 0 0 1 0 0 1 0 0 1 0 0 1 0 0 1 0 0 1 0 0 1 0 0 1 0 0 1 0 0 1 0 0 1 0 0 1 0 0 1 0 0 1 0 0 1 0 0 1 0 0 1 0 0 1 0 0 1 0 0 1 0 0 1 0 0 1 0 0 1 0 0 1 0 0 1 0 0 1 0 0 1 0 0 1 0 0 1 0 0 1 0 0 1 0 0 1 0 0 1 0 0 1 0 0 1 0 0 1 0 0 1 0 0 1 0 0 1 0 0 1 0 0 1 0 0 1 0 0 1 0 0 1 0 0 1 0 0 1 0 0 1 0 0 1 0 0 1 0 0 1 0 0 1 0 0 1 0 0 1 0 0 1 0 0 1 0 0 1 0 0 1 0 0 1 0 0 1 0 0 1 0 0 1 0 0 1 0 0 1 0 0 1 0 0 1 0 0 1 0 0 1 0 0 1 0 0 1 0 0 1 0 0 1 0 0 1 0 0 1 0 0 1 0 0 1 0 0 1 0 0 1 0 0 1 0 0 1 0 0 1 0 0 1 0 0 0 -0.034516 0.999404 0 0.0345161 0.999404 0 -8.74228e-08 1 0 0.0697565 0.997564 0 0.103384 0.994642 0 0.171759 0.985139 0 0.139173 0.990268 0 0.239316 0.970942 0 0.207912 0.978148 0 0.275637 0.961262 0 0.305732 0.952118 0 0.370691 0.928756 0 0.34202 0.939693 0 0.433884 0.900969 0 0.406737 0.913545 0 0.469472 0.882948 0 0.495009 0.868888 0 0.553775 0.832666 0 0.529919 0.848048 0 0.609902 0.792477 0 0.587785 0.809017 0 0.642788 0.766044 0 0.663123 0.748511 0 0.713183 0.700978 0 0.694658 0.71934 0 0.759845 0.650104 0 0.743145 0.669131 0 0.788011 0.615661 0 0.802886 0.596132 0 0.842101 0.53932 0 0.829037 0.559193 0 0.877303 0.479937 0 0.866025 0.5 0 0.898794 0.438371 0 0.908324 0.418268 0 0.935016 0.354605 0 0.927184 0.374607 0 0.957253 0.289252 0 0.951056 0.309017 0 0.970296 0.241922 0 0.974928 0.222521 0 0.987957 0.154729 0 0.984808 0.173648 0 0.996278 0.0862003 0 0.994522 0.104529 0 0.999391 0.0348996 0 0.999851 0.0172606 0 0.998659 -0.0517614 0 0.999391 -0.0348995 0 0.992709 -0.120537 0 0.994522 -0.104528 0 0.984808 -0.173648 0 0.982028 -0.188738 0 0.966666 -0.256039 0 0.970296 -0.241922 0 0.946699 -0.32212 0 0.951057 -0.309017 0 0.927184 -0.374607 0 0.92222 -0.386667 0 0.893346 -0.44937 0 0.898794 -0.438371 0 0.860214 -0.509933 0 0.866025 -0.5 0 0.829038 -0.559193 0 0.822984 -0.568065 0 0.781832 -0.62349 0 0.788011 -0.615661 0 0.736953 -0.675944 0 0.743145 -0.669131 0 0.694658 -0.71934 0 0.688563 -0.725176 0 0.636892 -0.770953 0 0.642788 -0.766044 0 0.582185 -0.813056 0 0.587785 -0.809017 0 0.529919 -0.848048 0 0.524704 -0.851284 0 0.464723 -0.885456 0 0.469472 -0.882948 0 0.402527 -0.915408 0 0.406737 -0.913545 0 0.34202 -0.939693 0 0.338413 -0.940998 0 0.272686 -0.962103 0 0.275637 -0.961262 0 0.20566 -0.978624 0 0.207912 -0.978148 0 0.139173 -0.990268 0 0.137654 -0.99048 0 0.0689911 -0.997617 0 0.0697565 -0.997564 0 -1.37186e-11 -1 0 -1.22818e-22 -1 0 -0.0697566 0.997564 0 -0.139173 0.990268 0 -0.103384 0.994642 0 -0.171759 0.985139 0 -0.207912 0.978148 0 -0.275637 0.961262 0 -0.239316 0.970942 0 -0.34202 0.939693 0 -0.305732 0.952118 0 -0.370691 0.928756 0 -0.406737 0.913545 0 -0.469472 0.882948 0 -0.433884 0.900969 0 -0.529919 0.848048 0 -0.495009 0.868888 0 -0.553775 0.832667 0 -0.587785 0.809017 0 -0.642788 0.766044 0 -0.609902 0.792477 0 -0.694658 0.71934 0 -0.663123 0.748511 0 -0.713183 0.700978 0 -0.743145 0.669131 0 -0.788011 0.615662 0 -0.759845 0.650104 0 -0.829038 0.559193 0 -0.802886 0.596132 0 -0.842101 0.53932 0 -0.866025 0.5 0 -0.898794 0.438371 0 -0.877303 0.479937 0 -0.927184 0.374606 0 -0.908324 0.418268 0 -0.935016 0.354605 0 -0.951056 0.309017 0 -0.970296 0.241922 0 -0.957253 0.289252 0 -0.984808 0.173648 0 -0.974928 0.222521 0 -0.987957 0.154729 0 -0.994522 0.104528 0 -0.999391 0.0348998 0 -0.996278 0.0862004 0 -0.999851 0.0172606 0 -0.999391 -0.0348998 0 -0.998659 -0.0517614 0 -0.992709 -0.120537 0 -0.994522 -0.104528 0 -0.984808 -0.173648 0 -0.982028 -0.188738 0 -0.970296 -0.241922 0 -0.966666 -0.256039 0 -0.946699 -0.322121 0 -0.951056 -0.309017 0 -0.927184 -0.374606 0 -0.922219 -0.386667 0 -0.898794 -0.438371 0 -0.893345 -0.449371 0 -0.860214 -0.509933 0 -0.866025 -0.5 0 -0.829038 -0.559193 0 -0.822984 -0.568065 0 -0.788011 -0.615662 0 -0.781831 -0.62349 0 -0.736953 -0.675944 0 -0.743145 -0.669131 0 -0.694659 -0.71934 0 -0.688563 -0.725176 0 -0.642788 -0.766044 0 -0.636892 -0.770953 0 -0.582185 -0.813056 0 -0.587785 -0.809017 0 -0.529919 -0.848048 0 -0.524705 -0.851284 0 -0.469472 -0.882947 0 -0.464723 -0.885456 0 -0.402527 -0.915408 0 -0.406736 -0.913546 0 -0.34202 -0.939693 0 -0.338413 -0.940998 0 -0.275638 -0.961262 0 -0.272686 -0.962103 0 -0.20566 -0.978624 0 -0.207912 -0.978148 0 -0.139173 -0.990268 0 -0.137653 -0.99048 0 -0.0697569 -0.997564 0 -0.068991 -0.997617 0.843951 -0.530071 0.0822821 0.843951 -0.533481 0.0560711 0.843951 -0.52827 0.0931483 0.843951 -4.68953e-08 -0.53642 0.843951 8.09971e-08 -0.53642 0.843951 0.0330225 -0.535402 0.843951 -0.520486 0.129772 0.843951 -0.524001 0.114758 0.843951 -0.510165 0.165763 0.843951 -0.515942 0.146798 0.843951 -0.505927 0.178282 0.843951 -0.49736 0.200946 0.843951 -0.482131 0.235151 0.843951 -0.493992 0.209089 0.843951 -0.464553 0.26821 0.843951 -0.480183 0.239103 0.843951 -0.464553 0.26821 0.843951 -0.444712 0.299962 0.843951 -0.428072 0.323265 0.843951 -0.447161 0.296299 0.843951 -0.422704 0.330253 0.843951 -0.40736 0.349004 0.843951 -0.385102 0.37342 0.843951 -0.398637 0.358935 0.843951 -0.372629 0.385868 0.843951 -0.361383 0.396419 0.843951 -0.344804 0.410921 0.843951 -0.336294 0.417914 0.843951 -0.309929 0.437824 0.843951 -0.3153 0.433973 0.843951 -0.284259 0.45491 0.843951 -0.282388 0.456073 0.843951 -0.251834 0.47363 0.843951 -0.253777 0.472592 0.843951 -0.218181 0.490044 0.843951 -0.224202 0.487319 0.843951 -0.183466 0.50407 0.843951 -0.193777 0.500196 0.843951 -0.162617 0.511177 0.843951 -0.147857 0.51564 0.843951 -0.111528 0.524698 0.843951 -0.13084 0.520218 0.843951 -0.0746552 0.531199 0.843951 -0.0985668 0.527286 0.843951 -0.0659197 0.532354 0.843951 -0.037419 0.535113 0.843951 9.37906e-08 0.53642 0.843951 -0.0330223 0.535402 0.843951 9.37906e-08 0.53642 0.843951 -0.534131 0.0494945 0.843951 -0.536093 0.0187209 0.843951 -0.536165 0.016519 0.843951 -0.536165 -0.016519 0.843951 -0.536093 -0.0187209 0.843951 -0.534131 -0.0494947 0.843951 -0.530071 -0.0822824 0.843951 -0.533481 -0.0560711 0.843951 -0.524001 -0.114758 0.843951 -0.52827 -0.0931483 0.843951 -0.520486 -0.129772 0.843951 -0.515942 -0.146798 0.843951 -0.505927 -0.178282 0.843951 -0.510165 -0.165763 0.843951 -0.493992 -0.209089 0.843951 -0.49736 -0.200946 0.843951 -0.482131 -0.235151 0.843951 -0.480183 -0.239103 0.843951 -0.464553 -0.26821 0.843951 -0.464553 -0.26821 0.843951 -0.447161 -0.2963 0.843951 -0.444712 -0.299962 0.843951 -0.428072 -0.323265 0.843951 -0.422704 -0.330253 0.843951 -0.398637 -0.358935 0.843951 -0.40736 -0.349004 0.843951 -0.385102 -0.37342 0.843951 -0.372628 -0.385868 0.843951 -0.361384 -0.396419 0.843951 -0.344804 -0.410921 0.843951 -0.3153 -0.433973 0.843951 -0.336294 -0.417914 0.843951 -0.309929 -0.437824 0.843951 -0.284259 -0.45491 0.843951 -0.282389 -0.456073 0.843951 -0.253777 -0.472592 0.843951 -0.251834 -0.47363 0.843951 -0.224202 -0.487319 0.843951 -0.193777 -0.500196 0.843951 -0.218181 -0.490044 0.843951 -0.162617 -0.511177 0.843951 -0.183466 -0.50407 0.843951 -0.147857 -0.51564 0.843951 -0.13084 -0.520218 0.843951 -0.098567 -0.527286 0.843951 -0.111528 -0.524698 0.843951 -0.0659196 -0.532354 0.843951 -0.0746552 -0.531199 0.843951 -0.0374188 -0.535113 0.843951 -0.0330226 -0.535402 0.843951 0.0746552 -0.531199 0.843951 0.0374187 -0.535113 0.843951 0.0659198 -0.532354 0.843951 0.162617 -0.511177 0.843951 0.147857 -0.51564 0.843951 0.13084 -0.520218 0.843951 0.111528 -0.524698 0.843951 0.0985669 -0.527286 0.843951 0.251834 -0.47363 0.843951 0.224202 -0.487319 0.843951 0.253777 -0.472592 0.843951 0.183466 -0.50407 0.843951 0.193777 -0.500196 0.843951 0.218182 -0.490044 0.843951 0.336294 -0.417914 0.843951 0.344804 -0.410921 0.843951 0.3153 -0.433973 0.843951 0.309929 -0.437824 0.843951 0.284259 -0.45491 0.843951 0.282389 -0.456073 0.843951 0.40736 -0.349004 0.843951 0.398637 -0.358935 0.843951 0.385102 -0.37342 0.843951 0.372628 -0.385868 0.843951 0.361384 -0.396419 0.843951 0.444712 -0.299962 0.843951 0.464553 -0.26821 0.843951 0.464553 -0.26821 0.843951 0.422704 -0.330253 0.843951 0.428072 -0.323265 0.843951 0.493992 -0.209089 0.843951 0.505927 -0.178282 0.843951 0.49736 -0.200946 0.843951 0.480183 -0.239103 0.843951 0.482131 -0.235151 0.843951 0.530071 -0.0822823 0.843951 0.52827 -0.0931484 0.843951 0.524001 -0.114758 0.843951 0.520486 -0.129772 0.843951 0.510165 -0.165763 0.843951 0.515942 -0.146798 0.843951 0.536093 -0.0187208 0.843951 0.536165 -0.0165191 0.843951 0.536165 0.0165191 0.843951 0.533481 -0.0560711 0.843951 0.534131 -0.0494946 0.843951 0.530071 0.0822823 0.843951 0.524001 0.114758 0.843951 0.52827 0.0931483 0.843951 0.534131 0.0494946 0.843951 0.533481 0.0560711 0.843951 0.536093 0.0187208 0.843951 0.505927 0.178282 0.843951 0.49736 0.200946 0.843951 0.510165 0.165763 0.843951 0.515942 0.146798 0.843951 0.520486 0.129772 0.843951 0.464553 0.26821 0.843951 0.464553 0.26821 0.843951 0.447161 0.296299 0.843951 0.482131 0.235151 0.843951 0.493992 0.209089 0.843951 0.480183 0.239103 0.843951 0.422704 0.330253 0.843951 0.40736 0.349004 0.843951 0.398638 0.358935 0.843951 0.428072 0.323265 0.843951 0.444712 0.299962 0.843951 0.372628 0.385868 0.843951 0.385102 0.37342 0.843951 0.361384 0.396419 0.843951 0.336294 0.417914 0.843951 0.344804 0.410921 0.843951 0.309929 0.437824 0.843951 0.3153 0.433973 0.843951 0.284259 0.45491 0.843951 0.282389 0.456073 0.843951 0.251834 0.47363 0.843951 0.253777 0.472592 0.843951 0.224202 0.487319 0.843951 0.218182 0.490044 0.843951 0.193777 0.500196 0.843951 0.183466 0.50407 0.843951 0.147857 0.51564 0.843951 0.162617 0.511177 0.843951 0.13084 0.520218 0.843951 0.111528 0.524698 0.843951 0.0985669 0.527286 0.843951 0.0746552 0.531199 0.843951 0.0374187 0.535113 0.843951 0.0659197 0.532354 0.843951 0.0330225 0.535402 0.843951 0.447161 -0.296299 1 0 0 1 0 0 1 0 0 1 0 0 1 0 0 1 0 0 1 0 0 1 0 0 1 0 0 1 0 0 1 0 0 1 0 0 1 0 0 1 0 0 1 0 0 1 0 0 1 0 0 1 0 0 1 0 0 1 0 0 1 0 0 1 0 0 1 0 0 1 0 0 1 0 0 1 0 0 1 0 0 1 0 0 1 0 0 1 0 0 1 0 0 1 0 0 1 0 0 1 0 0 1 0 0 1 0 0 1 0 0 1 0 0 1 0 0 1 0 0 1 0 0 1 0 0 1 0 0 1 0 0 1 0 0 1 0 0 1 0 0 1 0 0 1 0 0 1 0 0 1 0 0 1 0 0 1 0 0 1 0 0 1 0 0 1 0 0 1 0 0 1 0 0 1 0 0 1 0 0 1 0 0 1 0 0 1 0 0 1 0 0 1 0 0 1 0 0 1 0 0 1 0 0 1 0 0 1 0 0 1 0 0 1 0 0 1 0 0 1 0 0 1 0 0 1 0 0 1 0 0 1 0 0 1 0 0 1 0 0 1 0 0 1 0 0 1 0 0 1 0 0 1 0 0 1 0 0 1 0 0 1 0 0 1 0 0 1 0 0 1 0 0 1 0 0 1 0 0 1 0 0 1 0 0 1 0 0 1 0 0 1 0 0 1 0 0 1 0 0 1 0 0 1 0 0 1 0 0 1 0 0 1 0 0 1 0 0 1 0 0 1 0 0 1 0 0 1 0 0 1 0 0 1 0 0 1 0 0 1 0 0 1 0 0 1 0 0 1 0 0 1 0 0 1 0 0 1 0 0 1 0 0 1 0 0 1 0 0 1 0 0 1 0 0 1 0 0 1 0 0 1 0 0 1 0 0 1 0 0 1 0 0 1 0 0 1 0 0 1 0 0 1 0 0 1 0 0 1 0 0 1 0 0 1 0 0 1 0 0 1 0 0 1 0 0 1 0 0 1 0 0 1 0 0 1 0 0 1 0 0 1 0 0 1 0 0 1 0 0 1 0 0 1 0 0 1 0 0 1 0 0 1 0 0 1 0 0 1 0 0 1 0 0 1 0 0 1 0 0 1 0 0 1 0 0 1 0 0 1 0 0 1 0 0 1 0 0 1 0 0 1 0 0 1 0 0 1 0 0 1 0 0 1 0 0 1 0 0 1 0 0 1 0 0 1 0 0 1 0 0 1 0 0 1 0 0 1 0 0 1 0 0 1 0 0 1 0 0 1 0 0 1 0 0 1 0 0 1 0 0 1 0 0 1 0 0 1 0 0 1 0 0 1 0 0 1 0 0 1 0 0 1 0 0 1 0 0 1 0 0 1 0 0 1 0 0 1 0 0 1 0 0 1 0 0 1 0 0 1 0 0 1 0 0 1 0 0 1 0 0 1 0 0 1 0 0 1 0 0 1 0 0 1 0 0 1 0 0 1 0 0 1 0 0 1 0 0 1 0 0 1 0 0 1 0 0 1 0 0 1 0 0 1 0 0 1 0 0 1 0 0 0 0.0514789 0.998674 0 -8.74228e-08 1 0 -8.74228e-08 1 0 0.102821 0.9947 0 0.0514787 0.998674 0 0.102821 0.9947 0 0.15389 0.988088 0 0.204552 0.978856 0 0.15389 0.988088 0 0.254671 0.967028 0 0.204552 0.978856 0 0.254671 0.967028 0 0.304115 0.952635 0 0.352752 0.935717 0 0.304115 0.952635 0 0.400454 0.916317 0 0.352752 0.935717 0 0.400454 0.916317 0 0.447094 0.894487 0 0.492548 0.870285 0 0.447094 0.894487 0 0.536696 0.843776 0 0.492548 0.870285 0 0.536696 0.843776 0 0.579421 0.815028 0 0.62061 0.78412 0 0.579421 0.815028 0 0.660152 0.751132 0 0.62061 0.78412 0 0.660152 0.751132 0 0.697944 0.716152 0 0.733885 0.679273 0 0.697944 0.716152 0 0.76788 0.640593 0 0.733885 0.679273 0 0.76788 0.640593 0 0.799839 0.600214 0 0.829677 0.558244 0 0.799839 0.600214 0 0.857315 0.514793 0 0.829677 0.558244 0 0.857315 0.514793 0 0.882679 0.469977 0 0.905702 0.423914 0 0.882679 0.469977 0 0.926324 0.376728 0 0.905702 0.423914 0 0.926324 0.376728 0 0.944489 0.328542 0 0.96015 0.279486 0 0.944489 0.328542 0 0.973264 0.229688 0 0.96015 0.279486 0 0.973264 0.229688 0 0.983798 0.179281 0 0.991723 0.128398 0 0.983798 0.179281 0 0.997018 0.0771754 0 0.991723 0.128398 0 0.997018 0.0771754 0 0.999668 0.025748 0 0.999668 -0.025748 0 0.999668 0.0257478 0 0.997018 -0.0771754 0 0.999668 -0.0257479 0 0.997018 -0.0771754 0 0.991723 -0.128398 0 0.983798 -0.179281 0 0.991723 -0.128398 0 0.973264 -0.229688 0 0.983798 -0.179281 0 0.973264 -0.229688 0 0.96015 -0.279486 0 0.944489 -0.328542 0 0.96015 -0.279486 0 0.926324 -0.376728 0 0.944489 -0.328542 0 0.926324 -0.376728 0 0.905702 -0.423914 0 0.882679 -0.469977 0 0.905702 -0.423914 0 0.857315 -0.514793 0 0.882679 -0.469977 0 0.857315 -0.514793 0 0.829677 -0.558244 0 0.799839 -0.600214 0 0.829677 -0.558244 0 0.76788 -0.640593 0 0.799839 -0.600214 0 0.76788 -0.640593 0 0.733885 -0.679273 0 0.697944 -0.716152 0 0.733885 -0.679273 0 0.660152 -0.751132 0 0.697944 -0.716152 0 0.660152 -0.751132 0 0.620609 -0.78412 0 0.579421 -0.815028 0 0.620609 -0.78412 0 0.536696 -0.843776 0 0.579421 -0.815028 0 0.536696 -0.843776 0 0.492548 -0.870285 0 0.447094 -0.894487 0 0.492548 -0.870285 0 0.400454 -0.916317 0 0.447094 -0.894487 0 0.400454 -0.916317 0 0.352752 -0.935717 0 0.304115 -0.952635 0 0.352752 -0.935717 0 0.254671 -0.967028 0 0.304115 -0.952635 0 0.254671 -0.967028 0 0.204552 -0.978856 0 0.153891 -0.988088 0 0.204552 -0.978856 0 0.102821 -0.9947 0 0.153891 -0.988088 0 0.102821 -0.9947 0 0.0514788 -0.998674 0 -1.37186e-11 -1 0 0.0514788 -0.998674 0 1.35811e-22 -1 0 -0.0514786 0.998674 0 -0.102821 0.9947 0 -0.0514788 0.998674 0 -0.15389 0.988088 0 -0.102821 0.9947 0 -0.15389 0.988088 0 -0.204552 0.978856 0 -0.254671 0.967028 0 -0.204552 0.978856 0 -0.304115 0.952635 0 -0.254671 0.967028 0 -0.304115 0.952635 0 -0.352752 0.935717 0 -0.400454 0.916317 0 -0.352752 0.935717 0 -0.447094 0.894487 0 -0.400454 0.916317 0 -0.447094 0.894487 0 -0.492548 0.870285 0 -0.536696 0.843776 0 -0.492548 0.870285 0 -0.579421 0.815028 0 -0.536696 0.843776 0 -0.579421 0.815028 0 -0.620609 0.78412 0 -0.660152 0.751132 0 -0.620609 0.78412 0 -0.697944 0.716152 0 -0.660152 0.751132 0 -0.697944 0.716152 0 -0.733886 0.679273 0 -0.76788 0.640593 0 -0.733885 0.679274 0 -0.799839 0.600214 0 -0.76788 0.640593 0 -0.799839 0.600214 0 -0.829677 0.558244 0 -0.857314 0.514793 0 -0.829677 0.558244 0 -0.882679 0.469977 0 -0.857314 0.514793 0 -0.882679 0.469977 0 -0.905702 0.423914 0 -0.926324 0.376728 0 -0.905702 0.423915 0 -0.944489 0.328542 0 -0.926324 0.376728 0 -0.944489 0.328542 0 -0.96015 0.279486 0 -0.973264 0.229688 0 -0.96015 0.279486 0 -0.983798 0.179281 0 -0.973264 0.229688 0 -0.983798 0.179281 0 -0.991723 0.128398 0 -0.997018 0.0771756 0 -0.991723 0.128399 0 -0.999668 0.0257478 0 -0.997018 0.0771756 0 -0.999668 0.0257478 0 -0.999668 -0.0257478 0 -0.997018 -0.0771756 0 -0.999668 -0.0257478 0 -0.991723 -0.128398 0 -0.997018 -0.0771756 0 -0.991723 -0.128398 0 -0.983798 -0.179281 0 -0.973264 -0.229688 0 -0.983798 -0.17928 0 -0.96015 -0.279486 0 -0.973264 -0.229688 0 -0.96015 -0.279486 0 -0.944489 -0.328542 0 -0.926324 -0.376728 0 -0.944489 -0.328542 0 -0.905702 -0.423914 0 -0.926324 -0.376728 0 -0.905702 -0.423914 0 -0.882679 -0.469977 0 -0.857314 -0.514793 0 -0.882679 -0.469977 0 -0.829677 -0.558244 0 -0.857314 -0.514793 0 -0.829677 -0.558244 0 -0.799839 -0.600214 0 -0.76788 -0.640593 0 -0.799839 -0.600214 0 -0.733886 -0.679273 0 -0.76788 -0.640593 0 -0.733886 -0.679273 0 -0.697944 -0.716152 0 -0.660152 -0.751132 0 -0.697944 -0.716152 0 -0.620609 -0.78412 0 -0.660152 -0.751132 0 -0.620609 -0.78412 0 -0.579421 -0.815028 0 -0.536696 -0.843776 0 -0.579421 -0.815028 0 -0.492548 -0.870285 0 -0.536696 -0.843776 0 -0.492548 -0.870285 0 -0.447094 -0.894487 0 -0.400454 -0.916317 0 -0.447094 -0.894487 0 -0.352752 -0.935717 0 -0.400454 -0.916317 0 -0.352752 -0.935717 0 -0.304115 -0.952635 0 -0.254671 -0.967028 0 -0.304115 -0.952635 0 -0.204552 -0.978856 0 -0.254671 -0.967028 0 -0.204552 -0.978856 0 -0.153891 -0.988088 0 -0.102821 -0.9947 0 -0.153891 -0.988088 0 -0.0514788 -0.998674 0 -0.102821 -0.9947 0 -0.0514788 -0.998674 1 0 0 1 0 0 1 0 0 1 0 0 1 0 0 1 0 0 1 0 0 1 0 0 1 0 0 1 0 0 1 0 0 1 0 0 1 0 0 1 0 0 1 0 0 1 0 0 1 0 0 1 0 0 1 0 0 1 0 0 1 0 0 1 0 0 1 0 0 1 0 0 1 0 0 1 0 0 1 0 0 1 0 0 1 0 0 1 0 0 1 0 0 1 0 0 1 0 0 1 0 0 1 0 0 1 0 0 1 0 0 1 0 0 1 0 0 1 0 0 1 0 0 1 0 0 1 0 0 1 0 0 1 0 0 1 0 0 1 0 0 1 0 0 1 0 0 1 0 0 1 0 0 1 0 0 1 0 0 1 0 0 1 0 0 1 0 0 1 0 0 1 0 0 1 0 0 1 0 0 1 0 0 1 0 0 1 0 0 1 0 0 1 0 0 1 0 0 1 0 0 1 0 0 1 0 0 1 0 0 1 0 0 1 0 0 1 0 0 1 0 0 1 0 0 1 0 0 1 0 0 1 0 0 1 0 0 1 0 0 1 0 0 1 0 0 1 0 0 1 0 0 1 0 0 1 0 0 1 0 0 1 0 0 1 0 0 1 0 0 1 0 0 1 0 0 1 0 0 1 0 0 1 0 0 1 0 0 1 0 0 1 0 0 1 0 0 1 0 0 1 0 0 1 0 0 1 0 0 1 0 0 1 0 0 1 0 0 1 0 0 1 0 0 1 0 0 1 0 0 1 0 0 1 0 0 1 0 0 1 0 0 1 0 0 1 0 0 1 0 0 1 0 0 1 0 0 1 0 0 1 0 0 1 0 0 1 0 0 1 0 0 1 0 0 1 0 0 1 0 0 1 0 0 1 0 0 1 0 0 1 0 0 1 0 0 1 0 0 1 0 0 1 0 0 1 0 0 1 0 0 1 0 0 1 0 0 1 0 0 1 0 0 1 0 0 1 0 0 1 0 0 1 0 0 1 0 0 1 0 0 1 0 0 1 0 0 1 0 0 1 0 0 1 0 0 1 0 0 1 0 0 1 0 0 1 0 0 1 0 0 1 0 0 1 0 0 1 0 0 1 0 0 1 0 0 1 0 0 1 0 0 1 0 0 1 0 0 1 0 0 1 0 0 1 0 0 1 0 0 1 0 0 1 0 0 1 0 0 1 0 0 1 0 0 1 0 0 1 0 0 1 0 0 1 0 0 1 0 0 1 0 0 1 0 0 1 0 0 1 0 0 1 0 0 1 0 0 1 0 0 1 0 0 1 0 0 1 0 0 1 0 0 1 0 0 1 0 0 1 0 0 1 0 0 1 0 0 1 0 0 1 0 0 1 0 0 1 0 0 1 0 0 1 0 0 1 0 0 1 0 0 1 0 0 1 0 0 1 0 0 1 0 0 1 0 0 1 0 0 1 0 0 1 0 0 1 0 0 1 0 0 1 0 0 1 0 0 1 0 0 1 0 0 1 0 0 1 0 0 1 0 0 1 0 0 1 0 0 1 0 0 1 0 0 1 0 0 1 0 0 1 0 0 1 0 0 1 0 0 1 0 0 1 0 0 1 0 0 1 0 0 1 0 0 1 0 0 1 0 0 1 0 0 1 0 0 1 0 0 1 0 0 1 0 0 1 0 0 1 0 0 1 0 0 1 0 0 1 0 0 1 0 0 1 0 0 1 0 0 1 0 0 1 0 0 1 0 0 1 0 0 1 0 0 1 0 0 1 0 0 1 0 0</float_array>
          <technique_common>
            <accessor count="3800" source="#ID7" stride="3">
              <param name="X" type="float"/>
              <param name="Y" type="float"/>
              <param name="Z" type="float"/>
            </accessor>
          </technique_common>
        </source>
        <vertices id="ID8">
          <input semantic="POSITION" source="#ID4"/>
          <input semantic="NORMAL" source="#ID6"/>
        </vertices>
        <triangles count="2232" material="ID9">
          <input offset="0" semantic="VERTEX" source="#ID8"/>
          <p>0 1 2 3 4 5 6 7 8 9 10 11 9 11 12 13 14 15 16 17 18 9 12 19 20 6 21 22 23 24 25 17 26 27 28 29 13 30 24 19 31 32 26 8 33 34 35 22 36 37 21 15 38 30 6 39 7 15 32 38 34 24 40 38 32 41 42 35 43 39 6 44 45 38 46 47 48 36 49 43 34 21 50 20 51 38 52 52 38 45 53 54 42 21 55 50 40 24 30 56 47 57 58 51 59 60 53 43 54 61 62 36 63 37 60 49 64 57 65 66 64 49 58 36 48 67 68 64 58 53 69 61 62 70 71 72 48 47 64 73 74 75 65 76 70 61 77 78 56 57 64 79 80 64 74 79 81 71 82 83 78 57 53 60 69 84 85 76 80 86 87 65 88 66 89 90 81 82 70 91 77 92 91 88 65 93 77 87 92 94 84 95 96 75 76 82 97 89 98 90 99 100 101 102 103 85 84 104 105 95 102 106 100 104 98 107 108 95 109 106 110 104 106 104 100 110 111 104 105 104 112 104 111 112 94 95 108 105 113 95 85 114 76 94 115 84 90 116 99 92 87 117 90 89 116 118 92 119 92 118 120 89 121 116 97 122 121 92 120 123 91 97 82 89 97 121 124 122 123 123 125 124 126 127 122 126 122 124 27 29 14 13 23 128 129 2 1 9 130 131 8 26 17 130 9 132 9 28 132 128 133 14 134 135 136 130 137 138 27 139 28 140 141 142 143 144 135 145 27 133 2 17 16 137 146 147 144 148 149 139 150 132 151 147 146 152 151 146 149 153 154 145 155 139 129 136 2 156 146 157 158 159 154 160 157 146 142 150 140 146 141 160 135 144 136 161 150 155 162 163 164 165 166 157 167 141 140 168 169 170 171 163 162 140 161 172 144 149 154 173 174 165 175 176 177 174 173 178 167 179 160 178 173 180 181 182 176 183 167 172 163 154 159 173 184 185 182 186 187 184 173 188 170 169 179 168 188 173 187 189 190 179 183 191 171 177 163 192 184 193 194 195 190 196 197 198 168 170 199 191 200 170 176 182 177 201 193 202 203 204 205 202 206 201 207 188 199 202 208 206 209 204 203 199 200 210 182 187 190 211 212 202 213 214 215 202 216 211 196 207 197 217 211 218 219 220 213 210 221 207 204 190 195 198 197 222 223 224 220 224 225 226 227 228 211 209 214 204 229 230 231 226 232 233 197 221 234 222 235 216 236 237 227 213 220 214 237 236 238 239 240 241 238 236 242 231 230 235 243 222 234 244 240 239 236 245 246 220 224 226 245 236 247 248 249 250 251 252 245 231 253 229 235 243 254 255 256 249 257 245 258 259 260 261 231 254 262 226 233 240 250 240 244 256 263 264 256 250 249 3 265 266 267 268 269 270 271 272 271 273 260 274 275 265 276 273 277 278 279 280 281 282 283 283 284 281 285 286 287 288 289 290 291 292 293 294 278 280 293 295 296 294 297 288 298 295 299 300 286 285 301 302 303 304 305 303 306 299 307 306 308 303 309 310 295 299 306 311 312 313 314 315 288 290 316 315 317 316 314 313 318 319 320 321 322 313 323 324 325 313 322 326 327 325 328 323 100 107 329 100 325 325 327 329 330 101 100 330 100 329 303 302 306 316 331 314 332 299 311 333 311 306 122 334 335 335 304 303 286 336 287 122 127 334 337 338 300 339 340 295 340 296 295 310 341 307 342 337 343 316 344 331 345 343 300 293 346 291 342 347 348 315 349 317 315 290 350 285 281 345 292 351 281 352 347 343 269 268 278 348 353 277 347 275 353 354 288 297 355 297 294 356 281 284 357 356 358 269 359 360 276 353 274 357 361 356 359 256 264 278 362 279 363 364 265 275 347 352 267 269 365 261 260 276 3 274 265 265 366 367 360 359 368 259 272 260 4 3 369 253 262 270 253 272 247 359 264 370 258 3 5 107 100 104 109 95 113 371 96 76 107 98 99 95 372 98 97 91 123 81 90 372 123 91 92 81 82 89 123 120 373 125 123 373 122 97 123 98 104 95 103 84 115 75 374 65 98 372 90 84 375 372 376 87 86 81 375 71 117 87 377 82 71 70 92 117 378 70 77 91 378 119 92 84 372 95 371 76 114 379 57 66 372 375 81 380 375 76 77 69 87 71 380 62 86 80 381 62 61 70 87 382 377 77 61 69 376 382 87 76 375 84 93 65 374 383 47 56 375 380 71 65 384 380 69 60 80 62 384 54 80 60 64 54 53 61 80 79 385 381 80 385 87 69 80 380 76 65 83 57 379 386 63 36 380 384 62 57 387 384 388 58 59 42 54 387 68 58 389 53 42 43 64 68 390 43 49 60 390 73 64 384 65 57 72 47 383 37 391 21 384 387 54 392 387 47 49 40 58 42 392 35 59 51 393 35 34 43 58 394 389 49 34 40 388 394 58 47 387 57 386 36 67 395 6 20 387 392 42 36 396 392 40 30 51 35 396 22 51 30 38 22 24 34 51 52 397 393 51 397 58 40 51 36 392 47 55 21 391 398 8 7 392 396 35 21 399 396 400 32 31 23 22 399 41 32 401 24 23 13 38 41 402 13 15 30 402 46 38 396 36 21 44 6 395 403 18 17 396 399 22 404 399 6 15 29 32 128 23 404 31 19 405 128 14 13 32 406 401 15 14 29 400 406 32 399 21 6 33 8 398 16 407 2 399 404 23 8 408 404 29 28 19 128 408 133 19 28 9 133 27 14 19 12 409 405 19 409 32 29 19 8 404 6 403 17 25 410 136 129 404 408 128 17 411 408 412 130 138 133 411 145 131 130 413 27 145 139 9 131 414 139 132 28 414 10 9 17 408 8 0 2 407 415 144 143 408 411 133 416 411 2 132 142 130 155 145 416 138 137 417 155 150 139 130 418 413 132 150 142 412 418 130 411 17 2 134 136 410 419 158 154 411 416 145 136 420 416 142 141 137 161 155 420 137 141 146 161 140 150 137 147 421 417 137 421 130 142 137 416 2 136 148 144 415 159 422 163 416 420 155 144 423 420 424 157 166 161 423 172 156 157 425 140 172 167 146 156 426 167 160 141 426 152 146 144 420 136 419 154 153 427 177 171 420 423 161 428 423 154 160 169 157 172 428 183 166 165 429 183 179 167 157 430 425 160 179 169 424 430 157 423 144 154 164 163 422 431 182 181 423 428 172 163 432 428 169 168 165 191 183 432 165 168 173 191 170 179 165 174 433 429 165 433 157 169 165 428 154 163 175 177 427 434 194 190 428 432 183 177 435 432 436 184 192 200 191 435 185 184 437 170 200 199 173 185 438 199 188 168 438 180 173 432 163 177 186 182 431 195 439 204 432 435 191 440 435 182 188 196 184 200 440 210 192 193 441 210 207 199 184 442 437 188 207 196 436 442 184 182 435 177 434 190 189 443 214 209 435 440 200 190 444 440 196 198 193 210 444 221 193 198 202 221 197 207 193 201 445 441 193 445 184 196 193 440 182 190 205 204 439 446 220 219 440 444 210 204 447 444 198 216 202 234 221 447 212 211 217 197 234 222 202 212 448 222 216 198 448 208 202 444 190 204 215 214 443 449 232 226 444 447 221 450 447 214 216 230 211 243 234 450 228 227 451 222 243 235 211 228 452 216 235 230 452 218 211 447 204 214 223 220 446 233 453 240 447 450 234 220 454 450 230 229 227 243 454 254 227 229 236 254 231 235 227 237 455 451 227 455 211 230 227 220 450 214 449 226 225 456 250 244 450 454 243 226 457 454 229 247 236 254 457 262 246 245 252 231 262 253 236 246 458 253 247 229 458 242 236 454 220 226 241 240 453 459 256 255 454 457 254 460 457 240 247 259 245 270 262 460 257 258 461 253 270 272 245 257 462 247 272 259 462 251 245 457 226 240 248 250 456 463 368 359 457 460 262 250 464 460 259 261 258 271 270 464 258 261 3 271 260 272 258 5 465 461 258 465 245 259 258 460 240 250 263 256 459 360 466 269 460 464 270 256 467 464 261 274 3 271 467 273 266 265 367 260 273 276 3 266 468 276 274 261 468 369 3 256 464 250 463 359 370 469 278 268 464 467 271 359 470 467 361 363 356 273 470 277 364 363 471 276 277 353 265 364 472 274 353 275 472 366 265 359 467 256 365 269 466 473 294 280 467 470 273 474 470 269 275 352 363 277 474 348 363 352 356 348 347 353 363 361 475 471 363 475 265 275 363 470 359 269 362 278 469 476 288 354 470 474 277 278 477 474 352 345 356 342 348 477 356 345 281 342 343 347 356 284 478 343 345 352 478 358 356 474 269 278 355 294 473 479 349 315 474 477 348 294 480 477 291 481 292 337 342 480 351 292 482 343 337 300 281 351 483 345 300 285 483 282 281 477 278 294 289 288 476 317 484 316 477 480 342 288 485 480 285 287 292 485 338 337 292 287 293 338 286 300 292 481 486 482 292 486 281 285 292 288 480 294 479 315 350 338 487 286 480 485 337 488 485 315 287 309 293 487 338 488 293 309 295 487 336 286 293 296 489 336 309 287 489 346 293 485 288 315 344 316 484 487 319 336 485 488 338 316 490 488 309 336 318 490 319 487 298 299 491 336 319 318 295 298 492 309 318 310 492 339 295 488 315 316 321 313 312 341 310 318 488 490 487 313 324 490 305 301 303 324 320 319 307 299 310 320 341 318 299 332 493 491 299 493 295 310 299 313 490 316 325 326 328 323 494 320 490 324 319 323 320 324 494 495 341 494 341 320 495 308 307 307 341 495 306 302 496 308 306 307 496 333 306 326 325 313 324 313 325 494 107 99 100 323 325 495 99 116 107 494 323 308 116 121 99 495 494 303 121 122 116 308 495 121 303 308 303 122 335 497 498 499 500 499 501 498 501 499 502 503 500 500 501 502 503 504 505 504 503 502 506 505 507 504 507 505 508 509 506 506 507 508 509 510 511 510 509 508 512 511 513 510 513 511 514 515 512 512 513 514 515 516 517 516 515 514 518 517 519 516 519 517 520 521 518 518 519 520 521 522 523 522 521 520 524 523 525 522 525 523 526 527 524 524 525 526 527 528 529 528 527 526 530 529 531 528 531 529 532 533 530 530 531 532 533 534 535 534 533 532 536 535 537 534 537 535 538 539 536 536 537 538 539 540 541 540 539 538 542 541 543 540 543 541 544 545 542 542 543 544 545 546 547 546 545 544 548 547 549 546 549 547 550 551 548 548 549 550 551 552 553 552 551 550 554 553 555 552 555 553 556 557 554 554 555 556 557 558 559 558 557 556 560 559 561 558 561 559 562 563 560 560 561 562 563 564 565 564 563 562 566 565 567 564 567 565 568 569 566 566 567 568 569 570 571 570 569 568 572 571 573 570 573 571 574 575 572 572 573 574 575 576 577 576 575 574 578 577 579 576 579 577 580 581 578 578 579 580 581 582 583 582 581 580 584 583 585 582 585 583 586 587 584 584 585 586 587 588 589 588 587 586 590 589 591 588 591 589 592 593 590 590 591 592 593 594 595 594 593 592 596 595 597 594 597 595 598 599 596 596 597 598 599 600 601 600 599 598 602 601 603 600 603 601 604 605 602 602 603 604 605 606 607 606 605 604 608 607 609 606 609 607 610 611 608 608 609 610 611 612 613 612 611 610 614 613 615 612 615 613 616 617 614 614 615 616 617 618 619 618 617 616 620 619 621 618 621 619 622 623 620 620 621 622 623 624 625 624 623 622 626 625 627 624 627 625 628 629 626 626 627 628 629 630 631 630 629 628 632 631 633 630 633 631 634 635 632 632 633 634 636 635 634 636 637 635 498 497 638 639 640 638 638 497 639 640 641 642 641 640 639 643 642 644 641 644 642 645 646 643 643 644 645 646 647 648 647 646 645 649 648 650 647 650 648 651 652 649 649 650 651 652 653 654 653 652 651 655 654 656 653 656 654 657 658 655 655 656 657 658 659 660 659 658 657 661 660 662 659 662 660 663 664 661 661 662 663 664 665 666 665 664 663 667 666 668 665 668 666 669 670 667 667 668 669 670 671 672 671 670 669 673 672 674 671 674 672 675 676 673 673 674 675 676 677 678 677 676 675 679 678 680 677 680 678 681 682 679 679 680 681 682 683 684 683 682 681 685 684 686 683 686 684 687 688 685 685 686 687 688 689 690 689 688 687 691 690 692 689 692 690 693 694 691 691 692 693 694 695 696 695 694 693 697 696 698 695 698 696 699 700 697 697 698 699 700 701 702 701 700 699 703 702 704 701 704 702 705 706 703 703 704 705 706 707 708 707 706 705 709 708 710 707 710 708 711 712 709 709 710 711 712 713 714 713 712 711 715 714 716 713 716 714 717 718 715 715 716 717 718 719 720 719 718 717 721 720 722 719 722 720 723 724 721 721 722 723 724 725 726 725 724 723 727 726 728 725 728 726 729 730 727 727 728 729 730 731 732 731 730 729 731 733 732 734 735 733 732 733 735 734 736 737 737 735 734 738 736 739 736 738 737 740 741 739 738 739 741 740 742 743 743 741 740 744 742 745 742 744 743 746 747 745 744 745 747 746 748 749 749 747 746 750 748 751 748 750 749 752 753 751 750 751 753 752 754 755 755 753 752 756 754 757 754 756 755 758 759 757 756 757 759 758 760 761 761 759 758 762 760 763 760 762 761 764 765 763 762 763 765 764 766 767 767 765 764 768 766 769 766 768 767 770 771 769 768 769 771 770 772 773 773 771 770 774 772 637 772 774 773 774 637 636 775 776 777 778 779 780 781 782 783 784 785 786 787 788 789 790 791 792 793 790 794 795 785 796 797 798 799 800 801 802 803 789 804 805 806 807 808 809 810 811 809 812 813 814 815 797 799 805 816 817 818 819 820 821 798 822 799 810 823 808 794 824 793 825 826 827 828 829 830 810 831 832 833 834 835 836 837 838 839 810 840 830 814 813 841 840 829 828 842 829 843 840 844 845 846 847 848 845 847 846 840 810 839 840 849 850 851 795 795 851 852 853 786 803 854 855 852 785 795 786 856 857 855 858 795 855 859 860 855 861 856 862 863 858 864 865 866 867 835 834 868 869 856 861 870 856 871 872 793 824 873 836 834 874 871 875 856 875 871 856 869 875 876 871 874 877 809 878 776 775 879 880 881 807 882 786 883 805 799 806 786 853 883 779 880 884 885 853 803 886 887 888 889 787 890 881 779 891 804 892 803 893 894 887 789 895 804 890 896 897 898 895 789 789 788 899 900 887 901 787 902 788 778 903 891 838 904 896 900 905 906 907 908 787 909 900 910 889 907 787 909 911 900 889 890 912 903 913 914 838 834 836 911 915 916 890 917 918 919 920 911 890 897 917 914 921 922 897 896 923 778 913 903 924 925 926 826 868 834 904 927 896 926 928 924 929 904 838 930 922 931 781 827 826 913 921 914 932 838 837 931 933 824 794 930 824 801 934 935 936 781 937 938 868 826 939 867 801 827 781 940 941 867 942 936 782 781 943 944 945 946 947 948 793 791 790 949 950 951 952 953 937 954 955 956 944 943 957 958 945 959 960 961 956 962 963 964 965 966 967 968 965 969 970 949 971 972 969 973 974 975 976 966 965 977 978 979 980 968 981 965 978 982 983 969 972 984 985 986 987 988 986 989 990 991 992 993 994 989 995 996 997 998 987 986 999 1000 1001 988 989 1002 1003 1000 1004 1005 989 994 1006 1007 816 1008 1009 1010 1011 1012 1013 1014 1015 1016 993 1017 1018 816 1019 1006 1016 1020 1021 816 818 1022 1023 1024 1021 1025 1026 817 1027 1028 1029 1030 1031 1032 1033 1034 1035 1036 1037 1034 1038 1027 1039 1040 1041 1029 1042 1043 1044 1037 1045 1046 1047 1048 1029 1047 1029 1028 1049 1039 1050 1028 1027 1051 1042 1052 1053 1050 1054 1055 1056 1057 1058 1053 1059 1060 1061 1027 1062 1044 1052 1042 1062 1027 1038 1063 1064 1065 1039 1066 1038 876 1067 871 1068 1039 1049 871 1069 870 1070 1071 1050 1072 1073 1074 1073 871 1067 1072 1074 1075 1069 871 1072 1076 1072 1075 1072 871 1073 1054 1077 1078 1076 1077 1054 870 1069 1060 1055 1070 1050 1065 1079 1063 870 1060 1080 1079 1081 1082 1080 1060 1083 1083 1084 1080 1079 1085 1086 1085 1079 1087 1086 1084 1083 1088 1085 1089 1060 1059 1083 814 1090 1085 1086 1085 1090 1091 814 1085 1085 1092 1091 1093 815 814 1093 814 1091 1094 1049 1050 1056 1037 1046 1095 1056 1096 1031 1041 1097 1098 1037 1099 1044 1100 1101 1100 1043 1102 1030 1025 817 1103 1104 1105 1034 1104 1103 1106 1010 1107 818 817 1108 1041 1031 1029 1109 1102 1110 1111 1112 1021 816 1022 1113 1006 1114 1007 1106 1107 1110 1031 1030 817 1020 1016 1115 1010 1106 1116 1017 1007 1117 1016 1011 1118 1119 993 1018 975 992 991 1120 1008 1116 993 1121 994 1122 1123 1124 1011 1124 1123 996 1125 997 1005 1126 989 1127 986 988 1128 1120 1129 1130 1000 1131 993 1007 1017 1132 985 987 997 1125 1129 1001 1133 999 985 1132 1134 985 1135 1136 1137 1138 1001 1001 1139 1140 1136 1141 973 1141 1142 973 1143 996 1144 1144 995 1145 1146 972 973 1147 1148 1149 1148 1150 1149 992 975 974 969 1151 968 965 981 1152 1145 991 990 985 1136 973 1153 978 1154 1155 1156 967 1155 967 966 1157 979 1158 979 1159 980 1160 1161 1162 967 1163 1162 974 1164 1165 979 1166 1167 964 1168 962 1168 1161 1169 1170 1171 1172 1164 976 1173 1174 959 964 1175 1172 1171 970 971 1173 949 1176 950 1162 1161 967 945 958 1177 949 970 1176 1178 943 945 964 1161 1168 947 1179 956 1180 947 1181 944 1182 952 953 1183 937 1176 1184 950 945 964 959 1185 950 1186 1186 1184 792 1187 936 937 821 1188 819 937 944 952 1189 1054 1078 1054 1189 1055 1076 1054 1072 1190 1083 1059 1069 1072 1191 1052 1059 1053 1060 1069 1053 1087 1079 1192 1085 1087 1089 1084 1086 1090 1190 1079 1086 1092 1085 1088 1072 1054 1191 1094 1050 1071 1193 1059 1052 1191 1053 1069 1191 1054 1194 1095 1063 1056 1042 1053 1191 1190 1063 1079 1079 1065 1081 1083 1190 1086 1193 1063 1190 1192 1079 1082 1194 1054 1050 1066 1039 1068 1044 1195 1052 1194 1042 1191 1194 1050 1196 1100 1044 1043 1043 1042 1194 1063 1193 1056 1095 1197 1063 1059 1193 1190 1195 1056 1193 1197 1064 1063 1050 1039 1196 1051 1027 1061 1034 1037 1101 1196 1043 1194 1196 1039 1198 1109 1100 1102 1102 1043 1196 1056 1195 1037 1046 1057 1056 1052 1195 1193 1101 1037 1195 1096 1056 1058 1039 1027 1198 1040 1029 1048 1199 1100 1109 1198 1102 1196 1198 1027 1200 1107 1109 1110 1102 1198 1110 1036 1034 1201 1037 1036 1099 1044 1101 1195 1199 1034 1101 1045 1037 1098 1200 1027 1029 1032 1031 1097 1202 1109 1107 1200 1110 1198 1203 1200 1029 1024 1104 1021 1106 1110 1200 1199 1104 1034 1034 1103 1035 1100 1199 1101 1202 1104 1199 1201 1034 1033 1029 1031 1203 1108 817 1026 1010 1204 1107 1203 1106 1200 1203 1031 1205 1008 1010 1116 1116 1106 1203 1104 1202 1021 1024 1206 1104 1109 1202 1199 1204 1021 1202 1206 1105 1104 1031 817 1205 1019 816 1113 1011 1016 1009 1205 1116 1203 817 1207 1205 1128 1008 1120 1120 1116 1205 1021 1204 1016 1020 1111 1021 1107 1204 1202 1009 1016 1204 1023 1021 1112 1207 817 816 1117 1007 1114 1208 1008 1128 1207 1120 1205 1209 1207 816 1125 1128 1129 1120 1207 1129 1118 1011 1210 1016 1118 1014 1010 1009 1204 1208 1011 1009 1115 1016 1015 816 1007 1209 1121 993 1119 1211 1128 1125 1209 1129 1207 1212 1209 1007 1003 1124 1000 997 1129 1209 1208 1124 1011 1011 1123 1012 1008 1208 1009 1211 1124 1208 1210 1011 1013 1007 993 1212 1002 989 1126 996 1213 1125 1212 997 1209 993 1214 1212 1144 996 995 995 997 1212 1124 1211 1000 1003 1215 1124 1128 1211 1208 1213 1000 1211 1215 1122 1124 1214 993 989 998 986 1127 1139 1001 1143 1214 995 1212 1214 989 1216 990 1144 1145 1145 995 1214 1000 1213 1001 999 1131 1000 1125 1213 1211 1143 1001 1213 1004 1000 1130 989 986 1216 1135 985 1134 1217 1144 990 1216 1145 1214 1218 1216 986 1150 1139 1149 1145 1216 991 1140 1139 1219 1001 1140 1137 996 1143 1213 1217 1139 1143 1133 1001 1138 986 985 1218 1146 973 1142 1220 990 992 1218 991 1216 1218 985 1221 983 1149 978 975 991 1218 1217 1149 1139 1150 1222 1139 1144 1217 1143 1220 1149 1217 1219 1139 1222 1221 985 973 1151 969 984 974 1223 992 1221 975 1218 1221 973 1224 1164 974 976 976 975 1221 1149 1220 978 983 1225 1149 990 1220 1217 1220 1223 978 1225 1147 1149 973 969 1224 977 965 1152 1166 979 1165 1224 976 1221 1224 969 1226 971 1164 1173 1173 976 1224 978 1223 979 978 980 1154 992 1223 1220 1165 979 1223 982 978 1153 969 965 1226 1163 967 1156 1227 1164 971 1226 1173 1224 1226 965 1228 1170 1166 1171 1173 1226 970 1167 1166 1229 979 1167 1158 974 1165 1223 1227 1166 1165 1159 979 1157 1228 965 967 1169 1161 1160 1230 971 949 1228 970 1226 1231 1228 967 961 1171 956 1176 970 1228 1227 1171 1166 1170 1232 1166 1164 1227 1165 1230 1171 1227 1229 1166 1232 967 1161 1231 1174 964 963 947 956 951 1231 1176 1228 1231 1161 1233 1186 950 1184 1184 1176 1231 1171 1230 956 961 1234 1171 971 1230 1227 1230 951 956 1234 1175 1171 1161 964 1233 1178 945 1177 948 947 1185 1233 1184 1231 964 1235 1233 791 1186 792 1184 1233 792 1179 947 1236 956 1179 954 949 951 1230 1185 947 951 960 956 955 1235 964 945 1182 944 957 1237 1186 791 1235 792 1233 1238 1235 945 1188 948 819 792 1235 790 946 948 1239 947 946 1181 950 1185 951 1237 948 1185 1236 947 1180 945 944 1238 1187 937 1183 1240 791 793 1238 790 1235 1241 1238 944 941 819 867 794 790 1238 1237 819 948 1188 1242 948 1186 1237 1185 1240 819 1237 1239 948 1242 944 937 1241 940 781 783 801 867 872 1241 794 1238 937 1243 1241 931 824 930 930 794 1241 819 1240 867 941 1244 819 791 1240 1237 1240 872 867 1244 820 819 1243 937 781 938 826 825 934 801 933 1243 930 1241 1243 781 1245 921 931 922 930 1243 922 939 801 1246 867 939 865 793 872 1240 933 801 872 942 867 866 781 826 1245 873 834 833 1247 931 921 1245 922 1243 1248 1245 826 928 934 924 922 1245 914 935 934 1249 801 935 802 824 933 872 1247 934 933 1246 801 800 826 834 1248 929 838 932 1250 921 913 1248 914 1245 1248 834 1251 920 924 911 903 914 1248 1247 924 934 928 1252 934 931 1247 933 1250 924 1247 1249 934 1252 1251 834 838 923 896 927 778 1253 913 1251 903 1248 1251 838 1254 779 778 891 891 903 1251 924 1250 911 920 1255 924 921 1250 1247 1253 911 1250 1255 925 924 838 896 1254 912 890 918 887 900 780 1254 891 1251 1254 896 1256 880 779 881 881 891 1254 911 1253 900 909 915 911 913 1253 1250 780 900 1253 919 911 916 896 890 1256 902 787 908 886 888 1257 1256 881 1254 1256 890 1258 806 880 807 881 1256 807 901 887 1259 900 901 905 778 780 1253 884 887 780 910 900 906 1258 890 787 898 789 899 1260 880 806 1258 807 1256 1261 1258 787 879 888 776 807 1258 805 884 888 887 887 886 893 779 884 780 1260 888 884 1259 887 894 787 789 1261 885 803 892 1262 806 799 1261 805 1258 789 1263 1261 811 776 809 797 805 1261 1260 776 888 879 1264 888 880 1260 884 1262 776 1260 1264 1257 888 789 803 1263 784 786 882 797 1265 798 1263 797 1261 803 1266 1263 847 798 1265 797 1263 1265 776 1262 809 811 1267 776 806 1262 1260 1262 822 809 1267 777 776 1266 803 786 850 795 796 1265 1268 847 1266 1265 1263 786 1269 1266 798 847 846 1266 1268 1265 809 822 810 809 808 878 799 822 1262 846 810 822 812 809 877 786 795 1269 855 854 859 863 1268 1269 1269 1268 1266 1269 858 863 848 847 1268 1268 863 848 842 841 829 810 839 831 798 846 822 845 840 846 823 810 832 795 852 855 856 860 862 848 863 1270 795 858 1269 858 857 864 845 848 1271 863 864 1270 840 845 829 1270 1271 848 840 841 844 845 1271 829 849 840 843 856 855 860 855 857 858 870 1080 857 856 870 857 1080 1084 864 857 1080 864 1084 1090 1270 864 1084 1270 1090 814 1271 1270 1090 1271 829 814 830 1271 814 829 1272 1273 1274 1275 1276 1277 1278 1279 1280 1281 1282 1283 1284 1285 1286 1287 1288 1289 1290 1291 1292 1293 1294 1295 1296 1297 1298 1299 1300 1283 1301 1294 1284 1302 1303 1281 1285 1300 1304 1305 1302 1306 1306 1307 1308 1309 1275 1310 1307 1309 1311 1312 1313 1290 1311 1314 1307 1315 1316 1317 1318 1319 1320 1276 1316 1321 1317 1322 1323 1324 1325 1326 1322 1327 1328 1329 1330 1331 1280 1332 1333 1334 1335 1336 1334 1337 1327 1338 1339 1340 1341 1335 1334 1342 1343 1344 1341 1344 1345 1346 1347 1348 1342 1348 1349 1350 1274 1351 1352 1353 1346 1354 1355 1356 1355 1354 1357 1358 1359 1360 1356 1361 1362 1363 1364 1365 1366 1367 1368 1369 1370 1371 1372 1373 1374 1375 1376 1377 1378 1379 1380 1381 1382 1383 1384 1385 1386 1387 1388 1389 1390 1391 1392 1393 1394 1395 1396 1397 1398 1399 1400 1401 1402 1403 1404 1405 1406 1407 1408 1409 1401 1410 1411 1412 1413 1414 1415 1416 1417 1411 1418 1419 1420 1421 1422 1423 1387 1393 1424 1425 1426 1410 1427 1428 1429 1430 1431 1432 1433 1434 1402 1435 1406 1436 1437 1428 1438 1426 1439 1440 1421 1441 1442 1443 1416 1444 1444 1445 1446 1423 1447 1448 1449 1429 1431 1450 1432 1448 1441 1419 1451 1437 1445 1444 1441 1451 1452 1453 1454 1455 1456 1420 1455 1457 1458 1415 1453 1459 1460 1461 1462 1440 1463 1459 1414 1464 1465 1457 1462 1466 1436 1464 1409 1467 1406 1405 1468 1469 1464 1467 1470 1399 1471 1433 1468 1472 1394 1404 1473 1474 1471 1475 1476 1477 1396 1478 1475 1398 1392 1389 1479 1480 1476 1481 1482 1483 1481 1390 1392 1484 1485 1384 1486 1482 1481 1485 1487 1379 1488 1489 1380 1391 1490 1487 1491 1492 1385 1382 1493 1372 1490 1494 1495 1383 1496 1374 1497 1494 1377 1498 1496 1499 1370 1367 1366 1375 1363 1500 1367 1370 1501 1371 1295 1294 1502 1369 1503 1504 1505 1506 1507 1504 1508 1509 1505 1507 1362 1509 1510 1359 1361 1505 1362 1358 1511 1512 1361 1356 1355 1513 1512 1514 1515 1351 1274 1513 1516 1272 1517 1350 1518 1354 1519 1357 1520 1352 1517 1521 1357 1519 1522 1523 1524 1523 1525 1524 1526 1522 1524 1527 1528 1529 1525 1521 1519 1525 1523 1521 1365 1364 1506 1506 1364 1507 1500 1363 1365 1368 1367 1500 1376 1375 1366 1498 1377 1376 1495 1494 1498 1381 1383 1495 1492 1382 1381 1386 1385 1492 1486 1384 1386 1482 1485 1486 1480 1481 1483 1477 1476 1480 1397 1396 1477 1478 1398 1397 1474 1475 1478 1470 1471 1474 1400 1399 1470 1408 1401 1400 1467 1409 1408 1465 1464 1469 1458 1457 1465 1413 1415 1458 1463 1414 1413 1460 1459 1463 1454 1453 1460 1456 1455 1454 1418 1420 1456 1451 1419 1418 1442 1441 1452 1422 1421 1442 1447 1423 1422 1450 1448 1447 1430 1432 1450 1449 1431 1430 1427 1429 1449 1438 1428 1427 1445 1437 1438 1443 1444 1446 1417 1416 1443 1412 1411 1417 1425 1410 1412 1439 1426 1425 1461 1440 1439 1466 1462 1461 1435 1436 1466 1407 1406 1435 1472 1468 1405 1434 1433 1472 1403 1402 1434 1473 1404 1403 1395 1394 1473 1424 1393 1395 1388 1387 1424 1479 1389 1388 1484 1392 1479 1489 1391 1390 1378 1380 1489 1488 1379 1378 1491 1487 1488 1493 1490 1491 1373 1372 1493 1497 1374 1373 1499 1496 1497 1501 1370 1499 1503 1369 1371 1508 1504 1503 1510 1509 1508 1360 1359 1510 1511 1358 1360 1514 1512 1511 1516 1513 1514 1273 1272 1516 1515 1274 1273 1518 1350 1351 1520 1517 1518 1353 1352 1520 1347 1346 1353 1349 1348 1347 1343 1342 1349 1345 1344 1343 1335 1341 1345 1337 1334 1336 1328 1327 1337 1323 1322 1328 1315 1317 1323 1321 1316 1315 1277 1276 1321 1310 1275 1277 1311 1309 1310 1308 1307 1314 1305 1306 1308 1303 1302 1305 1282 1281 1303 1299 1283 1282 1304 1300 1299 1286 1285 1304 1301 1284 1286 1502 1294 1301 1297 1293 1295 1312 1296 1298 1296 1293 1297 1290 1313 1291 1312 1298 1313 1292 1291 1289 1288 1287 1319 1292 1289 1288 1320 1326 1318 1287 1320 1319 1333 1325 1324 1326 1325 1318 1279 1332 1280 1332 1325 1333 1329 1279 1278 1331 1330 1338 1329 1278 1330 1340 1339 1528 1331 1338 1340 1529 1526 1527 1339 1529 1528 1524 1527 1526 3542 3543 3544 3545 3546 3547 3548 3549 3550 3551 3552 3553 3554 3555 3556 3557 3558 3559 3560 3561 3562 3563 3564 3565 3566 3567 3568 3569 3552 3570 3571 3554 3565 3572 3551 3573 3556 3574 3570 3575 3576 3572 3576 3577 3578 3579 3580 3545 3578 3581 3579 3582 3560 3583 3581 3578 3584 3585 3586 3587 3588 3589 3590 3547 3591 3587 3586 3592 3593 3594 3595 3596 3593 3597 3598 3599 3600 3601 3549 3602 3603 3604 3605 3606 3604 3598 3607 3608 3609 3610 3611 3604 3606 3612 3613 3614 3611 3615 3613 3616 3617 3618 3612 3619 3617 3620 3621 3543 3622 3616 3623 3624 3625 3626 3626 3627 3624 3628 3629 3630 3625 3631 3632 3633 3634 3635 3636 3637 3638 3639 3640 3641 3642 3643 3644 3645 3646 3647 3648 3649 3650 3651 3652 3653 3654 3655 3656 3657 3658 3659 3660 3661 3662 3663 3664 3665 3666 3667 3668 3669 3670 3671 3672 3673 3674 3675 3676 3677 3678 3670 3679 3680 3681 3682 3683 3684 3685 3686 3682 3687 3688 3689 3690 3691 3692 3693 3657 3694 3663 3695 3680 3696 3697 3698 3699 3700 3701 3702 3703 3672 3704 3705 3706 3677 3707 3708 3699 3696 3709 3710 3691 3711 3712 3713 3714 3686 3714 3715 3716 3692 3717 3718 3719 3702 3698 3720 3717 3701 3712 3721 3690 3707 3714 3716 3712 3722 3721 3723 3724 3725 3726 3724 3689 3727 3684 3728 3723 3729 3730 3731 3709 3732 3733 3685 3730 3734 3727 3735 3732 3706 3736 3734 3737 3679 3677 3738 3675 3739 3737 3734 3740 3741 3669 3703 3742 3738 3665 3743 3673 3744 3745 3741 3746 3666 3747 3748 3667 3745 3661 3749 3658 3750 3751 3746 3752 3751 3753 3660 3754 3661 3755 3756 3654 3752 3755 3751 3757 3758 3650 3759 3662 3649 3760 3761 3757 3762 3653 3656 3763 3760 3642 3764 3652 3765 3766 3767 3643 3764 3768 3646 3766 3641 3769 3638 3645 3636 3633 3638 3770 3641 3640 3771 3564 3772 3565 3639 3773 3774 3775 3776 3777 3773 3778 3779 3775 3631 3776 3778 3630 3780 3632 3631 3775 3628 3781 3782 3632 3626 3625 3783 3784 3781 3785 3543 3621 3783 3542 3786 3787 3788 3620 3624 3627 3789 3790 3787 3622 3791 3789 3627 3792 3793 3794 3794 3793 3795 3796 3793 3792 3797 3798 3799 3795 3789 3791 3795 3791 3794 3634 3777 3635 3777 3776 3635 3770 3634 3633 3637 3770 3638 3647 3636 3645 3768 3647 3646 3765 3768 3764 3651 3765 3652 3762 3651 3653 3655 3762 3656 3756 3655 3654 3752 3756 3755 3750 3753 3751 3747 3750 3746 3668 3747 3666 3748 3668 3667 3744 3748 3745 3740 3744 3741 3671 3740 3669 3678 3671 3670 3737 3678 3679 3735 3739 3734 3728 3735 3727 3683 3728 3684 3733 3683 3685 3729 3733 3730 3725 3729 3723 3726 3725 3724 3688 3726 3689 3721 3688 3690 3711 3722 3712 3693 3711 3691 3718 3693 3692 3720 3718 3717 3700 3720 3701 3719 3700 3702 3697 3719 3698 3708 3697 3699 3716 3708 3707 3713 3715 3714 3687 3713 3686 3681 3687 3682 3695 3681 3680 3710 3695 3696 3731 3710 3709 3736 3731 3732 3705 3736 3706 3676 3705 3677 3742 3675 3738 3704 3742 3703 3674 3704 3672 3743 3674 3673 3664 3743 3665 3694 3664 3663 3659 3694 3657 3749 3659 3658 3754 3749 3661 3759 3660 3662 3648 3759 3649 3758 3648 3650 3761 3758 3757 3763 3761 3760 3644 3763 3642 3767 3644 3643 3769 3767 3766 3771 3769 3641 3774 3640 3639 3779 3774 3773 3780 3779 3778 3629 3780 3630 3782 3629 3628 3784 3782 3781 3786 3784 3783 3544 3786 3542 3785 3544 3543 3788 3621 3620 3790 3788 3787 3623 3790 3622 3618 3623 3616 3619 3618 3617 3614 3619 3612 3615 3614 3613 3606 3615 3611 3607 3605 3604 3597 3607 3598 3592 3597 3593 3585 3592 3586 3591 3585 3587 3546 3591 3547 3580 3546 3545 3581 3580 3579 3577 3584 3578 3575 3577 3576 3573 3575 3572 3553 3573 3551 3569 3553 3552 3574 3569 3570 3555 3574 3556 3571 3555 3554 3772 3571 3565 3568 3564 3563 3582 3567 3566 3566 3568 3563 3560 3562 3583 3582 3583 3567 3561 3558 3562 3559 3590 3557 3561 3559 3558 3589 3588 3595 3557 3590 3589 3602 3594 3596 3595 3588 3596 3550 3549 3603 3603 3602 3596 3599 3548 3550 3600 3608 3601 3599 3601 3548 3609 3799 3610 3600 3609 3608 3798 3797 3796 3610 3799 3798 3793 3796 3797</p>
        </triangles>
        <triangles count="2008" material="ID10">
          <input offset="0" semantic="VERTEX" source="#ID8"/>
          <p>1530 1531 1532 1533 1531 1534 1531 1533 1532 1535 1536 1534 1533 1534 1536 1535 1537 1538 1538 1536 1535 1539 1537 1540 1537 1539 1538 1541 1542 1540 1539 1540 1542 1541 1543 1544 1544 1542 1541 1545 1543 1546 1543 1545 1544 1547 1548 1546 1545 1546 1548 1547 1549 1550 1550 1548 1547 1551 1549 1552 1549 1551 1550 1553 1554 1552 1551 1552 1554 1553 1555 1556 1556 1554 1553 1557 1555 1558 1555 1557 1556 1559 1560 1558 1557 1558 1560 1559 1561 1562 1562 1560 1559 1563 1561 1564 1561 1563 1562 1565 1566 1564 1563 1564 1566 1565 1567 1568 1568 1566 1565 1569 1567 1570 1567 1569 1568 1571 1572 1570 1569 1570 1572 1571 1573 1574 1574 1572 1571 1575 1573 1576 1573 1575 1574 1577 1578 1576 1575 1576 1578 1577 1579 1580 1580 1578 1577 1581 1579 1582 1579 1581 1580 1583 1584 1582 1581 1582 1584 1583 1585 1586 1586 1584 1583 1587 1585 1588 1585 1587 1586 1589 1590 1588 1587 1588 1590 1589 1591 1592 1592 1590 1589 1593 1591 1594 1591 1593 1592 1595 1596 1594 1593 1594 1596 1595 1597 1598 1598 1596 1595 1599 1597 1600 1597 1599 1598 1601 1602 1600 1599 1600 1602 1601 1603 1604 1604 1602 1601 1605 1603 1606 1603 1605 1604 1607 1608 1606 1605 1606 1608 1607 1609 1610 1610 1608 1607 1611 1609 1612 1609 1611 1610 1613 1614 1612 1611 1612 1614 1613 1615 1616 1616 1614 1613 1617 1615 1618 1615 1617 1616 1619 1620 1618 1617 1618 1620 1619 1621 1622 1622 1620 1619 1623 1621 1624 1621 1623 1622 1625 1626 1624 1623 1624 1626 1625 1627 1628 1628 1626 1625 1629 1627 1630 1627 1629 1628 1631 1632 1630 1629 1630 1632 1631 1633 1634 1634 1632 1631 1635 1633 1636 1633 1635 1634 1637 1638 1636 1635 1636 1638 1637 1639 1640 1640 1638 1637 1641 1639 1642 1639 1641 1640 1643 1644 1642 1641 1642 1644 1643 1645 1646 1646 1644 1643 1647 1645 1648 1645 1647 1646 1649 1650 1648 1647 1648 1650 1649 1651 1652 1652 1650 1649 1651 1653 1652 1654 1530 1532 1655 1656 1654 1530 1654 1656 1655 1657 1658 1658 1656 1655 1659 1657 1660 1657 1659 1658 1661 1662 1660 1659 1660 1662 1661 1663 1664 1664 1662 1661 1665 1663 1666 1663 1665 1664 1667 1668 1666 1665 1666 1668 1667 1669 1670 1670 1668 1667 1671 1669 1672 1669 1671 1670 1673 1674 1672 1671 1672 1674 1673 1675 1676 1676 1674 1673 1677 1675 1678 1675 1677 1676 1679 1680 1678 1677 1678 1680 1679 1681 1682 1682 1680 1679 1683 1681 1684 1681 1683 1682 1685 1686 1684 1683 1684 1686 1685 1687 1688 1688 1686 1685 1689 1687 1690 1687 1689 1688 1691 1692 1690 1689 1690 1692 1691 1693 1694 1694 1692 1691 1695 1693 1696 1693 1695 1694 1697 1698 1696 1695 1696 1698 1697 1699 1700 1700 1698 1697 1701 1699 1702 1699 1701 1700 1703 1704 1702 1701 1702 1704 1703 1705 1706 1706 1704 1703 1707 1705 1708 1705 1707 1706 1709 1710 1708 1707 1708 1710 1709 1711 1712 1712 1710 1709 1713 1711 1714 1711 1713 1712 1715 1716 1714 1713 1714 1716 1715 1717 1718 1718 1716 1715 1719 1717 1720 1717 1719 1718 1721 1722 1720 1719 1720 1722 1721 1723 1724 1724 1722 1721 1725 1723 1726 1723 1725 1724 1727 1728 1726 1725 1726 1728 1727 1729 1730 1730 1728 1727 1731 1729 1732 1729 1731 1730 1733 1734 1732 1731 1732 1734 1733 1735 1736 1736 1734 1733 1737 1735 1738 1735 1737 1736 1739 1740 1738 1737 1738 1740 1739 1741 1742 1742 1740 1739 1743 1741 1744 1741 1743 1742 1745 1746 1744 1743 1744 1746 1745 1747 1748 1748 1746 1745 1749 1747 1750 1747 1749 1748 1751 1752 1750 1749 1750 1752 1751 1753 1754 1754 1752 1751 1755 1753 1756 1753 1755 1754 1757 1758 1756 1755 1756 1758 1757 1759 1760 1760 1758 1757 1761 1759 1762 1759 1761 1760 1763 1764 1762 1761 1762 1764 1763 1765 1766 1766 1764 1763 1767 1765 1768 1765 1767 1766 1769 1770 1768 1767 1768 1770 1769 1771 1772 1772 1770 1769 1773 1771 1653 1771 1773 1772 1773 1653 1651 1774 1775 1776 1777 1778 1779 1780 1781 1782 1783 1784 1785 1786 1787 1788 1789 1790 1774 1791 1792 1793 1794 1795 1796 1797 1798 1799 1800 1801 1802 1803 1798 1804 1784 1803 1805 1806 1807 1781 1799 1792 1808 1809 1783 1785 1809 1810 1811 1812 1813 1814 1812 1815 1816 1817 1815 1811 1818 1819 1814 1820 1821 1822 1823 1824 1820 1819 1818 1825 1826 1827 1828 1829 1819 1830 1831 1832 1829 1833 1834 1835 1836 1837 1838 1835 1839 1840 1841 1842 1843 1832 1844 1838 1845 1846 1847 1845 1837 1848 1849 1850 1851 1852 1853 1847 1854 1855 1856 1857 1858 1859 1860 1861 1862 1855 1863 1864 1865 1866 1867 1865 1867 1861 1868 1869 1870 1871 1872 1873 1874 1875 1876 1877 1878 1869 1879 1779 1880 1881 1882 1883 1777 1884 1885 1886 1887 1888 1889 1890 1891 1892 1893 1894 1895 1896 1897 1898 1899 1900 1901 1902 1903 1904 1905 1906 1907 1908 1909 1910 1911 1912 1913 1914 1915 1908 1916 1917 1902 1915 1914 1918 1919 1920 1921 1922 1923 1924 1925 1926 1899 1927 1928 1929 1930 1931 1901 1932 1923 1930 1933 1934 1929 1935 1925 1936 1909 1908 1936 1924 1937 1917 1938 1910 1930 1939 1933 1912 1940 1941 1939 1922 1942 1906 1943 1944 1940 1904 1941 1945 1913 1946 1947 1920 1944 1896 1895 1919 1948 1946 1928 1891 1890 1900 1949 1950 1895 1889 1951 1952 1892 1950 1953 1954 1955 1951 1884 1894 1956 1886 1957 1954 1777 1885 1958 1887 1881 1883 1959 1882 1960 1961 1879 1962 1960 1963 1964 1876 1961 1965 1875 1874 1966 1878 1967 1963 1968 1969 1970 1875 1971 1970 1972 1866 1969 1873 1868 1870 1871 1973 1974 1972 1867 1866 1861 1860 1865 1975 1976 1973 1975 1977 1978 1979 1864 1980 1975 1979 1977 1860 1981 1859 1862 1981 1860 1982 1856 1983 1981 1857 1859 1858 1857 1849 1983 1984 1985 1986 1853 1987 1984 1983 1988 1850 1989 1990 1851 1850 1990 1845 1848 1991 1992 1990 1989 1993 1994 1992 1989 1993 1992 1986 1995 1988 1858 1849 1851 1996 1799 1808 1972 1969 1968 1968 1970 1971 1971 1875 1966 1874 1876 1965 1965 1961 1962 1962 1879 1880 1880 1779 1778 1778 1777 1958 1885 1884 1956 1956 1894 1893 1893 1892 1953 1953 1950 1949 1949 1895 1897 1896 1919 1918 1918 1920 1947 1947 1944 1943 1943 1906 1905 1904 1906 1941 1940 1912 1911 1911 1910 1938 1938 1917 1916 1916 1908 1907 1909 1936 1937 1937 1924 1926 1926 1925 1935 1935 1929 1931 1931 1930 1934 1933 1939 1942 1942 1922 1921 1921 1923 1932 1932 1901 1903 1902 1901 1915 1914 1913 1945 1945 1946 1948 1948 1928 1927 1927 1899 1898 1900 1899 1891 1890 1889 1952 1952 1951 1955 1955 1954 1957 1957 1886 1888 1887 1886 1881 1883 1882 1959 1959 1960 1964 1964 1963 1967 1967 1878 1877 1869 1878 1870 1868 1873 1872 1872 1871 1974 1974 1973 1976 1976 1975 1978 1977 1979 1980 1980 1864 1863 1863 1855 1854 1854 1856 1982 1982 1983 1985 1984 1988 1995 1995 1986 1987 1987 1853 1852 1852 1847 1846 1846 1845 1991 1848 1837 1836 1836 1838 1844 1844 1832 1831 1831 1829 1830 1830 1819 1825 1818 1814 1813 1813 1812 1816 1816 1815 1817 1817 1811 1810 1809 1811 1783 1785 1784 1805 1805 1803 1804 1804 1798 1797 1797 1799 1996 1808 1792 1791 1791 1793 1795 1794 1796 1807 1795 1793 1796 1780 1806 1781 1806 1794 1807 1802 1782 1781 1800 1775 1801 1802 1801 1782 1776 1789 1774 1800 1776 1775 1790 1789 1787 1786 1788 1822 1787 1789 1788 1824 1821 1820 1821 1786 1822 1827 1824 1823 1828 1833 1826 1828 1827 1823 1834 1839 1835 1828 1834 1833 1839 1843 1840 1842 1841 1994 1840 1843 1842 1992 1994 1841 1997 1998 1999 2000 2001 1999 1997 1999 2001 2000 2002 2003 2003 2001 2000 2004 2002 2005 2002 2004 2003 2006 2007 2005 2004 2005 2007 2006 2008 2009 2009 2007 2006 2010 2008 2011 2008 2010 2009 2012 2013 2011 2010 2011 2013 2014 2012 2015 2014 2013 2012 2016 2015 2017 2012 2017 2015 2018 2019 2016 2016 2017 2018 2019 2020 2021 2020 2019 2018 2022 2021 2023 2020 2023 2021 2024 2025 2022 2022 2023 2024 2025 2026 2027 2026 2025 2024 2028 2027 2029 2026 2029 2027 2030 2031 2028 2028 2029 2030 2031 2032 2033 2032 2031 2030 2034 2035 2032 2033 2032 2035 2034 2036 2037 2037 2035 2034 2038 2036 2039 2036 2038 2037 2040 2041 2039 2038 2039 2041 2040 2042 2043 2043 2041 2040 2044 2042 2045 2042 2044 2043 2046 2047 2045 2044 2045 2047 2046 2048 2049 2049 2047 2046 2050 2048 2051 2048 2050 2049 2051 2052 2053 2050 2051 2053 2052 2054 2055 2054 2052 2051 2056 2055 2057 2054 2057 2055 2058 2059 2056 2056 2057 2058 2059 2060 2061 2060 2059 2058 2062 2061 2063 2060 2063 2061 2064 2065 2062 2062 2063 2064 2065 2066 2067 2066 2065 2064 2068 2067 2069 2066 2069 2067 2070 2071 2068 2068 2069 2070 2072 2070 2073 2070 2072 2071 2074 2075 2073 2072 2073 2075 2074 2076 2077 2077 2075 2074 2078 2076 2079 2076 2078 2077 2080 2081 2079 2078 2079 2081 2080 2082 2083 2083 2081 2080 2084 2082 2085 2082 2084 2083 2086 2087 2085 2084 2085 2087 2086 2088 2087 1998 1997 2089 2090 1998 2089 2091 2092 2090 2091 2090 2089 2093 2092 2094 2092 2093 2090 2095 2096 2094 2093 2094 2096 2095 2097 2098 2098 2096 2095 2099 2097 2100 2097 2099 2098 2101 2102 2100 2099 2100 2102 2101 2103 2104 2104 2102 2101 2105 2103 2106 2103 2105 2104 2107 2108 2106 2105 2106 2108 2107 2109 2110 2110 2108 2107 2111 2109 2112 2109 2111 2110 2113 2111 2114 2112 2114 2111 2115 2116 2113 2113 2114 2115 2116 2117 2118 2117 2116 2115 2119 2118 2120 2117 2120 2118 2121 2122 2119 2119 2120 2121 2122 2123 2124 2123 2122 2121 2125 2124 2126 2123 2126 2124 2127 2128 2125 2125 2126 2127 2128 2129 2130 2129 2128 2127 2130 2131 2132 2129 2131 2130 2133 2134 2132 2130 2132 2134 2133 2135 2136 2136 2134 2133 2137 2135 2138 2135 2137 2136 2139 2140 2138 2137 2138 2140 2139 2141 2142 2142 2140 2139 2143 2141 2144 2141 2143 2142 2145 2146 2144 2143 2144 2146 2145 2147 2148 2148 2146 2145 2149 2147 2150 2147 2149 2148 2151 2149 2152 2150 2152 2149 2153 2154 2151 2151 2152 2153 2154 2155 2156 2155 2154 2153 2157 2156 2158 2155 2158 2156 2159 2160 2157 2157 2158 2159 2160 2161 2162 2161 2160 2159 2163 2162 2164 2161 2164 2162 2165 2166 2163 2163 2164 2165 2166 2167 2168 2167 2166 2165 2168 2169 2170 2167 2169 2168 2171 2172 2170 2168 2170 2172 2171 2173 2174 2174 2172 2171 2175 2173 2176 2173 2175 2174 2177 2178 2176 2175 2176 2178 2177 2179 2180 2180 2178 2177 2181 2179 2182 2179 2181 2180 2183 2184 2182 2181 2182 2184 2183 2185 2186 2186 2184 2183 2187 2185 2188 2185 2187 2186 2188 2088 2187 2187 2088 2086 2189 2190 2191 2192 2191 2193 2190 2193 2191 2194 2195 2192 2192 2193 2194 2195 2196 2197 2196 2195 2194 2198 2197 2199 2196 2199 2197 2200 2201 2198 2198 2199 2200 2201 2202 2203 2202 2201 2200 2204 2203 2205 2202 2205 2203 2206 2207 2204 2204 2205 2206 2207 2208 2209 2208 2207 2206 2210 2209 2211 2208 2211 2209 2212 2213 2210 2210 2211 2212 2213 2214 2215 2214 2213 2212 2216 2215 2217 2214 2217 2215 2218 2219 2216 2216 2217 2218 2219 2220 2221 2220 2219 2218 2222 2221 2223 2220 2223 2221 2224 2225 2222 2222 2223 2224 2225 2226 2227 2226 2225 2224 2228 2227 2229 2226 2229 2227 2230 2231 2228 2228 2229 2230 2231 2232 2233 2232 2231 2230 2234 2233 2235 2232 2235 2233 2236 2237 2234 2234 2235 2236 2237 2238 2239 2238 2237 2236 2240 2239 2241 2238 2241 2239 2242 2243 2240 2240 2241 2242 2243 2244 2245 2244 2243 2242 2246 2245 2247 2244 2247 2245 2248 2249 2246 2246 2247 2248 2249 2250 2251 2250 2249 2248 2252 2251 2253 2250 2253 2251 2254 2255 2252 2252 2253 2254 2255 2256 2257 2256 2255 2254 2258 2257 2259 2256 2259 2257 2260 2261 2258 2258 2259 2260 2261 2262 2263 2262 2261 2260 2264 2263 2265 2262 2265 2263 2266 2267 2264 2264 2265 2266 2267 2268 2269 2268 2267 2266 2270 2269 2271 2268 2271 2269 2272 2273 2270 2270 2271 2272 2273 2274 2275 2274 2273 2272 2276 2275 2277 2274 2277 2275 2278 2279 2276 2276 2277 2278 2280 2279 2278 2280 2281 2279 2190 2189 2282 2283 2284 2282 2282 2189 2283 2284 2285 2286 2285 2284 2283 2287 2286 2288 2285 2288 2286 2289 2290 2287 2287 2288 2289 2290 2291 2292 2291 2290 2289 2293 2292 2294 2291 2294 2292 2295 2296 2293 2293 2294 2295 2296 2297 2298 2297 2296 2295 2299 2298 2300 2297 2300 2298 2301 2302 2299 2299 2300 2301 2302 2303 2304 2303 2302 2301 2305 2304 2306 2303 2306 2304 2307 2308 2305 2305 2306 2307 2308 2309 2310 2309 2308 2307 2311 2310 2312 2309 2312 2310 2313 2314 2311 2311 2312 2313 2314 2315 2316 2315 2314 2313 2317 2316 2318 2315 2318 2316 2319 2320 2317 2317 2318 2319 2320 2321 2322 2321 2320 2319 2323 2322 2324 2321 2324 2322 2325 2326 2323 2323 2324 2325 2326 2327 2328 2327 2326 2325 2329 2328 2330 2327 2330 2328 2331 2332 2329 2329 2330 2331 2332 2333 2334 2333 2332 2331 2335 2334 2336 2333 2336 2334 2337 2338 2335 2335 2336 2337 2338 2339 2340 2339 2338 2337 2341 2340 2342 2339 2342 2340 2343 2344 2341 2341 2342 2343 2344 2345 2346 2345 2344 2343 2347 2346 2348 2345 2348 2346 2349 2350 2347 2347 2348 2349 2350 2351 2352 2351 2350 2349 2353 2352 2354 2351 2354 2352 2355 2356 2353 2353 2354 2355 2356 2357 2358 2357 2356 2355 2359 2358 2360 2357 2360 2358 2361 2362 2359 2359 2360 2361 2362 2363 2364 2363 2362 2361 2365 2364 2366 2363 2366 2364 2367 2368 2365 2365 2366 2367 2368 2369 2370 2369 2368 2367 2369 2281 2370 2370 2281 2280 2371 2372 2373 2374 2375 2376 2377 2378 2379 2380 2381 2373 2372 2382 2380 2383 2381 2380 2380 2384 2383 2373 2381 2385 2386 2371 2373 2372 2380 2373 2377 2371 2387 2377 2372 2371 2388 2387 2389 2377 2387 2378 2378 2387 2388 2388 2390 2391 2388 2392 2378 2393 2392 2391 2391 2392 2388 2391 2394 2395 2395 2393 2391 2395 2396 2397 2396 2395 2394 2398 2399 2400 2401 2402 2396 2403 2404 2405 2406 2399 2398 2407 2408 2409 2410 2411 2412 2413 2414 2415 2413 2416 2417 2418 2419 2420 2421 2422 2423 2424 2375 2374 2425 2426 2427 2428 2429 2430 2376 2431 2374 2432 2433 2434 2435 2429 2428 2436 2437 2438 2439 2440 2436 2441 2442 2443 2444 2445 2438 2441 2446 2447 2448 2449 2442 2445 2441 2438 2443 2442 2449 2434 2450 2440 2441 2443 2446 2445 2451 2442 2452 2447 2446 2443 2453 2446 2454 2438 2441 2442 2441 2445 2455 2436 2438 2444 2438 2437 2434 2440 2439 2437 2436 2440 2456 2434 2433 2432 2434 2439 2456 2435 2428 2435 2456 2433 2430 2457 2458 2429 2457 2430 2376 2458 2431 2457 2431 2458 2426 2375 2424 2427 2418 2425 2424 2427 2426 2420 2419 2423 2425 2418 2420 2422 2421 2459 2423 2419 2421 2459 2415 2414 2414 2422 2459 2409 2417 2416 2413 2415 2416 2417 2409 2408 2412 2411 2407 2407 2411 2408 2403 2405 2410 2412 2403 2410 2406 2460 2405 2404 2406 2405 2400 2399 2461 2406 2398 2460 2401 2461 2402 2461 2401 2400 2402 2397 2396 2462 2463 2464 2465 2466 2467 2463 2468 2469 2468 2463 2462 2470 2471 2469 2469 2468 2470 2472 2471 2470 2472 2473 2474 2474 2471 2472 2475 2476 2477 2474 2473 2478 2479 2480 2481 2482 2483 2484 2467 2485 2486 2487 2466 2465 2488 2489 2490 2491 2492 2493 2494 2495 2496 2497 2494 2498 2497 2495 2494 2498 2488 2490 2498 2490 2497 2491 2493 2489 2491 2489 2488 2486 2485 2492 2485 2493 2492 2479 2466 2487 2467 2486 2465 2480 2483 2481 2487 2480 2479 2483 2482 2481 2484 2475 2477 2484 2477 2482 2473 2476 2478 2478 2476 2475 2499 2500 2501 2500 2502 2503 2502 2500 2499 2504 2503 2505 2502 2505 2503 2506 2507 2504 2504 2505 2506 2507 2508 2509 2508 2507 2506 2510 2509 2511 2508 2511 2509 2512 2513 2510 2510 2511 2512 2513 2514 2515 2514 2513 2512 2516 2515 2517 2514 2517 2515 2518 2519 2516 2516 2517 2518 2519 2520 2521 2520 2519 2518 2522 2521 2523 2520 2523 2521 2524 2525 2522 2522 2523 2524 2525 2526 2527 2526 2525 2524 2528 2527 2529 2526 2529 2527 2530 2531 2528 2528 2529 2530 2531 2532 2533 2532 2531 2530 2534 2533 2535 2532 2535 2533 2536 2537 2534 2534 2535 2536 2499 2501 2538 2539 2540 2538 2538 2501 2539 2540 2541 2542 2541 2540 2539 2543 2542 2544 2541 2544 2542 2545 2546 2543 2543 2544 2545 2546 2547 2548 2547 2546 2545 2549 2548 2550 2547 2550 2548 2551 2552 2549 2549 2550 2551 2552 2553 2554 2553 2552 2551 2555 2554 2556 2553 2556 2554 2557 2558 2555 2555 2556 2557 2558 2559 2560 2559 2558 2557 2561 2560 2562 2559 2562 2560 2563 2564 2561 2561 2562 2563 2564 2565 2566 2565 2564 2563 2567 2566 2568 2565 2568 2566 2569 2570 2567 2567 2568 2569 2570 2571 2572 2571 2570 2569 2571 2537 2572 2572 2537 2536 2573 2574 2575 2576 2577 2578 2579 2580 2581 2582 2573 2583 2584 2585 2586 2582 2587 2588 2588 2589 2590 2583 2573 2591 2574 2592 2593 2586 2590 2594 2592 2595 2596 2597 2585 2584 2595 2598 2599 2600 2581 2597 2599 2601 2595 2602 2603 2604 2580 2605 2606 2605 2607 2606 2598 2603 2608 2604 2609 2610 2611 2606 2612 2611 2613 2614 2609 2615 2616 2617 2618 2619 2616 2615 2620 2621 2622 2623 2624 2621 2625 2626 2627 2628 2629 2630 2631 2632 2633 2634 2635 2636 2637 2638 2639 2640 2641 2632 2642 2643 2644 2645 2646 2647 2576 2648 2649 2650 2651 2645 2644 2652 2653 2654 2655 2656 2651 2657 2658 2659 2660 2657 2654 2661 2662 2663 2664 2665 2666 2667 2668 2669 2670 2671 2661 2659 2668 2667 2661 2672 2670 2673 2674 2675 2667 2676 2662 2677 2664 2666 2667 2678 2676 2662 2679 2663 2680 2668 2659 2671 2666 2661 2658 2657 2681 2682 2683 2665 2684 2674 2665 2665 2683 2684 2673 2650 2674 2654 2657 2652 2685 2648 2650 2651 2656 2652 2577 2650 2649 2686 2655 2651 2577 2687 2578 2644 2686 2651 2576 2688 2646 2645 2638 2640 2643 2645 2640 2689 2641 2642 2647 2642 2576 2690 2638 2691 2690 2639 2638 2692 2690 2691 2632 2693 2633 2691 2626 2628 2694 2691 2628 2629 2637 2636 2626 2623 2627 2695 2630 2629 2631 2630 2696 2623 2626 2621 2697 2631 2698 2624 2622 2621 2699 2625 2621 2631 2697 2619 2700 2625 2699 2618 2615 2619 2614 2700 2699 2637 2632 2634 2692 2691 2694 2609 2604 2615 2653 2652 2656 2681 2657 2660 2680 2659 2658 2678 2667 2669 2679 2662 2676 2672 2661 2663 2677 2666 2671 2682 2665 2664 2675 2674 2684 2685 2650 2673 2687 2577 2649 2688 2576 2578 2689 2642 2647 2693 2632 2641 2635 2637 2634 2695 2629 2636 2698 2631 2696 2617 2619 2697 2620 2615 2618 2602 2604 2610 2608 2603 2602 2595 2603 2598 2596 2595 2601 2592 2596 2593 2592 2574 2573 2575 2591 2573 2582 2583 2587 2588 2590 2582 2594 2590 2589 2585 2590 2586 2597 2581 2585 2581 2600 2579 2581 2580 2606 2606 2607 2612 2612 2613 2611 2614 2699 2611 2701 2702 2703 2704 2702 2705 2702 2704 2703 2706 2707 2705 2704 2705 2707 2706 2708 2709 2709 2707 2706 2710 2708 2711 2708 2710 2709 2712 2713 2711 2710 2711 2713 2712 2714 2715 2715 2713 2712 2716 2714 2717 2714 2716 2715 2718 2719 2717 2716 2717 2719 2718 2720 2721 2721 2719 2718 2722 2720 2723 2720 2722 2721 2724 2725 2723 2722 2723 2725 2724 2726 2727 2727 2725 2724 2728 2726 2729 2726 2728 2727 2730 2731 2729 2728 2729 2731 2730 2732 2733 2733 2731 2730 2734 2732 2735 2732 2734 2733 2736 2737 2735 2734 2735 2737 2736 2738 2739 2739 2737 2736 2740 2738 2741 2738 2740 2739 2742 2743 2741 2740 2741 2743 2742 2744 2745 2745 2743 2742 2746 2744 2747 2744 2746 2745 2748 2749 2747 2746 2747 2749 2748 2750 2751 2751 2749 2748 2752 2750 2753 2750 2752 2751 2754 2755 2753 2752 2753 2755 2754 2756 2757 2757 2755 2754 2758 2756 2759 2756 2758 2757 2760 2761 2759 2758 2759 2761 2760 2762 2763 2763 2761 2760 2764 2762 2765 2762 2764 2763 2766 2767 2765 2764 2765 2767 2766 2768 2769 2769 2767 2766 2770 2768 2771 2768 2770 2769 2772 2773 2771 2770 2771 2773 2772 2774 2775 2775 2773 2772 2776 2774 2777 2774 2776 2775 2778 2779 2777 2776 2777 2779 2778 2780 2781 2781 2779 2778 2782 2780 2783 2780 2782 2781 2784 2785 2783 2782 2783 2785 2784 2786 2787 2787 2785 2784 2788 2786 2789 2786 2788 2787 2790 2791 2789 2788 2789 2791 2790 2792 2793 2793 2791 2790 2701 2703 2794 2794 2795 2796 2796 2701 2794 2797 2795 2798 2795 2797 2796 2799 2800 2798 2797 2798 2800 2799 2801 2802 2802 2800 2799 2803 2801 2804 2801 2803 2802 2805 2806 2804 2803 2804 2806 2805 2807 2808 2808 2806 2805 2809 2807 2810 2807 2809 2808 2811 2812 2810 2809 2810 2812 2811 2813 2814 2814 2812 2811 2815 2813 2816 2813 2815 2814 2817 2818 2816 2815 2816 2818 2817 2819 2820 2820 2818 2817 2821 2819 2822 2819 2821 2820 2823 2824 2822 2821 2822 2824 2823 2825 2826 2826 2824 2823 2827 2825 2828 2825 2827 2826 2829 2830 2828 2827 2828 2830 2829 2831 2832 2832 2830 2829 2833 2831 2834 2831 2833 2832 2835 2836 2834 2833 2834 2836 2837 2836 2835 2837 2838 2839 2838 2837 2835 2840 2839 2841 2838 2841 2839 2842 2843 2840 2840 2841 2842 2843 2844 2845 2844 2843 2842 2846 2845 2847 2844 2847 2845 2848 2849 2846 2846 2847 2848 2849 2850 2851 2850 2849 2848 2852 2851 2853 2850 2853 2851 2854 2855 2852 2852 2853 2854 2855 2856 2857 2856 2855 2854 2858 2857 2859 2856 2859 2857 2860 2861 2858 2858 2859 2860 2861 2862 2863 2862 2861 2860 2864 2863 2865 2862 2865 2863 2866 2867 2864 2864 2865 2866 2867 2868 2869 2868 2867 2866 2870 2869 2871 2868 2871 2869 2872 2873 2870 2870 2871 2872 2873 2874 2875 2874 2873 2872 2876 2875 2877 2874 2877 2875 2878 2879 2876 2876 2877 2878 2879 2880 2881 2880 2879 2878 2880 2793 2881 2881 2793 2792 2882 2883 2884 2885 2886 2887 2888 2889 2884 2882 2884 2889 2888 2890 2891 2891 2889 2888 2892 2890 2893 2890 2892 2891 2894 2895 2893 2892 2893 2895 2894 2896 2897 2897 2895 2894 2898 2896 2899 2896 2898 2897 2899 2900 2901 2898 2899 2901 2900 2902 2903 2902 2900 2899 2904 2903 2905 2902 2905 2903 2906 2907 2904 2904 2905 2906 2907 2908 2909 2908 2907 2906 2910 2909 2911 2908 2911 2909 2912 2913 2910 2910 2911 2912 2913 2914 2915 2914 2913 2912 2916 2917 2914 2915 2914 2917 2916 2918 2919 2919 2917 2916 2920 2918 2921 2918 2920 2919 2922 2923 2921 2920 2921 2923 2922 2924 2925 2925 2923 2922 2926 2924 2927 2924 2926 2925 2928 2929 2927 2926 2927 2929 2928 2930 2929 2931 2883 2882 2932 2883 2931 2933 2934 2932 2933 2932 2931 2935 2934 2936 2934 2935 2932 2937 2938 2936 2935 2936 2938 2937 2939 2940 2940 2938 2937 2941 2939 2942 2939 2941 2940 2943 2944 2942 2941 2942 2944 2943 2945 2946 2946 2944 2943 2947 2945 2948 2945 2947 2946 2949 2947 2950 2948 2950 2947 2951 2952 2949 2949 2950 2951 2952 2953 2954 2953 2952 2951 2955 2954 2956 2953 2956 2954 2957 2958 2955 2955 2956 2957 2958 2959 2960 2959 2958 2957 2961 2960 2962 2959 2962 2960 2963 2964 2961 2961 2962 2963 2965 2966 2964 2965 2964 2963 2967 2966 2968 2966 2967 2964 2969 2970 2968 2967 2968 2970 2969 2971 2972 2972 2970 2969 2973 2971 2974 2971 2973 2972 2975 2976 2974 2973 2974 2976 2975 2977 2978 2978 2976 2975 2979 2977 2980 2977 2979 2978 2980 2886 2979 2981 2982 2983 2979 2886 2885 2984 2985 2986 2987 2988 2986 2989 2990 2991 2992 2993 2994 2995 2996 2997 2998 2999 3000 3001 3002 3003 3004 2996 3005 3006 3007 3008 3009 3010 3006 3011 3012 3013 3014 3015 3008 3016 3017 3018 3019 3020 3021 3022 3023 3024 3025 3016 3026 3027 3028 3029 3030 3031 3032 3033 3034 3035 3036 3037 3028 3038 3039 3040 3041 3042 3043 3044 3045 3046 3047 3044 3048 3049 3050 3051 3050 3049 3046 3052 3053 3051 3049 3051 3053 3052 3054 3055 3055 3053 3052 3056 3054 3057 3054 3056 3055 3058 3056 3059 3057 3059 3056 3060 3061 3058 3058 3059 3060 3061 3062 3063 3062 3061 3060 3064 3063 3065 3062 3065 3063 3066 3067 3064 3064 3065 3066 3067 3068 3069 3068 3067 3066 3070 3069 3071 3068 3071 3069 2930 3070 3072 3070 3071 3072 2928 3070 2930 3045 3044 3047 3045 3050 3046 3038 3040 3048 3040 3047 3048 3041 3043 3039 3041 3039 3038 3042 3034 3033 3041 3034 3042 3036 3035 3037 3033 3035 3036 3029 3031 3027 3028 3037 3029 3024 3030 3032 3030 3027 3031 3022 3026 3023 3022 3024 3032 3025 3017 3016 3022 3025 3026 3018 3019 3021 3017 3019 3018 3012 3020 3013 3021 3020 3012 3014 3011 3015 3011 3013 3015 3007 3006 3073 3007 3014 3008 3009 3001 3010 3006 3010 3073 3002 3004 3003 3009 3002 3001 3005 2996 2995 3003 3004 3005 2998 2997 2999 2995 2997 2998 2991 3000 2989 3000 2999 2989 2994 2993 2990 2994 2990 2989 2992 2985 2984 2992 2984 2993 2981 2988 2987 2985 2987 2986 2983 2982 2887 2988 2981 2983 2885 2887 2982 3074 3075 3076 3077 3078 3079 3080 3081 3082 3083 3084 3085 3086 3087 3088 3089 3074 3090 3091 3092 3093 3094 3095 3096 3097 3098 3099 3100 3101 3102 3099 3103 3104 3085 3105 3103 3080 3106 3107 3108 3109 3093 3083 3110 3111 3110 3112 3113 3114 3115 3116 3115 3117 3112 3112 3118 3113 3119 3116 3120 3121 3122 3123 3124 3121 3125 3126 3120 3127 3128 3129 3130 3131 3132 3127 3133 3132 3131 3134 3135 3136 3137 3138 3139 3135 3140 3141 3142 3143 3144 3145 3131 3138 3146 3147 3148 3139 3149 3150 3151 3152 3153 3146 3154 3147 3155 3156 3157 3158 3159 3160 3161 3162 3163 3164 3155 3157 3165 3166 3167 3165 3163 3166 3168 3169 3170 3171 3172 3173 3174 3175 3176 3177 3169 3178 3179 3180 3078 3181 3182 3183 3184 3185 3186 3187 3188 3189 3190 3191 3192 3193 3194 3195 3196 3197 3198 3199 3200 3201 3202 3203 3204 3205 3206 3207 3208 3209 3210 3211 3212 3213 3214 3215 3216 3210 3217 3218 3219 3216 3202 3220 3221 3198 3222 3223 3224 3225 3226 3227 3199 3228 3229 3230 3231 3232 3203 3223 3233 3232 3234 3235 3230 3227 3236 3237 3225 3209 3226 3225 3238 3217 3211 3239 3224 3235 3240 3241 3213 3212 3222 3224 3242 3207 3243 3244 3212 3206 3245 3215 3246 3247 3248 3243 3221 3198 3249 3220 3247 3228 3215 3201 3250 3192 3251 3196 3252 3253 3191 3254 3193 3255 3252 3256 3191 3253 3185 3184 3194 3188 3256 3257 3258 3186 3077 3259 3182 3187 3260 3261 3181 3262 3263 3179 3181 3261 3264 3175 3265 3262 3176 3266 3174 3178 3264 3267 3268 3269 3270 3176 3269 3271 3272 3270 3167 3172 3168 3273 3171 3274 3172 3272 3167 3166 3163 3165 3161 3275 3276 3277 3157 3278 3279 3278 3276 3280 3161 3159 3281 3162 3161 3281 3282 3156 3283 3281 3159 3158 3160 3151 3158 3282 3284 3285 3286 3154 3287 3285 3288 3289 3153 3290 3291 3152 3290 3153 3148 3292 3149 3293 3291 3290 3294 3293 3295 3291 3293 3294 3287 3289 3296 3160 3152 3151 3099 3098 3108 3272 3268 3270 3268 3271 3269 3271 3266 3176 3174 3265 3175 3265 3263 3262 3263 3180 3179 3180 3079 3078 3079 3258 3077 3186 3185 3077 3184 3195 3194 3195 3255 3193 3255 3251 3252 3251 3197 3196 3197 3249 3198 3220 3248 3221 3248 3244 3243 3244 3205 3207 3205 3245 3206 3245 3241 3212 3213 3239 3211 3239 3218 3217 3218 3208 3210 3208 3237 3209 3237 3238 3225 3226 3236 3227 3236 3231 3230 3231 3234 3232 3234 3240 3235 3240 3242 3224 3222 3233 3223 3233 3204 3203 3204 3219 3202 3219 3214 3216 3214 3246 3215 3247 3229 3228 3229 3200 3199 3200 3250 3201 3250 3190 3192 3190 3254 3191 3253 3257 3256 3257 3189 3188 3189 3259 3187 3259 3183 3182 3183 3260 3181 3261 3267 3264 3267 3177 3178 3177 3170 3169 3170 3273 3168 3273 3173 3172 3171 3297 3274 3297 3275 3277 3274 3297 3277 3275 3280 3276 3280 3279 3278 3279 3164 3157 3155 3283 3156 3283 3284 3282 3284 3288 3285 3288 3296 3289 3296 3286 3287 3154 3146 3287 3147 3292 3148 3292 3150 3149 3150 3137 3139 3137 3145 3138 3145 3133 3131 3132 3126 3127 3126 3119 3120 3119 3114 3116 3114 3117 3115 3117 3118 3112 3113 3111 3110 3111 3084 3083 3084 3105 3085 3105 3104 3103 3104 3097 3099 3109 3091 3093 3098 3109 3108 3091 3096 3092 3094 3106 3095 3096 3095 3092 3082 3106 3080 3107 3106 3094 3101 3082 3081 3100 3102 3076 3101 3081 3102 3075 3074 3089 3100 3076 3075 3090 3088 3089 3086 3122 3087 3088 3087 3089 3125 3121 3123 3123 3122 3086 3130 3124 3125 3129 3128 3134 3129 3124 3130 3136 3135 3141 3129 3134 3136 3141 3140 3143 3144 3295 3142 3140 3144 3143 3293 3142 3295 3298 3299 3300 3298 3301 3302 3302 3299 3298 3303 3301 3304 3301 3303 3302 3305 3306 3304 3303 3304 3306 3305 3307 3308 3308 3306 3305 3309 3307 3310 3307 3309 3308 3311 3312 3310 3309 3310 3312 3311 3313 3314 3314 3312 3311 3315 3313 3316 3313 3315 3314 3317 3318 3316 3315 3316 3318 3317 3319 3320 3320 3318 3317 3321 3319 3322 3319 3321 3320 3323 3324 3322 3321 3322 3324 3323 3325 3326 3326 3324 3323 3327 3325 3328 3325 3327 3326 3329 3330 3328 3327 3328 3330 3329 3331 3332 3332 3330 3329 3333 3331 3334 3331 3333 3332 3335 3336 3334 3333 3334 3336 3335 3337 3338 3338 3336 3335 3339 3337 3340 3337 3339 3338 3341 3342 3340 3339 3340 3342 3341 3343 3344 3344 3342 3341 3345 3343 3346 3343 3345 3344 3347 3348 3346 3345 3346 3348 3347 3349 3350 3350 3348 3347 3351 3349 3352 3349 3351 3350 3353 3354 3352 3351 3352 3354 3353 3355 3356 3356 3354 3353 3357 3355 3358 3355 3357 3356 3359 3360 3358 3357 3358 3360 3359 3361 3362 3362 3360 3359 3363 3361 3364 3361 3363 3362 3365 3366 3364 3363 3364 3366 3365 3367 3368 3368 3366 3365 3369 3367 3370 3367 3369 3368 3371 3372 3370 3369 3370 3372 3371 3373 3374 3374 3372 3371 3375 3373 3376 3373 3375 3374 3377 3378 3376 3375 3376 3378 3377 3379 3380 3380 3378 3377 3381 3379 3382 3379 3381 3380 3383 3384 3382 3381 3382 3384 3383 3385 3386 3386 3384 3383 3387 3385 3388 3385 3387 3386 3389 3390 3388 3387 3388 3390 3389 3391 3392 3392 3390 3389 3393 3391 3394 3391 3393 3392 3395 3396 3394 3393 3394 3396 3395 3397 3398 3398 3396 3395 3399 3397 3400 3397 3399 3398 3401 3402 3400 3399 3400 3402 3401 3403 3404 3404 3402 3401 3405 3403 3406 3403 3405 3404 3407 3408 3406 3405 3406 3408 3407 3409 3410 3410 3408 3407 3411 3409 3412 3409 3411 3410 3413 3414 3412 3411 3412 3414 3413 3415 3416 3416 3414 3413 3417 3415 3418 3415 3417 3416 3419 3420 3418 3417 3418 3420 3421 3420 3419 3422 3300 3299 3423 3424 3422 3300 3422 3424 3423 3425 3426 3426 3424 3423 3427 3425 3428 3425 3427 3426 3429 3430 3428 3427 3428 3430 3429 3431 3432 3432 3430 3429 3433 3431 3434 3431 3433 3432 3435 3436 3434 3433 3434 3436 3435 3437 3438 3438 3436 3435 3439 3437 3440 3437 3439 3438 3441 3442 3440 3439 3440 3442 3441 3443 3444 3444 3442 3441 3445 3443 3446 3443 3445 3444 3447 3448 3446 3445 3446 3448 3447 3449 3450 3450 3448 3447 3451 3449 3452 3449 3451 3450 3453 3454 3452 3451 3452 3454 3453 3455 3456 3456 3454 3453 3457 3455 3458 3455 3457 3456 3459 3460 3458 3457 3458 3460 3459 3461 3462 3462 3460 3459 3463 3461 3464 3461 3463 3462 3465 3466 3464 3463 3464 3466 3465 3467 3468 3468 3466 3465 3469 3467 3470 3467 3469 3468 3471 3472 3470 3469 3470 3472 3471 3473 3474 3474 3472 3471 3475 3473 3476 3473 3475 3474 3477 3478 3476 3475 3476 3478 3477 3479 3480 3480 3478 3477 3481 3479 3482 3479 3481 3480 3483 3484 3482 3481 3482 3484 3483 3485 3486 3486 3484 3483 3487 3485 3488 3485 3487 3486 3489 3490 3488 3487 3488 3490 3489 3491 3492 3492 3490 3489 3493 3491 3494 3491 3493 3492 3495 3496 3494 3493 3494 3496 3495 3497 3498 3498 3496 3495 3499 3497 3500 3497 3499 3498 3501 3502 3500 3499 3500 3502 3501 3503 3504 3504 3502 3501 3505 3503 3506 3503 3505 3504 3507 3508 3506 3505 3506 3508 3507 3509 3510 3510 3508 3507 3511 3509 3512 3509 3511 3510 3513 3514 3512 3511 3512 3514 3513 3515 3516 3516 3514 3513 3517 3515 3518 3515 3517 3516 3519 3520 3518 3517 3518 3520 3519 3521 3522 3522 3520 3519 3523 3521 3524 3521 3523 3522 3525 3526 3524 3523 3524 3526 3525 3527 3528 3528 3526 3525 3529 3527 3530 3527 3529 3528 3531 3532 3530 3529 3530 3532 3531 3533 3534 3534 3532 3531 3535 3533 3536 3533 3535 3534 3537 3538 3536 3535 3536 3538 3537 3539 3540 3540 3538 3537 3541 3539 3421 3539 3541 3540 3541 3421 3419</p>
        </triangles>
      </mesh>
    </geometry>
  </library_geometries>

  <library_visual_scenes>
    <visual_scene id="ID1">
      <node id="ID2">
        <instance_geometry url="#ID3">
          <bind_material>
            <technique_common>
              <instance_material symbol="ID9" target="#ID9"/>
              <instance_material symbol="ID10" target="#ID10"/>
            </technique_common>
          </bind_material>
        </instance_geometry>
      </node>
    </visual_scene>
  </library_visual_scenes>

  <scene>
    <instance_visual_scene url="#ID1"/>
  </scene>

  <library_nodes/>

</COLLADA>
